# STALKER Armor converted geometry (MC model units, pivot-relative)
v -4.63277 -8.36175 -4.45868
v -4.80791 0.70318 -3.40836
v -4.63277 0.36175 -4.45868
v -4.64298 -8.69512 4.79350
v 0.02898 0.69512 4.79350
v -4.64298 0.69512 4.79350
v 0.06073 -9.01632 4.47774
v 0.02808 1.01632 -3.03776
v 0.02808 1.01632 4.47774
v -2.93939 -5.04096 -4.38869
v -3.43238 -5.47838 -4.38869
v -4.63277 0.36175 -4.45868
v 0.02808 1.01632 4.47774
v -4.96476 1.01632 -3.03776
v -4.96476 1.01632 4.47774
v 0.06073 -9.01632 4.47774
v -4.96476 -9.01632 -3.03776
v 0.06073 -9.01632 -3.03776
v -1.47135 -2.83200 -5.28108
v -1.63569 -2.81012 -4.38869
v -1.33989 -1.85874 -5.28108
v -0.97836 -1.04951 -5.33927
v -0.55109 -0.59022 -5.43703
v 0.00000 -0.56835 -5.57687
v -2.57786 -4.83319 -4.38869
v -2.93939 -5.04096 -4.80572
v -2.93939 -5.04096 -4.38869
v -2.52318 -7.65454 -4.74487
v -2.39894 -7.21118 -4.72126
v -1.95941 -7.21854 -4.70651
v -1.44944 -4.89880 -4.38869
v -2.57786 -4.83319 -4.80572
v -2.57786 -4.83319 -4.38869
v 0.01805 -7.65454 -4.68447
v -2.52318 -7.65454 -4.74487
v 0.01805 -7.65454 -4.80759
v -3.10372 -7.42490 -4.38869
v -2.52318 -7.65454 -4.74487
v -2.52318 -7.65454 -4.38869
v -3.53099 -6.91093 -4.38869
v -3.10372 -7.42490 -4.74487
v -3.10372 -7.42490 -4.38869
v -1.44944 -4.89880 -4.38869
v -1.07696 -5.65335 -4.46845
v -1.44944 -4.89880 -4.80572
v -3.59672 -6.22200 -4.38869
v -3.53099 -6.91093 -4.74487
v -3.53099 -6.91093 -4.38869
v 0.01805 -7.65454 -4.68447
v 0.01642 -6.44070 -4.55373
v 0.00000 -6.44070 -4.54737
v -0.74829 -6.30948 -4.38869
v -1.07696 -5.65335 -4.46845
v -1.07696 -5.65335 -4.38869
v -3.43238 -5.47838 -4.38869
v -3.59672 -6.22200 -4.74487
v -3.59672 -6.22200 -4.38869
v -0.34294 -6.44070 -4.38869
v -0.74829 -6.30948 -4.49438
v -0.74829 -6.30948 -4.38869
v -2.93939 -5.04096 -4.38869
v -3.43238 -5.47838 -4.74487
v -3.43238 -5.47838 -4.38869
v 0.00000 -6.44070 -4.54737
v -0.34294 -6.44070 -4.55095
v -0.34294 -6.44070 -4.38869
v -4.96476 1.01632 -3.03776
v -4.96476 -9.01632 4.47774
v -4.96476 1.01632 4.47774
v 0.02808 1.01632 -3.03776
v -4.80791 0.70318 -3.40836
v -4.96476 1.01632 -3.03776
v 0.06073 -9.01632 -3.03776
v -4.80791 -8.70318 -3.40836
v 0.01271 -8.70318 -3.40836
v 0.02808 1.01632 -3.03776
v 0.01271 -8.70318 -3.40836
v 0.01725 0.70318 -3.40836
v -4.80791 -8.70318 -3.40836
v -4.96476 1.01632 -3.03776
v -4.80791 0.70318 -3.40836
v 0.01725 0.70318 -3.40836
v -4.63277 0.36175 -4.45868
v -4.80791 0.70318 -3.40836
v 0.01271 -8.70318 -3.40836
v -4.63277 -8.36175 -4.45868
v 0.00389 -8.36175 -4.70394
v 0.00000 -4.96441 -5.57687
v 0.00000 0.09135 -4.36576
v 0.01725 0.70318 -3.40836
v -4.64298 0.69512 4.79350
v -4.96476 -9.01632 4.47774
v -4.64298 -8.69512 4.79350
v -4.64298 0.69512 4.79350
v 0.02808 1.01632 4.47774
v -4.96476 1.01632 4.47774
v -4.64298 -8.69512 4.79350
v 0.06073 -9.01632 4.47774
v 0.06980 -8.69512 4.79350
v 0.02898 0.69512 4.79350
v 0.06073 -9.01632 4.47774
v 0.02808 1.01632 4.47774
v -2.05292 -5.38501 -4.70540
v -2.38269 -5.41103 -4.74064
v -2.57786 -4.83319 -4.80572
v -2.83416 -6.51148 -4.67440
v -2.85499 -6.17785 -4.71267
v -2.41902 -5.64041 -4.72015
v -2.89876 -6.75821 -4.79738
v -3.03095 -6.55981 -4.72084
v -3.01619 -6.46784 -4.80356
v -2.79267 -6.91300 -4.80061
v -2.39894 -7.21118 -4.72126
v -2.85922 -6.89819 -4.71814
v -2.05617 -7.19805 -4.79184
v -1.95941 -7.21854 -4.70651
v -2.39894 -7.21118 -4.72126
v -1.71115 -7.10634 -4.77758
v -1.62724 -7.09303 -4.66565
v -1.95941 -7.21854 -4.70651
v -1.41799 -6.85418 -4.75681
v -1.29238 -6.71421 -4.59421
v -1.62724 -7.09303 -4.66565
v -1.30152 -6.65187 -4.74110
v -1.29238 -6.71421 -4.59421
v -1.41799 -6.85418 -4.75681
v -1.22954 -6.36167 -4.72788
v -1.21826 -6.45650 -4.55075
v -1.30152 -6.65187 -4.74110
v -1.33030 -5.88825 -4.67035
v -1.37113 -5.77558 -4.59530
v -1.22119 -6.10958 -4.55968
v -1.54424 -5.63173 -4.69209
v -1.70055 -5.48328 -4.65238
v -1.37113 -5.77558 -4.59530
v -1.81045 -5.47008 -4.75301
v -2.05292 -5.38501 -4.70540
v -1.70055 -5.48328 -4.65238
v -2.20597 -5.41084 -4.80593
v -2.38269 -5.41103 -4.74064
v -2.05292 -5.38501 -4.70540
v -2.95789 -5.94109 -4.84234
v -2.72236 -5.58830 -4.76372
v -2.62987 -5.56261 -4.83966
v -3.01619 -6.46784 -4.80356
v -3.06161 -6.25654 -4.74599
v -2.95789 -5.94109 -4.84234
v -2.88950 -6.50157 -4.78687
v -2.89876 -6.75821 -4.79738
v -3.01619 -6.46784 -4.80356
v -2.27606 -7.07503 -4.79596
v -2.40458 -7.16519 -4.80037
v -2.55551 -6.96982 -4.79594
v -2.27606 -7.07503 -4.79596
v -2.05617 -7.19805 -4.79184
v -2.40458 -7.16519 -4.80037
v -1.95646 -7.07701 -4.78917
v -1.71115 -7.10634 -4.77758
v -2.05617 -7.19805 -4.79184
v -1.60800 -6.89825 -4.77201
v -1.41799 -6.85418 -4.75681
v -1.71115 -7.10634 -4.77758
v -1.40430 -6.61363 -4.75247
v -1.41799 -6.85418 -4.75681
v -1.60800 -6.89825 -4.77201
v -1.40430 -6.61363 -4.75247
v -1.30152 -6.65187 -4.74110
v -1.41799 -6.85418 -4.75681
v -1.34040 -6.39112 -4.73555
v -1.30152 -6.65187 -4.74110
v -1.40430 -6.61363 -4.75247
v -1.34040 -6.39112 -4.73555
v -1.33030 -5.88825 -4.67035
v -1.22954 -6.36167 -4.72788
v -1.42891 -5.94279 -4.67789
v -1.54424 -5.63173 -4.69209
v -1.33030 -5.88825 -4.67035
v -2.33603 -5.54484 -4.81934
v -2.20597 -5.41084 -4.80593
v -1.93370 -5.54875 -4.77422
v -2.33603 -5.54484 -4.81934
v -2.62987 -5.56261 -4.83966
v -2.20597 -5.41084 -4.80593
v -2.89860 -6.13595 -4.82409
v -2.95789 -5.94109 -4.84234
v -2.71105 -5.77828 -4.83830
v -2.89860 -6.13595 -4.82409
v -3.01619 -6.46784 -4.80356
v -2.95789 -5.94109 -4.84234
v -2.83416 -6.51148 -4.67440
v -2.79774 -6.71846 -4.80256
v -2.88950 -6.50157 -4.78687
v -2.38999 -6.99101 -4.69054
v -2.55551 -6.96982 -4.79594
v -2.73542 -6.70888 -4.65211
v -2.09687 -7.02879 -4.68821
v -2.27606 -7.07503 -4.79596
v -2.38999 -6.99101 -4.69054
v -1.82469 -6.96594 -4.68006
v -1.95646 -7.07701 -4.78917
v -2.09687 -7.02879 -4.68821
v -1.59965 -6.79214 -4.66610
v -1.60800 -6.89825 -4.77201
v -1.82469 -6.96594 -4.68006
v -1.59965 -6.79214 -4.66610
v -1.40430 -6.61363 -4.75247
v -1.60800 -6.89825 -4.77201
v -1.46892 -6.58591 -4.65059
v -1.34040 -6.39112 -4.73555
v -1.40430 -6.61363 -4.75247
v -1.55928 -5.87023 -4.58580
v -1.42891 -5.94279 -4.67789
v -1.41927 -6.18145 -4.54584
v -1.76887 -5.68313 -4.62465
v -1.65660 -5.68151 -4.70586
v -1.55928 -5.87023 -4.58580
v -2.06794 -5.58548 -4.68446
v -1.93370 -5.54875 -4.77422
v -1.76887 -5.68313 -4.62465
v -2.41902 -5.64041 -4.72015
v -2.33603 -5.54484 -4.81934
v -2.06794 -5.58548 -4.68446
v -2.41902 -5.64041 -4.72015
v -2.71105 -5.77828 -4.83830
v -2.33603 -5.54484 -4.81934
v -2.69417 -5.83972 -4.73055
v -2.89860 -6.13595 -4.82409
v -2.71105 -5.77828 -4.83830
v -2.85499 -6.17785 -4.71267
v -2.88950 -6.50157 -4.78687
v -2.89860 -6.13595 -4.82409
v -1.09729 -1.85359 -4.38659
v -2.03876 -1.63196 -4.76880
v -2.08318 -1.81003 -4.76423
v -2.03876 -1.63196 -4.76880
v -1.09729 -1.85359 -4.38659
v -1.96544 -1.49103 -4.86148
v -0.97448 -1.67149 -4.57743
v -1.89049 -1.44238 -5.01670
v -1.96544 -1.49103 -4.86148
v -1.89049 -1.44238 -5.01670
v -0.90566 -1.69146 -4.75494
v -1.83286 -1.49197 -5.18005
v -0.87133 -1.85359 -4.93153
v -1.82037 -1.63196 -5.29546
v -1.83286 -1.49197 -5.18005
v -1.82037 -1.63196 -5.29546
v -0.87133 -1.85359 -4.93153
v -1.84791 -1.80880 -5.32872
v -0.94091 -2.13904 -4.92883
v -1.91498 -1.96664 -5.26090
v -1.84791 -1.80880 -5.32872
v -1.91498 -1.96664 -5.26090
v -1.04934 -2.28357 -4.75097
v -1.99305 -2.05372 -5.12254
v -1.04934 -2.28357 -4.75097
v -2.07472 -2.01091 -4.90080
v -1.99305 -2.05372 -5.12254
v -1.09729 -1.85359 -4.38659
v -1.12887 -2.23312 -4.52999
v -0.94091 -2.13904 -4.92883
v -2.07472 -2.01091 -4.90080
v -1.14280 -2.09272 -4.41518
v -2.08318 -1.81003 -4.76423
v -1.99305 -2.05372 -5.12254
v -2.54160 -2.98701 -5.27368
v -2.32757 -2.88704 -5.73200
v -2.43686 -0.74505 -4.22942
v -3.58317 -0.94434 -4.37438
v -2.63425 -1.17112 -3.99986
v -1.83286 -1.49197 -5.18005
v -2.00018 -0.36039 -5.06000
v -1.89049 -1.44238 -5.01670
v -1.91498 -1.96664 -5.26090
v -1.90753 -2.17628 -6.33382
v -1.84791 -1.80880 -5.32872
v -2.07472 -2.01091 -4.90080
v -2.84144 -2.17628 -4.08164
v -2.81970 -2.60235 -4.38052
v -1.96544 -1.49103 -4.86148
v -2.21420 -0.46037 -4.60169
v -2.43686 -0.74505 -4.22942
v -1.84791 -1.80880 -5.32872
v -1.70033 -1.17112 -6.25204
v -1.82037 -1.63196 -5.29546
v -2.03876 -1.63196 -4.76880
v -2.77632 -1.67370 -3.94797
v -2.08318 -1.81003 -4.76423
v -2.07472 -2.01091 -4.90080
v -2.54160 -2.98701 -5.27368
v -1.99305 -2.05372 -5.12254
v -1.91498 -1.96664 -5.26090
v -2.32757 -2.88704 -5.73200
v -2.10491 -2.60235 -6.10426
v -2.08318 -1.81003 -4.76423
v -2.77632 -1.67370 -3.94797
v -2.84144 -2.17628 -4.08164
v -1.96544 -1.49103 -4.86148
v -2.00018 -0.36039 -5.06000
v -2.21420 -0.46037 -4.60169
v -1.84791 -1.80880 -5.32872
v -1.90753 -2.17628 -6.33382
v -1.76545 -1.67370 -6.38571
v -2.03876 -1.63196 -4.76880
v -2.43686 -0.74505 -4.22942
v -2.63425 -1.17112 -3.99986
v -1.83286 -1.49197 -5.18005
v -1.70033 -1.17112 -6.25204
v -1.72207 -0.74505 -5.95317
v -3.79457 -2.02883 -4.78871
v -3.27362 -0.42448 -5.11595
v -2.84676 -0.81687 -6.37351
v -1.90753 -2.17628 -6.33382
v -3.05384 -2.37557 -6.47879
v -2.85645 -1.94950 -6.70834
v -2.21420 -0.46037 -4.60169
v -3.38578 -0.51827 -4.60394
v -2.43686 -0.74505 -4.22942
v -2.32757 -2.88704 -5.73200
v -3.05384 -2.37557 -6.47879
v -2.10491 -2.60235 -6.10426
v -2.21420 -0.46037 -4.60169
v -2.94910 -0.13361 -5.43452
v -3.16313 -0.23358 -4.97621
v -2.32757 -2.88704 -5.73200
v -3.49052 -2.76023 -5.64821
v -3.27650 -2.66026 -6.10652
v -1.82736 -0.46037 -5.53457
v -2.94910 -0.13361 -5.43452
v -2.00018 -0.36039 -5.06000
v -2.54160 -2.98701 -5.27368
v -3.66334 -2.66026 -5.17363
v -3.49052 -2.76023 -5.64821
v -1.82736 -0.46037 -5.53457
v -2.67100 -0.51827 -6.32769
v -2.77629 -0.23358 -5.90909
v -2.81970 -2.60235 -4.38052
v -3.66334 -2.66026 -5.17363
v -2.71441 -2.88704 -4.79911
v -1.72207 -0.74505 -5.95317
v -2.64926 -0.94434 -6.62657
v -2.67100 -0.51827 -6.32769
v -2.84144 -2.17628 -4.08164
v -3.76863 -2.37557 -4.75504
v -2.81970 -2.60235 -4.38052
v -1.76545 -1.67370 -6.38571
v -2.64926 -0.94434 -6.62657
v -1.70033 -1.17112 -6.25204
v -2.77632 -1.67370 -3.94797
v -3.58317 -0.94434 -4.37438
v -3.72524 -1.44692 -4.32249
v -2.84144 -2.17628 -4.08164
v -3.72524 -1.44692 -4.32249
v -3.79037 -1.94950 -4.45616
v -1.90753 -2.17628 -6.33382
v -2.71438 -1.44692 -6.76024
v -1.76545 -1.67370 -6.38571
v -3.56173 -0.84745 -4.66911
v -3.72524 -1.44692 -4.32249
v -3.58317 -0.94434 -4.37438
v -3.27362 -0.42448 -5.11595
v -3.38578 -0.51827 -4.60394
v -3.16313 -0.23358 -4.97621
v -3.27362 -0.42448 -5.11595
v -2.94910 -0.13361 -5.43452
v -3.00388 -0.35591 -5.72924
v -3.00388 -0.35591 -5.72924
v -2.67100 -0.51827 -6.32769
v -2.84676 -0.81687 -6.37351
v -2.90435 -1.42291 -6.58399
v -2.64926 -0.94434 -6.62657
v -2.71438 -1.44692 -6.76024
v -2.90435 -1.42291 -6.58399
v -2.85645 -1.94950 -6.70834
v -3.11110 -2.06485 -6.45872
v -3.11110 -2.06485 -6.45872
v -2.85645 -1.94950 -6.70834
v -3.05384 -2.37557 -6.47879
v -3.11110 -2.06485 -6.45872
v -3.27650 -2.66026 -6.10652
v -3.45939 -2.49211 -5.86564
v -3.45939 -2.49211 -5.86564
v -3.27650 -2.66026 -6.10652
v -3.49052 -2.76023 -5.64821
v -3.68523 -2.42134 -5.27840
v -3.49052 -2.76023 -5.64821
v -3.66334 -2.66026 -5.17363
v -3.68523 -2.42134 -5.27840
v -3.76863 -2.37557 -4.75504
v -3.79457 -2.02883 -4.78871
v -3.73617 -1.42291 -4.57802
v -3.79037 -1.94950 -4.45616
v -3.72524 -1.44692 -4.32249
v 4.80791 0.70318 -3.40836
v 4.63277 -8.36175 -4.45868
v 4.63277 0.36175 -4.45868
v -0.02898 0.69512 4.79350
v 4.64298 -8.69512 4.79350
v 4.64298 0.69512 4.79350
v -0.02808 1.01632 -3.03776
v -0.06073 -9.01632 4.47774
v -0.02808 1.01632 4.47774
v 4.63277 0.36175 -4.45868
v 3.43238 -5.47838 -4.38869
v 2.93939 -5.04096 -4.38869
v 4.96476 1.01632 -3.03776
v -0.02808 1.01632 4.47774
v 4.96476 1.01632 4.47774
v -0.06073 -9.01632 4.47774
v 4.96476 -9.01632 -3.03776
v 4.96476 -9.01632 4.47774
v 1.33989 -1.85874 -5.28108
v 0.97836 -1.04951 -5.33927
v 1.60434 -1.82098 -4.36441
v 1.40562 -3.67403 -5.28108
v 1.06600 -4.47232 -5.28108
v 0.00000 -4.96441 -5.57687
v 2.93939 -5.04096 -4.80572
v 2.57786 -4.83319 -4.38869
v 2.93939 -5.04096 -4.38869
v 2.57786 -4.83319 -4.80572
v 1.44944 -4.89880 -4.38869
v 2.57786 -4.83319 -4.38869
v -0.01805 -7.65454 -4.68447
v 2.52318 -7.65454 -4.74487
v 2.52318 -7.65454 -4.38869
v 2.52318 -7.65454 -4.74487
v 3.10372 -7.42490 -4.38869
v 2.52318 -7.65454 -4.38869
v 3.10372 -7.42490 -4.74487
v 3.53099 -6.91093 -4.38869
v 3.10372 -7.42490 -4.38869
v 1.44944 -4.89880 -4.38869
v 1.07696 -5.65335 -4.46845
v 1.07696 -5.65335 -4.38869
v 3.53099 -6.91093 -4.74487
v 3.59672 -6.22200 -4.38869
v 3.53099 -6.91093 -4.38869
v -0.01642 -6.44070 -4.55373
v -0.01805 -7.65454 -4.68447
v 0.00000 -6.44070 -4.54737
v 1.07696 -5.65335 -4.46845
v 0.74829 -6.30948 -4.38869
v 1.07696 -5.65335 -4.38869
v 3.59672 -6.22200 -4.74487
v 3.43238 -5.47838 -4.38869
v 3.59672 -6.22200 -4.38869
v 0.74829 -6.30948 -4.49438
v 0.34294 -6.44070 -4.38869
v 0.74829 -6.30948 -4.38869
v 3.43238 -5.47838 -4.74487
v 2.93939 -5.04096 -4.38869
v 3.43238 -5.47838 -4.38869
v 0.34294 -6.44070 -4.55095
v 0.00000 -6.44070 -4.54737
v 0.34294 -6.44070 -4.38869
v 4.96476 1.01632 -3.03776
v 4.96476 -9.01632 4.47774
v 4.96476 -9.01632 -3.03776
v 4.80791 0.70318 -3.40836
v -0.02808 1.01632 -3.03776
v 4.96476 1.01632 -3.03776
v -0.06073 -9.01632 -3.03776
v 4.80791 -8.70318 -3.40836
v 4.96476 -9.01632 -3.03776
v -0.02808 1.01632 -3.03776
v -0.01271 -8.70318 -3.40836
v -0.06073 -9.01632 -3.03776
v 4.96476 1.01632 -3.03776
v 4.80791 -8.70318 -3.40836
v 4.80791 0.70318 -3.40836
v 4.63277 0.36175 -4.45868
v -0.01725 0.70318 -3.40836
v 4.80791 0.70318 -3.40836
v -0.01271 -8.70318 -3.40836
v 4.63277 -8.36175 -4.45868
v 4.80791 -8.70318 -3.40836
v -0.01271 -8.70318 -3.40836
v -0.01725 0.70318 -3.40836
v 0.00000 -6.44070 -4.54737
v 4.96476 -9.01632 4.47774
v 4.64298 0.69512 4.79350
v 4.64298 -8.69512 4.79350
v 4.64298 0.69512 4.79350
v -0.02808 1.01632 4.47774
v -0.02898 0.69512 4.79350
v -0.06073 -9.01632 4.47774
v 4.64298 -8.69512 4.79350
v -0.06980 -8.69512 4.79350
v -0.02898 0.69512 4.79350
v -0.06073 -9.01632 4.47774
v -0.06980 -8.69512 4.79350
v 2.57786 -4.83319 -4.80572
v 2.38269 -5.41103 -4.74064
v 2.05292 -5.38501 -4.70540
v 2.06794 -5.58546 -4.68449
v 2.73915 -6.70433 -4.65119
v 1.59965 -6.79215 -4.66610
v 3.03095 -6.55981 -4.72084
v 2.89876 -6.75821 -4.79738
v 3.01619 -6.46784 -4.80356
v 2.89876 -6.75821 -4.79738
v 2.85922 -6.89819 -4.71814
v 2.79267 -6.91300 -4.80061
v 2.79267 -6.91300 -4.80061
v 2.55955 -7.13231 -4.72271
v 2.40458 -7.16519 -4.80037
v 2.40458 -7.16519 -4.80037
v 2.27543 -7.22791 -4.71746
v 2.05617 -7.19805 -4.79184
v 2.05617 -7.19805 -4.79184
v 1.95941 -7.21854 -4.70651
v 1.71115 -7.10634 -4.77758
v 1.71115 -7.10634 -4.77758
v 1.62724 -7.09303 -4.66565
v 1.41799 -6.85418 -4.75681
v 1.29238 -6.71421 -4.59421
v 1.30152 -6.65187 -4.74110
v 1.41799 -6.85418 -4.75681
v 1.21826 -6.45650 -4.55075
v 1.22954 -6.36167 -4.72788
v 1.30152 -6.65187 -4.74110
v 1.22954 -6.36167 -4.72788
v 1.22119 -6.10958 -4.55968
v 1.33030 -5.88825 -4.67035
v 1.33030 -5.88825 -4.67035
v 1.37113 -5.77558 -4.59530
v 1.54424 -5.63173 -4.69209
v 1.54424 -5.63173 -4.69209
v 1.70055 -5.48328 -4.65238
v 1.81045 -5.47008 -4.75301
v 1.81045 -5.47008 -4.75301
v 2.05292 -5.38501 -4.70540
v 2.20597 -5.41084 -4.80593
v 2.20597 -5.41084 -4.80593
v 2.38269 -5.41103 -4.74064
v 2.62987 -5.56261 -4.83966
v 2.72236 -5.58830 -4.76372
v 2.95789 -5.94109 -4.84234
v 2.62987 -5.56261 -4.83966
v 3.06161 -6.25654 -4.74599
v 3.01619 -6.46784 -4.80356
v 2.95789 -5.94109 -4.84234
v 2.88950 -6.50157 -4.78687
v 2.89876 -6.75821 -4.79738
v 2.79774 -6.71846 -4.80256
v 2.79774 -6.71846 -4.80256
v 2.79267 -6.91300 -4.80061
v 2.55551 -6.96982 -4.79594
v 2.40458 -7.16519 -4.80037
v 2.27606 -7.07503 -4.79596
v 2.55551 -6.96982 -4.79594
v 2.27606 -7.07503 -4.79596
v 2.05617 -7.19805 -4.79184
v 1.95646 -7.07701 -4.78917
v 1.95646 -7.07701 -4.78917
v 1.71115 -7.10634 -4.77758
v 1.60800 -6.89825 -4.77201
v 1.41799 -6.85418 -4.75681
v 1.40430 -6.61363 -4.75247
v 1.60800 -6.89825 -4.77201
v 1.30152 -6.65187 -4.74110
v 1.34040 -6.39112 -4.73555
v 1.40430 -6.61363 -4.75247
v 1.34040 -6.39112 -4.73555
v 1.33030 -5.88825 -4.67035
v 1.42891 -5.94279 -4.67789
v 1.42891 -5.94279 -4.67789
v 1.54424 -5.63173 -4.69209
v 1.65660 -5.68151 -4.70586
v 1.65660 -5.68151 -4.70586
v 1.81045 -5.47008 -4.75301
v 1.93370 -5.54875 -4.77422
v 2.20597 -5.41084 -4.80593
v 2.33603 -5.54484 -4.81934
v 1.93370 -5.54875 -4.77422
v 2.33603 -5.54484 -4.81934
v 2.62987 -5.56261 -4.83966
v 2.71105 -5.77828 -4.83830
v 2.95789 -5.94109 -4.84234
v 2.89860 -6.13595 -4.82409
v 2.71105 -5.77828 -4.83830
v 2.89860 -6.13595 -4.82409
v 3.01619 -6.46784 -4.80356
v 2.88950 -6.50157 -4.78687
v 2.83416 -6.51148 -4.67440
v 2.79774 -6.71846 -4.80256
v 2.73915 -6.70433 -4.65119
v 2.55551 -6.96982 -4.79594
v 2.38999 -6.99101 -4.69054
v 2.73915 -6.70433 -4.65119
v 2.27606 -7.07503 -4.79596
v 2.09687 -7.02879 -4.68821
v 2.38999 -6.99101 -4.69054
v 1.95646 -7.07701 -4.78917
v 1.82469 -6.96594 -4.68006
v 2.09687 -7.02879 -4.68821
v 1.60800 -6.89825 -4.77201
v 1.59965 -6.79215 -4.66610
v 1.82469 -6.96594 -4.68006
v 1.59965 -6.79215 -4.66610
v 1.40430 -6.61363 -4.75247
v 1.46892 -6.58591 -4.65059
v 1.46892 -6.58591 -4.65059
v 1.34040 -6.39112 -4.73555
v 1.42011 -6.41457 -4.54156
v 1.42011 -6.41457 -4.54156
v 1.34040 -6.39112 -4.73555
v 1.41927 -6.18145 -4.54584
v 1.42891 -5.94279 -4.67789
v 1.55928 -5.87023 -4.58580
v 1.41927 -6.18145 -4.54584
v 1.65660 -5.68151 -4.70586
v 1.76887 -5.68313 -4.62465
v 1.55928 -5.87023 -4.58580
v 1.93370 -5.54875 -4.77422
v 2.06794 -5.58546 -4.68449
v 1.76887 -5.68313 -4.62465
v 2.33603 -5.54484 -4.81934
v 2.41902 -5.64042 -4.72014
v 2.06794 -5.58546 -4.68449
v 2.41902 -5.64042 -4.72014
v 2.71105 -5.77828 -4.83830
v 2.69417 -5.83972 -4.73055
v 2.69417 -5.83972 -4.73055
v 2.89860 -6.13595 -4.82409
v 2.85498 -6.17785 -4.71264
v 2.85498 -6.17785 -4.71264
v 2.88950 -6.50157 -4.78687
v 2.83416 -6.51148 -4.67440
v 2.03876 -1.63196 -4.76880
v 1.09729 -1.85359 -4.38659
v 2.08318 -1.81003 -4.76423
v 1.96544 -1.49103 -4.86148
v 0.97448 -1.67149 -4.57743
v 1.09729 -1.85359 -4.38659
v 1.89049 -1.44238 -5.01670
v 0.97448 -1.67149 -4.57743
v 1.96544 -1.49103 -4.86148
v 1.89049 -1.44238 -5.01670
v 0.90566 -1.69146 -4.75494
v 0.97448 -1.67149 -4.57743
v 1.82037 -1.63196 -5.29546
v 0.87459 -1.80285 -4.89431
v 1.83286 -1.49197 -5.18005
v 1.82037 -1.63196 -5.29546
v 0.90334 -2.03653 -4.96015
v 0.87459 -1.80285 -4.89431
v 1.91498 -1.96664 -5.26090
v 0.90334 -2.03653 -4.96015
v 1.84791 -1.80880 -5.32872
v 2.07472 -2.01091 -4.90080
v 1.11669 -2.26877 -4.57998
v 1.99305 -2.05372 -5.12254
v 1.11669 -2.26877 -4.57998
v 1.09729 -1.85359 -4.38659
v 0.90334 -2.03653 -4.96015
v 2.07472 -2.01091 -4.90080
v 1.14280 -2.09272 -4.41518
v 1.11669 -2.26877 -4.57998
v 3.58317 -0.94434 -4.37438
v 2.43686 -0.74505 -4.22942
v 2.63425 -1.17112 -3.99986
v 2.00018 -0.36039 -5.06000
v 1.83286 -1.49197 -5.18005
v 1.89049 -1.44238 -5.01670
v 1.90753 -2.17628 -6.33382
v 1.91498 -1.96664 -5.26090
v 1.84791 -1.80880 -5.32872
v 2.07472 -2.01091 -4.90080
v 2.84144 -2.17628 -4.08164
v 2.08318 -1.81003 -4.76423
v 1.70033 -1.17112 -6.25204
v 1.84791 -1.80880 -5.32872
v 1.82037 -1.63196 -5.29546
v 2.77632 -1.67370 -3.94797
v 2.03876 -1.63196 -4.76880
v 2.08318 -1.81003 -4.76423
v 2.54160 -2.98701 -5.27368
v 2.07472 -2.01091 -4.90080
v 1.99305 -2.05372 -5.12254
v 1.91498 -1.96664 -5.26090
v 2.32757 -2.88704 -5.73200
v 1.99305 -2.05372 -5.12254
v 1.96544 -1.49103 -4.86148
v 2.00018 -0.36039 -5.06000
v 1.89049 -1.44238 -5.01670
v 2.03876 -1.63196 -4.76880
v 2.43686 -0.74505 -4.22942
v 1.96544 -1.49103 -4.86148
v 1.83286 -1.49197 -5.18005
v 1.70033 -1.17112 -6.25204
v 1.82037 -1.63196 -5.29546
v 3.69349 -1.20716 -4.55751
v 3.68523 -2.42134 -5.27840
v 2.93989 -1.59756 -6.60072
v 1.90753 -2.17628 -6.33382
v 3.05384 -2.37557 -6.47879
v 2.10491 -2.60235 -6.10426
v 3.38578 -0.51827 -4.60394
v 2.21420 -0.46037 -4.60169
v 2.43686 -0.74505 -4.22942
v 3.05384 -2.37557 -6.47879
v 2.32757 -2.88704 -5.73200
v 2.10491 -2.60235 -6.10426
v 2.21420 -0.46037 -4.60169
v 2.94910 -0.13361 -5.43452
v 2.00018 -0.36039 -5.06000
v 2.32757 -2.88704 -5.73200
v 3.49052 -2.76023 -5.64821
v 2.54160 -2.98701 -5.27368
v 2.94910 -0.13361 -5.43452
v 1.82736 -0.46037 -5.53457
v 2.00018 -0.36039 -5.06000
v 2.54160 -2.98701 -5.27368
v 3.66334 -2.66026 -5.17363
v 2.71441 -2.88704 -4.79911
v 1.82736 -0.46037 -5.53457
v 2.67100 -0.51827 -6.32769
v 1.72207 -0.74505 -5.95317
v 3.66334 -2.66026 -5.17363
v 2.81970 -2.60235 -4.38052
v 2.71441 -2.88704 -4.79911
v 1.72207 -0.74505 -5.95317
v 2.64926 -0.94434 -6.62657
v 1.70033 -1.17112 -6.25204
v 3.76863 -2.37557 -4.75504
v 2.84144 -2.17628 -4.08164
v 2.81970 -2.60235 -4.38052
v 2.64926 -0.94434 -6.62657
v 1.76545 -1.67370 -6.38571
v 1.70033 -1.17112 -6.25204
v 2.77632 -1.67370 -3.94797
v 3.58317 -0.94434 -4.37438
v 2.63425 -1.17112 -3.99986
v 2.84144 -2.17628 -4.08164
v 3.72524 -1.44692 -4.32249
v 2.77632 -1.67370 -3.94797
v 2.71438 -1.44692 -6.76024
v 1.90753 -2.17628 -6.33382
v 1.76545 -1.67370 -6.38571
v 3.38578 -0.51827 -4.60394
v 3.69349 -1.20716 -4.55751
v 3.35051 -0.49005 -4.97174
v 2.94910 -0.13361 -5.43452
v 3.35051 -0.49005 -4.97174
v 3.00360 -0.35556 -5.72923
v 2.67100 -0.51827 -6.32769
v 3.00360 -0.35556 -5.72923
v 2.84708 -0.81704 -6.37330
v 2.93989 -1.59756 -6.60072
v 2.64926 -0.94434 -6.62657
v 2.84708 -0.81704 -6.37330
v 3.18369 -2.18708 -6.35239
v 2.85645 -1.94950 -6.70834
v 2.93989 -1.59756 -6.60072
v 3.27650 -2.66026 -6.10652
v 3.18369 -2.18708 -6.35239
v 3.45949 -2.49176 -5.86561
v 3.68523 -2.42134 -5.27840
v 3.49052 -2.76023 -5.64821
v 3.45949 -2.49176 -5.86561
v 3.76863 -2.37557 -4.75504
v 3.68523 -2.42134 -5.27840
v 3.79456 -2.02793 -4.78994
v 3.69349 -1.20716 -4.55751
v 3.79037 -1.94950 -4.45616
v 3.79456 -2.02793 -4.78994
v -4.63277 -8.36175 -4.45868
v -4.80791 -8.70318 -3.40836
v -4.80791 0.70318 -3.40836
v -4.64298 -8.69512 4.79350
v 0.06980 -8.69512 4.79350
v 0.02898 0.69512 4.79350
v 0.06073 -9.01632 4.47774
v 0.06073 -9.01632 -3.03776
v 0.02808 1.01632 -3.03776
v -4.63277 0.36175 -4.45868
v 0.00809 0.36175 -4.43326
v -0.75226 0.02438 -4.35980
v 0.00809 0.36175 -4.43326
v 0.00000 0.09135 -4.36576
v -0.75226 0.02438 -4.35980
v 0.01805 -7.65454 -4.68447
v 0.00389 -8.36175 -4.70394
v -2.52318 -7.65454 -4.38869
v 0.00389 -8.36175 -4.70394
v -4.63277 -8.36175 -4.45868
v -2.52318 -7.65454 -4.38869
v -4.63277 0.36175 -4.45868
v -0.75226 0.02438 -4.35980
v -1.28481 -0.52240 -4.36551
v -1.60434 -1.82098 -4.36441
v -1.63569 -2.81012 -4.38869
v -4.63277 0.36175 -4.45868
v -1.63569 -2.81012 -4.38869
v -1.69047 -3.82713 -4.38869
v -2.57786 -4.83319 -4.38869
v -4.63277 0.36175 -4.45868
v -1.63569 -2.81012 -4.38869
v -2.93939 -5.04096 -4.38869
v -4.63277 0.36175 -4.45868
v -1.28481 -0.52240 -4.36551
v -1.60434 -1.82098 -4.36441
v -3.10372 -7.42490 -4.38869
v -2.52318 -7.65454 -4.38869
v -4.63277 -8.36175 -4.45868
v -3.53099 -6.91093 -4.38869
v -3.10372 -7.42490 -4.38869
v -4.63277 -8.36175 -4.45868
v -2.93939 -5.04096 -4.38869
v -1.63569 -2.81012 -4.38869
v -2.57786 -4.83319 -4.38869
v -1.69047 -3.82713 -4.38869
v -1.44944 -4.89880 -4.38869
v -2.57786 -4.83319 -4.38869
v -3.53099 -6.91093 -4.38869
v -4.63277 -8.36175 -4.45868
v -3.59672 -6.22200 -4.38869
v -4.63277 -8.36175 -4.45868
v -4.63277 0.36175 -4.45868
v -3.43238 -5.47838 -4.38869
v -3.59672 -6.22200 -4.38869
v -4.63277 -8.36175 -4.45868
v -3.43238 -5.47838 -4.38869
v 0.02808 1.01632 4.47774
v 0.02808 1.01632 -3.03776
v -4.96476 1.01632 -3.03776
v 0.06073 -9.01632 4.47774
v -4.96476 -9.01632 4.47774
v -4.96476 -9.01632 -3.03776
v -1.07696 -5.65335 -4.38869
v -1.44944 -4.89880 -4.38869
v -1.06600 -4.47232 -5.28108
v -1.44944 -4.89880 -4.38869
v -1.69047 -3.82713 -4.38869
v -1.06600 -4.47232 -5.28108
v -1.06600 -4.47232 -5.28108
v -1.69047 -3.82713 -4.38869
v -1.40562 -3.67403 -5.28108
v -1.63569 -2.81012 -4.38869
v -1.60434 -1.82098 -4.36441
v -1.33989 -1.85874 -5.28108
v -1.60434 -1.82098 -4.36441
v -1.28481 -0.52240 -4.36551
v -0.97836 -1.04951 -5.33927
v -1.33989 -1.85874 -5.28108
v -1.60434 -1.82098 -4.36441
v -0.97836 -1.04951 -5.33927
v -1.69047 -3.82713 -4.38869
v -1.63569 -2.81012 -4.38869
v -1.40562 -3.67403 -5.28108
v -0.34294 -6.44070 -4.38869
v -0.74829 -6.30948 -4.38869
v -1.07696 -5.65335 -4.38869
v 0.00000 -4.96441 -5.57687
v 0.00000 -6.44070 -4.54737
v -0.61683 -4.83319 -5.39757
v 0.00000 -6.44070 -4.54737
v -0.34294 -6.44070 -4.38869
v -1.07696 -5.65335 -4.38869
v -0.61683 -4.83319 -5.39757
v 0.00000 -6.44070 -4.54737
v -1.07696 -5.65335 -4.38869
v -1.28481 -0.52240 -4.36551
v -0.75226 0.02438 -4.35980
v 0.00000 0.09135 -4.36576
v 0.00000 0.09135 -4.36576
v 0.00000 -0.56835 -5.57687
v -0.55109 -0.59022 -5.43703
v 0.00000 0.09135 -4.36576
v -0.55109 -0.59022 -5.43703
v -0.97836 -1.04951 -5.33927
v -1.40562 -3.67403 -5.28108
v -1.63569 -2.81012 -4.38869
v -1.47135 -2.83200 -5.28108
v -1.06600 -4.47232 -5.28108
v -0.61683 -4.83319 -5.39757
v -1.07696 -5.65335 -4.38869
v 0.00000 0.09135 -4.36576
v -0.97836 -1.04951 -5.33927
v -1.28481 -0.52240 -4.36551
v 0.00000 -0.56835 -5.57687
v 0.00000 -4.96441 -5.57687
v -1.47135 -2.83200 -5.28108
v 0.00000 -4.96441 -5.57687
v -0.61683 -4.83319 -5.39757
v -1.06600 -4.47232 -5.28108
v 0.00000 -0.56835 -5.57687
v -1.47135 -2.83200 -5.28108
v -1.33989 -1.85874 -5.28108
v -1.06600 -4.47232 -5.28108
v -1.40562 -3.67403 -5.28108
v 0.00000 -4.96441 -5.57687
v -1.40562 -3.67403 -5.28108
v -1.47135 -2.83200 -5.28108
v 0.00000 -4.96441 -5.57687
v -1.33989 -1.85874 -5.28108
v -0.97836 -1.04951 -5.33927
v 0.00000 -0.56835 -5.57687
v -2.57786 -4.83319 -4.38869
v -2.57786 -4.83319 -4.80572
v -2.93939 -5.04096 -4.80572
v 0.01642 -6.44070 -4.55373
v 0.01805 -7.65454 -4.80759
v -0.34294 -6.44070 -4.55095
v 0.01805 -7.65454 -4.80759
v -2.52318 -7.65454 -4.74487
v -1.62724 -7.09303 -4.66565
v -0.34294 -6.44070 -4.55095
v 0.01805 -7.65454 -4.80759
v -1.29238 -6.71421 -4.59421
v -2.52318 -7.65454 -4.74487
v -3.10372 -7.42490 -4.74487
v -2.39894 -7.21118 -4.72126
v -3.10372 -7.42490 -4.74487
v -3.53099 -6.91093 -4.74487
v -2.85922 -6.89819 -4.71814
v -2.85922 -6.89819 -4.71814
v -3.53099 -6.91093 -4.74487
v -3.03095 -6.55981 -4.72084
v -3.53099 -6.91093 -4.74487
v -3.59672 -6.22200 -4.74487
v -3.03095 -6.55981 -4.72084
v -3.59672 -6.22200 -4.74487
v -3.06161 -6.25654 -4.74599
v -3.03095 -6.55981 -4.72084
v -1.22119 -6.10958 -4.55968
v -0.74829 -6.30948 -4.49438
v -1.21826 -6.45650 -4.55075
v -0.74829 -6.30948 -4.49438
v -0.34294 -6.44070 -4.55095
v -1.29238 -6.71421 -4.59421
v -1.21826 -6.45650 -4.55075
v -0.74829 -6.30948 -4.49438
v -1.29238 -6.71421 -4.59421
v -1.62724 -7.09303 -4.66565
v -1.29238 -6.71421 -4.59421
v 0.01805 -7.65454 -4.80759
v -3.10372 -7.42490 -4.74487
v -2.85922 -6.89819 -4.71814
v -2.39894 -7.21118 -4.72126
v -1.95941 -7.21854 -4.70651
v -1.62724 -7.09303 -4.66565
v -2.52318 -7.65454 -4.74487
v -1.44944 -4.89880 -4.38869
v -1.44944 -4.89880 -4.80572
v -2.57786 -4.83319 -4.80572
v 0.01805 -7.65454 -4.68447
v -2.52318 -7.65454 -4.38869
v -2.52318 -7.65454 -4.74487
v -3.10372 -7.42490 -4.38869
v -3.10372 -7.42490 -4.74487
v -2.52318 -7.65454 -4.74487
v -3.53099 -6.91093 -4.38869
v -3.53099 -6.91093 -4.74487
v -3.10372 -7.42490 -4.74487
v -1.44944 -4.89880 -4.38869
v -1.07696 -5.65335 -4.38869
v -1.07696 -5.65335 -4.46845
v -3.59672 -6.22200 -4.38869
v -3.59672 -6.22200 -4.74487
v -3.53099 -6.91093 -4.74487
v 0.01805 -7.65454 -4.68447
v 0.01805 -7.65454 -4.80759
v 0.01642 -6.44070 -4.55373
v -0.74829 -6.30948 -4.38869
v -0.74829 -6.30948 -4.49438
v -1.07696 -5.65335 -4.46845
v -3.43238 -5.47838 -4.38869
v -3.43238 -5.47838 -4.74487
v -3.59672 -6.22200 -4.74487
v -0.34294 -6.44070 -4.38869
v -0.34294 -6.44070 -4.55095
v -0.74829 -6.30948 -4.49438
v -2.93939 -5.04096 -4.38869
v -2.93939 -5.04096 -4.80572
v -3.43238 -5.47838 -4.74487
v 0.00000 -6.44070 -4.54737
v 0.01642 -6.44070 -4.55373
v -0.34294 -6.44070 -4.55095
v -4.96476 1.01632 -3.03776
v -4.96476 -9.01632 -3.03776
v -4.96476 -9.01632 4.47774
v 0.02808 1.01632 -3.03776
v 0.01725 0.70318 -3.40836
v -4.80791 0.70318 -3.40836
v 0.06073 -9.01632 -3.03776
v -4.96476 -9.01632 -3.03776
v -4.80791 -8.70318 -3.40836
v 0.02808 1.01632 -3.03776
v 0.06073 -9.01632 -3.03776
v 0.01271 -8.70318 -3.40836
v -4.80791 -8.70318 -3.40836
v -4.96476 -9.01632 -3.03776
v -4.96476 1.01632 -3.03776
v 0.01725 0.70318 -3.40836
v 0.00809 0.36175 -4.43326
v -4.63277 0.36175 -4.45868
v 0.01271 -8.70318 -3.40836
v -4.80791 -8.70318 -3.40836
v -4.63277 -8.36175 -4.45868
v 0.01725 0.70318 -3.40836
v 0.01271 -8.70318 -3.40836
v 0.00000 -6.44070 -4.54737
v 0.01271 -8.70318 -3.40836
v 0.00389 -8.36175 -4.70394
v 0.01805 -7.65454 -4.68447
v 0.00000 -6.44070 -4.54737
v 0.01271 -8.70318 -3.40836
v 0.01805 -7.65454 -4.68447
v 0.00000 -6.44070 -4.54737
v 0.00000 -4.96441 -5.57687
v 0.01725 0.70318 -3.40836
v 0.00000 -4.96441 -5.57687
v 0.00000 -0.56835 -5.57687
v 0.00000 0.09135 -4.36576
v 0.00000 0.09135 -4.36576
v 0.00809 0.36175 -4.43326
v 0.01725 0.70318 -3.40836
v -4.64298 0.69512 4.79350
v -4.96476 1.01632 4.47774
v -4.96476 -9.01632 4.47774
v -4.64298 0.69512 4.79350
v 0.02898 0.69512 4.79350
v 0.02808 1.01632 4.47774
v -4.64298 -8.69512 4.79350
v -4.96476 -9.01632 4.47774
v 0.06073 -9.01632 4.47774
v 0.02898 0.69512 4.79350
v 0.06980 -8.69512 4.79350
v 0.06073 -9.01632 4.47774
v -1.07696 -5.65335 -4.46845
v -0.74829 -6.30948 -4.49438
v -1.22119 -6.10958 -4.55968
v -2.57786 -4.83319 -4.80572
v -1.44944 -4.89880 -4.80572
v -2.05292 -5.38501 -4.70540
v -1.44944 -4.89880 -4.80572
v -1.07696 -5.65335 -4.46845
v -1.70055 -5.48328 -4.65238
v -3.43238 -5.47838 -4.74487
v -2.93939 -5.04096 -4.80572
v -2.72236 -5.58830 -4.76372
v -2.93939 -5.04096 -4.80572
v -2.57786 -4.83319 -4.80572
v -2.38269 -5.41103 -4.74064
v -3.59672 -6.22200 -4.74487
v -3.43238 -5.47838 -4.74487
v -2.98051 -5.90733 -4.76389
v -3.06161 -6.25654 -4.74599
v -3.59672 -6.22200 -4.74487
v -2.98051 -5.90733 -4.76389
v -1.07696 -5.65335 -4.46845
v -1.22119 -6.10958 -4.55968
v -1.37113 -5.77558 -4.59530
v -2.98051 -5.90733 -4.76389
v -3.43238 -5.47838 -4.74487
v -2.72236 -5.58830 -4.76372
v -1.07696 -5.65335 -4.46845
v -1.37113 -5.77558 -4.59530
v -1.70055 -5.48328 -4.65238
v -2.72236 -5.58830 -4.76372
v -2.93939 -5.04096 -4.80572
v -2.38269 -5.41103 -4.74064
v -1.44944 -4.89880 -4.80572
v -1.70055 -5.48328 -4.65238
v -2.05292 -5.38501 -4.70540
v -2.69417 -5.83972 -4.73055
v -2.41902 -5.64041 -4.72015
v -2.85499 -6.17785 -4.71267
v -2.41902 -5.64041 -4.72015
v -2.06794 -5.58548 -4.68446
v -2.83416 -6.51148 -4.67440
v -2.73542 -6.70888 -4.65211
v -2.06794 -5.58548 -4.68446
v -1.59965 -6.79214 -4.66610
v -2.06794 -5.58548 -4.68446
v -1.76887 -5.68313 -4.62465
v -1.46892 -6.58591 -4.65059
v -1.76887 -5.68313 -4.62465
v -1.55928 -5.87023 -4.58580
v -1.46892 -6.58591 -4.65059
v -1.55928 -5.87023 -4.58580
v -1.41927 -6.18145 -4.54584
v -1.46892 -6.58591 -4.65059
v -1.46892 -6.58591 -4.65059
v -1.41927 -6.18145 -4.54584
v -1.42011 -6.41457 -4.54156
v -1.46892 -6.58591 -4.65059
v -1.59965 -6.79214 -4.66610
v -2.06794 -5.58548 -4.68446
v -1.59965 -6.79214 -4.66610
v -1.82469 -6.96594 -4.68006
v -2.73542 -6.70888 -4.65211
v -1.82469 -6.96594 -4.68006
v -2.09687 -7.02879 -4.68821
v -2.73542 -6.70888 -4.65211
v -2.09687 -7.02879 -4.68821
v -2.38999 -6.99101 -4.69054
v -2.73542 -6.70888 -4.65211
v -2.73542 -6.70888 -4.65211
v -2.83416 -6.51148 -4.67440
v -2.06794 -5.58548 -4.68446
v -2.89876 -6.75821 -4.79738
v -2.85922 -6.89819 -4.71814
v -3.03095 -6.55981 -4.72084
v -2.89876 -6.75821 -4.79738
v -2.79267 -6.91300 -4.80061
v -2.85922 -6.89819 -4.71814
v -2.79267 -6.91300 -4.80061
v -2.40458 -7.16519 -4.80037
v -2.39894 -7.21118 -4.72126
v -2.40458 -7.16519 -4.80037
v -2.05617 -7.19805 -4.79184
v -2.39894 -7.21118 -4.72126
v -2.05617 -7.19805 -4.79184
v -1.71115 -7.10634 -4.77758
v -1.95941 -7.21854 -4.70651
v -1.71115 -7.10634 -4.77758
v -1.41799 -6.85418 -4.75681
v -1.62724 -7.09303 -4.66565
v -1.30152 -6.65187 -4.74110
v -1.21826 -6.45650 -4.55075
v -1.29238 -6.71421 -4.59421
v -1.22954 -6.36167 -4.72788
v -1.22119 -6.10958 -4.55968
v -1.21826 -6.45650 -4.55075
v -1.22954 -6.36167 -4.72788
v -1.33030 -5.88825 -4.67035
v -1.22119 -6.10958 -4.55968
v -1.33030 -5.88825 -4.67035
v -1.54424 -5.63173 -4.69209
v -1.37113 -5.77558 -4.59530
v -1.54424 -5.63173 -4.69209
v -1.81045 -5.47008 -4.75301
v -1.70055 -5.48328 -4.65238
v -1.81045 -5.47008 -4.75301
v -2.20597 -5.41084 -4.80593
v -2.05292 -5.38501 -4.70540
v -2.20597 -5.41084 -4.80593
v -2.62987 -5.56261 -4.83966
v -2.38269 -5.41103 -4.74064
v -2.62987 -5.56261 -4.83966
v -2.72236 -5.58830 -4.76372
v -2.38269 -5.41103 -4.74064
v -2.95789 -5.94109 -4.84234
v -2.98051 -5.90733 -4.76389
v -2.72236 -5.58830 -4.76372
v -2.95789 -5.94109 -4.84234
v -3.06161 -6.25654 -4.74599
v -2.98051 -5.90733 -4.76389
v -3.01619 -6.46784 -4.80356
v -3.03095 -6.55981 -4.72084
v -3.06161 -6.25654 -4.74599
v -2.88950 -6.50157 -4.78687
v -2.79774 -6.71846 -4.80256
v -2.89876 -6.75821 -4.79738
v -2.79774 -6.71846 -4.80256
v -2.79267 -6.91300 -4.80061
v -2.89876 -6.75821 -4.79738
v -2.79774 -6.71846 -4.80256
v -2.55551 -6.96982 -4.79594
v -2.79267 -6.91300 -4.80061
v -2.55551 -6.96982 -4.79594
v -2.40458 -7.16519 -4.80037
v -2.79267 -6.91300 -4.80061
v -2.27606 -7.07503 -4.79596
v -1.95646 -7.07701 -4.78917
v -2.05617 -7.19805 -4.79184
v -1.95646 -7.07701 -4.78917
v -1.60800 -6.89825 -4.77201
v -1.71115 -7.10634 -4.77758
v -1.34040 -6.39112 -4.73555
v -1.22954 -6.36167 -4.72788
v -1.30152 -6.65187 -4.74110
v -1.34040 -6.39112 -4.73555
v -1.42891 -5.94279 -4.67789
v -1.33030 -5.88825 -4.67035
v -1.42891 -5.94279 -4.67789
v -1.65660 -5.68151 -4.70586
v -1.54424 -5.63173 -4.69209
v -1.65660 -5.68151 -4.70586
v -1.81045 -5.47008 -4.75301
v -1.54424 -5.63173 -4.69209
v -1.65660 -5.68151 -4.70586
v -1.93370 -5.54875 -4.77422
v -1.81045 -5.47008 -4.75301
v -1.93370 -5.54875 -4.77422
v -2.20597 -5.41084 -4.80593
v -1.81045 -5.47008 -4.75301
v -2.33603 -5.54484 -4.81934
v -2.71105 -5.77828 -4.83830
v -2.62987 -5.56261 -4.83966
v -2.71105 -5.77828 -4.83830
v -2.95789 -5.94109 -4.84234
v -2.62987 -5.56261 -4.83966
v -2.89860 -6.13595 -4.82409
v -2.88950 -6.50157 -4.78687
v -3.01619 -6.46784 -4.80356
v -2.83416 -6.51148 -4.67440
v -2.73542 -6.70888 -4.65211
v -2.79774 -6.71846 -4.80256
v -2.73542 -6.70888 -4.65211
v -2.55551 -6.96982 -4.79594
v -2.79774 -6.71846 -4.80256
v -2.38999 -6.99101 -4.69054
v -2.27606 -7.07503 -4.79596
v -2.55551 -6.96982 -4.79594
v -2.09687 -7.02879 -4.68821
v -1.95646 -7.07701 -4.78917
v -2.27606 -7.07503 -4.79596
v -1.82469 -6.96594 -4.68006
v -1.60800 -6.89825 -4.77201
v -1.95646 -7.07701 -4.78917
v -1.59965 -6.79214 -4.66610
v -1.46892 -6.58591 -4.65059
v -1.40430 -6.61363 -4.75247
v -1.46892 -6.58591 -4.65059
v -1.42011 -6.41457 -4.54156
v -1.34040 -6.39112 -4.73555
v -1.42011 -6.41457 -4.54156
v -1.41927 -6.18145 -4.54584
v -1.34040 -6.39112 -4.73555
v -1.41927 -6.18145 -4.54584
v -1.42891 -5.94279 -4.67789
v -1.34040 -6.39112 -4.73555
v -1.55928 -5.87023 -4.58580
v -1.65660 -5.68151 -4.70586
v -1.42891 -5.94279 -4.67789
v -1.76887 -5.68313 -4.62465
v -1.93370 -5.54875 -4.77422
v -1.65660 -5.68151 -4.70586
v -2.06794 -5.58548 -4.68446
v -2.33603 -5.54484 -4.81934
v -1.93370 -5.54875 -4.77422
v -2.41902 -5.64041 -4.72015
v -2.69417 -5.83972 -4.73055
v -2.71105 -5.77828 -4.83830
v -2.69417 -5.83972 -4.73055
v -2.85499 -6.17785 -4.71267
v -2.89860 -6.13595 -4.82409
v -2.85499 -6.17785 -4.71267
v -2.83416 -6.51148 -4.67440
v -2.88950 -6.50157 -4.78687
v -1.96544 -1.49103 -4.86148
v -1.09729 -1.85359 -4.38659
v -0.97448 -1.67149 -4.57743
v -1.89049 -1.44238 -5.01670
v -0.97448 -1.67149 -4.57743
v -0.90566 -1.69146 -4.75494
v -0.90566 -1.69146 -4.75494
v -0.87133 -1.85359 -4.93153
v -1.83286 -1.49197 -5.18005
v -1.84791 -1.80880 -5.32872
v -0.87133 -1.85359 -4.93153
v -0.94091 -2.13904 -4.92883
v -1.91498 -1.96664 -5.26090
v -0.94091 -2.13904 -4.92883
v -1.04934 -2.28357 -4.75097
v -1.04934 -2.28357 -4.75097
v -1.12887 -2.23312 -4.52999
v -2.07472 -2.01091 -4.90080
v -1.14280 -2.09272 -4.41518
v -1.12887 -2.23312 -4.52999
v -1.09729 -1.85359 -4.38659
v -1.12887 -2.23312 -4.52999
v -1.04934 -2.28357 -4.75097
v -0.94091 -2.13904 -4.92883
v -0.87133 -1.85359 -4.93153
v -0.90566 -1.69146 -4.75494
v -0.97448 -1.67149 -4.57743
v -0.87133 -1.85359 -4.93153
v -0.97448 -1.67149 -4.57743
v -0.94091 -2.13904 -4.92883
v -0.97448 -1.67149 -4.57743
v -1.09729 -1.85359 -4.38659
v -0.94091 -2.13904 -4.92883
v -2.07472 -2.01091 -4.90080
v -1.12887 -2.23312 -4.52999
v -1.14280 -2.09272 -4.41518
v -1.14280 -2.09272 -4.41518
v -1.09729 -1.85359 -4.38659
v -2.08318 -1.81003 -4.76423
v -2.43686 -0.74505 -4.22942
v -3.38578 -0.51827 -4.60394
v -3.58317 -0.94434 -4.37438
v -1.83286 -1.49197 -5.18005
v -1.82736 -0.46037 -5.53457
v -2.00018 -0.36039 -5.06000
v -1.91498 -1.96664 -5.26090
v -2.10491 -2.60235 -6.10426
v -1.90753 -2.17628 -6.33382
v -2.07472 -2.01091 -4.90080
v -2.08318 -1.81003 -4.76423
v -2.84144 -2.17628 -4.08164
v -1.84791 -1.80880 -5.32872
v -1.76545 -1.67370 -6.38571
v -1.70033 -1.17112 -6.25204
v -2.03876 -1.63196 -4.76880
v -2.63425 -1.17112 -3.99986
v -2.77632 -1.67370 -3.94797
v -2.07472 -2.01091 -4.90080
v -2.71441 -2.88704 -4.79911
v -2.54160 -2.98701 -5.27368
v -1.83286 -1.49197 -5.18005
v -1.72207 -0.74505 -5.95317
v -1.82736 -0.46037 -5.53457
v -1.91498 -1.96664 -5.26090
v -1.99305 -2.05372 -5.12254
v -2.32757 -2.88704 -5.73200
v -1.96544 -1.49103 -4.86148
v -1.89049 -1.44238 -5.01670
v -2.00018 -0.36039 -5.06000
v -2.07472 -2.01091 -4.90080
v -2.81970 -2.60235 -4.38052
v -2.71441 -2.88704 -4.79911
v -2.03876 -1.63196 -4.76880
v -1.96544 -1.49103 -4.86148
v -2.43686 -0.74505 -4.22942
v -1.83286 -1.49197 -5.18005
v -1.82037 -1.63196 -5.29546
v -1.70033 -1.17112 -6.25204
v -3.79457 -2.02883 -4.78871
v -3.73617 -1.42291 -4.57802
v -3.27362 -0.42448 -5.11595
v -3.73617 -1.42291 -4.57802
v -3.56173 -0.84745 -4.66911
v -3.27362 -0.42448 -5.11595
v -3.27362 -0.42448 -5.11595
v -3.00388 -0.35591 -5.72924
v -2.84676 -0.81687 -6.37351
v -2.84676 -0.81687 -6.37351
v -2.90435 -1.42291 -6.58399
v -3.11110 -2.06485 -6.45872
v -3.45939 -2.49211 -5.86564
v -3.68523 -2.42134 -5.27840
v -3.79457 -2.02883 -4.78871
v -2.84676 -0.81687 -6.37351
v -3.11110 -2.06485 -6.45872
v -3.79457 -2.02883 -4.78871
v -3.11110 -2.06485 -6.45872
v -3.45939 -2.49211 -5.86564
v -3.79457 -2.02883 -4.78871
v -1.90753 -2.17628 -6.33382
v -2.10491 -2.60235 -6.10426
v -3.05384 -2.37557 -6.47879
v -2.21420 -0.46037 -4.60169
v -3.16313 -0.23358 -4.97621
v -3.38578 -0.51827 -4.60394
v -2.32757 -2.88704 -5.73200
v -3.27650 -2.66026 -6.10652
v -3.05384 -2.37557 -6.47879
v -2.21420 -0.46037 -4.60169
v -2.00018 -0.36039 -5.06000
v -2.94910 -0.13361 -5.43452
v -2.32757 -2.88704 -5.73200
v -2.54160 -2.98701 -5.27368
v -3.49052 -2.76023 -5.64821
v -1.82736 -0.46037 -5.53457
v -2.77629 -0.23358 -5.90909
v -2.94910 -0.13361 -5.43452
v -2.54160 -2.98701 -5.27368
v -2.71441 -2.88704 -4.79911
v -3.66334 -2.66026 -5.17363
v -1.82736 -0.46037 -5.53457
v -1.72207 -0.74505 -5.95317
v -2.67100 -0.51827 -6.32769
v -2.81970 -2.60235 -4.38052
v -3.76863 -2.37557 -4.75504
v -3.66334 -2.66026 -5.17363
v -1.72207 -0.74505 -5.95317
v -1.70033 -1.17112 -6.25204
v -2.64926 -0.94434 -6.62657
v -2.84144 -2.17628 -4.08164
v -3.79037 -1.94950 -4.45616
v -3.76863 -2.37557 -4.75504
v -1.76545 -1.67370 -6.38571
v -2.71438 -1.44692 -6.76024
v -2.64926 -0.94434 -6.62657
v -2.77632 -1.67370 -3.94797
v -2.63425 -1.17112 -3.99986
v -3.58317 -0.94434 -4.37438
v -2.84144 -2.17628 -4.08164
v -2.77632 -1.67370 -3.94797
v -3.72524 -1.44692 -4.32249
v -1.90753 -2.17628 -6.33382
v -2.85645 -1.94950 -6.70834
v -2.71438 -1.44692 -6.76024
v -3.56173 -0.84745 -4.66911
v -3.73617 -1.42291 -4.57802
v -3.72524 -1.44692 -4.32249
v -3.56173 -0.84745 -4.66911
v -3.58317 -0.94434 -4.37438
v -3.38578 -0.51827 -4.60394
v -3.27362 -0.42448 -5.11595
v -3.56173 -0.84745 -4.66911
v -3.38578 -0.51827 -4.60394
v -3.27362 -0.42448 -5.11595
v -3.16313 -0.23358 -4.97621
v -2.94910 -0.13361 -5.43452
v -3.00388 -0.35591 -5.72924
v -2.94910 -0.13361 -5.43452
v -2.77629 -0.23358 -5.90909
v -3.00388 -0.35591 -5.72924
v -2.77629 -0.23358 -5.90909
v -2.67100 -0.51827 -6.32769
v -2.84676 -0.81687 -6.37351
v -2.67100 -0.51827 -6.32769
v -2.64926 -0.94434 -6.62657
v -2.90435 -1.42291 -6.58399
v -2.84676 -0.81687 -6.37351
v -2.64926 -0.94434 -6.62657
v -2.90435 -1.42291 -6.58399
v -2.71438 -1.44692 -6.76024
v -2.85645 -1.94950 -6.70834
v -3.11110 -2.06485 -6.45872
v -3.05384 -2.37557 -6.47879
v -3.27650 -2.66026 -6.10652
v -3.68523 -2.42134 -5.27840
v -3.45939 -2.49211 -5.86564
v -3.49052 -2.76023 -5.64821
v -3.68523 -2.42134 -5.27840
v -3.66334 -2.66026 -5.17363
v -3.76863 -2.37557 -4.75504
v -3.79457 -2.02883 -4.78871
v -3.76863 -2.37557 -4.75504
v -3.79037 -1.94950 -4.45616
v -3.73617 -1.42291 -4.57802
v -3.79457 -2.02883 -4.78871
v -3.79037 -1.94950 -4.45616
v 4.80791 0.70318 -3.40836
v 4.80791 -8.70318 -3.40836
v 4.63277 -8.36175 -4.45868
v -0.02898 0.69512 4.79350
v -0.06980 -8.69512 4.79350
v 4.64298 -8.69512 4.79350
v -0.02808 1.01632 -3.03776
v -0.06073 -9.01632 -3.03776
v -0.06073 -9.01632 4.47774
v 0.00000 0.09135 -4.36576
v -0.00809 0.36175 -4.43326
v 0.75226 0.02438 -4.35980
v -0.00809 0.36175 -4.43326
v 4.63277 0.36175 -4.45868
v 0.75226 0.02438 -4.35980
v 4.63277 -8.36175 -4.45868
v -0.00389 -8.36175 -4.70394
v 2.52318 -7.65454 -4.38869
v -0.00389 -8.36175 -4.70394
v -0.01805 -7.65454 -4.68447
v 2.52318 -7.65454 -4.38869
v 1.28481 -0.52240 -4.36551
v 0.75226 0.02438 -4.35980
v 4.63277 0.36175 -4.45868
v 4.63277 -8.36175 -4.45868
v 2.52318 -7.65454 -4.38869
v 3.10372 -7.42490 -4.38869
v 4.63277 -8.36175 -4.45868
v 3.10372 -7.42490 -4.38869
v 3.53099 -6.91093 -4.38869
v 1.60434 -1.82098 -4.36441
v 1.28481 -0.52240 -4.36551
v 4.63277 0.36175 -4.45868
v 1.69047 -3.82713 -4.38869
v 1.63569 -2.81012 -4.38869
v 2.57786 -4.83319 -4.38869
v 1.63569 -2.81012 -4.38869
v 1.60434 -1.82098 -4.36441
v 4.63277 0.36175 -4.45868
v 2.57786 -4.83319 -4.38869
v 1.44944 -4.89880 -4.38869
v 1.69047 -3.82713 -4.38869
v 2.93939 -5.04096 -4.38869
v 2.57786 -4.83319 -4.38869
v 1.63569 -2.81012 -4.38869
v 1.63569 -2.81012 -4.38869
v 4.63277 0.36175 -4.45868
v 2.93939 -5.04096 -4.38869
v 4.63277 0.36175 -4.45868
v 4.63277 -8.36175 -4.45868
v 3.43238 -5.47838 -4.38869
v 4.63277 -8.36175 -4.45868
v 3.53099 -6.91093 -4.38869
v 3.59672 -6.22200 -4.38869
v 4.63277 -8.36175 -4.45868
v 3.59672 -6.22200 -4.38869
v 3.43238 -5.47838 -4.38869
v 4.96476 1.01632 -3.03776
v -0.02808 1.01632 -3.03776
v -0.02808 1.01632 4.47774
v -0.06073 -9.01632 4.47774
v -0.06073 -9.01632 -3.03776
v 4.96476 -9.01632 -3.03776
v 1.69047 -3.82713 -4.38869
v 1.44944 -4.89880 -4.38869
v 1.06600 -4.47232 -5.28108
v 1.44944 -4.89880 -4.38869
v 1.07696 -5.65335 -4.38869
v 1.06600 -4.47232 -5.28108
v 1.07696 -5.65335 -4.38869
v 0.74829 -6.30948 -4.38869
v 0.34294 -6.44070 -4.38869
v 0.34294 -6.44070 -4.38869
v 0.00000 -6.44070 -4.54737
v 1.07696 -5.65335 -4.38869
v 0.00000 -6.44070 -4.54737
v 0.00000 -4.96441 -5.57687
v 0.61683 -4.83319 -5.39757
v 0.00000 -6.44070 -4.54737
v 0.61683 -4.83319 -5.39757
v 1.07696 -5.65335 -4.38869
v 1.06600 -4.47232 -5.28108
v 1.07696 -5.65335 -4.38869
v 0.61683 -4.83319 -5.39757
v 1.28481 -0.52240 -4.36551
v 1.60434 -1.82098 -4.36441
v 0.97836 -1.04951 -5.33927
v 1.60434 -1.82098 -4.36441
v 1.63569 -2.81012 -4.38869
v 1.33989 -1.85874 -5.28108
v 1.33989 -1.85874 -5.28108
v 1.63569 -2.81012 -4.38869
v 1.47135 -2.83200 -5.28108
v 1.63569 -2.81012 -4.38869
v 1.69047 -3.82713 -4.38869
v 1.40562 -3.67403 -5.28108
v 1.63569 -2.81012 -4.38869
v 1.40562 -3.67403 -5.28108
v 1.47135 -2.83200 -5.28108
v 1.06600 -4.47232 -5.28108
v 1.40562 -3.67403 -5.28108
v 1.69047 -3.82713 -4.38869
v 0.00000 0.09135 -4.36576
v 0.75226 0.02438 -4.35980
v 1.28481 -0.52240 -4.36551
v 0.55109 -0.59022 -5.43703
v 0.00000 -0.56835 -5.57687
v 0.00000 0.09135 -4.36576
v 0.97836 -1.04951 -5.33927
v 0.55109 -0.59022 -5.43703
v 0.00000 0.09135 -4.36576
v 0.00000 0.09135 -4.36576
v 1.28481 -0.52240 -4.36551
v 0.97836 -1.04951 -5.33927
v 0.61683 -4.83319 -5.39757
v 0.00000 -4.96441 -5.57687
v 1.06600 -4.47232 -5.28108
v 0.00000 -4.96441 -5.57687
v 0.00000 -0.56835 -5.57687
v 1.47135 -2.83200 -5.28108
v 0.00000 -0.56835 -5.57687
v 0.55109 -0.59022 -5.43703
v 0.97836 -1.04951 -5.33927
v 0.97836 -1.04951 -5.33927
v 1.33989 -1.85874 -5.28108
v 0.00000 -0.56835 -5.57687
v 1.33989 -1.85874 -5.28108
v 1.47135 -2.83200 -5.28108
v 0.00000 -0.56835 -5.57687
v 1.47135 -2.83200 -5.28108
v 1.40562 -3.67403 -5.28108
v 0.00000 -4.96441 -5.57687
v 2.93939 -5.04096 -4.80572
v 2.57786 -4.83319 -4.80572
v 2.57786 -4.83319 -4.38869
v 2.52318 -7.65454 -4.74487
v -0.01805 -7.65454 -4.80759
v 1.62724 -7.09303 -4.66565
v -0.01805 -7.65454 -4.80759
v -0.01642 -6.44070 -4.55373
v 0.34294 -6.44070 -4.55095
v 0.34294 -6.44070 -4.55095
v 0.74829 -6.30948 -4.49438
v 1.29238 -6.71421 -4.59421
v 0.74829 -6.30948 -4.49438
v 1.22119 -6.10958 -4.55968
v 1.21826 -6.45650 -4.55075
v -0.01805 -7.65454 -4.80759
v 0.34294 -6.44070 -4.55095
v 1.29238 -6.71421 -4.59421
v 3.53099 -6.91093 -4.74487
v 3.10372 -7.42490 -4.74487
v 2.85922 -6.89819 -4.71814
v 3.10372 -7.42490 -4.74487
v 2.52318 -7.65454 -4.74487
v 2.55955 -7.13231 -4.72271
v 3.53099 -6.91093 -4.74487
v 2.85922 -6.89819 -4.71814
v 3.03095 -6.55981 -4.72084
v 3.06161 -6.25654 -4.74599
v 3.59672 -6.22200 -4.74487
v 3.03095 -6.55981 -4.72084
v 3.59672 -6.22200 -4.74487
v 3.53099 -6.91093 -4.74487
v 3.03095 -6.55981 -4.72084
v 0.74829 -6.30948 -4.49438
v 1.21826 -6.45650 -4.55075
v 1.29238 -6.71421 -4.59421
v 1.29238 -6.71421 -4.59421
v 1.62724 -7.09303 -4.66565
v -0.01805 -7.65454 -4.80759
v 2.85922 -6.89819 -4.71814
v 3.10372 -7.42490 -4.74487
v 2.55955 -7.13231 -4.72271
v 2.27543 -7.22791 -4.71746
v 2.55955 -7.13231 -4.72271
v 2.52318 -7.65454 -4.74487
v 2.52318 -7.65454 -4.74487
v 1.62724 -7.09303 -4.66565
v 1.95941 -7.21854 -4.70651
v 2.52318 -7.65454 -4.74487
v 1.95941 -7.21854 -4.70651
v 2.27543 -7.22791 -4.71746
v 2.57786 -4.83319 -4.80572
v 1.44944 -4.89880 -4.80572
v 1.44944 -4.89880 -4.38869
v -0.01805 -7.65454 -4.68447
v -0.01805 -7.65454 -4.80759
v 2.52318 -7.65454 -4.74487
v 2.52318 -7.65454 -4.74487
v 3.10372 -7.42490 -4.74487
v 3.10372 -7.42490 -4.38869
v 3.10372 -7.42490 -4.74487
v 3.53099 -6.91093 -4.74487
v 3.53099 -6.91093 -4.38869
v 1.44944 -4.89880 -4.38869
v 1.44944 -4.89880 -4.80572
v 1.07696 -5.65335 -4.46845
v 3.53099 -6.91093 -4.74487
v 3.59672 -6.22200 -4.74487
v 3.59672 -6.22200 -4.38869
v -0.01642 -6.44070 -4.55373
v -0.01805 -7.65454 -4.80759
v -0.01805 -7.65454 -4.68447
v 1.07696 -5.65335 -4.46845
v 0.74829 -6.30948 -4.49438
v 0.74829 -6.30948 -4.38869
v 3.59672 -6.22200 -4.74487
v 3.43238 -5.47838 -4.74487
v 3.43238 -5.47838 -4.38869
v 0.74829 -6.30948 -4.49438
v 0.34294 -6.44070 -4.55095
v 0.34294 -6.44070 -4.38869
v 3.43238 -5.47838 -4.74487
v 2.93939 -5.04096 -4.80572
v 2.93939 -5.04096 -4.38869
v 0.34294 -6.44070 -4.55095
v -0.01642 -6.44070 -4.55373
v 0.00000 -6.44070 -4.54737
v 4.96476 1.01632 -3.03776
v 4.96476 1.01632 4.47774
v 4.96476 -9.01632 4.47774
v 4.80791 0.70318 -3.40836
v -0.01725 0.70318 -3.40836
v -0.02808 1.01632 -3.03776
v -0.06073 -9.01632 -3.03776
v -0.01271 -8.70318 -3.40836
v 4.80791 -8.70318 -3.40836
v -0.02808 1.01632 -3.03776
v -0.01725 0.70318 -3.40836
v -0.01271 -8.70318 -3.40836
v 4.96476 1.01632 -3.03776
v 4.96476 -9.01632 -3.03776
v 4.80791 -8.70318 -3.40836
v 4.63277 0.36175 -4.45868
v -0.00809 0.36175 -4.43326
v -0.01725 0.70318 -3.40836
v -0.01271 -8.70318 -3.40836
v -0.00389 -8.36175 -4.70394
v 4.63277 -8.36175 -4.45868
v -0.01725 0.70318 -3.40836
v -0.00809 0.36175 -4.43326
v 0.00000 0.09135 -4.36576
v 0.00000 -6.44070 -4.54737
v -0.01805 -7.65454 -4.68447
v -0.01271 -8.70318 -3.40836
v -0.01805 -7.65454 -4.68447
v -0.00389 -8.36175 -4.70394
v -0.01271 -8.70318 -3.40836
v 0.00000 0.09135 -4.36576
v 0.00000 -4.96441 -5.57687
v -0.01725 0.70318 -3.40836
v 0.00000 -4.96441 -5.57687
v 0.00000 -6.44070 -4.54737
v -0.01725 0.70318 -3.40836
v 4.96476 -9.01632 4.47774
v 4.96476 1.01632 4.47774
v 4.64298 0.69512 4.79350
v 4.64298 0.69512 4.79350
v 4.96476 1.01632 4.47774
v -0.02808 1.01632 4.47774
v -0.06073 -9.01632 4.47774
v 4.96476 -9.01632 4.47774
v 4.64298 -8.69512 4.79350
v -0.02898 0.69512 4.79350
v -0.02808 1.01632 4.47774
v -0.06073 -9.01632 4.47774
v 0.74829 -6.30948 -4.49438
v 1.07696 -5.65335 -4.46845
v 1.22119 -6.10958 -4.55968
v 1.07696 -5.65335 -4.46845
v 1.44944 -4.89880 -4.80572
v 1.70055 -5.48328 -4.65238
v 1.44944 -4.89880 -4.80572
v 2.57786 -4.83319 -4.80572
v 2.05292 -5.38501 -4.70540
v 2.57786 -4.83319 -4.80572
v 2.93939 -5.04096 -4.80572
v 2.38269 -5.41103 -4.74064
v 2.93939 -5.04096 -4.80572
v 3.43238 -5.47838 -4.74487
v 2.72236 -5.58830 -4.76372
v 3.43238 -5.47838 -4.74487
v 3.59672 -6.22200 -4.74487
v 2.98051 -5.90733 -4.76389
v 3.59672 -6.22200 -4.74487
v 3.06161 -6.25654 -4.74599
v 2.98051 -5.90733 -4.76389
v 1.37113 -5.77558 -4.59530
v 1.22119 -6.10958 -4.55968
v 1.07696 -5.65335 -4.46845
v 3.43238 -5.47838 -4.74487
v 2.98051 -5.90733 -4.76389
v 2.72236 -5.58830 -4.76372
v 1.70055 -5.48328 -4.65238
v 1.37113 -5.77558 -4.59530
v 1.07696 -5.65335 -4.46845
v 2.93939 -5.04096 -4.80572
v 2.72236 -5.58830 -4.76372
v 2.38269 -5.41103 -4.74064
v 1.70055 -5.48328 -4.65238
v 1.44944 -4.89880 -4.80572
v 2.05292 -5.38501 -4.70540
v 2.85498 -6.17785 -4.71264
v 2.83416 -6.51148 -4.67440
v 2.69417 -5.83972 -4.73055
v 2.83416 -6.51148 -4.67440
v 2.73915 -6.70433 -4.65119
v 2.06794 -5.58546 -4.68449
v 2.41902 -5.64042 -4.72014
v 2.83416 -6.51148 -4.67440
v 2.06794 -5.58546 -4.68449
v 2.38999 -6.99101 -4.69054
v 2.09687 -7.02879 -4.68821
v 2.73915 -6.70433 -4.65119
v 2.09687 -7.02879 -4.68821
v 1.82469 -6.96594 -4.68006
v 2.73915 -6.70433 -4.65119
v 1.82469 -6.96594 -4.68006
v 1.59965 -6.79215 -4.66610
v 2.73915 -6.70433 -4.65119
v 1.59965 -6.79215 -4.66610
v 1.46892 -6.58591 -4.65059
v 2.06794 -5.58546 -4.68449
v 1.46892 -6.58591 -4.65059
v 1.42011 -6.41457 -4.54156
v 1.41927 -6.18145 -4.54584
v 1.41927 -6.18145 -4.54584
v 1.55928 -5.87023 -4.58580
v 1.46892 -6.58591 -4.65059
v 1.55928 -5.87023 -4.58580
v 1.76887 -5.68313 -4.62465
v 1.46892 -6.58591 -4.65059
v 1.76887 -5.68313 -4.62465
v 2.06794 -5.58546 -4.68449
v 1.46892 -6.58591 -4.65059
v 2.41902 -5.64042 -4.72014
v 2.69417 -5.83972 -4.73055
v 2.83416 -6.51148 -4.67440
v 3.03095 -6.55981 -4.72084
v 2.85922 -6.89819 -4.71814
v 2.89876 -6.75821 -4.79738
v 2.79267 -6.91300 -4.80061
v 2.85922 -6.89819 -4.71814
v 2.55955 -7.13231 -4.72271
v 2.40458 -7.16519 -4.80037
v 2.55955 -7.13231 -4.72271
v 2.27543 -7.22791 -4.71746
v 2.05617 -7.19805 -4.79184
v 2.27543 -7.22791 -4.71746
v 1.95941 -7.21854 -4.70651
v 1.71115 -7.10634 -4.77758
v 1.95941 -7.21854 -4.70651
v 1.62724 -7.09303 -4.66565
v 1.41799 -6.85418 -4.75681
v 1.62724 -7.09303 -4.66565
v 1.29238 -6.71421 -4.59421
v 1.29238 -6.71421 -4.59421
v 1.21826 -6.45650 -4.55075
v 1.30152 -6.65187 -4.74110
v 1.21826 -6.45650 -4.55075
v 1.22119 -6.10958 -4.55968
v 1.22954 -6.36167 -4.72788
v 1.33030 -5.88825 -4.67035
v 1.22119 -6.10958 -4.55968
v 1.37113 -5.77558 -4.59530
v 1.54424 -5.63173 -4.69209
v 1.37113 -5.77558 -4.59530
v 1.70055 -5.48328 -4.65238
v 1.81045 -5.47008 -4.75301
v 1.70055 -5.48328 -4.65238
v 2.05292 -5.38501 -4.70540
v 2.20597 -5.41084 -4.80593
v 2.05292 -5.38501 -4.70540
v 2.38269 -5.41103 -4.74064
v 2.38269 -5.41103 -4.74064
v 2.72236 -5.58830 -4.76372
v 2.62987 -5.56261 -4.83966
v 2.72236 -5.58830 -4.76372
v 2.98051 -5.90733 -4.76389
v 2.95789 -5.94109 -4.84234
v 2.98051 -5.90733 -4.76389
v 3.06161 -6.25654 -4.74599
v 2.95789 -5.94109 -4.84234
v 3.06161 -6.25654 -4.74599
v 3.03095 -6.55981 -4.72084
v 3.01619 -6.46784 -4.80356
v 2.88950 -6.50157 -4.78687
v 3.01619 -6.46784 -4.80356
v 2.89876 -6.75821 -4.79738
v 2.89876 -6.75821 -4.79738
v 2.79267 -6.91300 -4.80061
v 2.79774 -6.71846 -4.80256
v 2.79267 -6.91300 -4.80061
v 2.40458 -7.16519 -4.80037
v 2.55551 -6.96982 -4.79594
v 2.27606 -7.07503 -4.79596
v 2.40458 -7.16519 -4.80037
v 2.05617 -7.19805 -4.79184
v 1.95646 -7.07701 -4.78917
v 2.05617 -7.19805 -4.79184
v 1.71115 -7.10634 -4.77758
v 1.60800 -6.89825 -4.77201
v 1.71115 -7.10634 -4.77758
v 1.41799 -6.85418 -4.75681
v 1.40430 -6.61363 -4.75247
v 1.41799 -6.85418 -4.75681
v 1.30152 -6.65187 -4.74110
v 1.30152 -6.65187 -4.74110
v 1.22954 -6.36167 -4.72788
v 1.34040 -6.39112 -4.73555
v 1.34040 -6.39112 -4.73555
v 1.22954 -6.36167 -4.72788
v 1.33030 -5.88825 -4.67035
v 1.42891 -5.94279 -4.67789
v 1.33030 -5.88825 -4.67035
v 1.54424 -5.63173 -4.69209
v 1.54424 -5.63173 -4.69209
v 1.81045 -5.47008 -4.75301
v 1.65660 -5.68151 -4.70586
v 1.81045 -5.47008 -4.75301
v 2.20597 -5.41084 -4.80593
v 1.93370 -5.54875 -4.77422
v 2.33603 -5.54484 -4.81934
v 2.20597 -5.41084 -4.80593
v 2.62987 -5.56261 -4.83966
v 2.62987 -5.56261 -4.83966
v 2.95789 -5.94109 -4.84234
v 2.71105 -5.77828 -4.83830
v 2.89860 -6.13595 -4.82409
v 2.95789 -5.94109 -4.84234
v 3.01619 -6.46784 -4.80356
v 2.83416 -6.51148 -4.67440
v 2.88950 -6.50157 -4.78687
v 2.79774 -6.71846 -4.80256
v 2.79774 -6.71846 -4.80256
v 2.55551 -6.96982 -4.79594
v 2.73915 -6.70433 -4.65119
v 2.55551 -6.96982 -4.79594
v 2.27606 -7.07503 -4.79596
v 2.38999 -6.99101 -4.69054
v 2.27606 -7.07503 -4.79596
v 1.95646 -7.07701 -4.78917
v 2.09687 -7.02879 -4.68821
v 1.95646 -7.07701 -4.78917
v 1.60800 -6.89825 -4.77201
v 1.82469 -6.96594 -4.68006
v 1.59965 -6.79215 -4.66610
v 1.60800 -6.89825 -4.77201
v 1.40430 -6.61363 -4.75247
v 1.46892 -6.58591 -4.65059
v 1.40430 -6.61363 -4.75247
v 1.34040 -6.39112 -4.73555
v 1.34040 -6.39112 -4.73555
v 1.42891 -5.94279 -4.67789
v 1.41927 -6.18145 -4.54584
v 1.42891 -5.94279 -4.67789
v 1.65660 -5.68151 -4.70586
v 1.55928 -5.87023 -4.58580
v 1.65660 -5.68151 -4.70586
v 1.93370 -5.54875 -4.77422
v 1.76887 -5.68313 -4.62465
v 1.93370 -5.54875 -4.77422
v 2.33603 -5.54484 -4.81934
v 2.06794 -5.58546 -4.68449
v 2.41902 -5.64042 -4.72014
v 2.33603 -5.54484 -4.81934
v 2.71105 -5.77828 -4.83830
v 2.69417 -5.83972 -4.73055
v 2.71105 -5.77828 -4.83830
v 2.89860 -6.13595 -4.82409
v 2.85498 -6.17785 -4.71264
v 2.89860 -6.13595 -4.82409
v 2.88950 -6.50157 -4.78687
v 2.03876 -1.63196 -4.76880
v 1.96544 -1.49103 -4.86148
v 1.09729 -1.85359 -4.38659
v 1.89049 -1.44238 -5.01670
v 1.83286 -1.49197 -5.18005
v 0.90566 -1.69146 -4.75494
v 1.83286 -1.49197 -5.18005
v 0.87459 -1.80285 -4.89431
v 0.90566 -1.69146 -4.75494
v 1.82037 -1.63196 -5.29546
v 1.84791 -1.80880 -5.32872
v 0.90334 -2.03653 -4.96015
v 1.91498 -1.96664 -5.26090
v 1.00108 -2.24085 -4.84263
v 0.90334 -2.03653 -4.96015
v 1.91498 -1.96664 -5.26090
v 1.99305 -2.05372 -5.12254
v 1.00108 -2.24085 -4.84263
v 1.99305 -2.05372 -5.12254
v 1.11669 -2.26877 -4.57998
v 1.00108 -2.24085 -4.84263
v 0.97448 -1.67149 -4.57743
v 0.90566 -1.69146 -4.75494
v 0.87459 -1.80285 -4.89431
v 0.87459 -1.80285 -4.89431
v 0.90334 -2.03653 -4.96015
v 0.97448 -1.67149 -4.57743
v 1.00108 -2.24085 -4.84263
v 1.11669 -2.26877 -4.57998
v 0.90334 -2.03653 -4.96015
v 1.11669 -2.26877 -4.57998
v 1.14280 -2.09272 -4.41518
v 1.09729 -1.85359 -4.38659
v 1.09729 -1.85359 -4.38659
v 0.97448 -1.67149 -4.57743
v 0.90334 -2.03653 -4.96015
v 2.07472 -2.01091 -4.90080
v 2.08318 -1.81003 -4.76423
v 1.14280 -2.09272 -4.41518
v 2.08318 -1.81003 -4.76423
v 1.09729 -1.85359 -4.38659
v 1.14280 -2.09272 -4.41518
v 1.99305 -2.05372 -5.12254
v 2.32757 -2.88704 -5.73200
v 2.54160 -2.98701 -5.27368
v 3.58317 -0.94434 -4.37438
v 3.38578 -0.51827 -4.60394
v 2.43686 -0.74505 -4.22942
v 2.00018 -0.36039 -5.06000
v 1.82736 -0.46037 -5.53457
v 1.83286 -1.49197 -5.18005
v 1.90753 -2.17628 -6.33382
v 2.10491 -2.60235 -6.10426
v 1.91498 -1.96664 -5.26090
v 2.07472 -2.01091 -4.90080
v 2.81970 -2.60235 -4.38052
v 2.84144 -2.17628 -4.08164
v 1.96544 -1.49103 -4.86148
v 2.43686 -0.74505 -4.22942
v 2.21420 -0.46037 -4.60169
v 1.70033 -1.17112 -6.25204
v 1.76545 -1.67370 -6.38571
v 1.84791 -1.80880 -5.32872
v 2.77632 -1.67370 -3.94797
v 2.63425 -1.17112 -3.99986
v 2.03876 -1.63196 -4.76880
v 2.54160 -2.98701 -5.27368
v 2.71441 -2.88704 -4.79911
v 2.07472 -2.01091 -4.90080
v 1.82736 -0.46037 -5.53457
v 1.72207 -0.74505 -5.95317
v 1.83286 -1.49197 -5.18005
v 1.91498 -1.96664 -5.26090
v 2.10491 -2.60235 -6.10426
v 2.32757 -2.88704 -5.73200
v 2.08318 -1.81003 -4.76423
v 2.84144 -2.17628 -4.08164
v 2.77632 -1.67370 -3.94797
v 1.96544 -1.49103 -4.86148
v 2.21420 -0.46037 -4.60169
v 2.00018 -0.36039 -5.06000
v 1.84791 -1.80880 -5.32872
v 1.76545 -1.67370 -6.38571
v 1.90753 -2.17628 -6.33382
v 2.71441 -2.88704 -4.79911
v 2.81970 -2.60235 -4.38052
v 2.07472 -2.01091 -4.90080
v 2.03876 -1.63196 -4.76880
v 2.63425 -1.17112 -3.99986
v 2.43686 -0.74505 -4.22942
v 1.83286 -1.49197 -5.18005
v 1.72207 -0.74505 -5.95317
v 1.70033 -1.17112 -6.25204
v 3.69349 -1.20716 -4.55751
v 3.79456 -2.02793 -4.78994
v 3.68523 -2.42134 -5.27840
v 3.68523 -2.42134 -5.27840
v 3.45949 -2.49176 -5.86561
v 2.93989 -1.59756 -6.60072
v 3.45949 -2.49176 -5.86561
v 3.18369 -2.18708 -6.35239
v 2.93989 -1.59756 -6.60072
v 3.00360 -0.35556 -5.72923
v 3.35051 -0.49005 -4.97174
v 3.69349 -1.20716 -4.55751
v 2.93989 -1.59756 -6.60072
v 2.84708 -0.81704 -6.37330
v 3.69349 -1.20716 -4.55751
v 2.84708 -0.81704 -6.37330
v 3.00360 -0.35556 -5.72923
v 3.69349 -1.20716 -4.55751
v 1.90753 -2.17628 -6.33382
v 2.85645 -1.94950 -6.70834
v 3.05384 -2.37557 -6.47879
v 3.38578 -0.51827 -4.60394
v 3.16313 -0.23358 -4.97621
v 2.21420 -0.46037 -4.60169
v 3.05384 -2.37557 -6.47879
v 3.27650 -2.66026 -6.10652
v 2.32757 -2.88704 -5.73200
v 2.21420 -0.46037 -4.60169
v 3.16313 -0.23358 -4.97621
v 2.94910 -0.13361 -5.43452
v 2.32757 -2.88704 -5.73200
v 3.27650 -2.66026 -6.10652
v 3.49052 -2.76023 -5.64821
v 2.94910 -0.13361 -5.43452
v 2.77629 -0.23358 -5.90909
v 1.82736 -0.46037 -5.53457
v 2.54160 -2.98701 -5.27368
v 3.49052 -2.76023 -5.64821
v 3.66334 -2.66026 -5.17363
v 1.82736 -0.46037 -5.53457
v 2.77629 -0.23358 -5.90909
v 2.67100 -0.51827 -6.32769
v 3.66334 -2.66026 -5.17363
v 3.76863 -2.37557 -4.75504
v 2.81970 -2.60235 -4.38052
v 1.72207 -0.74505 -5.95317
v 2.67100 -0.51827 -6.32769
v 2.64926 -0.94434 -6.62657
v 3.76863 -2.37557 -4.75504
v 3.79037 -1.94950 -4.45616
v 2.84144 -2.17628 -4.08164
v 2.64926 -0.94434 -6.62657
v 2.71438 -1.44692 -6.76024
v 1.76545 -1.67370 -6.38571
v 2.77632 -1.67370 -3.94797
v 3.72524 -1.44692 -4.32249
v 3.58317 -0.94434 -4.37438
v 2.84144 -2.17628 -4.08164
v 3.79037 -1.94950 -4.45616
v 3.72524 -1.44692 -4.32249
v 2.71438 -1.44692 -6.76024
v 2.85645 -1.94950 -6.70834
v 1.90753 -2.17628 -6.33382
v 3.69349 -1.20716 -4.55751
v 3.58317 -0.94434 -4.37438
v 3.72524 -1.44692 -4.32249
v 3.38578 -0.51827 -4.60394
v 3.58317 -0.94434 -4.37438
v 3.69349 -1.20716 -4.55751
v 3.35051 -0.49005 -4.97174
v 3.16313 -0.23358 -4.97621
v 3.38578 -0.51827 -4.60394
v 2.94910 -0.13361 -5.43452
v 3.16313 -0.23358 -4.97621
v 3.35051 -0.49005 -4.97174
v 2.77629 -0.23358 -5.90909
v 2.94910 -0.13361 -5.43452
v 3.00360 -0.35556 -5.72923
v 2.67100 -0.51827 -6.32769
v 2.77629 -0.23358 -5.90909
v 3.00360 -0.35556 -5.72923
v 2.64926 -0.94434 -6.62657
v 2.67100 -0.51827 -6.32769
v 2.84708 -0.81704 -6.37330
v 2.93989 -1.59756 -6.60072
v 2.71438 -1.44692 -6.76024
v 2.64926 -0.94434 -6.62657
v 2.85645 -1.94950 -6.70834
v 2.71438 -1.44692 -6.76024
v 2.93989 -1.59756 -6.60072
v 3.18369 -2.18708 -6.35239
v 3.05384 -2.37557 -6.47879
v 2.85645 -1.94950 -6.70834
v 3.27650 -2.66026 -6.10652
v 3.05384 -2.37557 -6.47879
v 3.18369 -2.18708 -6.35239
v 3.45949 -2.49176 -5.86561
v 3.49052 -2.76023 -5.64821
v 3.27650 -2.66026 -6.10652
v 3.68523 -2.42134 -5.27840
v 3.66334 -2.66026 -5.17363
v 3.49052 -2.76023 -5.64821
v 3.76863 -2.37557 -4.75504
v 3.66334 -2.66026 -5.17363
v 3.68523 -2.42134 -5.27840
v 3.79037 -1.94950 -4.45616
v 3.76863 -2.37557 -4.75504
v 3.79456 -2.02793 -4.78994
v 3.69349 -1.20716 -4.55751
v 3.72524 -1.44692 -4.32249
v 3.79037 -1.94950 -4.45616
vt 0.90930 0.22496
vt 0.89855 0.38430
vt 0.88092 0.38106
vt 0.99716 0.94695
vt 0.87211 0.76941
vt 0.99716 0.76941
vt 0.43495 0.02220
vt 0.00766 0.35169
vt 0.00766 0.02151
vt 0.85672 0.41764
vt 0.84149 0.43706
vt 0.85379 0.15790
vt 0.87063 0.91793
vt 0.99532 0.78149
vt 0.99532 0.91793
vt 0.84880 0.67070
vt 0.99879 0.83374
vt 0.84880 0.83374
vt 0.92883 0.30290
vt 0.92175 0.30088
vt 0.94091 0.25671
vt 0.95398 0.24224
vt 0.97264 0.22258
vt 0.99780 0.22183
vt 0.75925 0.73925
vt 0.75152 0.72423
vt 0.76448 0.72336
vt 0.88338 0.53299
vt 0.88947 0.51140
vt 0.90907 0.51288
vt 0.76448 0.78737
vt 0.74628 0.74012
vt 0.75925 0.73925
vt 0.69633 0.72469
vt 0.68140 0.83261
vt 0.68532 0.72336
vt 0.69633 0.85947
vt 0.68140 0.83261
vt 0.69242 0.83394
vt 0.71326 0.80482
vt 0.73096 0.82592
vt 0.71536 0.82638
vt 0.79813 0.72344
vt 0.79463 0.75764
vt 0.77981 0.72336
vt 0.71212 0.77533
vt 0.72886 0.80436
vt 0.71326 0.80482
vt 0.37673 0.42464
vt 0.32505 0.42111
vt 0.32505 0.42456
vt 0.79813 0.78743
vt 0.79463 0.75764
vt 0.79813 0.75765
vt 0.71166 0.74323
vt 0.72772 0.77487
vt 0.71212 0.77533
vt 0.36679 0.79105
vt 0.37508 0.80796
vt 0.37179 0.80816
vt 0.71270 0.72390
vt 0.72726 0.74278
vt 0.71166 0.74323
vt 0.37508 0.77513
vt 0.37184 0.79075
vt 0.36679 0.79105
vt 0.75321 0.67565
vt 0.99816 0.99565
vt 0.99816 0.67518
vt 0.76560 0.78287
vt 0.78613 0.91954
vt 0.76560 0.92463
vt 0.76422 0.92605
vt 0.78511 0.79020
vt 0.78511 0.92537
vt 0.00766 0.35169
vt 0.42135 0.36866
vt 0.02093 0.36800
vt 0.76542 0.80684
vt 0.78217 0.91456
vt 0.76542 0.91112
vt 0.90303 0.22172
vt 0.89608 0.38786
vt 0.87080 0.38280
vt 0.92884 0.23913
vt 0.87473 0.37695
vt 0.90071 0.23289
vt 0.26232 0.46365
vt 0.04714 0.41008
vt 0.02093 0.36800
vt 0.96762 0.96335
vt 0.75725 0.97611
vt 0.76438 0.96335
vt 0.97147 0.98610
vt 0.77126 0.96654
vt 0.98527 0.96654
vt 0.96234 0.96501
vt 0.76072 0.98457
vt 0.76033 0.96501
vt 0.02134 0.00766
vt 0.43495 0.02220
vt 0.00766 0.02151
vt 0.90471 0.42971
vt 0.88988 0.43132
vt 0.88087 0.40458
vt 0.87137 0.48037
vt 0.87067 0.46620
vt 0.88891 0.44317
vt 0.86790 0.49113
vt 0.86075 0.48305
vt 0.86355 0.47847
vt 0.87275 0.49747
vt 0.88947 0.51140
vt 0.86862 0.49816
vt 0.90418 0.50990
vt 0.90907 0.51288
vt 0.88947 0.51140
vt 0.91871 0.50535
vt 0.92373 0.50658
vt 0.90907 0.51288
vt 0.93130 0.49488
vt 0.93867 0.48970
vt 0.92373 0.50658
vt 0.93635 0.48625
vt 0.93867 0.48970
vt 0.93130 0.49488
vt 0.93902 0.47362
vt 0.94235 0.47792
vt 0.93635 0.48625
vt 0.93429 0.45352
vt 0.93480 0.44737
vt 0.94129 0.46240
vt 0.92580 0.44230
vt 0.92020 0.43456
vt 0.93480 0.44737
vt 0.91444 0.43565
vt 0.90471 0.42971
vt 0.92020 0.43456
vt 0.89767 0.43369
vt 0.88988 0.43132
vt 0.90471 0.42971
vt 0.86632 0.45642
vt 0.87450 0.43926
vt 0.87969 0.44007
vt 0.86355 0.47847
vt 0.85902 0.46942
vt 0.86632 0.45642
vt 0.86858 0.47997
vt 0.86790 0.49113
vt 0.86355 0.47847
vt 0.89469 0.50463
vt 0.88938 0.50792
vt 0.88298 0.49968
vt 0.89469 0.50463
vt 0.90418 0.50990
vt 0.88938 0.50792
vt 0.90830 0.50411
vt 0.91871 0.50535
vt 0.90418 0.50990
vt 0.92302 0.49659
vt 0.93130 0.49488
vt 0.91871 0.50535
vt 0.93180 0.48457
vt 0.93130 0.49488
vt 0.92302 0.49659
vt 0.93180 0.48457
vt 0.93635 0.48625
vt 0.93130 0.49488
vt 0.93427 0.47485
vt 0.93635 0.48625
vt 0.93180 0.48457
vt 0.93427 0.47485
vt 0.93429 0.45352
vt 0.93902 0.47362
vt 0.93014 0.45591
vt 0.92580 0.44230
vt 0.93429 0.45352
vt 0.89222 0.43969
vt 0.89767 0.43369
vt 0.90916 0.43908
vt 0.89222 0.43969
vt 0.87969 0.44007
vt 0.89767 0.43369
vt 0.86844 0.46445
vt 0.86632 0.45642
vt 0.87628 0.44928
vt 0.86844 0.46445
vt 0.86355 0.47847
vt 0.86632 0.45642
vt 0.87137 0.48037
vt 0.87251 0.48937
vt 0.86858 0.47997
vt 0.89034 0.50052
vt 0.88298 0.49968
vt 0.87545 0.48884
vt 0.90276 0.50260
vt 0.89469 0.50463
vt 0.89034 0.50052
vt 0.91420 0.49940
vt 0.90830 0.50411
vt 0.90276 0.50260
vt 0.92399 0.49233
vt 0.92302 0.49659
vt 0.91420 0.49940
vt 0.92399 0.49233
vt 0.93180 0.48457
vt 0.92302 0.49659
vt 0.92952 0.48342
vt 0.93427 0.47485
vt 0.93180 0.48457
vt 0.92533 0.45269
vt 0.93014 0.45591
vt 0.93109 0.46602
vt 0.91651 0.44482
vt 0.92094 0.44467
vt 0.92533 0.45269
vt 0.90383 0.44092
vt 0.90916 0.43908
vt 0.91651 0.44482
vt 0.88891 0.44317
vt 0.89222 0.43969
vt 0.90383 0.44092
vt 0.88891 0.44317
vt 0.87628 0.44928
vt 0.89222 0.43969
vt 0.87736 0.45187
vt 0.86844 0.46445
vt 0.87628 0.44928
vt 0.87067 0.46620
vt 0.86858 0.47997
vt 0.86844 0.46445
vt 0.68139 0.58813
vt 0.68111 0.52094
vt 0.69269 0.52094
vt 0.68111 0.52094
vt 0.68139 0.58813
vt 0.67380 0.52094
vt 0.67702 0.52099
vt 0.68149 0.58999
vt 0.67117 0.58999
vt 0.68149 0.58999
vt 0.68962 0.52099
vt 0.69337 0.58999
vt 0.67713 0.51740
vt 0.67659 0.58838
vt 0.67068 0.58838
vt 0.67659 0.58838
vt 0.67713 0.51740
vt 0.68840 0.58838
vt 0.69581 0.51740
vt 0.70041 0.58838
vt 0.68840 0.58838
vt 0.69989 0.51747
vt 0.68994 0.58966
vt 0.68994 0.51747
vt 0.68994 0.58966
vt 0.67358 0.51747
vt 0.68994 0.51747
vt 0.33638 0.46088
vt 0.05428 0.38077
vt 0.12660 0.04935
vt 0.70194 0.52094
vt 0.69634 0.58813
vt 0.69269 0.52094
vt 0.62437 0.50960
vt 0.62275 0.52691
vt 0.61471 0.52355
vt 0.99757 0.11235
vt 0.90660 0.08446
vt 0.99757 0.08446
vt 0.62437 0.50006
vt 0.63145 0.48276
vt 0.62734 0.49967
vt 0.62199 0.50776
vt 0.60522 0.50923
vt 0.62121 0.50481
vt 0.62828 0.50960
vt 0.64565 0.51734
vt 0.63950 0.52355
vt 0.62992 0.50117
vt 0.63950 0.48612
vt 0.64565 0.49233
vt 0.62121 0.50481
vt 0.60855 0.49233
vt 0.62199 0.50191
vt 0.63144 0.50381
vt 0.64898 0.50923
vt 0.63105 0.50681
vt 0.62828 0.50960
vt 0.62275 0.52691
vt 0.62437 0.50960
vt 0.62199 0.50776
vt 0.61471 0.52355
vt 0.60855 0.51734
vt 0.63105 0.50681
vt 0.64898 0.50923
vt 0.64565 0.51734
vt 0.62992 0.50117
vt 0.63145 0.48276
vt 0.63950 0.48612
vt 0.62121 0.50481
vt 0.60522 0.50923
vt 0.60522 0.50044
vt 0.63144 0.50381
vt 0.64565 0.49233
vt 0.64898 0.50044
vt 0.62437 0.50006
vt 0.60855 0.49233
vt 0.61471 0.48612
vt 0.81685 0.09739
vt 0.88409 0.07758
vt 0.86674 0.02273
vt 0.99739 0.08259
vt 0.90532 0.10848
vt 0.90532 0.08259
vt 0.90627 0.08712
vt 0.99408 0.10561
vt 0.90627 0.10561
vt 0.99564 0.03132
vt 0.90284 0.01273
vt 0.99564 0.01273
vt 0.90627 0.08712
vt 0.99408 0.06296
vt 0.99408 0.08712
vt 0.99564 0.03132
vt 0.90284 0.05562
vt 0.90284 0.03132
vt 0.90627 0.03682
vt 0.99408 0.06296
vt 0.90627 0.06296
vt 0.99564 0.05562
vt 0.90284 0.08192
vt 0.90284 0.05562
vt 0.90627 0.03682
vt 0.99408 0.01266
vt 0.99408 0.03682
vt 0.99564 0.10621
vt 0.90284 0.08192
vt 0.99564 0.08192
vt 0.99739 0.00887
vt 0.90532 0.02868
vt 0.90532 0.00887
vt 0.99757 0.02636
vt 0.90660 0.00501
vt 0.99757 0.00501
vt 0.99739 0.05457
vt 0.90532 0.02868
vt 0.99739 0.02868
vt 0.99757 0.05426
vt 0.90660 0.08446
vt 0.90660 0.05426
vt 0.99757 0.02636
vt 0.90660 0.05426
vt 0.90660 0.02636
vt 0.99739 0.08259
vt 0.90532 0.05457
vt 0.99739 0.05457
vt 0.86534 0.09833
vt 0.84180 0.11569
vt 0.86309 0.11145
vt 0.88409 0.07758
vt 0.88113 0.09939
vt 0.89319 0.08135
vt 0.88409 0.07758
vt 0.89743 0.06006
vt 0.88550 0.04964
vt 0.88550 0.04964
vt 0.88113 0.02072
vt 0.86674 0.02273
vt 0.84180 0.01428
vt 0.86309 0.00866
vt 0.84180 0.00443
vt 0.84180 0.01428
vt 0.82051 0.00866
vt 0.81545 0.02367
vt 0.81545 0.02367
vt 0.82051 0.00866
vt 0.80246 0.02072
vt 0.81545 0.02367
vt 0.79040 0.03877
vt 0.79776 0.05130
vt 0.79776 0.05130
vt 0.79040 0.03877
vt 0.78617 0.06006
vt 0.79950 0.07758
vt 0.78617 0.06006
vt 0.79040 0.08135
vt 0.79950 0.07758
vt 0.80246 0.09939
vt 0.81685 0.09739
vt 0.84180 0.10584
vt 0.82051 0.11145
vt 0.84180 0.11569
vt 0.89855 0.38430
vt 0.90930 0.22496
vt 0.88092 0.38106
vt 0.87211 0.76941
vt 0.99716 0.94695
vt 0.99716 0.76941
vt 0.00766 0.35169
vt 0.43495 0.02220
vt 0.00766 0.02151
vt 0.85379 0.15790
vt 0.84149 0.43706
vt 0.85672 0.41764
vt 0.99532 0.78149
vt 0.87063 0.91793
vt 0.99532 0.91793
vt 0.84880 0.67070
vt 0.99879 0.83374
vt 0.99879 0.67070
vt 0.94091 0.25671
vt 0.96405 0.22121
vt 0.93398 0.25335
vt 0.93519 0.35520
vt 0.94968 0.38960
vt 0.99780 0.41119
vt 0.75152 0.72423
vt 0.75925 0.73925
vt 0.76448 0.72336
vt 0.74628 0.74012
vt 0.76448 0.78737
vt 0.75925 0.73925
vt 0.69633 0.72469
vt 0.68140 0.83261
vt 0.69242 0.83394
vt 0.68140 0.83261
vt 0.69633 0.85947
vt 0.69242 0.83394
vt 0.73096 0.82592
vt 0.71326 0.80482
vt 0.71536 0.82638
vt 0.79813 0.72344
vt 0.79463 0.75764
vt 0.79813 0.75765
vt 0.72886 0.80436
vt 0.71212 0.77533
vt 0.71326 0.80482
vt 0.32505 0.42111
vt 0.37673 0.42464
vt 0.32505 0.42456
vt 0.79463 0.75764
vt 0.79813 0.78743
vt 0.79813 0.75765
vt 0.72772 0.77487
vt 0.71166 0.74323
vt 0.71212 0.77533
vt 0.37508 0.80796
vt 0.36679 0.79105
vt 0.37179 0.80816
vt 0.72726 0.74278
vt 0.71270 0.72390
vt 0.71166 0.74323
vt 0.37184 0.79075
vt 0.37508 0.77513
vt 0.36679 0.79105
vt 0.75321 0.67565
vt 0.99816 0.99565
vt 0.75321 0.99612
vt 0.78613 0.91954
vt 0.76560 0.78287
vt 0.76560 0.92463
vt 0.76422 0.92605
vt 0.78511 0.79020
vt 0.76422 0.78514
vt 0.00766 0.35169
vt 0.42135 0.36866
vt 0.43495 0.35237
vt 0.78217 0.91456
vt 0.76542 0.80684
vt 0.76542 0.91112
vt 0.89608 0.38786
vt 0.90303 0.22172
vt 0.87080 0.38280
vt 0.92884 0.23913
vt 0.87473 0.37695
vt 0.89716 0.38193
vt 0.42135 0.36866
vt 0.02093 0.36800
vt 0.32505 0.42456
vt 0.75725 0.97611
vt 0.96762 0.96335
vt 0.76438 0.96335
vt 0.97147 0.98610
vt 0.77126 0.96654
vt 0.77122 0.98610
vt 0.76072 0.98457
vt 0.96234 0.96501
vt 0.76033 0.96501
vt 0.02134 0.00766
vt 0.43495 0.02220
vt 0.42132 0.00830
vt 0.88087 0.40458
vt 0.88988 0.43132
vt 0.90471 0.42971
vt 0.90383 0.44092
vt 0.87529 0.48864
vt 0.92399 0.49233
vt 0.86075 0.48305
vt 0.86790 0.49113
vt 0.86355 0.47847
vt 0.86790 0.49113
vt 0.86862 0.49816
vt 0.87275 0.49747
vt 0.87275 0.49747
vt 0.88181 0.50905
vt 0.88938 0.50792
vt 0.88938 0.50792
vt 0.89475 0.51302
vt 0.90418 0.50990
vt 0.90418 0.50990
vt 0.90907 0.51288
vt 0.91871 0.50535
vt 0.91871 0.50535
vt 0.92373 0.50658
vt 0.93130 0.49488
vt 0.93867 0.48970
vt 0.93635 0.48625
vt 0.93130 0.49488
vt 0.94235 0.47792
vt 0.93902 0.47362
vt 0.93635 0.48625
vt 0.93902 0.47362
vt 0.94129 0.46240
vt 0.93429 0.45352
vt 0.93429 0.45352
vt 0.93480 0.44737
vt 0.92580 0.44230
vt 0.92580 0.44230
vt 0.92020 0.43456
vt 0.91444 0.43565
vt 0.91444 0.43565
vt 0.90471 0.42971
vt 0.89767 0.43369
vt 0.89767 0.43369
vt 0.88988 0.43132
vt 0.87969 0.44007
vt 0.87450 0.43926
vt 0.86632 0.45642
vt 0.87969 0.44007
vt 0.85902 0.46942
vt 0.86355 0.47847
vt 0.86632 0.45642
vt 0.86858 0.47997
vt 0.86790 0.49113
vt 0.87251 0.48937
vt 0.87251 0.48937
vt 0.87275 0.49747
vt 0.88298 0.49968
vt 0.88938 0.50792
vt 0.89469 0.50463
vt 0.88298 0.49968
vt 0.89469 0.50463
vt 0.90418 0.50990
vt 0.90830 0.50411
vt 0.90830 0.50411
vt 0.91871 0.50535
vt 0.92302 0.49659
vt 0.93130 0.49488
vt 0.93180 0.48457
vt 0.92302 0.49659
vt 0.93635 0.48625
vt 0.93427 0.47485
vt 0.93180 0.48457
vt 0.93427 0.47485
vt 0.93429 0.45352
vt 0.93014 0.45591
vt 0.93014 0.45591
vt 0.92580 0.44230
vt 0.92094 0.44467
vt 0.92094 0.44467
vt 0.91444 0.43565
vt 0.90916 0.43908
vt 0.89767 0.43369
vt 0.89222 0.43969
vt 0.90916 0.43908
vt 0.89222 0.43969
vt 0.87969 0.44007
vt 0.87628 0.44928
vt 0.86632 0.45642
vt 0.86844 0.46445
vt 0.87628 0.44928
vt 0.86844 0.46445
vt 0.86355 0.47847
vt 0.86858 0.47997
vt 0.87137 0.48037
vt 0.87251 0.48937
vt 0.87529 0.48864
vt 0.88298 0.49968
vt 0.89034 0.50052
vt 0.87529 0.48864
vt 0.89469 0.50463
vt 0.90276 0.50260
vt 0.89034 0.50052
vt 0.90830 0.50411
vt 0.91420 0.49940
vt 0.90276 0.50260
vt 0.92302 0.49659
vt 0.92399 0.49233
vt 0.91420 0.49940
vt 0.92399 0.49233
vt 0.93180 0.48457
vt 0.92952 0.48342
vt 0.92952 0.48342
vt 0.93427 0.47485
vt 0.93171 0.47594
vt 0.93171 0.47594
vt 0.93427 0.47485
vt 0.93109 0.46602
vt 0.93014 0.45591
vt 0.92533 0.45269
vt 0.93109 0.46602
vt 0.92094 0.44467
vt 0.91651 0.44482
vt 0.92533 0.45269
vt 0.90916 0.43908
vt 0.90383 0.44092
vt 0.91651 0.44482
vt 0.89222 0.43969
vt 0.88891 0.44317
vt 0.90383 0.44092
vt 0.88891 0.44317
vt 0.87628 0.44928
vt 0.87736 0.45187
vt 0.87736 0.45187
vt 0.86844 0.46445
vt 0.87067 0.46620
vt 0.87067 0.46620
vt 0.86858 0.47997
vt 0.87137 0.48037
vt 0.68111 0.52094
vt 0.68139 0.58813
vt 0.69269 0.52094
vt 0.67117 0.58999
vt 0.67702 0.52099
vt 0.66823 0.52099
vt 0.68149 0.58999
vt 0.67702 0.52099
vt 0.67117 0.58999
vt 0.68149 0.58999
vt 0.68962 0.52099
vt 0.67702 0.52099
vt 0.67659 0.58838
vt 0.67363 0.51740
vt 0.67068 0.58838
vt 0.67659 0.58838
vt 0.68850 0.51740
vt 0.67363 0.51740
vt 0.70041 0.58838
vt 0.68850 0.51740
vt 0.68840 0.58838
vt 0.67358 0.51747
vt 0.67764 0.58966
vt 0.68994 0.51747
vt 0.03981 0.33803
vt 0.33638 0.46088
vt 0.20408 0.01913
vt 0.70194 0.52094
vt 0.69634 0.58813
vt 0.70194 0.58813
vt 0.90660 0.08446
vt 0.99757 0.11235
vt 0.99757 0.08446
vt 0.63145 0.48276
vt 0.62437 0.50006
vt 0.62734 0.49967
vt 0.60522 0.50923
vt 0.62199 0.50776
vt 0.62121 0.50481
vt 0.62828 0.50960
vt 0.64565 0.51734
vt 0.63105 0.50681
vt 0.60855 0.49233
vt 0.62121 0.50481
vt 0.62199 0.50191
vt 0.64898 0.50923
vt 0.63144 0.50381
vt 0.63105 0.50681
vt 0.62275 0.52691
vt 0.62828 0.50960
vt 0.62437 0.50960
vt 0.62199 0.50776
vt 0.61471 0.52355
vt 0.62437 0.50960
vt 0.62992 0.50117
vt 0.63145 0.48276
vt 0.62734 0.49967
vt 0.63144 0.50381
vt 0.64565 0.49233
vt 0.62992 0.50117
vt 0.62437 0.50006
vt 0.60855 0.49233
vt 0.62199 0.50191
vt 0.85056 0.10409
vt 0.79950 0.07758
vt 0.83470 0.01569
vt 0.99739 0.08259
vt 0.90532 0.10848
vt 0.99739 0.10848
vt 0.99408 0.10561
vt 0.90627 0.08712
vt 0.90627 0.10561
vt 0.90284 0.01273
vt 0.99564 0.03132
vt 0.99564 0.01273
vt 0.90627 0.08712
vt 0.99408 0.06296
vt 0.90627 0.06296
vt 0.99564 0.03132
vt 0.90284 0.05562
vt 0.99564 0.05562
vt 0.99408 0.06296
vt 0.90627 0.03682
vt 0.90627 0.06296
vt 0.99564 0.05562
vt 0.90284 0.08192
vt 0.99564 0.08192
vt 0.90627 0.03682
vt 0.99408 0.01266
vt 0.90627 0.01266
vt 0.90284 0.08192
vt 0.99564 0.10621
vt 0.99564 0.08192
vt 0.99739 0.00887
vt 0.90532 0.02868
vt 0.99739 0.02868
vt 0.90660 0.00501
vt 0.99757 0.02636
vt 0.99757 0.00501
vt 0.90532 0.02868
vt 0.99739 0.05457
vt 0.99739 0.02868
vt 0.99757 0.05426
vt 0.90660 0.08446
vt 0.99757 0.08446
vt 0.99757 0.02636
vt 0.90660 0.05426
vt 0.99757 0.05426
vt 0.90532 0.05457
vt 0.99739 0.08259
vt 0.99739 0.05457
vt 0.88113 0.09939
vt 0.85056 0.10409
vt 0.88007 0.08360
vt 0.89743 0.06006
vt 0.88007 0.08360
vt 0.88550 0.04964
vt 0.88113 0.02072
vt 0.88550 0.04964
vt 0.86674 0.02273
vt 0.83470 0.01569
vt 0.86309 0.00866
vt 0.86674 0.02273
vt 0.80943 0.02769
vt 0.82051 0.00866
vt 0.83470 0.01569
vt 0.79040 0.03877
vt 0.80943 0.02769
vt 0.79776 0.05130
vt 0.79950 0.07758
vt 0.78617 0.06006
vt 0.79776 0.05130
vt 0.80246 0.09939
vt 0.79950 0.07758
vt 0.81685 0.09739
vt 0.85056 0.10409
vt 0.82051 0.11145
vt 0.81685 0.09739
vt 0.90930 0.22496
vt 0.92693 0.22820
vt 0.89855 0.38430
vt 0.99716 0.94695
vt 0.87101 0.94695
vt 0.87211 0.76941
vt 0.43495 0.02220
vt 0.43495 0.35237
vt 0.00766 0.35169
vt 0.85379 0.15790
vt 0.94813 0.16290
vt 0.92424 0.19296
vt 0.94813 0.16290
vt 0.94890 0.18994
vt 0.92424 0.19296
vt 0.94866 0.53361
vt 0.94855 0.58013
vt 0.86958 0.53344
vt 0.94855 0.58013
vt 0.79227 0.53474
vt 0.86958 0.53344
vt 0.85379 0.15790
vt 0.92424 0.19296
vt 0.90779 0.21724
vt 0.89792 0.27481
vt 0.89700 0.31868
vt 0.85379 0.15790
vt 0.89700 0.31868
vt 0.89530 0.36376
vt 0.86789 0.40841
vt 0.85379 0.15790
vt 0.89700 0.31868
vt 0.85672 0.41764
vt 0.85379 0.15790
vt 0.90779 0.21724
vt 0.89792 0.27481
vt 0.85164 0.52331
vt 0.86958 0.53344
vt 0.79227 0.53474
vt 0.83844 0.50056
vt 0.85164 0.52331
vt 0.79227 0.53474
vt 0.85672 0.41764
vt 0.89700 0.31868
vt 0.86789 0.40841
vt 0.89530 0.36376
vt 0.90275 0.41124
vt 0.86789 0.40841
vt 0.83844 0.50056
vt 0.79227 0.53474
vt 0.83641 0.47003
vt 0.79227 0.53474
vt 0.85379 0.15790
vt 0.84149 0.43706
vt 0.83641 0.47003
vt 0.79227 0.53474
vt 0.84149 0.43706
vt 0.87063 0.91793
vt 0.87063 0.78149
vt 0.99532 0.78149
vt 0.84880 0.67070
vt 0.99879 0.67070
vt 0.99879 0.83374
vt 0.94800 0.45181
vt 0.92274 0.41244
vt 0.94761 0.39110
vt 0.92274 0.41244
vt 0.91846 0.35158
vt 0.94761 0.39110
vt 0.94761 0.39110
vt 0.91846 0.35158
vt 0.92556 0.34866
vt 0.92175 0.30088
vt 0.93398 0.25335
vt 0.94091 0.25671
vt 0.93398 0.25335
vt 0.95525 0.21819
vt 0.96405 0.22121
vt 0.94091 0.25671
vt 0.93398 0.25335
vt 0.96405 0.22121
vt 0.91846 0.35158
vt 0.92175 0.30088
vt 0.92556 0.34866
vt 0.98416 0.48484
vt 0.96576 0.47459
vt 0.94800 0.45181
vt 0.99834 0.40800
vt 0.99831 0.48449
vt 0.97552 0.40691
vt 0.99831 0.48449
vt 0.98416 0.48484
vt 0.94800 0.45181
vt 0.97552 0.40691
vt 0.99831 0.48449
vt 0.94800 0.45181
vt 0.95525 0.21819
vt 0.98120 0.19998
vt 0.99915 0.19718
vt 0.99915 0.19718
vt 0.99873 0.20418
vt 0.98448 0.20648
vt 0.99915 0.19718
vt 0.98448 0.20648
vt 0.96405 0.22121
vt 0.92556 0.34866
vt 0.92175 0.30088
vt 0.92883 0.30290
vt 0.94761 0.39110
vt 0.97552 0.40691
vt 0.94800 0.45181
vt 0.99915 0.19718
vt 0.96405 0.22121
vt 0.95525 0.21819
vt 0.99780 0.22183
vt 0.99780 0.41119
vt 0.93246 0.31893
vt 0.99780 0.41119
vt 0.96924 0.40530
vt 0.94968 0.38960
vt 0.99780 0.22183
vt 0.93246 0.31893
vt 0.93821 0.27701
vt 0.94968 0.38960
vt 0.93519 0.35520
vt 0.99780 0.41119
vt 0.93519 0.35520
vt 0.93246 0.31893
vt 0.99780 0.41119
vt 0.93821 0.27701
vt 0.95398 0.24224
vt 0.99780 0.22183
vt 0.75925 0.73925
vt 0.74628 0.74012
vt 0.75152 0.72423
vt 0.99817 0.47719
vt 0.99956 0.53299
vt 0.98171 0.47717
vt 0.99956 0.53299
vt 0.88338 0.53299
vt 0.92373 0.50658
vt 0.98171 0.47717
vt 0.99956 0.53299
vt 0.93867 0.48970
vt 0.88338 0.53299
vt 0.85701 0.52262
vt 0.88947 0.51140
vt 0.85701 0.52262
vt 0.83758 0.49927
vt 0.86862 0.49816
vt 0.86862 0.49816
vt 0.83758 0.49927
vt 0.86075 0.48305
vt 0.83758 0.49927
vt 0.83455 0.46790
vt 0.86075 0.48305
vt 0.83455 0.46790
vt 0.85902 0.46942
vt 0.86075 0.48305
vt 0.94129 0.46240
vt 0.96314 0.47118
vt 0.94235 0.47792
vt 0.96314 0.47118
vt 0.98171 0.47717
vt 0.93867 0.48970
vt 0.94235 0.47792
vt 0.96314 0.47118
vt 0.93867 0.48970
vt 0.92373 0.50658
vt 0.93867 0.48970
vt 0.99956 0.53299
vt 0.85701 0.52262
vt 0.86862 0.49816
vt 0.88947 0.51140
vt 0.90907 0.51288
vt 0.92373 0.50658
vt 0.88338 0.53299
vt 0.76448 0.78737
vt 0.75152 0.78824
vt 0.74628 0.74012
vt 0.69633 0.72469
vt 0.69242 0.83394
vt 0.68140 0.83261
vt 0.69633 0.85947
vt 0.68532 0.85814
vt 0.68140 0.83261
vt 0.71326 0.80482
vt 0.72886 0.80436
vt 0.73096 0.82592
vt 0.79813 0.72344
vt 0.79813 0.75765
vt 0.79463 0.75764
vt 0.71212 0.77533
vt 0.72772 0.77487
vt 0.72886 0.80436
vt 0.37673 0.42464
vt 0.37673 0.44029
vt 0.32505 0.42111
vt 0.79813 0.78743
vt 0.79349 0.78741
vt 0.79463 0.75764
vt 0.71166 0.74323
vt 0.72726 0.74278
vt 0.72772 0.77487
vt 0.36679 0.79105
vt 0.37184 0.79075
vt 0.37508 0.80796
vt 0.71270 0.72390
vt 0.73096 0.72336
vt 0.72726 0.74278
vt 0.37508 0.77513
vt 0.37263 0.77527
vt 0.37184 0.79075
vt 0.75321 0.67565
vt 0.75321 0.99612
vt 0.99816 0.99565
vt 0.76560 0.78287
vt 0.78613 0.78253
vt 0.78613 0.91954
vt 0.76422 0.92605
vt 0.76422 0.78514
vt 0.78511 0.79020
vt 0.00766 0.35169
vt 0.43495 0.35237
vt 0.42135 0.36866
vt 0.76542 0.80684
vt 0.78217 0.80334
vt 0.78217 0.91456
vt 0.90303 0.22172
vt 0.92764 0.22664
vt 0.89608 0.38786
vt 0.92884 0.23913
vt 0.89716 0.38193
vt 0.87473 0.37695
vt 0.02093 0.36800
vt 0.42135 0.36866
vt 0.32505 0.42456
vt 0.42135 0.36866
vt 0.42135 0.42604
vt 0.37673 0.42464
vt 0.32505 0.42456
vt 0.42135 0.36866
vt 0.37673 0.42464
vt 0.32505 0.42456
vt 0.26232 0.46365
vt 0.02093 0.36800
vt 0.26232 0.46365
vt 0.07511 0.46335
vt 0.04714 0.41008
vt 0.04714 0.41008
vt 0.02093 0.41256
vt 0.02093 0.36800
vt 0.96762 0.96335
vt 0.97439 0.97611
vt 0.75725 0.97611
vt 0.97147 0.98610
vt 0.77122 0.98610
vt 0.77126 0.96654
vt 0.96234 0.96501
vt 0.97613 0.98457
vt 0.76072 0.98457
vt 0.02134 0.00766
vt 0.42132 0.00830
vt 0.43495 0.02220
vt 0.94810 0.44132
vt 0.96314 0.47118
vt 0.94129 0.46240
vt 0.88087 0.40458
vt 0.93210 0.40741
vt 0.90471 0.42971
vt 0.93210 0.40741
vt 0.94810 0.44132
vt 0.92020 0.43456
vt 0.84196 0.43401
vt 0.86448 0.41410
vt 0.87450 0.43926
vt 0.86448 0.41410
vt 0.88087 0.40458
vt 0.88988 0.43132
vt 0.83455 0.46790
vt 0.84196 0.43401
vt 0.86329 0.45390
vt 0.85902 0.46942
vt 0.83455 0.46790
vt 0.86329 0.45390
vt 0.94810 0.44132
vt 0.94129 0.46240
vt 0.93480 0.44737
vt 0.86329 0.45390
vt 0.84196 0.43401
vt 0.87450 0.43926
vt 0.94810 0.44132
vt 0.93480 0.44737
vt 0.92020 0.43456
vt 0.87450 0.43926
vt 0.86448 0.41410
vt 0.88988 0.43132
vt 0.93210 0.40741
vt 0.92020 0.43456
vt 0.90471 0.42971
vt 0.87736 0.45187
vt 0.88891 0.44317
vt 0.87067 0.46620
vt 0.88891 0.44317
vt 0.90383 0.44092
vt 0.87137 0.48037
vt 0.87545 0.48884
vt 0.90383 0.44092
vt 0.92399 0.49233
vt 0.90383 0.44092
vt 0.91651 0.44482
vt 0.92952 0.48342
vt 0.91651 0.44482
vt 0.92533 0.45269
vt 0.92952 0.48342
vt 0.92533 0.45269
vt 0.93109 0.46602
vt 0.92952 0.48342
vt 0.92952 0.48342
vt 0.93109 0.46602
vt 0.93171 0.47594
vt 0.92952 0.48342
vt 0.92399 0.49233
vt 0.90383 0.44092
vt 0.92399 0.49233
vt 0.91420 0.49940
vt 0.87545 0.48884
vt 0.91420 0.49940
vt 0.90276 0.50260
vt 0.87545 0.48884
vt 0.90276 0.50260
vt 0.89034 0.50052
vt 0.87545 0.48884
vt 0.87545 0.48884
vt 0.87137 0.48037
vt 0.90383 0.44092
vt 0.86790 0.49113
vt 0.86862 0.49816
vt 0.86075 0.48305
vt 0.86790 0.49113
vt 0.87275 0.49747
vt 0.86862 0.49816
vt 0.87275 0.49747
vt 0.88938 0.50792
vt 0.88947 0.51140
vt 0.88938 0.50792
vt 0.90418 0.50990
vt 0.88947 0.51140
vt 0.90418 0.50990
vt 0.91871 0.50535
vt 0.90907 0.51288
vt 0.91871 0.50535
vt 0.93130 0.49488
vt 0.92373 0.50658
vt 0.93635 0.48625
vt 0.94235 0.47792
vt 0.93867 0.48970
vt 0.93902 0.47362
vt 0.94129 0.46240
vt 0.94235 0.47792
vt 0.93902 0.47362
vt 0.93429 0.45352
vt 0.94129 0.46240
vt 0.93429 0.45352
vt 0.92580 0.44230
vt 0.93480 0.44737
vt 0.92580 0.44230
vt 0.91444 0.43565
vt 0.92020 0.43456
vt 0.91444 0.43565
vt 0.89767 0.43369
vt 0.90471 0.42971
vt 0.89767 0.43369
vt 0.87969 0.44007
vt 0.88988 0.43132
vt 0.87969 0.44007
vt 0.87450 0.43926
vt 0.88988 0.43132
vt 0.86632 0.45642
vt 0.86329 0.45390
vt 0.87450 0.43926
vt 0.86632 0.45642
vt 0.85902 0.46942
vt 0.86329 0.45390
vt 0.86355 0.47847
vt 0.86075 0.48305
vt 0.85902 0.46942
vt 0.86858 0.47997
vt 0.87251 0.48937
vt 0.86790 0.49113
vt 0.87251 0.48937
vt 0.87275 0.49747
vt 0.86790 0.49113
vt 0.87251 0.48937
vt 0.88298 0.49968
vt 0.87275 0.49747
vt 0.88298 0.49968
vt 0.88938 0.50792
vt 0.87275 0.49747
vt 0.89469 0.50463
vt 0.90830 0.50411
vt 0.90418 0.50990
vt 0.90830 0.50411
vt 0.92302 0.49659
vt 0.91871 0.50535
vt 0.93427 0.47485
vt 0.93902 0.47362
vt 0.93635 0.48625
vt 0.93427 0.47485
vt 0.93014 0.45591
vt 0.93429 0.45352
vt 0.93014 0.45591
vt 0.92094 0.44467
vt 0.92580 0.44230
vt 0.92094 0.44467
vt 0.91444 0.43565
vt 0.92580 0.44230
vt 0.92094 0.44467
vt 0.90916 0.43908
vt 0.91444 0.43565
vt 0.90916 0.43908
vt 0.89767 0.43369
vt 0.91444 0.43565
vt 0.89222 0.43969
vt 0.87628 0.44928
vt 0.87969 0.44007
vt 0.87628 0.44928
vt 0.86632 0.45642
vt 0.87969 0.44007
vt 0.86844 0.46445
vt 0.86858 0.47997
vt 0.86355 0.47847
vt 0.87137 0.48037
vt 0.87545 0.48884
vt 0.87251 0.48937
vt 0.87545 0.48884
vt 0.88298 0.49968
vt 0.87251 0.48937
vt 0.89034 0.50052
vt 0.89469 0.50463
vt 0.88298 0.49968
vt 0.90276 0.50260
vt 0.90830 0.50411
vt 0.89469 0.50463
vt 0.91420 0.49940
vt 0.92302 0.49659
vt 0.90830 0.50411
vt 0.92399 0.49233
vt 0.92952 0.48342
vt 0.93180 0.48457
vt 0.92952 0.48342
vt 0.93171 0.47594
vt 0.93427 0.47485
vt 0.93171 0.47594
vt 0.93109 0.46602
vt 0.93427 0.47485
vt 0.93109 0.46602
vt 0.93014 0.45591
vt 0.93427 0.47485
vt 0.92533 0.45269
vt 0.92094 0.44467
vt 0.93014 0.45591
vt 0.91651 0.44482
vt 0.90916 0.43908
vt 0.92094 0.44467
vt 0.90383 0.44092
vt 0.89222 0.43969
vt 0.90916 0.43908
vt 0.88891 0.44317
vt 0.87736 0.45187
vt 0.87628 0.44928
vt 0.87736 0.45187
vt 0.87067 0.46620
vt 0.86844 0.46445
vt 0.87067 0.46620
vt 0.87137 0.48037
vt 0.86858 0.47997
vt 0.67117 0.58999
vt 0.66823 0.52099
vt 0.67702 0.52099
vt 0.68149 0.58999
vt 0.67702 0.52099
vt 0.68962 0.52099
vt 0.68962 0.52099
vt 0.69713 0.52099
vt 0.69337 0.58999
vt 0.68840 0.58838
vt 0.67713 0.51740
vt 0.69581 0.51740
vt 0.69989 0.51747
vt 0.69989 0.58966
vt 0.68994 0.58966
vt 0.68994 0.58966
vt 0.67358 0.58966
vt 0.67358 0.51747
vt 0.15816 0.47173
vt 0.05428 0.38077
vt 0.33638 0.46088
vt 0.05428 0.38077
vt 0.01913 0.20408
vt 0.12660 0.04935
vt 0.33803 0.03981
vt 0.47173 0.15816
vt 0.47913 0.30463
vt 0.33803 0.03981
vt 0.47913 0.30463
vt 0.12660 0.04935
vt 0.47913 0.30463
vt 0.33638 0.46088
vt 0.12660 0.04935
vt 0.70194 0.52094
vt 0.70194 0.58813
vt 0.69634 0.58813
vt 0.69634 0.58813
vt 0.68139 0.58813
vt 0.69269 0.52094
vt 0.99757 0.11235
vt 0.90660 0.11235
vt 0.90660 0.08446
vt 0.62437 0.50006
vt 0.62275 0.48276
vt 0.63145 0.48276
vt 0.62199 0.50776
vt 0.60855 0.51734
vt 0.60522 0.50923
vt 0.62828 0.50960
vt 0.63105 0.50681
vt 0.64565 0.51734
vt 0.62121 0.50481
vt 0.60522 0.50044
vt 0.60855 0.49233
vt 0.63144 0.50381
vt 0.64898 0.50044
vt 0.64898 0.50923
vt 0.62828 0.50960
vt 0.63145 0.52691
vt 0.62275 0.52691
vt 0.62437 0.50006
vt 0.61471 0.48612
vt 0.62275 0.48276
vt 0.62199 0.50776
vt 0.62437 0.50960
vt 0.61471 0.52355
vt 0.62992 0.50117
vt 0.62734 0.49967
vt 0.63145 0.48276
vt 0.62828 0.50960
vt 0.63950 0.52355
vt 0.63145 0.52691
vt 0.63144 0.50381
vt 0.62992 0.50117
vt 0.64565 0.49233
vt 0.62437 0.50006
vt 0.62199 0.50191
vt 0.60855 0.49233
vt 0.81685 0.09739
vt 0.84180 0.10584
vt 0.88409 0.07758
vt 0.84180 0.10584
vt 0.86534 0.09833
vt 0.88409 0.07758
vt 0.88409 0.07758
vt 0.88550 0.04964
vt 0.86674 0.02273
vt 0.86674 0.02273
vt 0.84180 0.01428
vt 0.81545 0.02367
vt 0.79776 0.05130
vt 0.79950 0.07758
vt 0.81685 0.09739
vt 0.86674 0.02273
vt 0.81545 0.02367
vt 0.81685 0.09739
vt 0.81545 0.02367
vt 0.79776 0.05130
vt 0.81685 0.09739
vt 0.99739 0.08259
vt 0.99739 0.10848
vt 0.90532 0.10848
vt 0.90627 0.08712
vt 0.99408 0.08712
vt 0.99408 0.10561
vt 0.99564 0.03132
vt 0.90284 0.03132
vt 0.90284 0.01273
vt 0.90627 0.08712
vt 0.90627 0.06296
vt 0.99408 0.06296
vt 0.99564 0.03132
vt 0.99564 0.05562
vt 0.90284 0.05562
vt 0.90627 0.03682
vt 0.99408 0.03682
vt 0.99408 0.06296
vt 0.99564 0.05562
vt 0.99564 0.08192
vt 0.90284 0.08192
vt 0.90627 0.03682
vt 0.90627 0.01266
vt 0.99408 0.01266
vt 0.99564 0.10621
vt 0.90284 0.10621
vt 0.90284 0.08192
vt 0.99739 0.00887
vt 0.99739 0.02868
vt 0.90532 0.02868
vt 0.99757 0.02636
vt 0.90660 0.02636
vt 0.90660 0.00501
vt 0.99739 0.05457
vt 0.90532 0.05457
vt 0.90532 0.02868
vt 0.99757 0.05426
vt 0.99757 0.08446
vt 0.90660 0.08446
vt 0.99757 0.02636
vt 0.99757 0.05426
vt 0.90660 0.05426
vt 0.99739 0.08259
vt 0.90532 0.08259
vt 0.90532 0.05457
vt 0.86534 0.09833
vt 0.84180 0.10584
vt 0.84180 0.11569
vt 0.86534 0.09833
vt 0.86309 0.11145
vt 0.88113 0.09939
vt 0.88409 0.07758
vt 0.86534 0.09833
vt 0.88113 0.09939
vt 0.88409 0.07758
vt 0.89319 0.08135
vt 0.89743 0.06006
vt 0.88550 0.04964
vt 0.89743 0.06006
vt 0.89319 0.03877
vt 0.88550 0.04964
vt 0.89319 0.03877
vt 0.88113 0.02072
vt 0.86674 0.02273
vt 0.88113 0.02072
vt 0.86309 0.00866
vt 0.84180 0.01428
vt 0.86674 0.02273
vt 0.86309 0.00866
vt 0.84180 0.01428
vt 0.84180 0.00443
vt 0.82051 0.00866
vt 0.81545 0.02367
vt 0.80246 0.02072
vt 0.79040 0.03877
vt 0.79950 0.07758
vt 0.79776 0.05130
vt 0.78617 0.06006
vt 0.79950 0.07758
vt 0.79040 0.08135
vt 0.80246 0.09939
vt 0.81685 0.09739
vt 0.80246 0.09939
vt 0.82051 0.11145
vt 0.84180 0.10584
vt 0.81685 0.09739
vt 0.82051 0.11145
vt 0.89855 0.38430
vt 0.92693 0.22820
vt 0.90930 0.22496
vt 0.87211 0.76941
vt 0.87101 0.94695
vt 0.99716 0.94695
vt 0.00766 0.35169
vt 0.43495 0.35237
vt 0.43495 0.02220
vt 0.94890 0.18994
vt 0.94813 0.16290
vt 0.92424 0.19296
vt 0.94813 0.16290
vt 0.85379 0.15790
vt 0.92424 0.19296
vt 0.79227 0.53474
vt 0.94855 0.58013
vt 0.86958 0.53344
vt 0.94855 0.58013
vt 0.94866 0.53361
vt 0.86958 0.53344
vt 0.90779 0.21724
vt 0.92424 0.19296
vt 0.85379 0.15790
vt 0.79227 0.53474
vt 0.86958 0.53344
vt 0.85164 0.52331
vt 0.79227 0.53474
vt 0.85164 0.52331
vt 0.83844 0.50056
vt 0.89792 0.27481
vt 0.90779 0.21724
vt 0.85379 0.15790
vt 0.89530 0.36376
vt 0.89700 0.31868
vt 0.86789 0.40841
vt 0.89700 0.31868
vt 0.89792 0.27481
vt 0.85379 0.15790
vt 0.86789 0.40841
vt 0.90275 0.41124
vt 0.89530 0.36376
vt 0.85672 0.41764
vt 0.86789 0.40841
vt 0.89700 0.31868
vt 0.89700 0.31868
vt 0.85379 0.15790
vt 0.85672 0.41764
vt 0.85379 0.15790
vt 0.79227 0.53474
vt 0.84149 0.43706
vt 0.79227 0.53474
vt 0.83844 0.50056
vt 0.83641 0.47003
vt 0.79227 0.53474
vt 0.83641 0.47003
vt 0.84149 0.43706
vt 0.99532 0.78149
vt 0.87063 0.78149
vt 0.87063 0.91793
vt 0.84880 0.67070
vt 0.84880 0.83374
vt 0.99879 0.83374
vt 0.91846 0.35158
vt 0.92274 0.41244
vt 0.94761 0.39110
vt 0.92274 0.41244
vt 0.94800 0.45181
vt 0.94761 0.39110
vt 0.94800 0.45181
vt 0.96576 0.47459
vt 0.98416 0.48484
vt 0.98416 0.48484
vt 0.99831 0.48449
vt 0.94800 0.45181
vt 0.99831 0.48449
vt 0.99834 0.40800
vt 0.97552 0.40691
vt 0.99831 0.48449
vt 0.97552 0.40691
vt 0.94800 0.45181
vt 0.94761 0.39110
vt 0.94800 0.45181
vt 0.97552 0.40691
vt 0.95525 0.21819
vt 0.93398 0.25335
vt 0.96405 0.22121
vt 0.93398 0.25335
vt 0.92175 0.30088
vt 0.94091 0.25671
vt 0.94091 0.25671
vt 0.92175 0.30088
vt 0.92883 0.30290
vt 0.92175 0.30088
vt 0.91846 0.35158
vt 0.92556 0.34866
vt 0.92175 0.30088
vt 0.92556 0.34866
vt 0.92883 0.30290
vt 0.94761 0.39110
vt 0.92556 0.34866
vt 0.91846 0.35158
vt 0.99915 0.19718
vt 0.98120 0.19998
vt 0.95525 0.21819
vt 0.98448 0.20648
vt 0.99873 0.20418
vt 0.99915 0.19718
vt 0.96405 0.22121
vt 0.98448 0.20648
vt 0.99915 0.19718
vt 0.99915 0.19718
vt 0.95525 0.21819
vt 0.96405 0.22121
vt 0.96924 0.40530
vt 0.99780 0.41119
vt 0.94968 0.38960
vt 0.99780 0.41119
vt 0.99780 0.22183
vt 0.93246 0.31893
vt 0.99780 0.22183
vt 0.97264 0.22258
vt 0.95398 0.24224
vt 0.95398 0.24224
vt 0.93821 0.27701
vt 0.99780 0.22183
vt 0.93821 0.27701
vt 0.93246 0.31893
vt 0.99780 0.22183
vt 0.93246 0.31893
vt 0.93519 0.35520
vt 0.99780 0.41119
vt 0.75152 0.72423
vt 0.74628 0.74012
vt 0.75925 0.73925
vt 0.88338 0.53299
vt 0.99956 0.53299
vt 0.92373 0.50658
vt 0.99956 0.53299
vt 0.99817 0.47719
vt 0.98171 0.47717
vt 0.98171 0.47717
vt 0.96314 0.47118
vt 0.93867 0.48970
vt 0.96314 0.47118
vt 0.94129 0.46240
vt 0.94235 0.47792
vt 0.99956 0.53299
vt 0.98171 0.47717
vt 0.93867 0.48970
vt 0.83758 0.49927
vt 0.85701 0.52262
vt 0.86862 0.49816
vt 0.85701 0.52262
vt 0.88338 0.53299
vt 0.88181 0.50905
vt 0.83758 0.49927
vt 0.86862 0.49816
vt 0.86075 0.48305
vt 0.85902 0.46942
vt 0.83455 0.46790
vt 0.86075 0.48305
vt 0.83455 0.46790
vt 0.83758 0.49927
vt 0.86075 0.48305
vt 0.96314 0.47118
vt 0.94235 0.47792
vt 0.93867 0.48970
vt 0.93867 0.48970
vt 0.92373 0.50658
vt 0.99956 0.53299
vt 0.86862 0.49816
vt 0.85701 0.52262
vt 0.88181 0.50905
vt 0.89475 0.51302
vt 0.88181 0.50905
vt 0.88338 0.53299
vt 0.88338 0.53299
vt 0.92373 0.50658
vt 0.90907 0.51288
vt 0.88338 0.53299
vt 0.90907 0.51288
vt 0.89475 0.51302
vt 0.74628 0.74012
vt 0.75152 0.78824
vt 0.76448 0.78737
vt 0.69633 0.72469
vt 0.68532 0.72336
vt 0.68140 0.83261
vt 0.68140 0.83261
vt 0.68532 0.85814
vt 0.69633 0.85947
vt 0.73096 0.82592
vt 0.72886 0.80436
vt 0.71326 0.80482
vt 0.79813 0.72344
vt 0.77981 0.72336
vt 0.79463 0.75764
vt 0.72886 0.80436
vt 0.72772 0.77487
vt 0.71212 0.77533
vt 0.32505 0.42111
vt 0.37673 0.44029
vt 0.37673 0.42464
vt 0.79463 0.75764
vt 0.79349 0.78741
vt 0.79813 0.78743
vt 0.72772 0.77487
vt 0.72726 0.74278
vt 0.71166 0.74323
vt 0.37508 0.80796
vt 0.37184 0.79075
vt 0.36679 0.79105
vt 0.72726 0.74278
vt 0.73096 0.72336
vt 0.71270 0.72390
vt 0.37184 0.79075
vt 0.37263 0.77527
vt 0.37508 0.77513
vt 0.75321 0.67565
vt 0.99816 0.67518
vt 0.99816 0.99565
vt 0.78613 0.91954
vt 0.78613 0.78253
vt 0.76560 0.78287
vt 0.76422 0.92605
vt 0.78511 0.92537
vt 0.78511 0.79020
vt 0.00766 0.35169
vt 0.02093 0.36800
vt 0.42135 0.36866
vt 0.78217 0.91456
vt 0.78217 0.80334
vt 0.76542 0.80684
vt 0.89608 0.38786
vt 0.92764 0.22664
vt 0.90303 0.22172
vt 0.92884 0.23913
vt 0.90071 0.23289
vt 0.87473 0.37695
vt 0.02093 0.36800
vt 0.02093 0.41256
vt 0.04714 0.41008
vt 0.32505 0.42456
vt 0.37673 0.42464
vt 0.42135 0.36866
vt 0.37673 0.42464
vt 0.42135 0.42604
vt 0.42135 0.36866
vt 0.04714 0.41008
vt 0.26232 0.46365
vt 0.02093 0.36800
vt 0.26232 0.46365
vt 0.32505 0.42456
vt 0.02093 0.36800
vt 0.75725 0.97611
vt 0.97439 0.97611
vt 0.96762 0.96335
vt 0.97147 0.98610
vt 0.98527 0.96654
vt 0.77126 0.96654
vt 0.76072 0.98457
vt 0.97613 0.98457
vt 0.96234 0.96501
vt 0.02134 0.00766
vt 0.00766 0.02151
vt 0.43495 0.02220
vt 0.96314 0.47118
vt 0.94810 0.44132
vt 0.94129 0.46240
vt 0.94810 0.44132
vt 0.93210 0.40741
vt 0.92020 0.43456
vt 0.93210 0.40741
vt 0.88087 0.40458
vt 0.90471 0.42971
vt 0.88087 0.40458
vt 0.86448 0.41410
vt 0.88988 0.43132
vt 0.86448 0.41410
vt 0.84196 0.43401
vt 0.87450 0.43926
vt 0.84196 0.43401
vt 0.83455 0.46790
vt 0.86329 0.45390
vt 0.83455 0.46790
vt 0.85902 0.46942
vt 0.86329 0.45390
vt 0.93480 0.44737
vt 0.94129 0.46240
vt 0.94810 0.44132
vt 0.84196 0.43401
vt 0.86329 0.45390
vt 0.87450 0.43926
vt 0.92020 0.43456
vt 0.93480 0.44737
vt 0.94810 0.44132
vt 0.86448 0.41410
vt 0.87450 0.43926
vt 0.88988 0.43132
vt 0.92020 0.43456
vt 0.93210 0.40741
vt 0.90471 0.42971
vt 0.87067 0.46620
vt 0.87137 0.48037
vt 0.87736 0.45187
vt 0.87137 0.48037
vt 0.87529 0.48864
vt 0.90383 0.44092
vt 0.88891 0.44317
vt 0.87137 0.48037
vt 0.90383 0.44092
vt 0.89034 0.50052
vt 0.90276 0.50260
vt 0.87529 0.48864
vt 0.90276 0.50260
vt 0.91420 0.49940
vt 0.87529 0.48864
vt 0.91420 0.49940
vt 0.92399 0.49233
vt 0.87529 0.48864
vt 0.92399 0.49233
vt 0.92952 0.48342
vt 0.90383 0.44092
vt 0.92952 0.48342
vt 0.93171 0.47594
vt 0.93109 0.46602
vt 0.93109 0.46602
vt 0.92533 0.45269
vt 0.92952 0.48342
vt 0.92533 0.45269
vt 0.91651 0.44482
vt 0.92952 0.48342
vt 0.91651 0.44482
vt 0.90383 0.44092
vt 0.92952 0.48342
vt 0.88891 0.44317
vt 0.87736 0.45187
vt 0.87137 0.48037
vt 0.86075 0.48305
vt 0.86862 0.49816
vt 0.86790 0.49113
vt 0.87275 0.49747
vt 0.86862 0.49816
vt 0.88181 0.50905
vt 0.88938 0.50792
vt 0.88181 0.50905
vt 0.89475 0.51302
vt 0.90418 0.50990
vt 0.89475 0.51302
vt 0.90907 0.51288
vt 0.91871 0.50535
vt 0.90907 0.51288
vt 0.92373 0.50658
vt 0.93130 0.49488
vt 0.92373 0.50658
vt 0.93867 0.48970
vt 0.93867 0.48970
vt 0.94235 0.47792
vt 0.93635 0.48625
vt 0.94235 0.47792
vt 0.94129 0.46240
vt 0.93902 0.47362
vt 0.93429 0.45352
vt 0.94129 0.46240
vt 0.93480 0.44737
vt 0.92580 0.44230
vt 0.93480 0.44737
vt 0.92020 0.43456
vt 0.91444 0.43565
vt 0.92020 0.43456
vt 0.90471 0.42971
vt 0.89767 0.43369
vt 0.90471 0.42971
vt 0.88988 0.43132
vt 0.88988 0.43132
vt 0.87450 0.43926
vt 0.87969 0.44007
vt 0.87450 0.43926
vt 0.86329 0.45390
vt 0.86632 0.45642
vt 0.86329 0.45390
vt 0.85902 0.46942
vt 0.86632 0.45642
vt 0.85902 0.46942
vt 0.86075 0.48305
vt 0.86355 0.47847
vt 0.86858 0.47997
vt 0.86355 0.47847
vt 0.86790 0.49113
vt 0.86790 0.49113
vt 0.87275 0.49747
vt 0.87251 0.48937
vt 0.87275 0.49747
vt 0.88938 0.50792
vt 0.88298 0.49968
vt 0.89469 0.50463
vt 0.88938 0.50792
vt 0.90418 0.50990
vt 0.90830 0.50411
vt 0.90418 0.50990
vt 0.91871 0.50535
vt 0.92302 0.49659
vt 0.91871 0.50535
vt 0.93130 0.49488
vt 0.93180 0.48457
vt 0.93130 0.49488
vt 0.93635 0.48625
vt 0.93635 0.48625
vt 0.93902 0.47362
vt 0.93427 0.47485
vt 0.93427 0.47485
vt 0.93902 0.47362
vt 0.93429 0.45352
vt 0.93014 0.45591
vt 0.93429 0.45352
vt 0.92580 0.44230
vt 0.92580 0.44230
vt 0.91444 0.43565
vt 0.92094 0.44467
vt 0.91444 0.43565
vt 0.89767 0.43369
vt 0.90916 0.43908
vt 0.89222 0.43969
vt 0.89767 0.43369
vt 0.87969 0.44007
vt 0.87969 0.44007
vt 0.86632 0.45642
vt 0.87628 0.44928
vt 0.86844 0.46445
vt 0.86632 0.45642
vt 0.86355 0.47847
vt 0.87137 0.48037
vt 0.86858 0.47997
vt 0.87251 0.48937
vt 0.87251 0.48937
vt 0.88298 0.49968
vt 0.87529 0.48864
vt 0.88298 0.49968
vt 0.89469 0.50463
vt 0.89034 0.50052
vt 0.89469 0.50463
vt 0.90830 0.50411
vt 0.90276 0.50260
vt 0.90830 0.50411
vt 0.92302 0.49659
vt 0.91420 0.49940
vt 0.92399 0.49233
vt 0.92302 0.49659
vt 0.93180 0.48457
vt 0.92952 0.48342
vt 0.93180 0.48457
vt 0.93427 0.47485
vt 0.93427 0.47485
vt 0.93014 0.45591
vt 0.93109 0.46602
vt 0.93014 0.45591
vt 0.92094 0.44467
vt 0.92533 0.45269
vt 0.92094 0.44467
vt 0.90916 0.43908
vt 0.91651 0.44482
vt 0.90916 0.43908
vt 0.89222 0.43969
vt 0.90383 0.44092
vt 0.88891 0.44317
vt 0.89222 0.43969
vt 0.87628 0.44928
vt 0.87736 0.45187
vt 0.87628 0.44928
vt 0.86844 0.46445
vt 0.87067 0.46620
vt 0.86844 0.46445
vt 0.86858 0.47997
vt 0.68111 0.52094
vt 0.67380 0.52094
vt 0.68139 0.58813
vt 0.68149 0.58999
vt 0.69337 0.58999
vt 0.68962 0.52099
vt 0.69337 0.58999
vt 0.69713 0.52099
vt 0.68962 0.52099
vt 0.67659 0.58838
vt 0.68840 0.58838
vt 0.68850 0.51740
vt 0.70041 0.58838
vt 0.70041 0.51740
vt 0.68850 0.51740
vt 0.69989 0.51747
vt 0.68994 0.51747
vt 0.69631 0.58966
vt 0.68994 0.51747
vt 0.67764 0.58966
vt 0.69631 0.58966
vt 0.47913 0.30463
vt 0.47173 0.15816
vt 0.38078 0.05428
vt 0.38078 0.05428
vt 0.20408 0.01913
vt 0.47913 0.30463
vt 0.04935 0.12660
vt 0.03981 0.33803
vt 0.20408 0.01913
vt 0.03981 0.33803
vt 0.15816 0.47173
vt 0.33638 0.46088
vt 0.33638 0.46088
vt 0.47913 0.30463
vt 0.20408 0.01913
vt 0.70194 0.52094
vt 0.69269 0.52094
vt 0.69634 0.58813
vt 0.69269 0.52094
vt 0.68139 0.58813
vt 0.69634 0.58813
vt 0.62437 0.50960
vt 0.61471 0.52355
vt 0.62275 0.52691
vt 0.90660 0.08446
vt 0.90660 0.11235
vt 0.99757 0.11235
vt 0.63145 0.48276
vt 0.62275 0.48276
vt 0.62437 0.50006
vt 0.60522 0.50923
vt 0.60855 0.51734
vt 0.62199 0.50776
vt 0.62828 0.50960
vt 0.63950 0.52355
vt 0.64565 0.51734
vt 0.62992 0.50117
vt 0.64565 0.49233
vt 0.63950 0.48612
vt 0.60855 0.49233
vt 0.60522 0.50044
vt 0.62121 0.50481
vt 0.64898 0.50923
vt 0.64898 0.50044
vt 0.63144 0.50381
vt 0.62275 0.52691
vt 0.63145 0.52691
vt 0.62828 0.50960
vt 0.62275 0.48276
vt 0.61471 0.48612
vt 0.62437 0.50006
vt 0.62199 0.50776
vt 0.60855 0.51734
vt 0.61471 0.52355
vt 0.63105 0.50681
vt 0.64565 0.51734
vt 0.64898 0.50923
vt 0.62992 0.50117
vt 0.63950 0.48612
vt 0.63145 0.48276
vt 0.62121 0.50481
vt 0.60522 0.50044
vt 0.60522 0.50923
vt 0.63145 0.52691
vt 0.63950 0.52355
vt 0.62828 0.50960
vt 0.63144 0.50381
vt 0.64898 0.50044
vt 0.64565 0.49233
vt 0.62437 0.50006
vt 0.61471 0.48612
vt 0.60855 0.49233
vt 0.85056 0.10409
vt 0.81685 0.09739
vt 0.79950 0.07758
vt 0.79950 0.07758
vt 0.79776 0.05130
vt 0.83470 0.01569
vt 0.79776 0.05130
vt 0.80943 0.02769
vt 0.83470 0.01569
vt 0.88550 0.04964
vt 0.88007 0.08360
vt 0.85056 0.10409
vt 0.83470 0.01569
vt 0.86674 0.02273
vt 0.85056 0.10409
vt 0.86674 0.02273
vt 0.88550 0.04964
vt 0.85056 0.10409
vt 0.99739 0.08259
vt 0.90532 0.08259
vt 0.90532 0.10848
vt 0.99408 0.10561
vt 0.99408 0.08712
vt 0.90627 0.08712
vt 0.90284 0.01273
vt 0.90284 0.03132
vt 0.99564 0.03132
vt 0.90627 0.08712
vt 0.99408 0.08712
vt 0.99408 0.06296
vt 0.99564 0.03132
vt 0.90284 0.03132
vt 0.90284 0.05562
vt 0.99408 0.06296
vt 0.99408 0.03682
vt 0.90627 0.03682
vt 0.99564 0.05562
vt 0.90284 0.05562
vt 0.90284 0.08192
vt 0.90627 0.03682
vt 0.99408 0.03682
vt 0.99408 0.01266
vt 0.90284 0.08192
vt 0.90284 0.10621
vt 0.99564 0.10621
vt 0.99739 0.00887
vt 0.90532 0.00887
vt 0.90532 0.02868
vt 0.90660 0.00501
vt 0.90660 0.02636
vt 0.99757 0.02636
vt 0.90532 0.02868
vt 0.90532 0.05457
vt 0.99739 0.05457
vt 0.99757 0.05426
vt 0.90660 0.05426
vt 0.90660 0.08446
vt 0.99757 0.02636
vt 0.90660 0.02636
vt 0.90660 0.05426
vt 0.90532 0.05457
vt 0.90532 0.08259
vt 0.99739 0.08259
vt 0.85056 0.10409
vt 0.86309 0.11145
vt 0.84180 0.11569
vt 0.88113 0.09939
vt 0.86309 0.11145
vt 0.85056 0.10409
vt 0.88007 0.08360
vt 0.89319 0.08135
vt 0.88113 0.09939
vt 0.89743 0.06006
vt 0.89319 0.08135
vt 0.88007 0.08360
vt 0.89319 0.03877
vt 0.89743 0.06006
vt 0.88550 0.04964
vt 0.88113 0.02072
vt 0.89319 0.03877
vt 0.88550 0.04964
vt 0.86309 0.00866
vt 0.88113 0.02072
vt 0.86674 0.02273
vt 0.83470 0.01569
vt 0.84180 0.00443
vt 0.86309 0.00866
vt 0.82051 0.00866
vt 0.84180 0.00443
vt 0.83470 0.01569
vt 0.80943 0.02769
vt 0.80246 0.02072
vt 0.82051 0.00866
vt 0.79040 0.03877
vt 0.80246 0.02072
vt 0.80943 0.02769
vt 0.79776 0.05130
vt 0.78617 0.06006
vt 0.79040 0.03877
vt 0.79950 0.07758
vt 0.79040 0.08135
vt 0.78617 0.06006
vt 0.80246 0.09939
vt 0.79040 0.08135
vt 0.79950 0.07758
vt 0.82051 0.11145
vt 0.80246 0.09939
vt 0.81685 0.09739
vt 0.85056 0.10409
vt 0.84180 0.11569
vt 0.82051 0.11145
vn -0.98702 -0.00000 -0.16060
vn -0.98702 -0.00000 -0.16060
vn -0.98702 -0.00000 -0.16060
vn 0.00000 -0.00000 1.00000
vn 0.00000 -0.00000 1.00000
vn 0.00000 -0.00000 1.00000
vn 0.99999 0.00320 -0.00000
vn 0.99999 0.00320 -0.00000
vn 0.99999 0.00320 -0.00000
vn 0.00920 -0.01040 -0.99990
vn 0.00920 -0.01040 -0.99990
vn 0.00920 -0.01040 -0.99990
vn 0.00000 1.00000 -0.00000
vn 0.00000 1.00000 -0.00000
vn 0.00000 1.00000 -0.00000
vn 0.00000 -1.00000 -0.00000
vn 0.00000 -1.00000 -0.00000
vn 0.00000 -1.00000 -0.00000
vn -0.97515 0.13151 -0.17831
vn -0.97515 0.13151 -0.17831
vn -0.97515 0.13151 -0.17831
vn -0.25250 0.02380 -0.96730
vn -0.25250 0.02380 -0.96730
vn -0.25250 0.02380 -0.96730
vn -0.49900 0.86660 -0.00000
vn -0.49900 0.86660 -0.00000
vn -0.49900 0.86660 -0.00000
vn 0.03510 0.04460 -0.99839
vn 0.03510 0.04460 -0.99839
vn 0.03510 0.04460 -0.99839
vn 0.05820 0.99830 -0.00000
vn 0.05820 0.99830 -0.00000
vn 0.05820 0.99830 -0.00000
vn 0.00000 -1.00000 -0.00000
vn 0.00000 -1.00000 -0.00000
vn 0.00000 -1.00000 -0.00000
vn -0.36839 -0.92967 -0.00000
vn -0.36839 -0.92967 -0.00000
vn -0.36839 -0.92967 -0.00000
vn -0.76956 -0.63857 -0.00000
vn -0.76956 -0.63857 -0.00000
vn -0.76956 -0.63857 -0.00000
vn 0.89701 0.44201 -0.00000
vn 0.89701 0.44201 -0.00000
vn 0.89701 0.44201 -0.00000
vn -0.99550 -0.09480 -0.00000
vn -0.99550 -0.09480 -0.00000
vn -0.99550 -0.09480 -0.00000
vn 0.36741 -0.10140 0.92452
vn 0.36741 -0.10140 0.92452
vn 0.36741 -0.10140 0.92452
vn 0.89443 0.44721 -0.00000
vn 0.89443 0.44721 -0.00000
vn 0.89443 0.44721 -0.00000
vn -0.97652 0.21541 -0.00000
vn -0.97652 0.21541 -0.00000
vn -0.97652 0.21541 -0.00000
vn 0.30851 0.95122 -0.00000
vn 0.30851 0.95122 -0.00000
vn 0.30851 0.95122 -0.00000
vn -0.66439 0.74739 -0.00000
vn -0.66439 0.74739 -0.00000
vn -0.66439 0.74739 -0.00000
vn 0.00000 1.00000 -0.00000
vn 0.00000 1.00000 -0.00000
vn 0.00000 1.00000 -0.00000
vn -1.00000 -0.00000 -0.00000
vn -1.00000 -0.00000 -0.00000
vn -1.00000 -0.00000 -0.00000
vn -0.00000 0.77106 -0.63677
vn -0.00000 0.77106 -0.63677
vn -0.00000 0.77106 -0.63677
vn -0.00000 -0.77106 -0.63677
vn -0.00000 -0.77106 -0.63677
vn -0.00000 -0.77106 -0.63677
vn 0.99960 -0.00050 -0.02810
vn 0.99960 -0.00050 -0.02810
vn 0.99960 -0.00050 -0.02810
vn -0.92429 -0.00000 -0.38170
vn -0.92429 -0.00000 -0.38170
vn -0.92429 -0.00000 -0.38170
vn 0.00000 0.95306 -0.30279
vn 0.00000 0.95306 -0.30279
vn 0.00000 0.95306 -0.30279
vn -0.01350 -0.96833 -0.24931
vn -0.01350 -0.96833 -0.24931
vn -0.01350 -0.96833 -0.24931
vn 0.99977 0.00510 -0.02070
vn 0.99977 0.00510 -0.02070
vn 0.99977 0.00510 -0.02070
vn -0.70915 -0.00000 0.70505
vn -0.70915 -0.00000 0.70505
vn -0.70915 -0.00000 0.70505
vn 0.00000 0.70910 0.70510
vn 0.00000 0.70910 0.70510
vn 0.00000 0.70910 0.70510
vn 0.00000 -0.70910 0.70510
vn 0.00000 -0.70910 0.70510
vn 0.00000 -0.70910 0.70510
vn 0.99999 0.00320 0.00040
vn 0.99999 0.00320 0.00040
vn 0.99999 0.00320 0.00040
vn 0.11451 -0.07550 -0.99055
vn 0.11451 -0.07550 -0.99055
vn 0.11451 -0.07550 -0.99055
vn 0.11670 -0.10860 -0.98721
vn 0.11670 -0.10860 -0.98721
vn 0.11670 -0.10860 -0.98721
vn -0.79858 -0.33329 -0.50119
vn -0.79858 -0.33329 -0.50119
vn -0.79858 -0.33329 -0.50119
vn -0.54069 -0.79079 -0.28690
vn -0.54069 -0.79079 -0.28690
vn -0.54069 -0.79079 -0.28690
vn -0.00880 -0.97564 -0.21921
vn -0.00880 -0.97564 -0.21921
vn -0.00880 -0.97564 -0.21921
vn 0.36712 -0.91594 -0.16211
vn 0.36712 -0.91594 -0.16211
vn 0.36712 -0.91594 -0.16211
vn 0.75078 -0.66048 -0.01010
vn 0.75078 -0.66048 -0.01010
vn 0.75078 -0.66048 -0.01010
vn 0.84878 -0.46819 -0.24569
vn 0.84878 -0.46819 -0.24569
vn 0.84878 -0.46819 -0.24569
vn 0.95690 -0.22860 -0.17910
vn 0.95690 -0.22860 -0.17910
vn 0.95690 -0.22860 -0.17910
vn 0.91203 0.39781 -0.09970
vn 0.91203 0.39781 -0.09970
vn 0.91203 0.39781 -0.09970
vn 0.67111 0.73391 -0.10480
vn 0.67111 0.73391 -0.10480
vn 0.67111 0.73391 -0.10480
vn 0.29129 0.93756 -0.19009
vn 0.29129 0.93756 -0.19009
vn 0.29129 0.93756 -0.19009
vn -0.06070 0.98567 -0.15739
vn -0.06070 0.98567 -0.15739
vn -0.06070 0.98567 -0.15739
vn -0.62386 0.54376 -0.56136
vn -0.62386 0.54376 -0.56136
vn -0.62386 0.54376 -0.56136
vn -0.73634 0.03040 -0.67593
vn -0.73634 0.03040 -0.67593
vn -0.73634 0.03040 -0.67593
vn 0.14320 0.03620 -0.98903
vn 0.14320 0.03620 -0.98903
vn 0.14320 0.03620 -0.98903
vn 0.01220 0.03260 -0.99939
vn 0.01220 0.03260 -0.99939
vn 0.01220 0.03260 -0.99939
vn 0.02630 0.01260 -0.99957
vn 0.02630 0.01260 -0.99957
vn 0.02630 0.01260 -0.99957
vn 0.04650 -0.01570 -0.99879
vn 0.04650 -0.01570 -0.99879
vn 0.04650 -0.01570 -0.99879
vn 0.08510 -0.01480 -0.99626
vn 0.08510 -0.01480 -0.99626
vn 0.08510 -0.01480 -0.99626
vn 0.07850 0.01400 -0.99682
vn 0.07850 0.01400 -0.99682
vn 0.07850 0.01400 -0.99682
vn 0.11690 0.01170 -0.99308
vn 0.11690 0.01170 -0.99308
vn 0.11690 0.01170 -0.99308
vn 0.12740 0.04060 -0.99102
vn 0.12740 0.04060 -0.99102
vn 0.12740 0.04060 -0.99102
vn 0.03540 0.13070 -0.99079
vn 0.03540 0.13070 -0.99079
vn 0.03540 0.13070 -0.99079
vn 0.08620 -0.01460 -0.99617
vn 0.08620 -0.01460 -0.99617
vn 0.08620 -0.01460 -0.99617
vn 0.11410 -0.00880 -0.99343
vn 0.11410 -0.00880 -0.99343
vn 0.11410 -0.00880 -0.99343
vn 0.06850 0.03570 -0.99701
vn 0.06850 0.03570 -0.99701
vn 0.06850 0.03570 -0.99701
vn 0.06630 -0.07510 -0.99497
vn 0.06630 -0.07510 -0.99497
vn 0.06630 -0.07510 -0.99497
vn 0.04920 -0.08040 -0.99555
vn 0.04920 -0.08040 -0.99555
vn 0.04920 -0.08040 -0.99555
vn 0.84478 0.38429 -0.37239
vn 0.84478 0.38429 -0.37239
vn 0.84478 0.38429 -0.37239
vn 0.46959 0.65628 -0.59058
vn 0.46959 0.65628 -0.59058
vn 0.46959 0.65628 -0.59058
vn 0.11260 0.83789 -0.53410
vn 0.11260 0.83789 -0.53410
vn 0.11260 0.83789 -0.53410
vn -0.16441 0.78934 -0.59153
vn -0.16441 0.78934 -0.59153
vn -0.16441 0.78934 -0.59153
vn -0.46488 0.65017 -0.60097
vn -0.46488 0.65017 -0.60097
vn -0.46488 0.65017 -0.60097
vn -0.70240 0.53480 -0.46970
vn -0.70240 0.53480 -0.46970
vn -0.70240 0.53480 -0.46970
vn -0.78557 0.26849 -0.55748
vn -0.78557 0.26849 -0.55748
vn -0.78557 0.26849 -0.55748
vn -0.67239 -0.38500 -0.63219
vn -0.67239 -0.38500 -0.63219
vn -0.67239 -0.38500 -0.63219
vn -0.45249 -0.63828 -0.62278
vn -0.45249 -0.63828 -0.62278
vn -0.45249 -0.63828 -0.62278
vn -0.15450 -0.81880 -0.55290
vn -0.15450 -0.81880 -0.55290
vn -0.15450 -0.81880 -0.55290
vn 0.18470 -0.78621 -0.58971
vn 0.18470 -0.78621 -0.58971
vn 0.18470 -0.78621 -0.58971
vn 0.51189 -0.79339 -0.32940
vn 0.51189 -0.79339 -0.32940
vn 0.51189 -0.79339 -0.32940
vn 0.81636 -0.44238 -0.37128
vn 0.81636 -0.44238 -0.37128
vn 0.81636 -0.44238 -0.37128
vn 0.93238 -0.01450 -0.36119
vn 0.93238 -0.01450 -0.36119
vn 0.93238 -0.01450 -0.36119
vn -0.35870 0.11370 0.92650
vn -0.35870 0.11370 0.92650
vn -0.35870 0.11370 0.92650
vn -0.17700 0.61099 0.77159
vn -0.17700 0.61099 0.77159
vn -0.17700 0.61099 0.77159
vn 0.07650 0.94269 0.32480
vn 0.07650 0.94269 0.32480
vn 0.07650 0.94269 0.32480
vn 0.28740 0.94071 -0.18020
vn 0.28740 0.94071 -0.18020
vn 0.28740 0.94071 -0.18020
vn 0.40950 0.60920 -0.67910
vn 0.40950 0.60920 -0.67910
vn 0.40950 0.60920 -0.67910
vn 0.38669 0.11600 -0.91488
vn 0.38669 0.11600 -0.91488
vn 0.38669 0.11600 -0.91488
vn 0.21630 -0.46829 -0.85669
vn 0.21630 -0.46829 -0.85669
vn 0.21630 -0.46829 -0.85669
vn 0.00300 -0.85251 -0.52271
vn 0.00300 -0.85251 -0.52271
vn 0.00300 -0.85251 -0.52271
vn -0.26830 -0.95960 0.08470
vn -0.26830 -0.95960 0.08470
vn -0.26830 -0.95960 0.08470
vn 0.90499 -0.21670 0.36610
vn 0.90499 -0.21670 0.36610
vn 0.90499 -0.21670 0.36610
vn -0.43621 -0.52611 0.73002
vn -0.43621 -0.52611 0.73002
vn -0.43621 -0.52611 0.73002
vn 0.81353 -0.52032 0.25971
vn 0.81353 -0.52032 0.25971
vn 0.81353 -0.52032 0.25971
vn -0.20020 0.54241 0.81591
vn -0.20020 0.54241 0.81591
vn -0.20020 0.54241 0.81591
vn 0.94946 0.10810 0.29469
vn 0.94946 0.10810 0.29469
vn 0.94946 0.10810 0.29469
vn 0.92948 -0.36109 0.07530
vn 0.92948 -0.36109 0.07530
vn 0.92948 -0.36109 0.07530
vn 0.71903 -0.38072 0.58142
vn 0.71903 -0.38072 0.58142
vn 0.71903 -0.38072 0.58142
vn 0.84048 0.06370 0.53809
vn 0.84048 0.06370 0.53809
vn 0.84048 0.06370 0.53809
vn 0.98582 -0.16180 0.04450
vn 0.98582 -0.16180 0.04450
vn 0.98582 -0.16180 0.04450
vn 0.74533 -0.16861 0.64502
vn 0.74533 -0.16861 0.64502
vn 0.74533 -0.16861 0.64502
vn 0.77141 -0.51461 0.37431
vn 0.77141 -0.51461 0.37431
vn 0.77141 -0.51461 0.37431
vn 0.86876 -0.47018 0.15549
vn 0.86876 -0.47018 0.15549
vn 0.86876 -0.47018 0.15549
vn 0.72013 -0.26741 0.64023
vn 0.72013 -0.26741 0.64023
vn 0.72013 -0.26741 0.64023
vn 0.89638 0.10490 0.43069
vn 0.89638 0.10490 0.43069
vn 0.89638 0.10490 0.43069
vn 0.96275 -0.26742 0.03990
vn 0.96275 -0.26742 0.03990
vn 0.96275 -0.26742 0.03990
vn 0.78978 -0.02740 0.61278
vn 0.78978 -0.02740 0.61278
vn 0.78978 -0.02740 0.61278
vn 0.99336 -0.02930 0.11130
vn 0.99336 -0.02930 0.11130
vn 0.99336 -0.02930 0.11130
vn -0.90500 0.21700 -0.36590
vn -0.90500 0.21700 -0.36590
vn -0.90500 0.21700 -0.36590
vn 0.20020 -0.54241 -0.81591
vn 0.20020 -0.54241 -0.81591
vn 0.20020 -0.54241 -0.81591
vn -0.04130 0.81171 0.58260
vn -0.04130 0.81171 0.58260
vn -0.04130 0.81171 0.58260
vn 0.04130 -0.81171 -0.58260
vn 0.04130 -0.81171 -0.58260
vn 0.04130 -0.81171 -0.58260
vn 0.12380 0.95750 0.26050
vn 0.12380 0.95750 0.26050
vn 0.12380 0.95750 0.26050
vn -0.12380 -0.95750 -0.26050
vn -0.12380 -0.95750 -0.26050
vn -0.12380 -0.95750 -0.26050
vn 0.27019 0.95747 -0.10120
vn 0.27019 0.95747 -0.10120
vn 0.27019 0.95747 -0.10120
vn -0.27019 -0.95747 0.10120
vn -0.27019 -0.95747 0.10120
vn -0.27019 -0.95747 0.10120
vn 0.37539 0.81168 -0.44749
vn 0.37539 0.81168 -0.44749
vn 0.37539 0.81168 -0.44749
vn -0.37539 -0.81168 0.44749
vn -0.37539 -0.81168 0.44749
vn -0.37539 -0.81168 0.44749
vn 0.42341 0.54241 -0.72561
vn 0.42341 0.54241 -0.72561
vn 0.42341 0.54241 -0.72561
vn -0.42341 -0.54241 0.72561
vn -0.42341 -0.54241 0.72561
vn -0.42341 -0.54241 0.72561
vn 0.40702 0.19051 -0.89333
vn 0.40702 0.19051 -0.89333
vn 0.40702 0.19051 -0.89333
vn -0.32859 0.19049 0.92506
vn -0.32859 0.19049 0.92506
vn -0.32859 0.19049 0.92506
vn -0.40702 -0.19051 0.89333
vn -0.40702 -0.19051 0.89333
vn -0.40702 -0.19051 0.89333
vn 0.32859 -0.19049 -0.92506
vn 0.32859 -0.19049 -0.92506
vn 0.32859 -0.19049 -0.92506
vn -0.96170 0.27340 0.01960
vn -0.96170 0.27340 0.01960
vn -0.96170 0.27340 0.01960
vn -0.83548 0.54349 -0.08120
vn -0.83548 0.54349 -0.08120
vn -0.83548 0.54349 -0.08120
vn -0.78023 0.56262 -0.27331
vn -0.78023 0.56262 -0.27331
vn -0.78023 0.56262 -0.27331
vn -0.70291 0.49341 -0.51231
vn -0.70291 0.49341 -0.51231
vn -0.70291 0.49341 -0.51231
vn -0.64340 0.27740 -0.71350
vn -0.64340 0.27740 -0.71350
vn -0.64340 0.27740 -0.71350
vn -0.72719 0.09810 -0.67939
vn -0.72719 0.09810 -0.67939
vn -0.72719 0.09810 -0.67939
vn -0.68851 -0.07900 -0.72091
vn -0.68851 -0.07900 -0.72091
vn -0.68851 -0.07900 -0.72091
vn -0.83108 -0.10060 -0.54698
vn -0.83108 -0.10060 -0.54698
vn -0.83108 -0.10060 -0.54698
vn -0.85266 -0.27149 -0.44638
vn -0.85266 -0.27149 -0.44638
vn -0.85266 -0.27149 -0.44638
vn -0.93348 -0.21440 -0.28749
vn -0.93348 -0.21440 -0.28749
vn -0.93348 -0.21440 -0.28749
vn -0.98540 -0.08810 -0.14570
vn -0.98540 -0.08810 -0.14570
vn -0.98540 -0.08810 -0.14570
vn -0.99210 0.11420 0.05190
vn -0.99210 0.11420 0.05190
vn -0.99210 0.11420 0.05190
vn 0.98702 -0.00000 -0.16060
vn 0.98702 -0.00000 -0.16060
vn 0.98702 -0.00000 -0.16060
vn 0.00000 -0.00000 1.00000
vn 0.00000 -0.00000 1.00000
vn 0.00000 -0.00000 1.00000
vn -0.99999 0.00320 -0.00000
vn -0.99999 0.00320 -0.00000
vn -0.99999 0.00320 -0.00000
vn -0.00920 -0.01040 -0.99990
vn -0.00920 -0.01040 -0.99990
vn -0.00920 -0.01040 -0.99990
vn 0.00000 1.00000 -0.00000
vn 0.00000 1.00000 -0.00000
vn 0.00000 1.00000 -0.00000
vn 0.00000 -1.00000 0.00000
vn 0.00000 -1.00000 0.00000
vn 0.00000 -1.00000 0.00000
vn 0.88774 0.37642 -0.26501
vn 0.88774 0.37642 -0.26501
vn 0.88774 0.37642 -0.26501
vn 0.33030 -0.14030 -0.93339
vn 0.33030 -0.14030 -0.93339
vn 0.33030 -0.14030 -0.93339
vn 0.49900 0.86660 -0.00000
vn 0.49900 0.86660 -0.00000
vn 0.49900 0.86660 -0.00000
vn -0.05820 0.99830 -0.00000
vn -0.05820 0.99830 -0.00000
vn -0.05820 0.99830 -0.00000
vn 0.00000 -1.00000 0.00000
vn 0.00000 -1.00000 0.00000
vn 0.00000 -1.00000 0.00000
vn 0.36839 -0.92967 -0.00000
vn 0.36839 -0.92967 -0.00000
vn 0.36839 -0.92967 -0.00000
vn 0.76956 -0.63857 -0.00000
vn 0.76956 -0.63857 -0.00000
vn 0.76956 -0.63857 -0.00000
vn -0.89701 0.44201 -0.00000
vn -0.89701 0.44201 -0.00000
vn -0.89701 0.44201 -0.00000
vn 0.99550 -0.09480 -0.00000
vn 0.99550 -0.09480 -0.00000
vn 0.99550 -0.09480 -0.00000
vn -0.36741 -0.10140 0.92452
vn -0.36741 -0.10140 0.92452
vn -0.36741 -0.10140 0.92452
vn -0.89443 0.44721 -0.00000
vn -0.89443 0.44721 -0.00000
vn -0.89443 0.44721 -0.00000
vn 0.97652 0.21541 -0.00000
vn 0.97652 0.21541 -0.00000
vn 0.97652 0.21541 -0.00000
vn -0.30851 0.95122 -0.00000
vn -0.30851 0.95122 -0.00000
vn -0.30851 0.95122 -0.00000
vn 0.66439 0.74739 -0.00000
vn 0.66439 0.74739 -0.00000
vn 0.66439 0.74739 -0.00000
vn 0.00000 1.00000 -0.00000
vn 0.00000 1.00000 -0.00000
vn 0.00000 1.00000 -0.00000
vn 1.00000 -0.00000 -0.00000
vn 1.00000 -0.00000 -0.00000
vn 1.00000 -0.00000 -0.00000
vn -0.00000 0.77106 -0.63677
vn -0.00000 0.77106 -0.63677
vn -0.00000 0.77106 -0.63677
vn -0.00000 -0.77106 -0.63677
vn -0.00000 -0.77106 -0.63677
vn -0.00000 -0.77106 -0.63677
vn -0.99243 0.00320 -0.12280
vn -0.99243 0.00320 -0.12280
vn -0.99243 0.00320 -0.12280
vn 0.92429 -0.00000 -0.38170
vn 0.92429 -0.00000 -0.38170
vn 0.92429 -0.00000 -0.38170
vn 0.00000 0.95306 -0.30279
vn 0.00000 0.95306 -0.30279
vn 0.00000 0.95306 -0.30279
vn 0.00000 -0.95306 -0.30279
vn 0.00000 -0.95306 -0.30279
vn 0.00000 -0.95306 -0.30279
vn -0.99993 -0.00050 -0.01180
vn -0.99993 -0.00050 -0.01180
vn -0.99993 -0.00050 -0.01180
vn 0.70910 -0.00000 0.70510
vn 0.70910 -0.00000 0.70510
vn 0.70910 -0.00000 0.70510
vn 0.00000 0.70915 0.70505
vn 0.00000 0.70915 0.70505
vn 0.00000 0.70915 0.70505
vn 0.00000 -0.70910 0.70510
vn 0.00000 -0.70910 0.70510
vn 0.00000 -0.70910 0.70510
vn -0.99947 0.00430 -0.03230
vn -0.99947 0.00430 -0.03230
vn -0.99947 0.00430 -0.03230
vn -0.11451 -0.07550 -0.99055
vn -0.11451 -0.07550 -0.99055
vn -0.11451 -0.07550 -0.99055
vn 0.01510 -0.02140 -0.99966
vn 0.01510 -0.02140 -0.99966
vn 0.01510 -0.02140 -0.99966
vn 0.79858 -0.33329 -0.50119
vn 0.79858 -0.33329 -0.50119
vn 0.79858 -0.33329 -0.50119
vn 0.72602 -0.48631 -0.48621
vn 0.72602 -0.48631 -0.48621
vn 0.72602 -0.48631 -0.48621
vn 0.44362 -0.68202 -0.58142
vn 0.44362 -0.68202 -0.58142
vn 0.44362 -0.68202 -0.58142
vn 0.06700 -0.84821 -0.52541
vn 0.06700 -0.84821 -0.52541
vn 0.06700 -0.84821 -0.52541
vn -0.24560 -0.84748 -0.47059
vn -0.24560 -0.84748 -0.47059
vn -0.24560 -0.84748 -0.47059
vn -0.62080 -0.68900 -0.37400
vn -0.62080 -0.68900 -0.37400
vn -0.62080 -0.68900 -0.37400
vn -0.84878 -0.46819 -0.24569
vn -0.84878 -0.46819 -0.24569
vn -0.84878 -0.46819 -0.24569
vn -0.95690 -0.22860 -0.17910
vn -0.95690 -0.22860 -0.17910
vn -0.95690 -0.22860 -0.17910
vn -0.88922 0.23750 -0.39101
vn -0.88922 0.23750 -0.39101
vn -0.88922 0.23750 -0.39101
vn -0.71010 0.55350 -0.43520
vn -0.71010 0.55350 -0.43520
vn -0.71010 0.55350 -0.43520
vn -0.53520 0.69420 -0.48130
vn -0.53520 0.69420 -0.48130
vn -0.53520 0.69420 -0.48130
vn -0.19520 0.84279 -0.50160
vn -0.19520 0.84279 -0.50160
vn -0.19520 0.84279 -0.50160
vn 0.22711 0.76902 -0.59752
vn 0.22711 0.76902 -0.59752
vn 0.22711 0.76902 -0.59752
vn 0.62386 0.54376 -0.56136
vn 0.62386 0.54376 -0.56136
vn 0.62386 0.54376 -0.56136
vn 0.73634 0.03040 -0.67593
vn 0.73634 0.03040 -0.67593
vn 0.73634 0.03040 -0.67593
vn 0.06980 0.04420 -0.99658
vn 0.06980 0.04420 -0.99658
vn 0.06980 0.04420 -0.99658
vn -0.01790 -0.00980 -0.99979
vn -0.01790 -0.00980 -0.99979
vn -0.01790 -0.00980 -0.99979
vn -0.01220 0.03260 -0.99939
vn -0.01220 0.03260 -0.99939
vn -0.01220 0.03260 -0.99939
vn -0.02180 0.00460 -0.99975
vn -0.02180 0.00460 -0.99975
vn -0.02180 0.00460 -0.99975
vn -0.04880 0.00320 -0.99880
vn -0.04880 0.00320 -0.99880
vn -0.04880 0.00320 -0.99880
vn -0.07850 0.01400 -0.99682
vn -0.07850 0.01400 -0.99682
vn -0.07850 0.01400 -0.99682
vn -0.12740 0.04060 -0.99102
vn -0.12740 0.04060 -0.99102
vn -0.12740 0.04060 -0.99102
vn -0.00490 0.13140 -0.99132
vn -0.00490 0.13140 -0.99132
vn -0.00490 0.13140 -0.99132
vn -0.12470 -0.00020 -0.99219
vn -0.12470 -0.00020 -0.99219
vn -0.12470 -0.00020 -0.99219
vn -0.21449 -0.06660 -0.97445
vn -0.21449 -0.06660 -0.97445
vn -0.21449 -0.06660 -0.97445
vn -0.11410 -0.00880 -0.99343
vn -0.11410 -0.00880 -0.99343
vn -0.11410 -0.00880 -0.99343
vn -0.07270 -0.03370 -0.99678
vn -0.07270 -0.03370 -0.99678
vn -0.07270 -0.03370 -0.99678
vn -0.06630 -0.07510 -0.99497
vn -0.06630 -0.07510 -0.99497
vn -0.06630 -0.07510 -0.99497
vn -0.10680 -0.10040 -0.98920
vn -0.10680 -0.10040 -0.98920
vn -0.10680 -0.10040 -0.98920
vn -0.85488 0.37639 -0.35709
vn -0.85488 0.37639 -0.35709
vn -0.85488 0.37639 -0.35709
vn -0.47021 0.65481 -0.59171
vn -0.47021 0.65481 -0.59171
vn -0.47021 0.65481 -0.59171
vn -0.11260 0.83789 -0.53410
vn -0.11260 0.83789 -0.53410
vn -0.11260 0.83789 -0.53410
vn 0.16441 0.78934 -0.59153
vn 0.16441 0.78934 -0.59153
vn 0.16441 0.78934 -0.59153
vn 0.46488 0.65017 -0.60097
vn 0.46488 0.65017 -0.60097
vn 0.46488 0.65017 -0.60097
vn 0.68551 0.47611 -0.55081
vn 0.68551 0.47611 -0.55081
vn 0.68551 0.47611 -0.55081
vn 0.85353 0.43221 -0.29101
vn 0.85353 0.43221 -0.29101
vn 0.85353 0.43221 -0.29101
vn 0.92807 -0.00370 -0.37239
vn 0.92807 -0.00370 -0.37239
vn 0.92807 -0.00370 -0.37239
vn 0.67239 -0.38500 -0.63219
vn 0.67239 -0.38500 -0.63219
vn 0.67239 -0.38500 -0.63219
vn 0.45249 -0.63828 -0.62278
vn 0.45249 -0.63828 -0.62278
vn 0.45249 -0.63828 -0.62278
vn 0.15450 -0.81880 -0.55290
vn 0.15450 -0.81880 -0.55290
vn 0.15450 -0.81880 -0.55290
vn -0.18469 -0.78625 -0.58966
vn -0.18469 -0.78625 -0.58966
vn -0.18469 -0.78625 -0.58966
vn -0.52932 -0.70413 -0.47332
vn -0.52932 -0.70413 -0.47332
vn -0.52932 -0.70413 -0.47332
vn -0.79617 -0.40249 -0.45179
vn -0.79617 -0.40249 -0.45179
vn -0.79617 -0.40249 -0.45179
vn -0.90167 0.00550 -0.43239
vn -0.90167 0.00550 -0.43239
vn -0.90167 0.00550 -0.43239
vn 0.35870 0.11370 0.92650
vn 0.35870 0.11370 0.92650
vn 0.35870 0.11370 0.92650
vn 0.05780 0.74794 0.66124
vn 0.05780 0.74794 0.66124
vn 0.05780 0.74794 0.66124
vn -0.07650 0.94269 0.32480
vn -0.07650 0.94269 0.32480
vn -0.07650 0.94269 0.32480
vn -0.24879 0.96848 -0.01240
vn -0.24879 0.96848 -0.01240
vn -0.24879 0.96848 -0.01240
vn -0.40622 0.61003 -0.68033
vn -0.40622 0.61003 -0.68033
vn -0.40622 0.61003 -0.68033
vn -0.42109 0.20310 -0.88399
vn -0.42109 0.20310 -0.88399
vn -0.42109 0.20310 -0.88399
vn -0.22710 -0.47100 -0.85240
vn -0.22710 -0.47100 -0.85240
vn -0.22710 -0.47100 -0.85240
vn 0.28450 -0.95549 0.07810
vn 0.28450 -0.95549 0.07810
vn 0.28450 -0.95549 0.07810
vn -0.90499 -0.21670 0.36610
vn -0.90499 -0.21670 0.36610
vn -0.90499 -0.21670 0.36610
vn 0.39659 -0.66488 0.63298
vn 0.39659 -0.66488 0.63298
vn 0.39659 -0.66488 0.63298
vn 0.20020 0.54241 0.81591
vn 0.20020 0.54241 0.81591
vn 0.20020 0.54241 0.81591
vn -0.94945 0.10811 0.29472
vn -0.94945 0.10811 0.29472
vn -0.94945 0.10811 0.29472
vn -0.92948 -0.36109 0.07530
vn -0.92948 -0.36109 0.07530
vn -0.92948 -0.36109 0.07530
vn -0.72011 -0.37560 0.58341
vn -0.72011 -0.37560 0.58341
vn -0.72011 -0.37560 0.58341
vn -0.98582 -0.16180 0.04450
vn -0.98582 -0.16180 0.04450
vn -0.98582 -0.16180 0.04450
vn -0.74533 -0.16861 0.64502
vn -0.74533 -0.16861 0.64502
vn -0.74533 -0.16861 0.64502
vn -0.77141 -0.51461 0.37431
vn -0.77141 -0.51461 0.37431
vn -0.77141 -0.51461 0.37431
vn -0.85970 -0.47840 0.17900
vn -0.85970 -0.47840 0.17900
vn -0.85970 -0.47840 0.17900
vn -0.88617 0.10810 0.45058
vn -0.88617 0.10810 0.45058
vn -0.88617 0.10810 0.45058
vn -0.80109 -0.01340 0.59839
vn -0.80109 -0.01340 0.59839
vn -0.80109 -0.01340 0.59839
vn -0.99310 -0.01010 0.11680
vn -0.99310 -0.01010 0.11680
vn -0.99310 -0.01010 0.11680
vn 0.90511 0.21620 -0.36610
vn 0.90511 0.21620 -0.36610
vn 0.90511 0.21620 -0.36610
vn -0.20020 -0.54241 -0.81591
vn -0.20020 -0.54241 -0.81591
vn -0.20020 -0.54241 -0.81591
vn 0.04130 0.81171 0.58260
vn 0.04130 0.81171 0.58260
vn 0.04130 0.81171 0.58260
vn -0.04130 -0.81171 -0.58260
vn -0.04130 -0.81171 -0.58260
vn -0.04130 -0.81171 -0.58260
vn -0.12380 0.95748 0.26059
vn -0.12380 0.95748 0.26059
vn -0.12380 0.95748 0.26059
vn 0.12380 -0.95750 -0.26050
vn 0.12380 -0.95750 -0.26050
vn 0.12380 -0.95750 -0.26050
vn -0.27019 0.95747 -0.10120
vn -0.27019 0.95747 -0.10120
vn -0.27019 0.95747 -0.10120
vn 0.27019 -0.95747 0.10120
vn 0.27019 -0.95747 0.10120
vn 0.27019 -0.95747 0.10120
vn -0.37539 0.81168 -0.44749
vn -0.37539 0.81168 -0.44749
vn -0.37539 0.81168 -0.44749
vn 0.37539 -0.81168 0.44749
vn 0.37539 -0.81168 0.44749
vn 0.37539 -0.81168 0.44749
vn -0.42341 0.54241 -0.72561
vn -0.42341 0.54241 -0.72561
vn -0.42341 0.54241 -0.72561
vn 0.42341 -0.54241 0.72561
vn 0.42341 -0.54241 0.72561
vn 0.42341 -0.54241 0.72561
vn -0.40702 0.19051 -0.89333
vn -0.40702 0.19051 -0.89333
vn -0.40702 0.19051 -0.89333
vn 0.32859 0.19049 0.92506
vn 0.32859 0.19049 0.92506
vn 0.32859 0.19049 0.92506
vn 0.40702 -0.19051 0.89333
vn 0.40702 -0.19051 0.89333
vn 0.40702 -0.19051 0.89333
vn -0.32859 -0.19049 -0.92506
vn -0.32859 -0.19049 -0.92506
vn -0.32859 -0.19049 -0.92506
vn 0.91336 0.40338 -0.05520
vn 0.91336 0.40338 -0.05520
vn 0.91336 0.40338 -0.05520
vn 0.79493 0.54812 -0.26011
vn 0.79493 0.54812 -0.26011
vn 0.79493 0.54812 -0.26011
vn 0.70291 0.49351 -0.51221
vn 0.70291 0.49351 -0.51221
vn 0.70291 0.49351 -0.51221
vn 0.69211 0.28040 -0.66511
vn 0.69211 0.28040 -0.66511
vn 0.69211 0.28040 -0.66511
vn 0.75302 0.02750 -0.65742
vn 0.75302 0.02750 -0.65742
vn 0.75302 0.02750 -0.65742
vn 0.83539 -0.12140 -0.53609
vn 0.83539 -0.12140 -0.53609
vn 0.83539 -0.12140 -0.53609
vn 0.92961 -0.16550 -0.32930
vn 0.92961 -0.16550 -0.32930
vn 0.92961 -0.16550 -0.32930
vn 0.98540 -0.08830 -0.14560
vn 0.98540 -0.08830 -0.14560
vn 0.98540 -0.08830 -0.14560
vn 0.99178 0.12680 -0.01700
vn 0.99178 0.12680 -0.01700
vn 0.99178 0.12680 -0.01700
vn -0.98702 -0.00000 -0.16060
vn -0.98702 -0.00000 -0.16060
vn -0.98702 -0.00000 -0.16060
vn 0.00000 -0.00000 1.00000
vn 0.00000 -0.00000 1.00000
vn 0.00000 -0.00000 1.00000
vn 0.99999 0.00320 -0.00000
vn 0.99999 0.00320 -0.00000
vn 0.99999 0.00320 -0.00000
vn 0.00550 -0.22910 -0.97339
vn 0.00550 -0.22910 -0.97339
vn 0.00550 -0.22910 -0.97339
vn 0.01420 -0.24780 -0.96871
vn 0.01420 -0.24780 -0.96871
vn 0.01420 -0.24780 -0.96871
vn -0.11840 0.03030 -0.99250
vn -0.11840 0.03030 -0.99250
vn -0.11840 0.03030 -0.99250
vn -0.05240 0.25369 -0.96587
vn -0.05240 0.25369 -0.96587
vn -0.05240 0.25369 -0.96587
vn 0.02490 -0.01360 -0.99960
vn 0.02490 -0.01360 -0.99960
vn 0.02490 -0.01360 -0.99960
vn 0.04890 0.02350 -0.99853
vn 0.04890 0.02350 -0.99853
vn 0.04890 0.02350 -0.99853
vn 0.00000 -0.00000 -1.00000
vn 0.00000 -0.00000 -1.00000
vn 0.00000 -0.00000 -1.00000
vn 0.01480 -0.00860 -0.99985
vn 0.01480 -0.00860 -0.99985
vn 0.01480 -0.00860 -0.99985
vn 0.02660 -0.00740 -0.99962
vn 0.02660 -0.00740 -0.99962
vn 0.02660 -0.00740 -0.99962
vn 0.01840 0.04640 -0.99875
vn 0.01840 0.04640 -0.99875
vn 0.01840 0.04640 -0.99875
vn 0.03110 0.02580 -0.99918
vn 0.03110 0.02580 -0.99918
vn 0.03110 0.02580 -0.99918
vn 0.00000 -0.00000 -1.00000
vn 0.00000 -0.00000 -1.00000
vn 0.00000 -0.00000 -1.00000
vn 0.00000 -0.00000 -1.00000
vn 0.00000 -0.00000 -1.00000
vn 0.00000 -0.00000 -1.00000
vn 0.05780 0.00550 -0.99831
vn 0.05780 0.00550 -0.99831
vn 0.05780 0.00550 -0.99831
vn 0.05970 -0.00000 -0.99822
vn 0.05970 -0.00000 -0.99822
vn 0.05970 -0.00000 -0.99822
vn 0.12630 -0.02790 -0.99160
vn 0.12630 -0.02790 -0.99160
vn 0.12630 -0.02790 -0.99160
vn 0.00000 1.00000 -0.00000
vn 0.00000 1.00000 -0.00000
vn 0.00000 1.00000 -0.00000
vn -0.00000 -1.00000 0.00000
vn -0.00000 -1.00000 0.00000
vn -0.00000 -1.00000 0.00000
vn -0.77512 -0.38191 -0.50332
vn -0.77512 -0.38191 -0.50332
vn -0.77512 -0.38191 -0.50332
vn -0.86872 -0.19500 -0.45531
vn -0.86872 -0.19500 -0.45531
vn -0.86872 -0.19500 -0.45531
vn -0.86817 -0.36869 -0.33219
vn -0.86817 -0.36869 -0.33219
vn -0.86817 -0.36869 -0.33219
vn -0.96155 0.03720 -0.27211
vn -0.96155 0.03720 -0.27211
vn -0.96155 0.03720 -0.27211
vn -0.89410 0.21930 -0.39050
vn -0.89410 0.21930 -0.39050
vn -0.89410 0.21930 -0.39050
vn -0.88774 0.37642 -0.26501
vn -0.88774 0.37642 -0.26501
vn -0.88774 0.37642 -0.26501
vn -0.95592 0.05140 -0.28910
vn -0.95592 0.05140 -0.28910
vn -0.95592 0.05140 -0.28910
vn 0.00000 -0.00000 -1.00000
vn 0.00000 -0.00000 -1.00000
vn 0.00000 -0.00000 -1.00000
vn -0.34398 -0.54537 -0.76436
vn -0.34398 -0.54537 -0.76436
vn -0.34398 -0.54537 -0.76436
vn -0.39808 -0.37038 -0.83926
vn -0.39808 -0.37038 -0.83926
vn -0.39808 -0.37038 -0.83926
vn -0.50474 -0.55234 -0.66345
vn -0.50474 -0.55234 -0.66345
vn -0.50474 -0.55234 -0.66345
vn -0.00990 0.02030 -0.99974
vn -0.00990 0.02030 -0.99974
vn -0.00990 0.02030 -0.99974
vn -0.15540 0.87199 -0.46420
vn -0.15540 0.87199 -0.46420
vn -0.15540 0.87199 -0.46420
vn -0.73719 0.67389 -0.04910
vn -0.73719 0.67389 -0.04910
vn -0.73719 0.67389 -0.04910
vn -0.98168 -0.07650 -0.17450
vn -0.98168 -0.07650 -0.17450
vn -0.98168 -0.07650 -0.17450
vn -0.57353 -0.49773 -0.65064
vn -0.57353 -0.49773 -0.65064
vn -0.57353 -0.49773 -0.65064
vn -0.36861 0.77012 -0.52061
vn -0.36861 0.77012 -0.52061
vn -0.36861 0.77012 -0.52061
vn -0.20181 -0.00000 -0.97943
vn -0.20181 -0.00000 -0.97943
vn -0.20181 -0.00000 -0.97943
vn -0.29530 -0.05180 -0.95400
vn -0.29530 -0.05180 -0.95400
vn -0.29530 -0.05180 -0.95400
vn -0.25161 0.03390 -0.96724
vn -0.25161 0.03390 -0.96724
vn -0.25161 0.03390 -0.96724
vn -0.33030 -0.14030 -0.93339
vn -0.33030 -0.14030 -0.93339
vn -0.33030 -0.14030 -0.93339
vn -0.22630 -0.01760 -0.97390
vn -0.22630 -0.01760 -0.97390
vn -0.22630 -0.01760 -0.97390
vn -0.26269 0.04620 -0.96377
vn -0.26269 0.04620 -0.96377
vn -0.26269 0.04620 -0.96377
vn -0.49900 0.86660 -0.00000
vn -0.49900 0.86660 -0.00000
vn -0.49900 0.86660 -0.00000
vn -0.00770 0.20921 -0.97784
vn -0.00770 0.20921 -0.97784
vn -0.00770 0.20921 -0.97784
vn -0.02490 0.18150 -0.98308
vn -0.02490 0.18150 -0.98308
vn -0.02490 0.18150 -0.98308
vn -0.01420 0.20739 -0.97816
vn -0.01420 0.20739 -0.97816
vn -0.01420 0.20739 -0.97816
vn 0.01940 0.04900 -0.99861
vn 0.01940 0.04900 -0.99861
vn 0.01940 0.04900 -0.99861
vn 0.04010 0.03330 -0.99864
vn 0.04010 0.03330 -0.99864
vn 0.04010 0.03330 -0.99864
vn 0.04050 0.01230 -0.99910
vn 0.04050 0.01230 -0.99910
vn 0.04050 0.01230 -0.99910
vn 0.04610 0.00440 -0.99893
vn 0.04610 0.00440 -0.99893
vn 0.04610 0.00440 -0.99893
vn -0.00770 -0.08530 -0.99633
vn -0.00770 -0.08530 -0.99633
vn -0.00770 -0.08530 -0.99633
vn 0.12970 -0.02500 -0.99124
vn 0.12970 -0.02500 -0.99124
vn 0.12970 -0.02500 -0.99124
vn -0.04070 0.29549 -0.95448
vn -0.04070 0.29549 -0.95448
vn -0.04070 0.29549 -0.95448
vn 0.07460 0.14879 -0.98605
vn 0.07460 0.14879 -0.98605
vn 0.07460 0.14879 -0.98605
vn -0.01690 0.20379 -0.97887
vn -0.01690 0.20379 -0.97887
vn -0.01690 0.20379 -0.97887
vn 0.02160 0.04190 -0.99889
vn 0.02160 0.04190 -0.99889
vn 0.02160 0.04190 -0.99889
vn 0.17540 -0.13860 -0.97469
vn 0.17540 -0.13860 -0.97469
vn 0.17540 -0.13860 -0.97469
vn 0.05820 0.99830 -0.00000
vn 0.05820 0.99830 -0.00000
vn 0.05820 0.99830 -0.00000
vn -0.00000 -1.00000 0.00000
vn -0.00000 -1.00000 0.00000
vn -0.00000 -1.00000 0.00000
vn -0.36839 -0.92967 -0.00000
vn -0.36839 -0.92967 -0.00000
vn -0.36839 -0.92967 -0.00000
vn -0.76956 -0.63857 -0.00000
vn -0.76956 -0.63857 -0.00000
vn -0.76956 -0.63857 -0.00000
vn 0.89701 0.44201 -0.00000
vn 0.89701 0.44201 -0.00000
vn 0.89701 0.44201 -0.00000
vn -0.99550 -0.09480 -0.00000
vn -0.99550 -0.09480 -0.00000
vn -0.99550 -0.09480 -0.00000
vn 1.00000 0.00130 -0.00000
vn 1.00000 0.00130 -0.00000
vn 1.00000 0.00130 -0.00000
vn 0.89443 0.44721 -0.00000
vn 0.89443 0.44721 -0.00000
vn 0.89443 0.44721 -0.00000
vn -0.97652 0.21541 -0.00000
vn -0.97652 0.21541 -0.00000
vn -0.97652 0.21541 -0.00000
vn 0.30851 0.95122 -0.00000
vn 0.30851 0.95122 -0.00000
vn 0.30851 0.95122 -0.00000
vn -0.66439 0.74739 -0.00000
vn -0.66439 0.74739 -0.00000
vn -0.66439 0.74739 -0.00000
vn 0.00000 1.00000 -0.00010
vn 0.00000 1.00000 -0.00010
vn 0.00000 1.00000 -0.00010
vn -1.00000 -0.00000 -0.00000
vn -1.00000 -0.00000 -0.00000
vn -1.00000 -0.00000 -0.00000
vn -0.00000 0.77106 -0.63677
vn -0.00000 0.77106 -0.63677
vn -0.00000 0.77106 -0.63677
vn -0.00000 -0.77106 -0.63677
vn -0.00000 -0.77106 -0.63677
vn -0.00000 -0.77106 -0.63677
vn 0.99243 0.00320 -0.12280
vn 0.99243 0.00320 -0.12280
vn 0.99243 0.00320 -0.12280
vn -0.92429 -0.00000 -0.38170
vn -0.92429 -0.00000 -0.38170
vn -0.92429 -0.00000 -0.38170
vn 0.00170 0.95087 -0.30959
vn 0.00170 0.95087 -0.30959
vn 0.00170 0.95087 -0.30959
vn 0.00000 -0.95306 -0.30279
vn 0.00000 -0.95306 -0.30279
vn 0.00000 -0.95306 -0.30279
vn 0.99993 -0.00050 -0.01180
vn 0.99993 -0.00050 -0.01180
vn 0.99993 -0.00050 -0.01180
vn 0.99974 -0.01970 -0.01170
vn 0.99974 -0.01970 -0.01170
vn 0.99974 -0.01970 -0.01170
vn 0.99981 0.01310 0.01460
vn 0.99981 0.01310 0.01460
vn 0.99981 0.01310 0.01460
vn 0.99999 -0.00200 -0.00270
vn 0.99999 -0.00200 -0.00270
vn 0.99999 -0.00200 -0.00270
vn 1.00000 -0.00000 -0.00000
vn 1.00000 -0.00000 -0.00000
vn 1.00000 -0.00000 -0.00000
vn 0.99956 -0.02960 0.00090
vn 0.99956 -0.02960 0.00090
vn 0.99956 -0.02960 0.00090
vn -0.70915 -0.00000 0.70505
vn -0.70915 -0.00000 0.70505
vn -0.70915 -0.00000 0.70505
vn 0.00000 0.70915 0.70505
vn 0.00000 0.70915 0.70505
vn 0.00000 0.70915 0.70505
vn 0.00000 -0.70910 0.70510
vn 0.00000 -0.70910 0.70510
vn 0.00000 -0.70910 0.70510
vn 0.99947 0.00430 -0.03230
vn 0.99947 0.00430 -0.03230
vn 0.99947 0.00430 -0.03230
vn 0.19550 0.13700 -0.97109
vn 0.19550 0.13700 -0.97109
vn 0.19550 0.13700 -0.97109
vn -0.01130 -0.19320 -0.98109
vn -0.01130 -0.19320 -0.98109
vn -0.01130 -0.19320 -0.98109
vn 0.18960 -0.32960 -0.92489
vn 0.18960 -0.32960 -0.92489
vn 0.18960 -0.32960 -0.92489
vn -0.04170 -0.09460 -0.99464
vn -0.04170 -0.09460 -0.99464
vn -0.04170 -0.09460 -0.99464
vn 0.05520 -0.09590 -0.99386
vn 0.05520 -0.09590 -0.99386
vn 0.05520 -0.09590 -0.99386
vn -0.03570 0.00790 -0.99933
vn -0.03570 0.00790 -0.99933
vn -0.03570 0.00790 -0.99933
vn -0.00550 -0.05110 -0.99868
vn -0.00550 -0.05110 -0.99868
vn -0.00550 -0.05110 -0.99868
vn 0.37909 0.06920 -0.92277
vn 0.37909 0.06920 -0.92277
vn 0.37909 0.06920 -0.92277
vn -0.02410 0.02000 -0.99951
vn -0.02410 0.02000 -0.99951
vn -0.02410 0.02000 -0.99951
vn 0.33081 0.18730 -0.92492
vn 0.33081 0.18730 -0.92492
vn 0.33081 0.18730 -0.92492
vn 0.09120 -0.04200 -0.99495
vn 0.09120 -0.04200 -0.99495
vn 0.09120 -0.04200 -0.99495
vn 0.06760 -0.28559 -0.95597
vn 0.06760 -0.28559 -0.95597
vn 0.06760 -0.28559 -0.95597
vn 0.11749 -0.10919 -0.98705
vn 0.11749 -0.10919 -0.98705
vn 0.11749 -0.10919 -0.98705
vn 0.12010 -0.11020 -0.98663
vn 0.12010 -0.11020 -0.98663
vn 0.12010 -0.11020 -0.98663
vn -0.01420 -0.02100 -0.99968
vn -0.01420 -0.02100 -0.99968
vn -0.01420 -0.02100 -0.99968
vn 0.23270 0.10560 -0.96680
vn 0.23270 0.10560 -0.96680
vn 0.23270 0.10560 -0.96680
vn 0.29160 0.12460 -0.94839
vn 0.29160 0.12460 -0.94839
vn 0.29160 0.12460 -0.94839
vn 0.56371 0.14630 -0.81291
vn 0.56371 0.14630 -0.81291
vn 0.56371 0.14630 -0.81291
vn 0.92222 -0.01060 -0.38651
vn 0.92222 -0.01060 -0.38651
vn 0.92222 -0.01060 -0.38651
vn 0.09030 0.01950 -0.99572
vn 0.09030 0.01950 -0.99572
vn 0.09030 0.01950 -0.99572
vn -0.00600 0.08960 -0.99596
vn -0.00600 0.08960 -0.99596
vn -0.00600 0.08960 -0.99596
vn 0.00270 0.12000 -0.99277
vn 0.00270 0.12000 -0.99277
vn 0.00270 0.12000 -0.99277
vn 0.03060 0.17450 -0.98418
vn 0.03060 0.17450 -0.98418
vn 0.03060 0.17450 -0.98418
vn 0.07830 -0.07570 -0.99405
vn 0.07830 -0.07570 -0.99405
vn 0.07830 -0.07570 -0.99405
vn -0.84080 -0.42860 -0.33070
vn -0.84080 -0.42860 -0.33070
vn -0.84080 -0.42860 -0.33070
vn -0.72602 -0.48631 -0.48621
vn -0.72602 -0.48631 -0.48621
vn -0.72602 -0.48631 -0.48621
vn -0.49948 -0.76767 -0.40149
vn -0.49948 -0.76767 -0.40149
vn -0.49948 -0.76767 -0.40149
vn -0.06990 -0.86937 -0.48919
vn -0.06990 -0.86937 -0.48919
vn -0.06990 -0.86937 -0.48919
vn 0.24560 -0.84748 -0.47059
vn 0.24560 -0.84748 -0.47059
vn 0.24560 -0.84748 -0.47059
vn 0.62080 -0.68900 -0.37400
vn 0.62080 -0.68900 -0.37400
vn 0.62080 -0.68900 -0.37400
vn 0.95574 -0.24671 -0.16031
vn 0.95574 -0.24671 -0.16031
vn 0.95574 -0.24671 -0.16031
vn 0.99827 0.00690 -0.05840
vn 0.99827 0.00690 -0.05840
vn 0.99827 0.00690 -0.05840
vn 0.88922 0.23750 -0.39101
vn 0.88922 0.23750 -0.39101
vn 0.88922 0.23750 -0.39101
vn 0.71014 0.55343 -0.43522
vn 0.71014 0.55343 -0.43522
vn 0.71014 0.55343 -0.43522
vn 0.53520 0.69420 -0.48130
vn 0.53520 0.69420 -0.48130
vn 0.53520 0.69420 -0.48130
vn 0.19520 0.84279 -0.50160
vn 0.19520 0.84279 -0.50160
vn 0.19520 0.84279 -0.50160
vn -0.22711 0.76902 -0.59752
vn -0.22711 0.76902 -0.59752
vn -0.22711 0.76902 -0.59752
vn -0.43778 0.86837 -0.23299
vn -0.43778 0.86837 -0.23299
vn -0.43778 0.86837 -0.23299
vn -0.70031 0.56591 -0.43511
vn -0.70031 0.56591 -0.43511
vn -0.70031 0.56591 -0.43511
vn -0.91959 0.19530 -0.34090
vn -0.91959 0.19530 -0.34090
vn -0.91959 0.19530 -0.34090
vn -0.94747 -0.12070 -0.29619
vn -0.94747 -0.12070 -0.29619
vn -0.94747 -0.12070 -0.29619
vn -0.06980 0.04420 -0.99658
vn -0.06980 0.04420 -0.99658
vn -0.06980 0.04420 -0.99658
vn -0.04800 -0.01150 -0.99878
vn -0.04800 -0.01150 -0.99878
vn -0.04800 -0.01150 -0.99878
vn 0.01790 -0.00980 -0.99979
vn 0.01790 -0.00980 -0.99979
vn 0.01790 -0.00980 -0.99979
vn 0.03160 0.04750 -0.99837
vn 0.03160 0.04750 -0.99837
vn 0.03160 0.04750 -0.99837
vn 0.02180 0.00460 -0.99975
vn 0.02180 0.00460 -0.99975
vn 0.02180 0.00460 -0.99975
vn 0.04880 0.00320 -0.99880
vn 0.04880 0.00320 -0.99880
vn 0.04880 0.00320 -0.99880
vn 0.06240 0.03100 -0.99757
vn 0.06240 0.03100 -0.99757
vn 0.06240 0.03100 -0.99757
vn 0.00490 0.13140 -0.99132
vn 0.00490 0.13140 -0.99132
vn 0.00490 0.13140 -0.99132
vn 0.12470 -0.00020 -0.99219
vn 0.12470 -0.00020 -0.99219
vn 0.12470 -0.00020 -0.99219
vn 0.16820 -0.10160 -0.98050
vn 0.16820 -0.10160 -0.98050
vn 0.16820 -0.10160 -0.98050
vn 0.21449 -0.06660 -0.97445
vn 0.21449 -0.06660 -0.97445
vn 0.21449 -0.06660 -0.97445
vn 0.14290 0.04910 -0.98852
vn 0.14290 0.04910 -0.98852
vn 0.14290 0.04910 -0.98852
vn 0.07270 -0.03370 -0.99678
vn 0.07270 -0.03370 -0.99678
vn 0.07270 -0.03370 -0.99678
vn 0.02790 -0.01690 -0.99947
vn 0.02790 -0.01690 -0.99947
vn 0.02790 -0.01690 -0.99947
vn 0.10680 -0.10040 -0.98920
vn 0.10680 -0.10040 -0.98920
vn 0.10680 -0.10040 -0.98920
vn 0.84861 0.38130 -0.36670
vn 0.84861 0.38130 -0.36670
vn 0.84861 0.38130 -0.36670
vn 0.68741 0.65271 -0.31850
vn 0.68741 0.65271 -0.31850
vn 0.68741 0.65271 -0.31850
vn 0.33239 0.88127 -0.33599
vn 0.33239 0.88127 -0.33599
vn 0.33239 0.88127 -0.33599
vn 0.01450 0.91349 -0.40660
vn 0.01450 0.91349 -0.40660
vn 0.01450 0.91349 -0.40660
vn -0.41451 0.84083 -0.34811
vn -0.41451 0.84083 -0.34811
vn -0.41451 0.84083 -0.34811
vn -0.68551 0.47611 -0.55081
vn -0.68551 0.47611 -0.55081
vn -0.68551 0.47611 -0.55081
vn -0.85350 0.43220 -0.29110
vn -0.85350 0.43220 -0.29110
vn -0.85350 0.43220 -0.29110
vn -0.92807 -0.00370 -0.37239
vn -0.92807 -0.00370 -0.37239
vn -0.92807 -0.00370 -0.37239
vn -0.96291 -0.16130 -0.21630
vn -0.96291 -0.16130 -0.21630
vn -0.96291 -0.16130 -0.21630
vn -0.65692 -0.61862 -0.43101
vn -0.65692 -0.61862 -0.43101
vn -0.65692 -0.61862 -0.43101
vn -0.30231 -0.85352 -0.42441
vn -0.30231 -0.85352 -0.42441
vn -0.30231 -0.85352 -0.42441
vn 0.02920 -0.94209 -0.33410
vn 0.02920 -0.94209 -0.33410
vn 0.02920 -0.94209 -0.33410
vn 0.52932 -0.70413 -0.47332
vn 0.52932 -0.70413 -0.47332
vn 0.52932 -0.70413 -0.47332
vn 0.79621 -0.40240 -0.45180
vn 0.79621 -0.40240 -0.45180
vn 0.79621 -0.40240 -0.45180
vn 0.90167 0.00550 -0.43239
vn 0.90167 0.00550 -0.43239
vn 0.90167 0.00550 -0.43239
vn -0.05780 0.74794 0.66124
vn -0.05780 0.74794 0.66124
vn -0.05780 0.74794 0.66124
vn 0.24879 0.96848 -0.01240
vn 0.24879 0.96848 -0.01240
vn 0.24879 0.96848 -0.01240
vn 0.41788 0.71416 -0.56157
vn 0.41788 0.71416 -0.56157
vn 0.41788 0.71416 -0.56157
vn 0.37890 -0.10110 -0.91990
vn 0.37890 -0.10110 -0.91990
vn 0.37890 -0.10110 -0.91990
vn 0.06640 -0.80022 -0.59602
vn 0.06640 -0.80022 -0.59602
vn 0.06640 -0.80022 -0.59602
vn -0.27200 -0.95509 0.11760
vn -0.27200 -0.95509 0.11760
vn -0.27200 -0.95509 0.11760
vn 0.90499 -0.21670 0.36610
vn 0.90499 -0.21670 0.36610
vn 0.90499 -0.21670 0.36610
vn 0.90499 -0.21670 0.36610
vn 0.90499 -0.21670 0.36610
vn 0.90499 -0.21670 0.36610
vn 0.90499 -0.21670 0.36610
vn 0.90499 -0.21670 0.36610
vn 0.90499 -0.21670 0.36610
vn 0.90499 -0.21670 0.36610
vn 0.90499 -0.21670 0.36610
vn 0.90499 -0.21670 0.36610
vn 0.90499 -0.21670 0.36610
vn 0.90499 -0.21670 0.36610
vn 0.90499 -0.21670 0.36610
vn -0.41511 -0.60762 0.67712
vn -0.41511 -0.60762 0.67712
vn -0.41511 -0.60762 0.67712
vn -0.36679 -0.04400 0.92926
vn -0.36679 -0.04400 0.92926
vn -0.36679 -0.04400 0.92926
vn -0.20020 0.54241 0.81591
vn -0.20020 0.54241 0.81591
vn -0.20020 0.54241 0.81591
vn 0.94371 0.10520 0.31360
vn 0.94371 0.10520 0.31360
vn 0.94371 0.10520 0.31360
vn 0.92072 -0.38211 0.07920
vn 0.92072 -0.38211 0.07920
vn 0.92072 -0.38211 0.07920
vn 0.72011 -0.37560 0.58341
vn 0.72011 -0.37560 0.58341
vn 0.72011 -0.37560 0.58341
vn 0.98800 -0.14340 0.05730
vn 0.98800 -0.14340 0.05730
vn 0.98800 -0.14340 0.05730
vn 0.74778 -0.14250 0.64848
vn 0.74778 -0.14250 0.64848
vn 0.74778 -0.14250 0.64848
vn 0.76868 -0.51519 0.37909
vn 0.76868 -0.51519 0.37909
vn 0.76868 -0.51519 0.37909
vn 0.97822 0.06420 0.19740
vn 0.97822 0.06420 0.19740
vn 0.97822 0.06420 0.19740
vn 0.85970 -0.47840 0.17900
vn 0.85970 -0.47840 0.17900
vn 0.85970 -0.47840 0.17900
vn 0.88617 0.10810 0.45058
vn 0.88617 0.10810 0.45058
vn 0.88617 0.10810 0.45058
vn 0.72969 -0.47319 0.49359
vn 0.72969 -0.47319 0.49359
vn 0.72969 -0.47319 0.49359
vn 0.80109 -0.01340 0.59839
vn 0.80109 -0.01340 0.59839
vn 0.80109 -0.01340 0.59839
vn 0.99310 -0.01010 0.11680
vn 0.99310 -0.01010 0.11680
vn 0.99310 -0.01010 0.11680
vn -0.90513 0.21711 -0.36551
vn -0.90513 0.21711 -0.36551
vn -0.90513 0.21711 -0.36551
vn -0.90375 0.21339 -0.37108
vn -0.90375 0.21339 -0.37108
vn -0.90375 0.21339 -0.37108
vn -0.90591 0.21420 -0.36530
vn -0.90591 0.21420 -0.36530
vn -0.90591 0.21420 -0.36530
vn -0.90377 0.21689 -0.36899
vn -0.90377 0.21689 -0.36899
vn -0.90377 0.21689 -0.36899
vn -0.90596 0.21419 -0.36518
vn -0.90596 0.21419 -0.36518
vn -0.90596 0.21419 -0.36518
vn -0.90502 0.21691 -0.36591
vn -0.90502 0.21691 -0.36591
vn -0.90502 0.21691 -0.36591
vn -0.90508 0.21669 -0.36589
vn -0.90508 0.21669 -0.36589
vn -0.90508 0.21669 -0.36589
vn 0.20020 -0.54241 -0.81591
vn 0.20020 -0.54241 -0.81591
vn 0.20020 -0.54241 -0.81591
vn -0.04130 0.81171 0.58260
vn -0.04130 0.81171 0.58260
vn -0.04130 0.81171 0.58260
vn 0.04130 -0.81171 -0.58260
vn 0.04130 -0.81171 -0.58260
vn 0.04130 -0.81171 -0.58260
vn 0.12380 0.95748 0.26059
vn 0.12380 0.95748 0.26059
vn 0.12380 0.95748 0.26059
vn -0.12380 -0.95750 -0.26050
vn -0.12380 -0.95750 -0.26050
vn -0.12380 -0.95750 -0.26050
vn 0.27019 0.95747 -0.10120
vn 0.27019 0.95747 -0.10120
vn 0.27019 0.95747 -0.10120
vn -0.27019 -0.95747 0.10120
vn -0.27019 -0.95747 0.10120
vn -0.27019 -0.95747 0.10120
vn 0.37539 0.81168 -0.44749
vn 0.37539 0.81168 -0.44749
vn 0.37539 0.81168 -0.44749
vn -0.37539 -0.81168 0.44749
vn -0.37539 -0.81168 0.44749
vn -0.37539 -0.81168 0.44749
vn 0.42341 0.54241 -0.72561
vn 0.42341 0.54241 -0.72561
vn 0.42341 0.54241 -0.72561
vn -0.42341 -0.54241 0.72561
vn -0.42341 -0.54241 0.72561
vn -0.42341 -0.54241 0.72561
vn 0.40702 0.19051 -0.89333
vn 0.40702 0.19051 -0.89333
vn 0.40702 0.19051 -0.89333
vn -0.32859 0.19049 0.92506
vn -0.32859 0.19049 0.92506
vn -0.32859 0.19049 0.92506
vn -0.40702 -0.19051 0.89333
vn -0.40702 -0.19051 0.89333
vn -0.40702 -0.19051 0.89333
vn 0.32859 -0.19049 -0.92506
vn 0.32859 -0.19049 -0.92506
vn 0.32859 -0.19049 -0.92506
vn -0.95191 0.29890 0.06720
vn -0.95191 0.29890 0.06720
vn -0.95191 0.29890 0.06720
vn -0.88614 0.45582 0.08350
vn -0.88614 0.45582 0.08350
vn -0.88614 0.45582 0.08350
vn -0.86944 0.48397 -0.09919
vn -0.86944 0.48397 -0.09919
vn -0.86944 0.48397 -0.09919
vn -0.76468 0.60598 -0.21919
vn -0.76468 0.60598 -0.21919
vn -0.76468 0.60598 -0.21919
vn -0.65411 0.66061 -0.36841
vn -0.65411 0.66061 -0.36841
vn -0.65411 0.66061 -0.36841
vn -0.68988 0.51329 -0.51049
vn -0.68988 0.51329 -0.51049
vn -0.68988 0.51329 -0.51049
vn -0.58889 0.45129 -0.67048
vn -0.58889 0.45129 -0.67048
vn -0.58889 0.45129 -0.67048
vn -0.68112 0.30171 -0.66712
vn -0.68112 0.30171 -0.66712
vn -0.68112 0.30171 -0.66712
vn -0.67698 0.11420 -0.72708
vn -0.67698 0.11420 -0.72708
vn -0.67698 0.11420 -0.72708
vn -0.81891 -0.11340 -0.56261
vn -0.81891 -0.11340 -0.56261
vn -0.81891 -0.11340 -0.56261
vn -0.92961 -0.16550 -0.32930
vn -0.92961 -0.16550 -0.32930
vn -0.92961 -0.16550 -0.32930
vn -0.97856 -0.15191 -0.13911
vn -0.97856 -0.15191 -0.13911
vn -0.97856 -0.15191 -0.13911
vn -0.99701 -0.07160 0.02900
vn -0.99701 -0.07160 0.02900
vn -0.99701 -0.07160 0.02900
vn -0.99497 0.09960 -0.01090
vn -0.99497 0.09960 -0.01090
vn -0.99497 0.09960 -0.01090
vn 0.98702 -0.00000 -0.16060
vn 0.98702 -0.00000 -0.16060
vn 0.98702 -0.00000 -0.16060
vn 0.00000 -0.00000 1.00000
vn 0.00000 -0.00000 1.00000
vn 0.00000 -0.00000 1.00000
vn -0.99999 0.00320 -0.00000
vn -0.99999 0.00320 -0.00000
vn -0.99999 0.00320 -0.00000
vn -0.01420 -0.24780 -0.96871
vn -0.01420 -0.24780 -0.96871
vn -0.01420 -0.24780 -0.96871
vn -0.00550 -0.22910 -0.97339
vn -0.00550 -0.22910 -0.97339
vn -0.00550 -0.22910 -0.97339
vn 0.05240 0.25369 -0.96587
vn 0.05240 0.25369 -0.96587
vn 0.05240 0.25369 -0.96587
vn 0.11840 0.03030 -0.99250
vn 0.11840 0.03030 -0.99250
vn 0.11840 0.03030 -0.99250
vn -0.02490 -0.01360 -0.99960
vn -0.02490 -0.01360 -0.99960
vn -0.02490 -0.01360 -0.99960
vn -0.01840 0.04640 -0.99875
vn -0.01840 0.04640 -0.99875
vn -0.01840 0.04640 -0.99875
vn -0.03110 0.02580 -0.99918
vn -0.03110 0.02580 -0.99918
vn -0.03110 0.02580 -0.99918
vn -0.02660 -0.00740 -0.99962
vn -0.02660 -0.00740 -0.99962
vn -0.02660 -0.00740 -0.99962
vn 0.00000 -0.00000 -1.00000
vn 0.00000 -0.00000 -1.00000
vn 0.00000 -0.00000 -1.00000
vn -0.04890 0.02350 -0.99853
vn -0.04890 0.02350 -0.99853
vn -0.04890 0.02350 -0.99853
vn 0.00000 -0.00000 -1.00000
vn 0.00000 -0.00000 -1.00000
vn 0.00000 -0.00000 -1.00000
vn 0.00000 -0.00000 -1.00000
vn 0.00000 -0.00000 -1.00000
vn 0.00000 -0.00000 -1.00000
vn -0.01480 -0.00860 -0.99985
vn -0.01480 -0.00860 -0.99985
vn -0.01480 -0.00860 -0.99985
vn -0.05970 -0.00000 -0.99822
vn -0.05970 -0.00000 -0.99822
vn -0.05970 -0.00000 -0.99822
vn -0.05780 0.00550 -0.99831
vn -0.05780 0.00550 -0.99831
vn -0.05780 0.00550 -0.99831
vn -0.12630 -0.02790 -0.99160
vn -0.12630 -0.02790 -0.99160
vn -0.12630 -0.02790 -0.99160
vn 0.00000 1.00000 -0.00000
vn 0.00000 1.00000 -0.00000
vn 0.00000 1.00000 -0.00000
vn 0.00000 -1.00000 0.00000
vn 0.00000 -1.00000 0.00000
vn 0.00000 -1.00000 0.00000
vn 0.86872 -0.19500 -0.45531
vn 0.86872 -0.19500 -0.45531
vn 0.86872 -0.19500 -0.45531
vn 0.77512 -0.38191 -0.50332
vn 0.77512 -0.38191 -0.50332
vn 0.77512 -0.38191 -0.50332
vn 0.00000 -0.00000 -1.00000
vn 0.00000 -0.00000 -1.00000
vn 0.00000 -0.00000 -1.00000
vn 0.39808 -0.37038 -0.83926
vn 0.39808 -0.37038 -0.83926
vn 0.39808 -0.37038 -0.83926
vn 0.34398 -0.54537 -0.76436
vn 0.34398 -0.54537 -0.76436
vn 0.34398 -0.54537 -0.76436
vn 0.50474 -0.55234 -0.66345
vn 0.50474 -0.55234 -0.66345
vn 0.50474 -0.55234 -0.66345
vn 0.57353 -0.49773 -0.65064
vn 0.57353 -0.49773 -0.65064
vn 0.57353 -0.49773 -0.65064
vn 0.89410 0.21930 -0.39050
vn 0.89410 0.21930 -0.39050
vn 0.89410 0.21930 -0.39050
vn 0.96155 0.03720 -0.27211
vn 0.96155 0.03720 -0.27211
vn 0.96155 0.03720 -0.27211
vn 0.97515 0.13151 -0.17831
vn 0.97515 0.13151 -0.17831
vn 0.97515 0.13151 -0.17831
vn 0.95592 0.05140 -0.28910
vn 0.95592 0.05140 -0.28910
vn 0.95592 0.05140 -0.28910
vn 0.98168 -0.07650 -0.17450
vn 0.98168 -0.07650 -0.17450
vn 0.98168 -0.07650 -0.17450
vn 0.86817 -0.36869 -0.33219
vn 0.86817 -0.36869 -0.33219
vn 0.86817 -0.36869 -0.33219
vn 0.00990 0.02030 -0.99974
vn 0.00990 0.02030 -0.99974
vn 0.00990 0.02030 -0.99974
vn 0.15540 0.87199 -0.46420
vn 0.15540 0.87199 -0.46420
vn 0.15540 0.87199 -0.46420
vn 0.73719 0.67389 -0.04910
vn 0.73719 0.67389 -0.04910
vn 0.73719 0.67389 -0.04910
vn 0.36861 0.77012 -0.52061
vn 0.36861 0.77012 -0.52061
vn 0.36861 0.77012 -0.52061
vn 0.29530 -0.05180 -0.95400
vn 0.29530 -0.05180 -0.95400
vn 0.29530 -0.05180 -0.95400
vn 0.20181 -0.00000 -0.97943
vn 0.20181 -0.00000 -0.97943
vn 0.20181 -0.00000 -0.97943
vn 0.25250 0.02380 -0.96730
vn 0.25250 0.02380 -0.96730
vn 0.25250 0.02380 -0.96730
vn 0.26269 0.04620 -0.96377
vn 0.26269 0.04620 -0.96377
vn 0.26269 0.04620 -0.96377
vn 0.25161 0.03390 -0.96724
vn 0.25161 0.03390 -0.96724
vn 0.25161 0.03390 -0.96724
vn 0.22630 -0.01760 -0.97390
vn 0.22630 -0.01760 -0.97390
vn 0.22630 -0.01760 -0.97390
vn 0.49900 0.86660 -0.00000
vn 0.49900 0.86660 -0.00000
vn 0.49900 0.86660 -0.00000
vn 0.02490 0.18150 -0.98308
vn 0.02490 0.18150 -0.98308
vn 0.02490 0.18150 -0.98308
vn 0.00770 0.20921 -0.97784
vn 0.00770 0.20921 -0.97784
vn 0.00770 0.20921 -0.97784
vn 0.04070 0.29549 -0.95448
vn 0.04070 0.29549 -0.95448
vn 0.04070 0.29549 -0.95448
vn -0.12970 -0.02500 -0.99124
vn -0.12970 -0.02500 -0.99124
vn -0.12970 -0.02500 -0.99124
vn 0.01420 0.20739 -0.97816
vn 0.01420 0.20739 -0.97816
vn 0.01420 0.20739 -0.97816
vn -0.04010 0.03330 -0.99864
vn -0.04010 0.03330 -0.99864
vn -0.04010 0.03330 -0.99864
vn -0.01770 0.04460 -0.99885
vn -0.01770 0.04460 -0.99885
vn -0.01770 0.04460 -0.99885
vn -0.04050 0.01230 -0.99910
vn -0.04050 0.01230 -0.99910
vn -0.04050 0.01230 -0.99910
vn 0.00770 -0.08530 -0.99633
vn 0.00770 -0.08530 -0.99633
vn 0.00770 -0.08530 -0.99633
vn -0.04610 0.00440 -0.99893
vn -0.04610 0.00440 -0.99893
vn -0.04610 0.00440 -0.99893
vn -0.07460 0.14879 -0.98605
vn -0.07460 0.14879 -0.98605
vn -0.07460 0.14879 -0.98605
vn 0.01690 0.20379 -0.97887
vn 0.01690 0.20379 -0.97887
vn 0.01690 0.20379 -0.97887
vn -0.01830 0.04340 -0.99889
vn -0.01830 0.04340 -0.99889
vn -0.01830 0.04340 -0.99889
vn -0.03430 0.04570 -0.99837
vn -0.03430 0.04570 -0.99837
vn -0.03430 0.04570 -0.99837
vn -0.17540 -0.13860 -0.97469
vn -0.17540 -0.13860 -0.97469
vn -0.17540 -0.13860 -0.97469
vn -0.03410 0.04590 -0.99836
vn -0.03410 0.04590 -0.99836
vn -0.03410 0.04590 -0.99836
vn -0.05820 0.99830 -0.00000
vn -0.05820 0.99830 -0.00000
vn -0.05820 0.99830 -0.00000
vn 0.00000 -1.00000 0.00000
vn 0.00000 -1.00000 0.00000
vn 0.00000 -1.00000 0.00000
vn 0.36839 -0.92967 -0.00000
vn 0.36839 -0.92967 -0.00000
vn 0.36839 -0.92967 -0.00000
vn 0.76956 -0.63857 -0.00000
vn 0.76956 -0.63857 -0.00000
vn 0.76956 -0.63857 -0.00000
vn -0.89701 0.44201 -0.00000
vn -0.89701 0.44201 -0.00000
vn -0.89701 0.44201 -0.00000
vn 0.99550 -0.09480 -0.00000
vn 0.99550 -0.09480 -0.00000
vn 0.99550 -0.09480 -0.00000
vn -1.00000 0.00130 -0.00000
vn -1.00000 0.00130 -0.00000
vn -1.00000 0.00130 -0.00000
vn -0.89443 0.44721 -0.00000
vn -0.89443 0.44721 -0.00000
vn -0.89443 0.44721 -0.00000
vn 0.97652 0.21541 -0.00000
vn 0.97652 0.21541 -0.00000
vn 0.97652 0.21541 -0.00000
vn -0.30851 0.95122 -0.00000
vn -0.30851 0.95122 -0.00000
vn -0.30851 0.95122 -0.00000
vn 0.66439 0.74739 -0.00000
vn 0.66439 0.74739 -0.00000
vn 0.66439 0.74739 -0.00000
vn 0.00000 1.00000 -0.00010
vn 0.00000 1.00000 -0.00010
vn 0.00000 1.00000 -0.00010
vn 1.00000 -0.00000 -0.00000
vn 1.00000 -0.00000 -0.00000
vn 1.00000 -0.00000 -0.00000
vn -0.00000 0.77106 -0.63677
vn -0.00000 0.77106 -0.63677
vn -0.00000 0.77106 -0.63677
vn -0.00000 -0.77106 -0.63677
vn -0.00000 -0.77106 -0.63677
vn -0.00000 -0.77106 -0.63677
vn -0.99960 -0.00050 -0.02810
vn -0.99960 -0.00050 -0.02810
vn -0.99960 -0.00050 -0.02810
vn 0.92429 -0.00000 -0.38170
vn 0.92429 -0.00000 -0.38170
vn 0.92429 -0.00000 -0.38170
vn -0.00170 0.95087 -0.30959
vn -0.00170 0.95087 -0.30959
vn -0.00170 0.95087 -0.30959
vn 0.01350 -0.96833 -0.24931
vn 0.01350 -0.96833 -0.24931
vn 0.01350 -0.96833 -0.24931
vn -0.99956 -0.02960 0.00090
vn -0.99956 -0.02960 0.00090
vn -0.99956 -0.02960 0.00090
vn -0.99981 0.01310 0.01460
vn -0.99981 0.01310 0.01460
vn -0.99981 0.01310 0.01460
vn -0.99974 -0.01970 -0.01170
vn -0.99974 -0.01970 -0.01170
vn -0.99974 -0.01970 -0.01170
vn -0.99977 0.00510 -0.02070
vn -0.99977 0.00510 -0.02070
vn -0.99977 0.00510 -0.02070
vn -0.99999 -0.00200 -0.00270
vn -0.99999 -0.00200 -0.00270
vn -0.99999 -0.00200 -0.00270
vn 0.70915 -0.00000 0.70505
vn 0.70915 -0.00000 0.70505
vn 0.70915 -0.00000 0.70505
vn 0.00000 0.70910 0.70510
vn 0.00000 0.70910 0.70510
vn 0.00000 0.70910 0.70510
vn 0.00000 -0.70915 0.70505
vn 0.00000 -0.70915 0.70505
vn 0.00000 -0.70915 0.70505
vn -0.99999 0.00320 0.00040
vn -0.99999 0.00320 0.00040
vn -0.99999 0.00320 0.00040
vn -0.19550 0.13700 -0.97109
vn -0.19550 0.13700 -0.97109
vn -0.19550 0.13700 -0.97109
vn -0.18960 -0.32960 -0.92489
vn -0.18960 -0.32960 -0.92489
vn -0.18960 -0.32960 -0.92489
vn 0.01130 -0.19320 -0.98109
vn 0.01130 -0.19320 -0.98109
vn 0.01130 -0.19320 -0.98109
vn -0.05520 -0.09590 -0.99386
vn -0.05520 -0.09590 -0.99386
vn -0.05520 -0.09590 -0.99386
vn 0.04170 -0.09460 -0.99464
vn 0.04170 -0.09460 -0.99464
vn 0.04170 -0.09460 -0.99464
vn 0.03570 0.00790 -0.99933
vn 0.03570 0.00790 -0.99933
vn 0.03570 0.00790 -0.99933
vn 0.00550 -0.05110 -0.99868
vn 0.00550 -0.05110 -0.99868
vn 0.00550 -0.05110 -0.99868
vn -0.37909 0.06920 -0.92277
vn -0.37909 0.06920 -0.92277
vn -0.37909 0.06920 -0.92277
vn 0.02410 0.02000 -0.99951
vn 0.02410 0.02000 -0.99951
vn 0.02410 0.02000 -0.99951
vn -0.33081 0.18730 -0.92492
vn -0.33081 0.18730 -0.92492
vn -0.33081 0.18730 -0.92492
vn -0.09120 -0.04200 -0.99495
vn -0.09120 -0.04200 -0.99495
vn -0.09120 -0.04200 -0.99495
vn -0.06760 -0.28559 -0.95597
vn -0.06760 -0.28559 -0.95597
vn -0.06760 -0.28559 -0.95597
vn -0.11600 -0.10860 -0.98729
vn -0.11600 -0.10860 -0.98729
vn -0.11600 -0.10860 -0.98729
vn -0.08440 -0.08080 -0.99315
vn -0.08440 -0.08080 -0.99315
vn -0.08440 -0.08080 -0.99315
vn -0.11990 -0.11010 -0.98666
vn -0.11990 -0.11010 -0.98666
vn -0.11990 -0.11010 -0.98666
vn -0.03070 0.17550 -0.98400
vn -0.03070 0.17550 -0.98400
vn -0.03070 0.17550 -0.98400
vn -0.00250 0.12090 -0.99266
vn -0.00250 0.12090 -0.99266
vn -0.00250 0.12090 -0.99266
vn 0.00640 0.09010 -0.99591
vn 0.00640 0.09010 -0.99591
vn 0.00640 0.09010 -0.99591
vn -0.09030 0.01950 -0.99572
vn -0.09030 0.01950 -0.99572
vn -0.09030 0.01950 -0.99572
vn -0.92222 -0.01060 -0.38651
vn -0.92222 -0.01060 -0.38651
vn -0.92222 -0.01060 -0.38651
vn -0.56371 0.14630 -0.81291
vn -0.56371 0.14630 -0.81291
vn -0.56371 0.14630 -0.81291
vn -0.29160 0.12460 -0.94839
vn -0.29160 0.12460 -0.94839
vn -0.29160 0.12460 -0.94839
vn -0.23279 0.10560 -0.96678
vn -0.23279 0.10560 -0.96678
vn -0.23279 0.10560 -0.96678
vn -0.11730 -0.10880 -0.98712
vn -0.11730 -0.10880 -0.98712
vn -0.11730 -0.10880 -0.98712
vn 0.84080 -0.42860 -0.33070
vn 0.84080 -0.42860 -0.33070
vn 0.84080 -0.42860 -0.33070
vn 0.58493 -0.74073 -0.33042
vn 0.58493 -0.74073 -0.33042
vn 0.58493 -0.74073 -0.33042
vn 0.30819 -0.92636 -0.21649
vn 0.30819 -0.92636 -0.21649
vn 0.30819 -0.92636 -0.21649
vn -0.03810 -0.96263 -0.26811
vn -0.03810 -0.96263 -0.26811
vn -0.03810 -0.96263 -0.26811
vn -0.36712 -0.91594 -0.16211
vn -0.36712 -0.91594 -0.16211
vn -0.36712 -0.91594 -0.16211
vn -0.75078 -0.66048 -0.01010
vn -0.75078 -0.66048 -0.01010
vn -0.75078 -0.66048 -0.01010
vn -0.95574 -0.24671 -0.16031
vn -0.95574 -0.24671 -0.16031
vn -0.95574 -0.24671 -0.16031
vn -0.99827 0.00690 -0.05840
vn -0.99827 0.00690 -0.05840
vn -0.99827 0.00690 -0.05840
vn -0.91203 0.39781 -0.09970
vn -0.91203 0.39781 -0.09970
vn -0.91203 0.39781 -0.09970
vn -0.67111 0.73391 -0.10480
vn -0.67111 0.73391 -0.10480
vn -0.67111 0.73391 -0.10480
vn -0.29129 0.93756 -0.19009
vn -0.29129 0.93756 -0.19009
vn -0.29129 0.93756 -0.19009
vn 0.06070 0.98567 -0.15739
vn 0.06070 0.98567 -0.15739
vn 0.06070 0.98567 -0.15739
vn 0.43778 0.86837 -0.23299
vn 0.43778 0.86837 -0.23299
vn 0.43778 0.86837 -0.23299
vn 0.70031 0.56591 -0.43511
vn 0.70031 0.56591 -0.43511
vn 0.70031 0.56591 -0.43511
vn 0.91959 0.19530 -0.34090
vn 0.91959 0.19530 -0.34090
vn 0.91959 0.19530 -0.34090
vn 0.94747 -0.12070 -0.29619
vn 0.94747 -0.12070 -0.29619
vn 0.94747 -0.12070 -0.29619
vn -0.14320 0.03620 -0.98903
vn -0.14320 0.03620 -0.98903
vn -0.14320 0.03620 -0.98903
vn 0.04800 -0.01150 -0.99878
vn 0.04800 -0.01150 -0.99878
vn 0.04800 -0.01150 -0.99878
vn -0.03160 0.04750 -0.99837
vn -0.03160 0.04750 -0.99837
vn -0.03160 0.04750 -0.99837
vn -0.02630 0.01260 -0.99957
vn -0.02630 0.01260 -0.99957
vn -0.02630 0.01260 -0.99957
vn -0.04650 -0.01570 -0.99879
vn -0.04650 -0.01570 -0.99879
vn -0.04650 -0.01570 -0.99879
vn -0.08510 -0.01480 -0.99626
vn -0.08510 -0.01480 -0.99626
vn -0.08510 -0.01480 -0.99626
vn -0.11690 0.01170 -0.99308
vn -0.11690 0.01170 -0.99308
vn -0.11690 0.01170 -0.99308
vn -0.06240 0.03100 -0.99757
vn -0.06240 0.03100 -0.99757
vn -0.06240 0.03100 -0.99757
vn -0.03540 0.13070 -0.99079
vn -0.03540 0.13070 -0.99079
vn -0.03540 0.13070 -0.99079
vn -0.08620 -0.01460 -0.99617
vn -0.08620 -0.01460 -0.99617
vn -0.08620 -0.01460 -0.99617
vn -0.16820 -0.10160 -0.98050
vn -0.16820 -0.10160 -0.98050
vn -0.16820 -0.10160 -0.98050
vn -0.14290 0.04910 -0.98852
vn -0.14290 0.04910 -0.98852
vn -0.14290 0.04910 -0.98852
vn -0.06850 0.03570 -0.99701
vn -0.06850 0.03570 -0.99701
vn -0.06850 0.03570 -0.99701
vn -0.02790 -0.01690 -0.99947
vn -0.02790 -0.01690 -0.99947
vn -0.02790 -0.01690 -0.99947
vn -0.04920 -0.08040 -0.99555
vn -0.04920 -0.08040 -0.99555
vn -0.04920 -0.08040 -0.99555
vn -0.84478 0.38429 -0.37239
vn -0.84478 0.38429 -0.37239
vn -0.84478 0.38429 -0.37239
vn -0.68727 0.65257 -0.31909
vn -0.68727 0.65257 -0.31909
vn -0.68727 0.65257 -0.31909
vn -0.33239 0.88127 -0.33599
vn -0.33239 0.88127 -0.33599
vn -0.33239 0.88127 -0.33599
vn -0.01450 0.91349 -0.40660
vn -0.01450 0.91349 -0.40660
vn -0.01450 0.91349 -0.40660
vn 0.41451 0.84083 -0.34811
vn 0.41451 0.84083 -0.34811
vn 0.41451 0.84083 -0.34811
vn 0.70240 0.53480 -0.46970
vn 0.70240 0.53480 -0.46970
vn 0.70240 0.53480 -0.46970
vn 0.78557 0.26849 -0.55748
vn 0.78557 0.26849 -0.55748
vn 0.78557 0.26849 -0.55748
vn 0.96291 -0.16130 -0.21630
vn 0.96291 -0.16130 -0.21630
vn 0.96291 -0.16130 -0.21630
vn 0.65692 -0.61862 -0.43101
vn 0.65692 -0.61862 -0.43101
vn 0.65692 -0.61862 -0.43101
vn 0.30231 -0.85352 -0.42441
vn 0.30231 -0.85352 -0.42441
vn 0.30231 -0.85352 -0.42441
vn -0.02920 -0.94212 -0.33401
vn -0.02920 -0.94212 -0.33401
vn -0.02920 -0.94212 -0.33401
vn -0.51189 -0.79339 -0.32940
vn -0.51189 -0.79339 -0.32940
vn -0.51189 -0.79339 -0.32940
vn -0.81636 -0.44238 -0.37128
vn -0.81636 -0.44238 -0.37128
vn -0.81636 -0.44238 -0.37128
vn -0.93235 -0.01450 -0.36128
vn -0.93235 -0.01450 -0.36128
vn -0.93235 -0.01450 -0.36128
vn 0.17700 0.61099 0.77159
vn 0.17700 0.61099 0.77159
vn 0.17700 0.61099 0.77159
vn -0.28740 0.94071 -0.18020
vn -0.28740 0.94071 -0.18020
vn -0.28740 0.94071 -0.18020
vn -0.40269 0.76178 -0.50748
vn -0.40269 0.76178 -0.50748
vn -0.40269 0.76178 -0.50748
vn -0.39270 0.11460 -0.91250
vn -0.39270 0.11460 -0.91250
vn -0.39270 0.11460 -0.91250
vn -0.20399 -0.56698 -0.79807
vn -0.20399 -0.56698 -0.79807
vn -0.20399 -0.56698 -0.79807
vn 0.00810 -0.84975 -0.52713
vn 0.00810 -0.84975 -0.52713
vn 0.00810 -0.84975 -0.52713
vn 0.13819 -0.97725 -0.16089
vn 0.13819 -0.97725 -0.16089
vn 0.13819 -0.97725 -0.16089
vn -0.90499 -0.21670 0.36610
vn -0.90499 -0.21670 0.36610
vn -0.90499 -0.21670 0.36610
vn -0.90499 -0.21670 0.36610
vn -0.90499 -0.21670 0.36610
vn -0.90499 -0.21670 0.36610
vn -0.90499 -0.21670 0.36610
vn -0.90499 -0.21670 0.36610
vn -0.90499 -0.21670 0.36610
vn -0.90499 -0.21670 0.36610
vn -0.90499 -0.21670 0.36610
vn -0.90499 -0.21670 0.36610
vn -0.90499 -0.21670 0.36610
vn -0.90499 -0.21670 0.36610
vn -0.90499 -0.21670 0.36610
vn 0.43621 -0.52611 0.73002
vn 0.43621 -0.52611 0.73002
vn 0.43621 -0.52611 0.73002
vn 0.36679 -0.04400 0.92926
vn 0.36679 -0.04400 0.92926
vn 0.36679 -0.04400 0.92926
vn -0.81353 -0.52032 0.25971
vn -0.81353 -0.52032 0.25971
vn -0.81353 -0.52032 0.25971
vn 0.20020 0.54241 0.81591
vn 0.20020 0.54241 0.81591
vn 0.20020 0.54241 0.81591
vn -0.94371 0.10520 0.31360
vn -0.94371 0.10520 0.31360
vn -0.94371 0.10520 0.31360
vn -0.92072 -0.38211 0.07920
vn -0.92072 -0.38211 0.07920
vn -0.92072 -0.38211 0.07920
vn -0.71903 -0.38072 0.58142
vn -0.71903 -0.38072 0.58142
vn -0.71903 -0.38072 0.58142
vn -0.84048 0.06370 0.53809
vn -0.84048 0.06370 0.53809
vn -0.84048 0.06370 0.53809
vn -0.98800 -0.14340 0.05730
vn -0.98800 -0.14340 0.05730
vn -0.98800 -0.14340 0.05730
vn -0.74778 -0.14250 0.64848
vn -0.74778 -0.14250 0.64848
vn -0.74778 -0.14250 0.64848
vn -0.76868 -0.51519 0.37909
vn -0.76868 -0.51519 0.37909
vn -0.76868 -0.51519 0.37909
vn -0.97822 0.06420 0.19740
vn -0.97822 0.06420 0.19740
vn -0.97822 0.06420 0.19740
vn -0.86876 -0.47018 0.15549
vn -0.86876 -0.47018 0.15549
vn -0.86876 -0.47018 0.15549
vn -0.72013 -0.26741 0.64023
vn -0.72013 -0.26741 0.64023
vn -0.72013 -0.26741 0.64023
vn -0.89638 0.10490 0.43069
vn -0.89638 0.10490 0.43069
vn -0.89638 0.10490 0.43069
vn -0.96275 -0.26742 0.03990
vn -0.96275 -0.26742 0.03990
vn -0.96275 -0.26742 0.03990
vn -0.72969 -0.47319 0.49359
vn -0.72969 -0.47319 0.49359
vn -0.72969 -0.47319 0.49359
vn -0.78978 -0.02740 0.61278
vn -0.78978 -0.02740 0.61278
vn -0.78978 -0.02740 0.61278
vn -0.99336 -0.02930 0.11130
vn -0.99336 -0.02930 0.11130
vn -0.99336 -0.02930 0.11130
vn 0.90357 0.21789 -0.36889
vn 0.90357 0.21789 -0.36889
vn 0.90357 0.21789 -0.36889
vn 0.90512 0.21800 -0.36501
vn 0.90512 0.21800 -0.36501
vn 0.90512 0.21800 -0.36501
vn 0.90445 0.21439 -0.36878
vn 0.90445 0.21439 -0.36878
vn 0.90445 0.21439 -0.36878
vn 0.90501 0.21510 -0.36700
vn 0.90501 0.21510 -0.36700
vn 0.90501 0.21510 -0.36700
vn 0.90501 0.21660 -0.36611
vn 0.90501 0.21660 -0.36611
vn 0.90501 0.21660 -0.36611
vn 0.90505 0.21641 -0.36612
vn 0.90505 0.21641 -0.36612
vn 0.90505 0.21641 -0.36612
vn -0.20020 -0.54241 -0.81591
vn -0.20020 -0.54241 -0.81591
vn -0.20020 -0.54241 -0.81591
vn 0.04130 0.81171 0.58260
vn 0.04130 0.81171 0.58260
vn 0.04130 0.81171 0.58260
vn -0.04130 -0.81171 -0.58260
vn -0.04130 -0.81171 -0.58260
vn -0.04130 -0.81171 -0.58260
vn -0.12380 0.95750 0.26050
vn -0.12380 0.95750 0.26050
vn -0.12380 0.95750 0.26050
vn 0.12380 -0.95750 -0.26050
vn 0.12380 -0.95750 -0.26050
vn 0.12380 -0.95750 -0.26050
vn -0.27019 0.95747 -0.10120
vn -0.27019 0.95747 -0.10120
vn -0.27019 0.95747 -0.10120
vn 0.27019 -0.95747 0.10120
vn 0.27019 -0.95747 0.10120
vn 0.27019 -0.95747 0.10120
vn -0.37539 0.81168 -0.44749
vn -0.37539 0.81168 -0.44749
vn -0.37539 0.81168 -0.44749
vn 0.37539 -0.81168 0.44749
vn 0.37539 -0.81168 0.44749
vn 0.37539 -0.81168 0.44749
vn -0.42341 0.54241 -0.72561
vn -0.42341 0.54241 -0.72561
vn -0.42341 0.54241 -0.72561
vn 0.42341 -0.54241 0.72561
vn 0.42341 -0.54241 0.72561
vn 0.42341 -0.54241 0.72561
vn -0.40702 0.19051 -0.89333
vn -0.40702 0.19051 -0.89333
vn -0.40702 0.19051 -0.89333
vn 0.32859 0.19049 0.92506
vn 0.32859 0.19049 0.92506
vn 0.32859 0.19049 0.92506
vn 0.40702 -0.19051 0.89333
vn 0.40702 -0.19051 0.89333
vn 0.40702 -0.19051 0.89333
vn -0.32859 -0.19049 -0.92506
vn -0.32859 -0.19049 -0.92506
vn -0.32859 -0.19049 -0.92506
vn 0.94582 0.28361 0.15810
vn 0.94582 0.28361 0.15810
vn 0.94582 0.28361 0.15810
vn 0.91369 0.40520 -0.03140
vn 0.91369 0.40520 -0.03140
vn 0.91369 0.40520 -0.03140
vn 0.80781 0.58860 -0.03150
vn 0.80781 0.58860 -0.03150
vn 0.80781 0.58860 -0.03150
vn 0.78691 0.56970 -0.23710
vn 0.78691 0.56970 -0.23710
vn 0.78691 0.56970 -0.23710
vn 0.65401 0.66071 -0.36841
vn 0.65401 0.66071 -0.36841
vn 0.65401 0.66071 -0.36841
vn 0.68992 0.51321 -0.51051
vn 0.68992 0.51321 -0.51051
vn 0.68992 0.51321 -0.51051
vn 0.58898 0.45118 -0.67048
vn 0.58898 0.45118 -0.67048
vn 0.58898 0.45118 -0.67048
vn 0.67781 0.27340 -0.68251
vn 0.67781 0.27340 -0.68251
vn 0.67781 0.27340 -0.68251
vn 0.62499 0.09450 -0.77489
vn 0.62499 0.09450 -0.77489
vn 0.62499 0.09450 -0.77489
vn 0.73196 -0.03660 -0.68036
vn 0.73196 -0.03660 -0.68036
vn 0.73196 -0.03660 -0.68036
vn 0.80002 -0.15190 -0.58042
vn 0.80002 -0.15190 -0.58042
vn 0.80002 -0.15190 -0.58042
vn 0.85273 -0.27141 -0.44631
vn 0.85273 -0.27141 -0.44631
vn 0.85273 -0.27141 -0.44631
vn 0.93348 -0.21440 -0.28749
vn 0.93348 -0.21440 -0.28749
vn 0.93348 -0.21440 -0.28749
vn 0.97856 -0.15191 -0.13911
vn 0.97856 -0.15191 -0.13911
vn 0.97856 -0.15191 -0.13911
vn 0.99704 -0.07130 0.02860
vn 0.99704 -0.07130 0.02860
vn 0.99704 -0.07130 0.02860
vn 0.99166 0.12889 -0.00220
vn 0.99166 0.12889 -0.00220
vn 0.99166 0.12889 -0.00220
f 1/1/1 2/2/2 3/3/3
f 4/4/4 5/5/5 6/6/6
f 7/7/7 8/8/8 9/9/9
f 10/10/10 11/11/11 12/12/12
f 13/13/13 14/14/14 15/15/15
f 16/16/16 17/17/17 18/18/18
f 19/19/19 20/20/20 21/21/21
f 22/22/22 23/23/23 24/24/24
f 25/25/25 26/26/26 27/27/27
f 28/28/28 29/29/29 30/30/30
f 31/31/31 32/32/32 33/33/33
f 34/34/34 35/35/35 36/36/36
f 37/37/37 38/38/38 39/39/39
f 40/40/40 41/41/41 42/42/42
f 43/43/43 44/44/44 45/45/45
f 46/46/46 47/47/47 48/48/48
f 49/49/49 50/50/50 51/51/51
f 52/52/52 53/53/53 54/54/54
f 55/55/55 56/56/56 57/57/57
f 58/58/58 59/59/59 60/60/60
f 61/61/61 62/62/62 63/63/63
f 64/64/64 65/65/65 66/66/66
f 67/67/67 68/68/68 69/69/69
f 70/70/70 71/71/71 72/72/72
f 73/73/73 74/74/74 75/75/75
f 76/76/76 77/77/77 78/78/78
f 79/79/79 80/80/80 81/81/81
f 82/82/82 83/83/83 84/84/84
f 85/85/85 86/86/86 87/87/87
f 88/88/88 89/89/89 90/90/90
f 91/91/91 92/92/92 93/93/93
f 94/94/94 95/95/95 96/96/96
f 97/97/97 98/98/98 99/99/99
f 100/100/100 101/101/101 102/102/102
f 103/103/103 104/104/104 105/105/105
f 106/106/106 107/107/107 108/108/108
f 109/109/109 110/110/110 111/111/111
f 112/112/112 113/113/113 114/114/114
f 115/115/115 116/116/116 117/117/117
f 118/118/118 119/119/119 120/120/120
f 121/121/121 122/122/122 123/123/123
f 124/124/124 125/125/125 126/126/126
f 127/127/127 128/128/128 129/129/129
f 130/130/130 131/131/131 132/132/132
f 133/133/133 134/134/134 135/135/135
f 136/136/136 137/137/137 138/138/138
f 139/139/139 140/140/140 141/141/141
f 142/142/142 143/143/143 144/144/144
f 145/145/145 146/146/146 147/147/147
f 148/148/148 149/149/149 150/150/150
f 151/151/151 152/152/152 153/153/153
f 154/154/154 155/155/155 156/156/156
f 157/157/157 158/158/158 159/159/159
f 160/160/160 161/161/161 162/162/162
f 163/163/163 164/164/164 165/165/165
f 166/166/166 167/167/167 168/168/168
f 169/169/169 170/170/170 171/171/171
f 172/172/172 173/173/173 174/174/174
f 175/175/175 176/176/176 177/177/177
f 178/178/178 179/179/179 180/180/180
f 181/181/181 182/182/182 183/183/183
f 184/184/184 185/185/185 186/186/186
f 187/187/187 188/188/188 189/189/189
f 190/190/190 191/191/191 192/192/192
f 193/193/193 194/194/194 195/195/195
f 196/196/196 197/197/197 198/198/198
f 199/199/199 200/200/200 201/201/201
f 202/202/202 203/203/203 204/204/204
f 205/205/205 206/206/206 207/207/207
f 208/208/208 209/209/209 210/210/210
f 211/211/211 212/212/212 213/213/213
f 214/214/214 215/215/215 216/216/216
f 217/217/217 218/218/218 219/219/219
f 220/220/220 221/221/221 222/222/222
f 223/223/223 224/224/224 225/225/225
f 226/226/226 227/227/227 228/228/228
f 229/229/229 230/230/230 231/231/231
f 232/232/232 233/233/233 234/234/234
f 235/235/235 236/236/236 237/237/237
f 238/238/238 239/239/239 240/240/240
f 241/241/241 242/242/242 243/243/243
f 244/244/244 245/245/245 246/246/246
f 247/247/247 248/248/248 249/249/249
f 250/250/250 251/251/251 252/252/252
f 253/253/253 254/254/254 255/255/255
f 256/256/256 257/257/257 258/258/258
f 259/259/259 260/260/260 261/261/261
f 262/262/262 263/263/263 264/264/264
f 265/265/265 266/266/266 267/267/267
f 268/268/268 269/269/269 270/270/270
f 271/271/271 272/272/272 273/273/273
f 274/274/274 275/275/275 276/276/276
f 277/277/277 278/278/278 279/279/279
f 280/280/280 281/281/281 282/282/282
f 283/283/283 284/284/284 285/285/285
f 286/286/286 287/287/287 288/288/288
f 289/289/289 290/290/290 291/291/291
f 292/292/292 293/293/293 294/294/294
f 295/295/295 296/296/296 297/297/297
f 298/298/298 299/299/299 300/300/300
f 301/301/301 302/302/302 303/303/303
f 304/304/304 305/305/305 306/306/306
f 307/307/307 308/308/308 309/309/309
f 310/310/310 311/311/311 312/312/312
f 313/313/313 314/314/314 315/315/315
f 316/316/316 317/317/317 318/318/318
f 319/319/319 320/320/320 321/321/321
f 322/322/322 323/323/323 324/324/324
f 325/325/325 326/326/326 327/327/327
f 328/328/328 329/329/329 330/330/330
f 331/331/331 332/332/332 333/333/333
f 334/334/334 335/335/335 336/336/336
f 337/337/337 338/338/338 339/339/339
f 340/340/340 341/341/341 342/342/342
f 343/343/343 344/344/344 345/345/345
f 346/346/346 347/347/347 348/348/348
f 349/349/349 350/350/350 351/351/351
f 352/352/352 353/353/353 354/354/354
f 355/355/355 356/356/356 357/357/357
f 358/358/358 359/359/359 360/360/360
f 361/361/361 362/362/362 363/363/363
f 364/364/364 365/365/365 366/366/366
f 367/367/367 368/368/368 369/369/369
f 370/370/370 371/371/371 372/372/372
f 373/373/373 374/374/374 375/375/375
f 376/376/376 377/377/377 378/378/378
f 379/379/379 380/380/380 381/381/381
f 382/382/382 383/383/383 384/384/384
f 385/385/385 386/386/386 387/387/387
f 388/388/388 389/389/389 390/390/390
f 391/391/391 392/392/392 393/393/393
f 394/394/394 395/395/395 396/396/396
f 397/397/397 398/398/398 399/399/399
f 400/400/400 401/401/401 402/402/402
f 403/403/403 404/404/404 405/405/405
f 406/406/406 407/407/407 408/408/408
f 409/409/409 410/410/410 411/411/411
f 412/412/412 413/413/413 414/414/414
f 415/415/415 416/416/416 417/417/417
f 418/418/418 419/419/419 420/420/420
f 421/421/421 422/422/422 423/423/423
f 424/424/424 425/425/425 426/426/426
f 427/427/427 428/428/428 429/429/429
f 430/430/430 431/431/431 432/432/432
f 433/433/433 434/434/434 435/435/435
f 436/436/436 437/437/437 438/438/438
f 439/439/439 440/440/440 441/441/441
f 442/442/442 443/443/443 444/444/444
f 445/445/445 446/446/446 447/447/447
f 448/448/448 449/449/449 450/450/450
f 451/451/451 452/452/452 453/453/453
f 454/454/454 455/455/455 456/456/456
f 457/457/457 458/458/458 459/459/459
f 460/460/460 461/461/461 462/462/462
f 463/463/463 464/464/464 465/465/465
f 466/466/466 467/467/467 468/468/468
f 469/469/469 470/470/470 471/471/471
f 472/472/472 473/473/473 474/474/474
f 475/475/475 476/476/476 477/477/477
f 478/478/478 479/479/479 480/480/480
f 481/481/481 482/482/482 483/483/483
f 484/484/484 485/485/485 486/486/486
f 487/487/487 488/488/488 489/489/489
f 490/490/490 491/491/491 492/492/492
f 493/493/493 494/494/494 495/495/495
f 496/496/496 497/497/497 498/498/498
f 499/499/499 500/500/500 501/501/501
f 502/502/502 503/503/503 504/504/504
f 505/505/505 506/506/506 507/507/507
f 508/508/508 509/509/509 510/510/510
f 511/511/511 512/512/512 513/513/513
f 514/514/514 515/515/515 516/516/516
f 517/517/517 518/518/518 519/519/519
f 520/520/520 521/521/521 522/522/522
f 523/523/523 524/524/524 525/525/525
f 526/526/526 527/527/527 528/528/528
f 529/529/529 530/530/530 531/531/531
f 532/532/532 533/533/533 534/534/534
f 535/535/535 536/536/536 537/537/537
f 538/538/538 539/539/539 540/540/540
f 541/541/541 542/542/542 543/543/543
f 544/544/544 545/545/545 546/546/546
f 547/547/547 548/548/548 549/549/549
f 550/550/550 551/551/551 552/552/552
f 553/553/553 554/554/554 555/555/555
f 556/556/556 557/557/557 558/558/558
f 559/559/559 560/560/560 561/561/561
f 562/562/562 563/563/563 564/564/564
f 565/565/565 566/566/566 567/567/567
f 568/568/568 569/569/569 570/570/570
f 571/571/571 572/572/572 573/573/573
f 574/574/574 575/575/575 576/576/576
f 577/577/577 578/578/578 579/579/579
f 580/580/580 581/581/581 582/582/582
f 583/583/583 584/584/584 585/585/585
f 586/586/586 587/587/587 588/588/588
f 589/589/589 590/590/590 591/591/591
f 592/592/592 593/593/593 594/594/594
f 595/595/595 596/596/596 597/597/597
f 598/598/598 599/599/599 600/600/600
f 601/601/601 602/602/602 603/603/603
f 604/604/604 605/605/605 606/606/606
f 607/607/607 608/608/608 609/609/609
f 610/610/610 611/611/611 612/612/612
f 613/613/613 614/614/614 615/615/615
f 616/616/616 617/617/617 618/618/618
f 619/619/619 620/620/620 621/621/621
f 622/622/622 623/623/623 624/624/624
f 625/625/625 626/626/626 627/627/627
f 628/628/628 629/629/629 630/630/630
f 631/631/631 632/632/632 633/633/633
f 634/634/634 635/635/635 636/636/636
f 637/637/637 638/638/638 639/639/639
f 640/640/640 641/641/641 642/642/642
f 643/643/643 644/644/644 645/645/645
f 646/646/646 647/647/647 648/648/648
f 649/649/649 650/650/650 651/651/651
f 652/652/652 653/653/653 654/654/654
f 655/655/655 656/656/656 657/657/657
f 658/658/658 659/659/659 660/660/660
f 661/661/661 662/662/662 663/663/663
f 664/664/664 665/665/665 666/666/666
f 667/667/667 668/668/668 669/669/669
f 670/670/670 671/671/671 672/672/672
f 673/673/673 674/674/674 675/675/675
f 676/676/676 677/677/677 678/678/678
f 679/679/679 680/680/680 681/681/681
f 682/682/682 683/683/683 684/684/684
f 685/685/685 686/686/686 687/687/687
f 688/688/688 689/689/689 690/690/690
f 691/691/691 692/692/692 693/693/693
f 694/694/694 695/695/695 696/696/696
f 697/697/697 698/698/698 699/699/699
f 700/700/700 701/701/701 702/702/702
f 703/703/703 704/704/704 705/705/705
f 706/706/706 707/707/707 708/708/708
f 709/709/709 710/710/710 711/711/711
f 712/712/712 713/713/713 714/714/714
f 715/715/715 716/716/716 717/717/717
f 718/718/718 719/719/719 720/720/720
f 721/721/721 722/722/722 723/723/723
f 724/724/724 725/725/725 726/726/726
f 727/727/727 728/728/728 729/729/729
f 730/730/730 731/731/731 732/732/732
f 733/733/733 734/734/734 735/735/735
f 736/736/736 737/737/737 738/738/738
f 739/739/739 740/740/740 741/741/741
f 742/742/742 743/743/743 744/744/744
f 745/745/745 746/746/746 747/747/747
f 748/748/748 749/749/749 750/750/750
f 751/751/751 752/752/752 753/753/753
f 754/754/754 755/755/755 756/756/756
f 757/757/757 758/758/758 759/759/759
f 760/760/760 761/761/761 762/762/762
f 763/763/763 764/764/764 765/765/765
f 766/766/766 767/767/767 768/768/768
f 769/769/769 770/770/770 771/771/771
f 772/772/772 773/773/773 774/774/774
f 775/775/775 776/776/776 777/777/777
f 778/778/778 779/779/779 780/780/780
f 781/781/781 782/782/782 783/783/783
f 784/784/784 785/785/785 786/786/786
f 787/787/787 788/788/788 789/789/789
f 790/790/790 791/791/791 792/792/792
f 793/793/793 794/794/794 795/795/795
f 796/796/796 797/797/797 798/798/798
f 799/799/799 800/800/800 801/801/801
f 802/802/802 803/803/803 804/804/804
f 805/805/805 806/806/806 807/807/807
f 808/808/808 809/809/809 810/810/810
f 811/811/811 812/812/812 813/813/813
f 814/814/814 815/815/815 816/816/816
f 817/817/817 818/818/818 819/819/819
f 820/820/820 821/821/821 822/822/822
f 823/823/823 824/824/824 825/825/825
f 826/826/826 827/827/827 828/828/828
f 829/829/829 830/830/830 831/831/831
f 832/832/832 833/833/833 834/834/834
f 835/835/835 836/836/836 837/837/837
f 838/838/838 839/839/839 840/840/840
f 841/841/841 842/842/842 843/843/843
f 844/844/844 845/845/845 846/846/846
f 847/847/847 848/848/848 849/849/849
f 850/850/850 851/851/851 852/852/852
f 853/853/853 854/854/854 855/855/855
f 856/856/856 857/857/857 858/858/858
f 859/859/859 860/860/860 861/861/861
f 862/862/862 863/863/863 864/864/864
f 865/865/865 866/866/866 867/867/867
f 868/868/868 869/869/869 870/870/870
f 871/871/871 872/872/872 873/873/873
f 874/874/874 875/875/875 876/876/876
f 877/877/877 878/878/878 879/879/879
f 880/880/880 881/881/881 882/882/882
f 883/883/883 884/884/884 885/885/885
f 886/886/886 887/887/887 888/888/888
f 889/889/889 890/890/890 891/891/891
f 892/892/892 893/893/893 894/894/894
f 895/895/895 896/896/896 897/897/897
f 898/898/898 899/899/899 900/900/900
f 901/901/901 902/902/902 903/903/903
f 904/904/904 905/905/905 906/906/906
f 907/907/907 908/908/908 909/909/909
f 910/910/910 911/911/911 912/912/912
f 913/913/913 914/914/914 915/915/915
f 916/916/916 917/917/917 918/918/918
f 919/919/919 920/920/920 921/921/921
f 922/922/922 923/923/923 924/924/924
f 925/925/925 926/926/926 927/927/927
f 928/928/928 929/929/929 930/930/930
f 931/931/931 932/932/932 933/933/933
f 934/934/934 935/935/935 936/936/936
f 937/937/937 938/938/938 939/939/939
f 940/940/940 941/941/941 942/942/942
f 943/943/943 944/944/944 945/945/945
f 946/946/946 947/947/947 948/948/948
f 949/949/949 950/950/950 951/951/951
f 952/952/952 953/953/953 954/954/954
f 955/955/955 956/956/956 957/957/957
f 958/958/958 959/959/959 960/960/960
f 961/961/961 962/962/962 963/963/963
f 964/964/964 965/965/965 966/966/966
f 967/967/967 968/968/968 969/969/969
f 970/970/970 971/971/971 972/972/972
f 973/973/973 974/974/974 975/975/975
f 976/976/976 977/977/977 978/978/978
f 979/979/979 980/980/980 981/981/981
f 982/982/982 983/983/983 984/984/984
f 985/985/985 986/986/986 987/987/987
f 988/988/988 989/989/989 990/990/990
f 991/991/991 992/992/992 993/993/993
f 994/994/994 995/995/995 996/996/996
f 997/997/997 998/998/998 999/999/999
f 1000/1000/1000 1001/1001/1001 1002/1002/1002
f 1003/1003/1003 1004/1004/1004 1005/1005/1005
f 1006/1006/1006 1007/1007/1007 1008/1008/1008
f 1009/1009/1009 1010/1010/1010 1011/1011/1011
f 1012/1012/1012 1013/1013/1013 1014/1014/1014
f 1015/1015/1015 1016/1016/1016 1017/1017/1017
f 1018/1018/1018 1019/1019/1019 1020/1020/1020
f 1021/1021/1021 1022/1022/1022 1023/1023/1023
f 1024/1024/1024 1025/1025/1025 1026/1026/1026
f 1027/1027/1027 1028/1028/1028 1029/1029/1029
f 1030/1030/1030 1031/1031/1031 1032/1032/1032
f 1033/1033/1033 1034/1034/1034 1035/1035/1035
f 1036/1036/1036 1037/1037/1037 1038/1038/1038
f 1039/1039/1039 1040/1040/1040 1041/1041/1041
f 1042/1042/1042 1043/1043/1043 1044/1044/1044
f 1045/1045/1045 1046/1046/1046 1047/1047/1047
f 1048/1048/1048 1049/1049/1049 1050/1050/1050
f 1051/1051/1051 1052/1052/1052 1053/1053/1053
f 1054/1054/1054 1055/1055/1055 1056/1056/1056
f 1057/1057/1057 1058/1058/1058 1059/1059/1059
f 1060/1060/1060 1061/1061/1061 1062/1062/1062
f 1063/1063/1063 1064/1064/1064 1065/1065/1065
f 1066/1066/1066 1067/1067/1067 1068/1068/1068
f 1069/1069/1069 1070/1070/1070 1071/1071/1071
f 1072/1072/1072 1073/1073/1073 1074/1074/1074
f 1075/1075/1075 1076/1076/1076 1077/1077/1077
f 1078/1078/1078 1079/1079/1079 1080/1080/1080
f 1081/1081/1081 1082/1082/1082 1083/1083/1083
f 1084/1084/1084 1085/1085/1085 1086/1086/1086
f 1087/1087/1087 1088/1088/1088 1089/1089/1089
f 1090/1090/1090 1091/1091/1091 1092/1092/1092
f 1093/1093/1093 1094/1094/1094 1095/1095/1095
f 1096/1096/1096 1097/1097/1097 1098/1098/1098
f 1099/1099/1099 1100/1100/1100 1101/1101/1101
f 1102/1102/1102 1103/1103/1103 1104/1104/1104
f 1105/1105/1105 1106/1106/1106 1107/1107/1107
f 1108/1108/1108 1109/1109/1109 1110/1110/1110
f 1111/1111/1111 1112/1112/1112 1113/1113/1113
f 1114/1114/1114 1115/1115/1115 1116/1116/1116
f 1117/1117/1117 1118/1118/1118 1119/1119/1119
f 1120/1120/1120 1121/1121/1121 1122/1122/1122
f 1123/1123/1123 1124/1124/1124 1125/1125/1125
f 1126/1126/1126 1127/1127/1127 1128/1128/1128
f 1129/1129/1129 1130/1130/1130 1131/1131/1131
f 1132/1132/1132 1133/1133/1133 1134/1134/1134
f 1135/1135/1135 1136/1136/1136 1137/1137/1137
f 1138/1138/1138 1139/1139/1139 1140/1140/1140
f 1141/1141/1141 1142/1142/1142 1143/1143/1143
f 1144/1144/1144 1145/1145/1145 1146/1146/1146
f 1147/1147/1147 1148/1148/1148 1149/1149/1149
f 1150/1150/1150 1151/1151/1151 1152/1152/1152
f 1153/1153/1153 1154/1154/1154 1155/1155/1155
f 1156/1156/1156 1157/1157/1157 1158/1158/1158
f 1159/1159/1159 1160/1160/1160 1161/1161/1161
f 1162/1162/1162 1163/1163/1163 1164/1164/1164
f 1165/1165/1165 1166/1166/1166 1167/1167/1167
f 1168/1168/1168 1169/1169/1169 1170/1170/1170
f 1171/1171/1171 1172/1172/1172 1173/1173/1173
f 1174/1174/1174 1175/1175/1175 1176/1176/1176
f 1177/1177/1177 1178/1178/1178 1179/1179/1179
f 1180/1180/1180 1181/1181/1181 1182/1182/1182
f 1183/1183/1183 1184/1184/1184 1185/1185/1185
f 1186/1186/1186 1187/1187/1187 1188/1188/1188
f 1189/1189/1189 1190/1190/1190 1191/1191/1191
f 1192/1192/1192 1193/1193/1193 1194/1194/1194
f 1195/1195/1195 1196/1196/1196 1197/1197/1197
f 1198/1198/1198 1199/1199/1199 1200/1200/1200
f 1201/1201/1201 1202/1202/1202 1203/1203/1203
f 1204/1204/1204 1205/1205/1205 1206/1206/1206
f 1207/1207/1207 1208/1208/1208 1209/1209/1209
f 1210/1210/1210 1211/1211/1211 1212/1212/1212
f 1213/1213/1213 1214/1214/1214 1215/1215/1215
f 1216/1216/1216 1217/1217/1217 1218/1218/1218
f 1219/1219/1219 1220/1220/1220 1221/1221/1221
f 1222/1222/1222 1223/1223/1223 1224/1224/1224
f 1225/1225/1225 1226/1226/1226 1227/1227/1227
f 1228/1228/1228 1229/1229/1229 1230/1230/1230
f 1231/1231/1231 1232/1232/1232 1233/1233/1233
f 1234/1234/1234 1235/1235/1235 1236/1236/1236
f 1237/1237/1237 1238/1238/1238 1239/1239/1239
f 1240/1240/1240 1241/1241/1241 1242/1242/1242
f 1243/1243/1243 1244/1244/1244 1245/1245/1245
f 1246/1246/1246 1247/1247/1247 1248/1248/1248
f 1249/1249/1249 1250/1250/1250 1251/1251/1251
f 1252/1252/1252 1253/1253/1253 1254/1254/1254
f 1255/1255/1255 1256/1256/1256 1257/1257/1257
f 1258/1258/1258 1259/1259/1259 1260/1260/1260
f 1261/1261/1261 1262/1262/1262 1263/1263/1263
f 1264/1264/1264 1265/1265/1265 1266/1266/1266
f 1267/1267/1267 1268/1268/1268 1269/1269/1269
f 1270/1270/1270 1271/1271/1271 1272/1272/1272
f 1273/1273/1273 1274/1274/1274 1275/1275/1275
f 1276/1276/1276 1277/1277/1277 1278/1278/1278
f 1279/1279/1279 1280/1280/1280 1281/1281/1281
f 1282/1282/1282 1283/1283/1283 1284/1284/1284
f 1285/1285/1285 1286/1286/1286 1287/1287/1287
f 1288/1288/1288 1289/1289/1289 1290/1290/1290
f 1291/1291/1291 1292/1292/1292 1293/1293/1293
f 1294/1294/1294 1295/1295/1295 1296/1296/1296
f 1297/1297/1297 1298/1298/1298 1299/1299/1299
f 1300/1300/1300 1301/1301/1301 1302/1302/1302
f 1303/1303/1303 1304/1304/1304 1305/1305/1305
f 1306/1306/1306 1307/1307/1307 1308/1308/1308
f 1309/1309/1309 1310/1310/1310 1311/1311/1311
f 1312/1312/1312 1313/1313/1313 1314/1314/1314
f 1315/1315/1315 1316/1316/1316 1317/1317/1317
f 1318/1318/1318 1319/1319/1319 1320/1320/1320
f 1321/1321/1321 1322/1322/1322 1323/1323/1323
f 1324/1324/1324 1325/1325/1325 1326/1326/1326
f 1327/1327/1327 1328/1328/1328 1329/1329/1329
f 1330/1330/1330 1331/1331/1331 1332/1332/1332
f 1333/1333/1333 1334/1334/1334 1335/1335/1335
f 1336/1336/1336 1337/1337/1337 1338/1338/1338
f 1339/1339/1339 1340/1340/1340 1341/1341/1341
f 1342/1342/1342 1343/1343/1343 1344/1344/1344
f 1345/1345/1345 1346/1346/1346 1347/1347/1347
f 1348/1348/1348 1349/1349/1349 1350/1350/1350
f 1351/1351/1351 1352/1352/1352 1353/1353/1353
f 1354/1354/1354 1355/1355/1355 1356/1356/1356
f 1357/1357/1357 1358/1358/1358 1359/1359/1359
f 1360/1360/1360 1361/1361/1361 1362/1362/1362
f 1363/1363/1363 1364/1364/1364 1365/1365/1365
f 1366/1366/1366 1367/1367/1367 1368/1368/1368
f 1369/1369/1369 1370/1370/1370 1371/1371/1371
f 1372/1372/1372 1373/1373/1373 1374/1374/1374
f 1375/1375/1375 1376/1376/1376 1377/1377/1377
f 1378/1378/1378 1379/1379/1379 1380/1380/1380
f 1381/1381/1381 1382/1382/1382 1383/1383/1383
f 1384/1384/1384 1385/1385/1385 1386/1386/1386
f 1387/1387/1387 1388/1388/1388 1389/1389/1389
f 1390/1390/1390 1391/1391/1391 1392/1392/1392
f 1393/1393/1393 1394/1394/1394 1395/1395/1395
f 1396/1396/1396 1397/1397/1397 1398/1398/1398
f 1399/1399/1399 1400/1400/1400 1401/1401/1401
f 1402/1402/1402 1403/1403/1403 1404/1404/1404
f 1405/1405/1405 1406/1406/1406 1407/1407/1407
f 1408/1408/1408 1409/1409/1409 1410/1410/1410
f 1411/1411/1411 1412/1412/1412 1413/1413/1413
f 1414/1414/1414 1415/1415/1415 1416/1416/1416
f 1417/1417/1417 1418/1418/1418 1419/1419/1419
f 1420/1420/1420 1421/1421/1421 1422/1422/1422
f 1423/1423/1423 1424/1424/1424 1425/1425/1425
f 1426/1426/1426 1427/1427/1427 1428/1428/1428
f 1429/1429/1429 1430/1430/1430 1431/1431/1431
f 1432/1432/1432 1433/1433/1433 1434/1434/1434
f 1435/1435/1435 1436/1436/1436 1437/1437/1437
f 1438/1438/1438 1439/1439/1439 1440/1440/1440
f 1441/1441/1441 1442/1442/1442 1443/1443/1443
f 1444/1444/1444 1445/1445/1445 1446/1446/1446
f 1447/1447/1447 1448/1448/1448 1449/1449/1449
f 1450/1450/1450 1451/1451/1451 1452/1452/1452
f 1453/1453/1453 1454/1454/1454 1455/1455/1455
f 1456/1456/1456 1457/1457/1457 1458/1458/1458
f 1459/1459/1459 1460/1460/1460 1461/1461/1461
f 1462/1462/1462 1463/1463/1463 1464/1464/1464
f 1465/1465/1465 1466/1466/1466 1467/1467/1467
f 1468/1468/1468 1469/1469/1469 1470/1470/1470
f 1471/1471/1471 1472/1472/1472 1473/1473/1473
f 1474/1474/1474 1475/1475/1475 1476/1476/1476
f 1477/1477/1477 1478/1478/1478 1479/1479/1479
f 1480/1480/1480 1481/1481/1481 1482/1482/1482
f 1483/1483/1483 1484/1484/1484 1485/1485/1485
f 1486/1486/1486 1487/1487/1487 1488/1488/1488
f 1489/1489/1489 1490/1490/1490 1491/1491/1491
f 1492/1492/1492 1493/1493/1493 1494/1494/1494
f 1495/1495/1495 1496/1496/1496 1497/1497/1497
f 1498/1498/1498 1499/1499/1499 1500/1500/1500
f 1501/1501/1501 1502/1502/1502 1503/1503/1503
f 1504/1504/1504 1505/1505/1505 1506/1506/1506
f 1507/1507/1507 1508/1508/1508 1509/1509/1509
f 1510/1510/1510 1511/1511/1511 1512/1512/1512
f 1513/1513/1513 1514/1514/1514 1515/1515/1515
f 1516/1516/1516 1517/1517/1517 1518/1518/1518
f 1519/1519/1519 1520/1520/1520 1521/1521/1521
f 1522/1522/1522 1523/1523/1523 1524/1524/1524
f 1525/1525/1525 1526/1526/1526 1527/1527/1527
f 1528/1528/1528 1529/1529/1529 1530/1530/1530
f 1531/1531/1531 1532/1532/1532 1533/1533/1533
f 1534/1534/1534 1535/1535/1535 1536/1536/1536
f 1537/1537/1537 1538/1538/1538 1539/1539/1539
f 1540/1540/1540 1541/1541/1541 1542/1542/1542
f 1543/1543/1543 1544/1544/1544 1545/1545/1545
f 1546/1546/1546 1547/1547/1547 1548/1548/1548
f 1549/1549/1549 1550/1550/1550 1551/1551/1551
f 1552/1552/1552 1553/1553/1553 1554/1554/1554
f 1555/1555/1555 1556/1556/1556 1557/1557/1557
f 1558/1558/1558 1559/1559/1559 1560/1560/1560
f 1561/1561/1561 1562/1562/1562 1563/1563/1563
f 1564/1564/1564 1565/1565/1565 1566/1566/1566
f 1567/1567/1567 1568/1568/1568 1569/1569/1569
f 1570/1570/1570 1571/1571/1571 1572/1572/1572
f 1573/1573/1573 1574/1574/1574 1575/1575/1575
f 1576/1576/1576 1577/1577/1577 1578/1578/1578
f 1579/1579/1579 1580/1580/1580 1581/1581/1581
f 1582/1582/1582 1583/1583/1583 1584/1584/1584
f 1585/1585/1585 1586/1586/1586 1587/1587/1587
f 1588/1588/1588 1589/1589/1589 1590/1590/1590
f 1591/1591/1591 1592/1592/1592 1593/1593/1593
f 1594/1594/1594 1595/1595/1595 1596/1596/1596
f 1597/1597/1597 1598/1598/1598 1599/1599/1599
f 1600/1600/1600 1601/1601/1601 1602/1602/1602
f 1603/1603/1603 1604/1604/1604 1605/1605/1605
f 1606/1606/1606 1607/1607/1607 1608/1608/1608
f 1609/1609/1609 1610/1610/1610 1611/1611/1611
f 1612/1612/1612 1613/1613/1613 1614/1614/1614
f 1615/1615/1615 1616/1616/1616 1617/1617/1617
f 1618/1618/1618 1619/1619/1619 1620/1620/1620
f 1621/1621/1621 1622/1622/1622 1623/1623/1623
f 1624/1624/1624 1625/1625/1625 1626/1626/1626
f 1627/1627/1627 1628/1628/1628 1629/1629/1629
f 1630/1630/1630 1631/1631/1631 1632/1632/1632
f 1633/1633/1633 1634/1634/1634 1635/1635/1635
f 1636/1636/1636 1637/1637/1637 1638/1638/1638
f 1639/1639/1639 1640/1640/1640 1641/1641/1641
f 1642/1642/1642 1643/1643/1643 1644/1644/1644
f 1645/1645/1645 1646/1646/1646 1647/1647/1647
f 1648/1648/1648 1649/1649/1649 1650/1650/1650
f 1651/1651/1651 1652/1652/1652 1653/1653/1653
f 1654/1654/1654 1655/1655/1655 1656/1656/1656
f 1657/1657/1657 1658/1658/1658 1659/1659/1659
f 1660/1660/1660 1661/1661/1661 1662/1662/1662
f 1663/1663/1663 1664/1664/1664 1665/1665/1665
f 1666/1666/1666 1667/1667/1667 1668/1668/1668
f 1669/1669/1669 1670/1670/1670 1671/1671/1671
f 1672/1672/1672 1673/1673/1673 1674/1674/1674
f 1675/1675/1675 1676/1676/1676 1677/1677/1677
f 1678/1678/1678 1679/1679/1679 1680/1680/1680
f 1681/1681/1681 1682/1682/1682 1683/1683/1683
f 1684/1684/1684 1685/1685/1685 1686/1686/1686
f 1687/1687/1687 1688/1688/1688 1689/1689/1689
f 1690/1690/1690 1691/1691/1691 1692/1692/1692
f 1693/1693/1693 1694/1694/1694 1695/1695/1695
f 1696/1696/1696 1697/1697/1697 1698/1698/1698
f 1699/1699/1699 1700/1700/1700 1701/1701/1701
f 1702/1702/1702 1703/1703/1703 1704/1704/1704
f 1705/1705/1705 1706/1706/1706 1707/1707/1707
f 1708/1708/1708 1709/1709/1709 1710/1710/1710
f 1711/1711/1711 1712/1712/1712 1713/1713/1713
f 1714/1714/1714 1715/1715/1715 1716/1716/1716
f 1717/1717/1717 1718/1718/1718 1719/1719/1719
f 1720/1720/1720 1721/1721/1721 1722/1722/1722
f 1723/1723/1723 1724/1724/1724 1725/1725/1725
f 1726/1726/1726 1727/1727/1727 1728/1728/1728
f 1729/1729/1729 1730/1730/1730 1731/1731/1731
f 1732/1732/1732 1733/1733/1733 1734/1734/1734
f 1735/1735/1735 1736/1736/1736 1737/1737/1737
f 1738/1738/1738 1739/1739/1739 1740/1740/1740
f 1741/1741/1741 1742/1742/1742 1743/1743/1743
f 1744/1744/1744 1745/1745/1745 1746/1746/1746
f 1747/1747/1747 1748/1748/1748 1749/1749/1749
f 1750/1750/1750 1751/1751/1751 1752/1752/1752
f 1753/1753/1753 1754/1754/1754 1755/1755/1755
f 1756/1756/1756 1757/1757/1757 1758/1758/1758
f 1759/1759/1759 1760/1760/1760 1761/1761/1761
f 1762/1762/1762 1763/1763/1763 1764/1764/1764
f 1765/1765/1765 1766/1766/1766 1767/1767/1767
f 1768/1768/1768 1769/1769/1769 1770/1770/1770
f 1771/1771/1771 1772/1772/1772 1773/1773/1773
f 1774/1774/1774 1775/1775/1775 1776/1776/1776
f 1777/1777/1777 1778/1778/1778 1779/1779/1779
f 1780/1780/1780 1781/1781/1781 1782/1782/1782
f 1783/1783/1783 1784/1784/1784 1785/1785/1785
f 1786/1786/1786 1787/1787/1787 1788/1788/1788
f 1789/1789/1789 1790/1790/1790 1791/1791/1791
f 1792/1792/1792 1793/1793/1793 1794/1794/1794
f 1795/1795/1795 1796/1796/1796 1797/1797/1797
f 1798/1798/1798 1799/1799/1799 1800/1800/1800
f 1801/1801/1801 1802/1802/1802 1803/1803/1803
f 1804/1804/1804 1805/1805/1805 1806/1806/1806
f 1807/1807/1807 1808/1808/1808 1809/1809/1809
f 1810/1810/1810 1811/1811/1811 1812/1812/1812
f 1813/1813/1813 1814/1814/1814 1815/1815/1815
f 1816/1816/1816 1817/1817/1817 1818/1818/1818
f 1819/1819/1819 1820/1820/1820 1821/1821/1821
f 1822/1822/1822 1823/1823/1823 1824/1824/1824
f 1825/1825/1825 1826/1826/1826 1827/1827/1827
f 1828/1828/1828 1829/1829/1829 1830/1830/1830
f 1831/1831/1831 1832/1832/1832 1833/1833/1833
f 1834/1834/1834 1835/1835/1835 1836/1836/1836
f 1837/1837/1837 1838/1838/1838 1839/1839/1839
f 1840/1840/1840 1841/1841/1841 1842/1842/1842
f 1843/1843/1843 1844/1844/1844 1845/1845/1845
f 1846/1846/1846 1847/1847/1847 1848/1848/1848
f 1849/1849/1849 1850/1850/1850 1851/1851/1851
f 1852/1852/1852 1853/1853/1853 1854/1854/1854
f 1855/1855/1855 1856/1856/1856 1857/1857/1857
f 1858/1858/1858 1859/1859/1859 1860/1860/1860
f 1861/1861/1861 1862/1862/1862 1863/1863/1863
f 1864/1864/1864 1865/1865/1865 1866/1866/1866
f 1867/1867/1867 1868/1868/1868 1869/1869/1869
f 1870/1870/1870 1871/1871/1871 1872/1872/1872
f 1873/1873/1873 1874/1874/1874 1875/1875/1875
f 1876/1876/1876 1877/1877/1877 1878/1878/1878
f 1879/1879/1879 1880/1880/1880 1881/1881/1881
f 1882/1882/1882 1883/1883/1883 1884/1884/1884
f 1885/1885/1885 1886/1886/1886 1887/1887/1887
f 1888/1888/1888 1889/1889/1889 1890/1890/1890
f 1891/1891/1891 1892/1892/1892 1893/1893/1893
f 1894/1894/1894 1895/1895/1895 1896/1896/1896
f 1897/1897/1897 1898/1898/1898 1899/1899/1899
f 1900/1900/1900 1901/1901/1901 1902/1902/1902
f 1903/1903/1903 1904/1904/1904 1905/1905/1905
f 1906/1906/1906 1907/1907/1907 1908/1908/1908
f 1909/1909/1909 1910/1910/1910 1911/1911/1911
f 1912/1912/1912 1913/1913/1913 1914/1914/1914
f 1915/1915/1915 1916/1916/1916 1917/1917/1917
f 1918/1918/1918 1919/1919/1919 1920/1920/1920
f 1921/1921/1921 1922/1922/1922 1923/1923/1923
f 1924/1924/1924 1925/1925/1925 1926/1926/1926
f 1927/1927/1927 1928/1928/1928 1929/1929/1929
f 1930/1930/1930 1931/1931/1931 1932/1932/1932
f 1933/1933/1933 1934/1934/1934 1935/1935/1935
f 1936/1936/1936 1937/1937/1937 1938/1938/1938
f 1939/1939/1939 1940/1940/1940 1941/1941/1941
f 1942/1942/1942 1943/1943/1943 1944/1944/1944
f 1945/1945/1945 1946/1946/1946 1947/1947/1947
f 1948/1948/1948 1949/1949/1949 1950/1950/1950
f 1951/1951/1951 1952/1952/1952 1953/1953/1953
f 1954/1954/1954 1955/1955/1955 1956/1956/1956
f 1957/1957/1957 1958/1958/1958 1959/1959/1959
f 1960/1960/1960 1961/1961/1961 1962/1962/1962
f 1963/1963/1963 1964/1964/1964 1965/1965/1965
f 1966/1966/1966 1967/1967/1967 1968/1968/1968
f 1969/1969/1969 1970/1970/1970 1971/1971/1971
f 1972/1972/1972 1973/1973/1973 1974/1974/1974
f 1975/1975/1975 1976/1976/1976 1977/1977/1977
f 1978/1978/1978 1979/1979/1979 1980/1980/1980
f 1981/1981/1981 1982/1982/1982 1983/1983/1983
f 1984/1984/1984 1985/1985/1985 1986/1986/1986
f 1987/1987/1987 1988/1988/1988 1989/1989/1989
f 1990/1990/1990 1991/1991/1991 1992/1992/1992
f 1993/1993/1993 1994/1994/1994 1995/1995/1995
f 1996/1996/1996 1997/1997/1997 1998/1998/1998
f 1999/1999/1999 2000/2000/2000 2001/2001/2001
f 2002/2002/2002 2003/2003/2003 2004/2004/2004
f 2005/2005/2005 2006/2006/2006 2007/2007/2007
f 2008/2008/2008 2009/2009/2009 2010/2010/2010
f 2011/2011/2011 2012/2012/2012 2013/2013/2013
f 2014/2014/2014 2015/2015/2015 2016/2016/2016
f 2017/2017/2017 2018/2018/2018 2019/2019/2019
f 2020/2020/2020 2021/2021/2021 2022/2022/2022
f 2023/2023/2023 2024/2024/2024 2025/2025/2025
f 2026/2026/2026 2027/2027/2027 2028/2028/2028
f 2029/2029/2029 2030/2030/2030 2031/2031/2031
f 2032/2032/2032 2033/2033/2033 2034/2034/2034
f 2035/2035/2035 2036/2036/2036 2037/2037/2037
f 2038/2038/2038 2039/2039/2039 2040/2040/2040
f 2041/2041/2041 2042/2042/2042 2043/2043/2043
f 2044/2044/2044 2045/2045/2045 2046/2046/2046
f 2047/2047/2047 2048/2048/2048 2049/2049/2049
f 2050/2050/2050 2051/2051/2051 2052/2052/2052
f 2053/2053/2053 2054/2054/2054 2055/2055/2055
f 2056/2056/2056 2057/2057/2057 2058/2058/2058
f 2059/2059/2059 2060/2060/2060 2061/2061/2061
f 2062/2062/2062 2063/2063/2063 2064/2064/2064
f 2065/2065/2065 2066/2066/2066 2067/2067/2067
f 2068/2068/2068 2069/2069/2069 2070/2070/2070
f 2071/2071/2071 2072/2072/2072 2073/2073/2073
f 2074/2074/2074 2075/2075/2075 2076/2076/2076
f 2077/2077/2077 2078/2078/2078 2079/2079/2079
f 2080/2080/2080 2081/2081/2081 2082/2082/2082
f 2083/2083/2083 2084/2084/2084 2085/2085/2085
f 2086/2086/2086 2087/2087/2087 2088/2088/2088
f 2089/2089/2089 2090/2090/2090 2091/2091/2091
f 2092/2092/2092 2093/2093/2093 2094/2094/2094
f 2095/2095/2095 2096/2096/2096 2097/2097/2097
f 2098/2098/2098 2099/2099/2099 2100/2100/2100
f 2101/2101/2101 2102/2102/2102 2103/2103/2103
f 2104/2104/2104 2105/2105/2105 2106/2106/2106
f 2107/2107/2107 2108/2108/2108 2109/2109/2109
