# STALKER Armor full-body set (mannequin space, see steve.obj)
o chest
v -0.98827 2.84264 0.72088
v -1.01204 6.01164 0.75271
v -0.98827 2.84264 -0.88230
v -1.00974 6.03323 -0.91413
v 0.00587 2.84264 0.72088
v 0.00484 5.94299 0.67079
v 0.00587 2.84264 -0.88230
v 0.00484 5.94299 -0.83221
v 0.00441 4.12854 0.89281
v -0.95721 3.74654 0.67079
v -1.05693 3.84791 -0.98537
v -0.00064 4.12854 -0.98537
v -0.51754 6.01568 -0.91413
v 0.00141 5.52873 -0.91413
v -0.47619 5.94299 0.67079
v -0.38237 5.57955 0.79941
v -0.34345 5.52839 -0.91413
v 0.00484 5.65520 0.67079
v 0.00484 3.98858 0.67079
v 0.00484 5.54732 -0.83221
v 0.00484 3.98858 -0.83221
v -0.95721 3.74654 -0.83221
v -1.05693 3.84791 0.82395
v -0.55416 5.98055 0.75271
v -0.33482 5.65520 0.67079
v -0.47619 5.94299 -0.83221
v -0.33482 5.54732 -0.83221
v -1.19093 4.93574 0.75271
v -1.19093 4.93574 -0.91413
v 0.00587 3.11257 0.72088
v -0.95721 3.15219 -0.83221
v -0.98827 3.11257 0.72088
v 0.00587 3.11257 -0.88230
v -0.95721 2.80302 -0.83221
v -0.95721 2.80302 0.67079
v 0.00484 2.80302 -0.83221
v 0.00484 3.15219 -0.83221
v 0.00484 3.15219 0.67079
v 0.00484 2.80302 0.67079
v -0.95721 3.15219 0.67079
v -0.98827 3.11257 -0.88230
v -0.53400 5.52847 -0.91413
v -0.53416 4.25414 -0.96962
v -0.52153 5.53408 -1.02752
v -0.53539 4.25312 -1.08313
v -0.53432 6.07255 -0.88950
v -0.53513 6.07816 -0.94856
v 0.00305 3.69690 -1.00289
v -0.53122 3.69763 -0.99292
v 0.00264 3.69594 -1.06708
v -0.53245 3.69661 -1.05711
v -0.53424 5.93640 -0.89556
v -0.53522 5.94224 -0.96810
v -0.92775 5.80959 -1.02542
v -0.93275 5.80692 -0.91203
v -0.54883 5.94693 -0.89433
v -0.54437 5.94935 -0.96743
v -0.66978 5.14062 -1.03799
v -0.68224 5.13501 -0.92460
v -0.83932 5.13445 -1.03938
v -0.84431 5.13177 -0.92599
v -0.51802 4.87206 -1.03461
v -0.53048 4.86645 -0.92123
v -0.68756 4.94150 -1.04905
v -0.69256 4.93882 -0.93566
v -0.56548 4.65317 -0.95369
v -0.80284 4.65317 -0.95796
v -0.80284 4.11949 -0.97530
v -0.56544 4.11949 -0.97747
v -0.48079 3.35280 -1.13141
v 0.00446 3.36094 -1.19147
v 0.00446 3.32958 -1.18838
v -0.48079 3.31490 -1.12064
v 0.00446 3.29943 -1.17923
v 0.00446 3.27165 -1.16438
v -0.48079 3.28400 -1.09618
v 0.00446 3.24729 -1.14439
v 0.00446 3.22731 -1.12004
v -0.48079 3.26482 -1.06176
v 0.00446 3.21245 -1.09225
v 0.00446 3.20331 -1.06210
v -0.48079 3.26027 -1.02261
v 0.00446 3.20022 -1.03075
v 0.00446 3.20331 -0.99940
v -0.48079 3.27105 -0.98471
v 0.00446 3.21245 -0.96925
v 0.00446 3.22731 -0.94146
v -0.48079 3.28983 -0.95964
v 0.00446 3.24729 -0.91710
v -0.48079 3.31177 -0.94253
v 0.00446 3.27165 -0.89712
v 0.00446 3.29943 -0.88226
v -0.48079 3.34928 -0.93043
v 0.00446 3.32958 -0.87312
v 0.00446 3.36094 -0.87003
v -0.48079 3.38856 -0.93361
v 0.00446 3.39229 -0.87312
v 0.00446 3.42244 -0.88226
v -0.48079 3.42363 -0.95157
v 0.00446 3.45023 -0.89712
v 0.00446 3.47458 -0.91710
v -0.48079 3.44916 -0.98159
v 0.00446 3.49457 -0.94146
v 0.00446 3.50942 -0.96925
v -0.48079 3.45956 -1.01113
v 0.00446 3.51857 -0.99940
v -0.48079 3.46160 -1.03889
v 0.00446 3.52166 -1.03075
v 0.00446 3.51857 -1.06210
v -0.48079 3.45384 -1.06923
v 0.00446 3.50942 -1.09225
v -0.48079 3.44012 -1.09344
v 0.00446 3.49457 -1.12004
v 0.00446 3.47458 -1.14439
v -0.48079 3.41010 -1.11897
v 0.00446 3.45023 -1.16438
v 0.00446 3.42244 -1.17923
v -0.48079 3.38056 -1.12938
v 0.00446 3.39229 -1.18838
v -0.48079 3.36094 -1.19147
v -0.48079 3.32958 -1.18838
v -0.48079 3.29943 -1.17923
v -0.48079 3.27165 -1.16438
v -0.48079 3.24729 -1.14439
v -0.48079 3.22731 -1.12004
v -0.48079 3.21245 -1.09225
v -0.48079 3.20331 -1.06210
v -0.48079 3.20022 -1.03075
v -0.48079 3.20331 -0.99940
v -0.48079 3.21245 -0.96925
v -0.48079 3.22731 -0.94146
v -0.48079 3.24729 -0.91710
v -0.48079 3.27165 -0.89712
v -0.48079 3.29943 -0.88226
v -0.48079 3.32958 -0.87312
v -0.48079 3.36094 -0.87003
v -0.48079 3.39229 -0.87312
v -0.48079 3.42244 -0.88226
v -0.48079 3.45023 -0.89712
v -0.48079 3.47458 -0.91710
v -0.48079 3.49457 -0.94146
v -0.48079 3.50942 -0.96925
v -0.48079 3.51857 -0.99940
v -0.48079 3.52166 -1.03075
v -0.48079 3.51857 -1.06210
v -0.48079 3.50942 -1.09225
v -0.48079 3.49457 -1.12004
v -0.48079 3.47458 -1.14439
v -0.48079 3.45023 -1.16438
v -0.48079 3.42244 -1.17923
v -0.48079 3.39229 -1.18838
v -0.84215 3.32993 -1.12687
v -0.84215 3.29551 -1.10768
v -0.84215 3.27733 -1.08662
v -0.84215 3.26379 -1.05837
v -0.84215 3.26062 -1.01909
v -0.84215 3.27272 -0.98159
v -0.84215 3.29825 -0.95157
v -0.84215 3.33332 -0.93361
v -0.84215 3.36094 -0.93019
v -0.84215 3.39194 -0.93463
v -0.84215 3.42637 -0.95382
v -0.84215 3.45083 -0.98471
v -0.84215 3.46160 -1.02261
v -0.84215 3.45705 -1.06176
v -0.84215 3.43787 -1.09618
v -0.84215 3.40698 -1.12064
v -0.84215 3.36907 -1.13141
v -0.84215 3.35131 -1.14983
v -0.84215 3.30648 -1.13708
v -0.84215 3.26993 -1.10815
v -0.84215 3.24724 -1.06743
v -0.84215 3.24185 -1.02113
v -0.84215 3.25460 -0.97629
v -0.84215 3.28354 -0.93974
v -0.84215 3.32426 -0.91705
v -0.84215 3.37056 -0.91167
v -0.84215 3.41540 -0.92441
v -0.84215 3.45195 -0.95335
v -0.84215 3.47464 -0.99407
v -0.84215 3.47989 -1.03075
v -0.84215 3.47586 -1.06342
v -0.84215 3.45460 -1.10491
v -0.84215 3.41910 -1.13511
v -0.84215 3.38414 -1.14742
v -0.97008 3.33773 -1.14742
v -0.97008 3.30278 -1.13511
v -0.97008 3.26727 -1.10491
v -0.97008 3.24602 -1.06342
v -0.97008 3.24227 -1.01696
v -0.97008 3.25658 -0.97259
v -0.97008 3.28678 -0.93708
v -0.97008 3.32827 -0.91583
v -0.97008 3.37473 -0.91208
v -0.97008 3.41910 -0.92639
v -0.97008 3.45461 -0.95659
v -0.97008 3.47586 -0.99808
v -0.97008 3.47989 -1.03075
v -0.97008 3.47464 -1.06743
v -0.97008 3.45195 -1.10815
v -0.97008 3.41540 -1.13708
v -0.97008 3.37056 -1.14983
v 0.00319 3.25552 -1.12994
v 0.00319 3.70137 -1.25310
v -0.07399 3.69017 -1.28086
v -0.10550 3.65839 -1.34341
v 0.00319 4.18001 -1.47377
v 0.00319 4.69572 -0.88650
v -0.07439 4.80879 -0.98168
v -0.07433 3.62798 -1.40658
v 0.00319 3.61653 -1.43434
v -0.10504 4.76253 -0.94274
v -0.07408 4.71572 -0.90334
v 0.00319 3.29331 -0.91899
v -0.07387 3.28772 -0.95019
v -0.10529 3.27444 -1.02433
v -0.07378 3.26111 -1.09872
v -0.10579 4.17393 -1.36533
v -0.07316 4.16901 -1.28874
v -0.07281 4.17819 -1.44311
v 0.00319 4.82876 -0.99849
v -0.10535 3.85093 -1.35187
v 0.00319 4.16667 -1.25816
v 0.98827 2.84264 0.72088
v 1.01204 6.01164 0.75271
v 0.98827 2.84264 -0.88230
v 1.00974 6.03323 -0.91413
v -0.00587 2.84264 0.72088
v -0.00484 5.94299 0.67079
v -0.00587 2.84264 -0.88230
v -0.00484 5.94299 -0.83221
v -0.00441 4.12854 0.89281
v 0.95721 3.74654 0.67079
v 1.05693 3.84791 -0.98537
v 0.00064 4.12854 -0.98537
v 0.00000 5.57991 0.82157
v 0.51754 6.01568 -0.91413
v -0.00141 5.52873 -0.91413
v 0.47619 5.94299 0.67079
v 0.38237 5.57955 0.79941
v 0.34345 5.52839 -0.91413
v -0.00484 5.65520 0.67079
v -0.00484 3.98858 0.67079
v -0.00484 5.54732 -0.83221
v -0.00484 3.98858 -0.83221
v 0.95721 3.74654 -0.83221
v 1.05693 3.84791 0.82395
v 0.55416 5.98055 0.75271
v 0.33482 5.65520 0.67079
v 0.47619 5.94299 -0.83221
v 0.33482 5.54732 -0.83221
v 1.19093 4.93574 0.75271
v 1.19093 4.93574 -0.91413
v -0.00587 3.11257 0.72088
v 0.95721 3.15219 -0.83221
v 0.98827 3.11257 0.72088
v -0.00587 3.11257 -0.88230
v 0.95721 2.80302 -0.83221
v 0.95721 2.80302 0.67079
v -0.00484 2.80302 -0.83221
v -0.00484 3.15219 -0.83221
v -0.00484 3.15219 0.67079
v -0.00484 2.80302 0.67079
v 0.95721 3.15219 0.67079
v 0.98827 3.11257 -0.88230
v 0.53400 5.52847 -0.91413
v 0.00000 4.25341 -0.97958
v 0.53416 4.25414 -0.96962
v 0.52153 5.53408 -1.02752
v 0.00000 5.53434 -1.02752
v 0.00000 4.25245 -1.09311
v 0.53539 4.25312 -1.08313
v 0.53432 6.07255 -0.88950
v 0.00000 6.08284 -0.88949
v 0.53513 6.07816 -0.94856
v 0.00000 6.08845 -0.94856
v -0.00305 3.69690 -1.00289
v 0.53122 3.69763 -0.99292
v -0.00264 3.69594 -1.06708
v 0.53245 3.69661 -1.05711
v 0.53424 5.93636 -0.89510
v 0.53535 5.94276 -0.96788
v 0.92775 5.80959 -1.02542
v 0.93274 5.80684 -0.91187
v 0.54444 5.94934 -0.96652
v 0.54938 5.94671 -0.89356
v 0.66978 5.14062 -1.03799
v 0.68224 5.13501 -0.92460
v 0.83932 5.13445 -1.03938
v 0.84431 5.13177 -0.92599
v 0.51802 4.87206 -1.03461
v 0.53048 4.86645 -0.92123
v 0.68756 4.94150 -1.04905
v 0.69256 4.93882 -0.93566
v 0.56548 4.65317 -0.95369
v 0.80284 4.65317 -0.95796
v 0.80284 4.11949 -0.97530
v 0.56544 4.11949 -0.97747
v 0.48079 3.35280 -1.13141
v -0.00446 3.36094 -1.19147
v -0.00446 3.32958 -1.18838
v 0.48079 3.31490 -1.12064
v -0.00446 3.29943 -1.17923
v -0.00446 3.27165 -1.16438
v 0.48079 3.28400 -1.09618
v -0.00446 3.24729 -1.14439
v -0.00446 3.22731 -1.12004
v 0.48079 3.26482 -1.06176
v -0.00446 3.21245 -1.09225
v -0.00446 3.20331 -1.06210
v 0.48079 3.26038 -1.03075
v -0.00446 3.20022 -1.03075
v 0.48079 3.26379 -1.00313
v -0.00446 3.20331 -0.99940
v -0.00446 3.21245 -0.96925
v 0.48079 3.27733 -0.97488
v -0.00446 3.22731 -0.94146
v 0.48079 3.29551 -0.95382
v -0.00446 3.24729 -0.91710
v -0.00446 3.27165 -0.89712
v 0.48079 3.32993 -0.93463
v -0.00446 3.29943 -0.88226
v -0.00446 3.32958 -0.87312
v 0.48079 3.36094 -0.93019
v -0.00446 3.36094 -0.87003
v 0.48079 3.38856 -0.93361
v -0.00446 3.39229 -0.87312
v -0.00446 3.42244 -0.88226
v 0.48079 3.42363 -0.95157
v -0.00446 3.45023 -0.89712
v -0.00446 3.47458 -0.91710
v 0.48079 3.44916 -0.98159
v -0.00446 3.49457 -0.94146
v -0.00446 3.50942 -0.96925
v 0.48079 3.45956 -1.01113
v -0.00446 3.51857 -0.99940
v 0.48079 3.46160 -1.03889
v -0.00446 3.52166 -1.03075
v -0.00446 3.51857 -1.06210
v 0.48079 3.45384 -1.06923
v -0.00446 3.50942 -1.09225
v 0.48079 3.44012 -1.09344
v -0.00446 3.49457 -1.12004
v -0.00446 3.47458 -1.14439
v 0.48079 3.41010 -1.11897
v -0.00446 3.45023 -1.16438
v -0.00446 3.42244 -1.17923
v 0.48079 3.38056 -1.12938
v -0.00446 3.39229 -1.18838
v 0.48079 3.36094 -1.19147
v 0.48079 3.32958 -1.18838
v 0.48079 3.29943 -1.17923
v 0.48079 3.27165 -1.16438
v 0.48079 3.24729 -1.14439
v 0.48079 3.22731 -1.12004
v 0.48079 3.21245 -1.09225
v 0.48079 3.20331 -1.06210
v 0.48079 3.20022 -1.03075
v 0.48079 3.20331 -0.99940
v 0.48079 3.21245 -0.96925
v 0.48079 3.22731 -0.94146
v 0.48079 3.24729 -0.91710
v 0.48079 3.27165 -0.89712
v 0.48079 3.29943 -0.88226
v 0.48079 3.32958 -0.87312
v 0.48079 3.36094 -0.87003
v 0.48079 3.39229 -0.87312
v 0.48079 3.42244 -0.88226
v 0.48079 3.45023 -0.89712
v 0.48079 3.47458 -0.91710
v 0.48079 3.49457 -0.94146
v 0.48079 3.50942 -0.96925
v 0.48079 3.51857 -0.99940
v 0.48079 3.52166 -1.03075
v 0.48079 3.51857 -1.06210
v 0.48079 3.50942 -1.09225
v 0.48079 3.49457 -1.12004
v 0.48079 3.47458 -1.14439
v 0.48079 3.45023 -1.16438
v 0.48079 3.42244 -1.17923
v 0.48079 3.39229 -1.18838
v 0.84215 3.32993 -1.12687
v 0.84215 3.29551 -1.10768
v 0.84215 3.27105 -1.07679
v 0.84215 3.26027 -1.03888
v 0.84215 3.26482 -0.99974
v 0.84215 3.27733 -0.97488
v 0.84215 3.29825 -0.95157
v 0.84215 3.33332 -0.93361
v 0.84215 3.36094 -0.93019
v 0.84215 3.39194 -0.93463
v 0.84215 3.42637 -0.95382
v 0.84215 3.45083 -0.98471
v 0.84215 3.45956 -1.01113
v 0.84215 3.46126 -1.04241
v 0.84215 3.45384 -1.06923
v 0.84215 3.43787 -1.09618
v 0.84215 3.40698 -1.12064
v 0.84215 3.36907 -1.13141
v 0.84215 3.33773 -1.14742
v 0.84215 3.30648 -1.13708
v 0.84215 3.26993 -1.10815
v 0.84215 3.24724 -1.06743
v 0.84215 3.24198 -1.03075
v 0.84215 3.24602 -0.99808
v 0.84215 3.26203 -0.96466
v 0.84215 3.28354 -0.93974
v 0.84215 3.31542 -0.92085
v 0.84215 3.34714 -0.91208
v 0.84215 3.38415 -0.91408
v 0.84215 3.41540 -0.92441
v 0.84215 3.45195 -0.95335
v 0.84215 3.47464 -0.99407
v 0.84215 3.47989 -1.03075
v 0.84215 3.47586 -1.06342
v 0.84215 3.45460 -1.10491
v 0.84215 3.41910 -1.13511
v 0.84215 3.37473 -1.14942
v 0.97008 3.33773 -1.14742
v 0.97008 3.30278 -1.13511
v 0.97008 3.26727 -1.10491
v 0.97008 3.25104 -1.07627
v 0.97008 3.24185 -1.04037
v 0.97008 3.24724 -0.99407
v 0.97008 3.26203 -0.96466
v 0.97008 3.28678 -0.93708
v 0.97008 3.32827 -0.91583
v 0.97008 3.37473 -0.91208
v 0.97008 3.41910 -0.92639
v 0.97008 3.45461 -0.95659
v 0.97008 3.47586 -0.99808
v 0.97008 3.47989 -1.03075
v 0.97008 3.47464 -1.06743
v 0.97008 3.45195 -1.10815
v 0.97008 3.41540 -1.13708
v 0.97008 3.37056 -1.14983
v -0.00319 3.25552 -1.12994
v -0.00319 3.70129 -1.25304
v 0.07399 3.69017 -1.28086
v 0.10550 3.65839 -1.34341
v 0.07352 3.62756 -1.40691
v -0.00319 4.18009 -1.47371
v -0.00319 4.69568 -0.88647
v 0.07426 4.80881 -0.98170
v 0.07377 3.82868 -1.41985
v 0.10509 4.76242 -0.94265
v -0.00319 4.16673 -1.25816
v 0.07403 4.71562 -0.90326
v -0.00319 3.29331 -0.91899
v 0.07387 3.28772 -0.95019
v 0.10529 3.27444 -1.02433
v 0.07378 3.26111 -1.09872
v 0.10571 4.17334 -1.36577
v 0.07322 4.16859 -1.28908
v -0.00319 3.61607 -1.43396
v 0.07302 4.17798 -1.44311
v -0.00319 4.82865 -0.99840
v 0.10535 3.85093 -1.35187
vt 0.15927 0.02951
vt 0.29731 0.01273
vt 0.29780 0.03837
vt 0.17802 0.04535
vt 0.16351 0.13756
vt 0.16351 0.04519
vt 0.12255 0.10231
vt 0.15459 0.16594
vt 0.12255 0.20981
vt 0.69348 0.63021
vt 0.56373 0.62179
vt 0.69348 0.62179
vt 0.62882 0.62184
vt 0.63988 0.62147
vt 0.63877 0.62704
vt 0.62624 0.62838
vt 0.63660 0.63228
vt 0.63345 0.63699
vt 0.60788 0.63637
vt 0.60825 0.64743
vt 0.60268 0.64633
vt 0.59456 0.62583
vt 0.58556 0.63228
vt 0.58339 0.62704
vt 0.60726 0.60103
vt 0.60268 0.59095
vt 0.60825 0.58984
vt 0.61768 0.60187
vt 0.61948 0.59095
vt 0.62472 0.59312
vt 0.70020 0.62942
vt 0.55610 0.62303
vt 0.70020 0.61839
vt 0.70020 0.64123
vt 0.55610 0.63825
vt 0.69186 0.65082
vt 0.55159 0.64860
vt 0.69186 0.64541
vt 0.70143 0.61445
vt 0.54092 0.60761
vt 0.70143 0.59854
vt 0.55219 0.60921
vt 0.69946 0.61549
vt 0.55219 0.62487
vt 0.55219 0.59582
vt 0.69946 0.60089
vt 0.69946 0.63140
vt 0.55219 0.63605
vt 0.86277 0.02598
vt 0.87410 0.02669
vt 0.87302 0.03587
vt 0.81301 0.07752
vt 0.80281 0.07252
vt 0.80790 0.06735
vt 0.86025 0.01708
vt 0.81193 0.08670
vt 0.85367 0.02158
vt 0.82326 0.08742
vt 0.82578 0.09632
vt 0.83652 0.09264
vt 0.84225 0.09990
vt 0.85077 0.09239
vt 0.85562 0.09824
vt 0.37588 0.70553
vt 0.41935 0.71197
vt 0.37588 0.71655
vt 0.05566 0.14613
vt 0.08481 0.14729
vt 0.08692 0.20978
vt 0.98163 0.15001
vt 0.88372 0.11943
vt 0.99152 0.11985
vt 0.11766 0.05749
vt 0.13310 0.07500
vt 0.95174 0.12638
vt 0.96875 0.14951
vt 0.87282 0.14951
vt 0.07137 0.15337
vt 0.08904 0.14185
vt 0.08900 0.16433
vt 0.97950 0.11747
vt 0.97590 0.15279
vt 0.86637 0.11721
vt 0.54407 0.36150
vt 0.78294 0.44553
vt 0.78294 0.36150
vt 0.89617 0.12094
vt 0.96986 0.15276
vt 0.87360 0.15127
vt 0.99438 0.11669
vt 0.98920 0.15209
vt 0.86564 0.15230
vt 0.91383 0.12602
vt 0.98135 0.14989
vt 0.87662 0.14987
vt 0.34651 0.57773
vt 0.22568 0.60393
vt 0.34797 0.60360
vt 0.29780 0.03837
vt 0.25364 0.83184
vt 0.29728 0.89326
vt 0.29699 0.82275
vt 0.12255 0.10231
vt 0.12255 0.20981
vt 0.15459 0.16594
vt 0.69946 0.61549
vt 0.55219 0.60921
vt 0.55219 0.62487
vt 0.69946 0.60089
vt 0.55219 0.59582
vt 0.69946 0.63140
vt 0.55219 0.63605
vt 0.55159 0.59964
vt 0.69186 0.60514
vt 0.69186 0.59588
vt 0.55159 0.61374
vt 0.69186 0.61682
vt 0.80650 0.05734
vt 0.80050 0.06438
vt 0.80790 0.06735
vt 0.87410 0.02669
vt 0.86277 0.02598
vt 0.87302 0.03587
vt 0.86025 0.01708
vt 0.84950 0.02075
vt 0.81193 0.08670
vt 0.82326 0.08742
vt 0.81301 0.07752
vt 0.84378 0.01350
vt 0.83526 0.02101
vt 0.82578 0.09632
vt 0.83652 0.09264
vt 0.84225 0.09990
vt 0.84661 0.09322
vt 0.85759 0.09019
vt 0.86638 0.09304
vt 0.86629 0.08506
vt 0.37396 0.69428
vt 0.42104 0.69773
vt 0.42104 0.68463
vt 0.37251 0.69031
vt 0.42089 0.69720
vt 0.42089 0.68551
vt 0.37251 0.70750
vt 0.42089 0.71112
vt 0.88372 0.11943
vt 0.98163 0.15001
vt 0.99152 0.11985
vt 0.96875 0.14951
vt 0.97098 0.12638
vt 0.87282 0.14951
vt 0.08692 0.20979
vt 0.05561 0.14612
vt 0.06293 0.22185
vt 0.98290 0.15378
vt 0.92831 0.11739
vt 0.87386 0.15359
vt 0.97590 0.15279
vt 0.97950 0.11747
vt 0.86637 0.11721
vt 0.96986 0.15276
vt 0.89617 0.12094
vt 0.87360 0.15127
vt 0.98920 0.15209
vt 0.99438 0.11669
vt 0.86564 0.15230
vt 0.12320 0.13139
vt 0.14537 0.11787
vt 0.11273 0.11954
vt 0.78404 0.35622
vt 0.65414 0.44854
vt 0.65409 0.35622
vt 0.00387 0.06955
vt 0.05622 0.40745
vt 0.01847 0.40907
vt 0.40693 0.35974
vt 0.57911 0.44647
vt 0.57908 0.35974
vt 0.29614 0.44275
vt 0.24077 0.32962
vt 0.29614 0.32958
vt 0.61001 0.45607
vt 0.59502 0.51733
vt 0.59502 0.45604
vt 0.10819 0.56481
vt 0.28260 0.51752
vt 0.20177 0.56078
vt 0.30061 0.05679
vt 0.14666 0.40356
vt 0.13206 0.06404
vt 0.36046 0.75443
vt 0.20586 0.63855
vt 0.36055 0.63855
vt 0.27653 0.73392
vt 0.00537 0.63108
vt 0.09263 0.81606
vt 0.34340 0.05495
vt 0.32687 0.39581
vt 0.61372 0.45802
vt 0.59149 0.50000
vt 0.59149 0.45799
vt 0.13772 0.76153
vt 0.24749 0.98564
vt 0.22677 0.75115
vt 0.47067 0.80545
vt 0.51327 0.86417
vt 0.47067 0.88875
vt 0.16395 0.45305
vt 0.14571 0.02878
vt 0.22568 0.60393
vt 0.34651 0.57773
vt 0.34797 0.60360
vt 0.16660 0.60944
vt 0.00266 0.64521
vt 0.18354 0.63746
vt 0.36783 0.60228
vt 0.19403 0.60106
vt 0.34977 0.58379
vt 0.05572 0.84654
vt 0.09597 0.83000
vt 0.08681 0.84801
vt 0.11920 0.97927
vt 0.12102 0.91167
vt 0.15033 0.92952
vt 0.11701 0.84453
vt 0.10904 0.98134
vt 0.12945 0.97321
vt 0.02241 0.83915
vt 0.00387 0.88393
vt 0.00387 0.83122
vt 0.53946 0.89827
vt 0.53946 0.86535
vt 0.52101 0.80535
vt 0.19919 0.52043
vt 0.19717 0.59330
vt 0.00265 0.49743
vt 0.00265 0.63197
vt 0.33566 0.58541
vt 0.21044 0.52110
vt 0.33566 0.52110
vt 0.20333 0.59155
vt 0.00586 0.50066
vt 0.20333 0.50121
vt 0.92793 0.71797
vt 0.83616 0.71232
vt 0.93090 0.71232
vt 0.77607 0.78734
vt 0.60992 0.79885
vt 0.60981 0.78748
vt 0.03685 0.05680
vt 0.04163 0.06793
vt 0.05242 0.41894
vt 0.02324 0.42020
vt 0.98215 0.69616
vt 0.81600 0.68502
vt 0.98781 0.68488
vt 0.81814 0.69595
vt 0.98484 0.68485
vt 0.98436 0.69629
vt 0.93559 0.72045
vt 0.83981 0.71538
vt 0.93254 0.71538
vt 0.81841 0.69688
vt 0.98511 0.70842
vt 0.81334 0.70806
vt 0.12132 0.09962
vt 0.00380 0.32222
vt 0.12475 0.32145
vt 0.15504 0.06293
vt 0.14027 0.05028
vt 0.15504 0.04956
vt 0.08243 0.27838
vt 0.06831 0.31028
vt 0.07449 0.27761
vt 0.06836 0.38674
vt 0.08235 0.31160
vt 0.08243 0.38769
vt 0.17934 0.04791
vt 0.16597 0.14010
vt 0.16597 0.04778
vt 0.15806 0.00387
vt 0.35799 0.02798
vt 0.29357 0.72885
vt 0.31146 0.81971
vt 0.29699 0.82275
vt 0.12401 0.02738
vt 0.12391 0.00333
vt 0.00293 0.00185
vt 0.12388 0.41596
vt 0.00293 0.41673
vt 0.36573 0.89781
vt 0.42613 0.80591
vt 0.42613 0.89837
vt 0.09887 0.02684
vt 0.29728 0.89326
vt 0.29864 0.82498
vt 0.18501 0.06365
vt 0.16855 0.12884
vt 0.15936 0.06308
vt 0.21320 0.05206
vt 0.76000 0.87237
vt 0.77586 0.87510
vt 0.75946 0.87401
vt 0.16171 0.13464
vt 0.18734 0.06210
vt 0.18734 0.13550
vt 0.15898 0.20200
vt 0.15490 0.16744
vt 0.12054 0.21347
vt 0.19325 0.16846
vt 0.64867 0.84925
vt 0.67589 0.80663
vt 0.67430 0.84928
vt 0.22256 0.89326
vt 0.25364 0.83184
vt 0.03766 0.04041
vt 0.01460 0.01031
vt 0.04029 0.01180
vt 0.67589 0.87830
vt 0.19667 0.87187
vt 0.21716 0.86571
vt 0.01464 0.06776
vt 0.01200 0.04019
vt 0.21587 0.00442
vt 0.26094 0.09445
vt 0.21351 0.09419
vt 0.19971 0.77294
vt 0.19690 0.58124
vt 0.20297 0.64107
vt 0.56373 0.61353
vt 0.69348 0.61353
vt 0.56373 0.60575
vt 0.69348 0.60575
vt 0.56373 0.59874
vt 0.69348 0.59874
vt 0.56373 0.59279
vt 0.69348 0.59279
vt 0.55174 0.59530
vt 0.69015 0.60277
vt 0.55174 0.60277
vt 0.69015 0.61107
vt 0.55174 0.61107
vt 0.69015 0.61989
vt 0.55174 0.61989
vt 0.69015 0.62887
vt 0.55174 0.62887
vt 0.69015 0.63769
vt 0.55174 0.63769
vt 0.69015 0.64599
vt 0.55174 0.64599
vt 0.69015 0.65346
vt 0.55174 0.65346
vt 0.56206 0.59418
vt 0.69828 0.60044
vt 0.56206 0.60044
vt 0.69828 0.60779
vt 0.56206 0.60779
vt 0.69828 0.61596
vt 0.56206 0.61596
vt 0.69828 0.62464
vt 0.56206 0.62464
vt 0.69828 0.63348
vt 0.56206 0.63348
vt 0.69828 0.64216
vt 0.56206 0.64216
vt 0.69828 0.65033
vt 0.56206 0.65033
vt 0.69828 0.65769
vt 0.56206 0.65769
vt 0.55491 0.59226
vt 0.69595 0.59987
vt 0.55491 0.59987
vt 0.69595 0.60833
vt 0.55491 0.60833
vt 0.69595 0.61732
vt 0.55491 0.61732
vt 0.69595 0.62647
vt 0.55491 0.62647
vt 0.69595 0.63545
vt 0.55491 0.63545
vt 0.69595 0.64392
vt 0.55491 0.64392
vt 0.69595 0.65153
vt 0.55491 0.65153
vt 0.69595 0.65800
vt 0.55491 0.65800
vt 0.69348 0.65922
vt 0.56373 0.65326
vt 0.69348 0.65326
vt 0.56373 0.64626
vt 0.69348 0.64626
vt 0.56373 0.63848
vt 0.69348 0.63848
vt 0.37611 0.68561
vt 0.41421 0.68186
vt 0.41796 0.71996
vt 0.56373 0.63021
vt 0.55610 0.60770
vt 0.63988 0.61580
vt 0.62869 0.61481
vt 0.63877 0.61024
vt 0.62136 0.63344
vt 0.62944 0.64100
vt 0.62472 0.64416
vt 0.61491 0.63624
vt 0.61392 0.64743
vt 0.61948 0.64633
vt 0.60255 0.63460
vt 0.59744 0.64416
vt 0.59273 0.64100
vt 0.58872 0.63699
vt 0.59857 0.63160
vt 0.59307 0.61896
vt 0.58229 0.62147
vt 0.58229 0.61580
vt 0.59432 0.61204
vt 0.58556 0.60499
vt 0.59812 0.60612
vt 0.58339 0.61024
vt 0.59273 0.59627
vt 0.60255 0.60267
vt 0.58872 0.60028
vt 0.59744 0.59312
vt 0.61286 0.60062
vt 0.61392 0.58984
vt 0.62360 0.60567
vt 0.62944 0.59627
vt 0.62705 0.61010
vt 0.63345 0.60028
vt 0.63660 0.60500
vt 0.79982 0.05593
vt 0.80903 0.04332
vt 0.80650 0.05734
vt 0.55159 0.62133
vt 0.69186 0.63487
vt 0.55159 0.63614
vt 0.55610 0.65104
vt 0.69946 0.65583
vt 0.55219 0.64741
vt 0.69946 0.64621
vt 0.54092 0.59555
vt 0.54092 0.61951
vt 0.70143 0.63179
vt 0.54092 0.63333
vt 0.70143 0.64793
vt 0.54092 0.64924
vt 0.69946 0.59247
vt 0.55159 0.59588
vt 0.69186 0.60514
vt 0.55159 0.60641
vt 0.55610 0.59688
vt 0.70020 0.60640
vt 0.69186 0.61996
vt 0.41935 0.68877
vt 0.37588 0.67688
vt 0.41935 0.67587
vt 0.88524 0.06588
vt 0.87374 0.07645
vt 0.87896 0.06319
vt 0.87870 0.04894
vt 0.88322 0.04087
vt 0.88621 0.05244
vt 0.84378 0.01350
vt 0.84237 0.02018
vt 0.82719 0.01649
vt 0.81301 0.02561
vt 0.82844 0.02321
vt 0.81673 0.03133
vt 0.86384 0.08670
vt 0.86638 0.09304
vt 0.80340 0.03946
vt 0.87851 0.08133
vt 0.41935 0.72657
vt 0.40506 0.67582
vt 0.42064 0.68775
vt 0.42191 0.71650
vt 0.37251 0.70750
vt 0.42089 0.72311
vt 0.37251 0.72457
vt 0.37396 0.67425
vt 0.42104 0.68463
vt 0.37396 0.68606
vt 0.42089 0.73525
vt 0.37251 0.73525
vt 0.42104 0.70125
vt 0.37396 0.70279
vt 0.37233 0.67740
vt 0.42186 0.69246
vt 0.37233 0.69405
vt 0.42104 0.71798
vt 0.37396 0.71941
vt 0.42186 0.70671
vt 0.37233 0.70671
vt 0.42186 0.71898
vt 0.37233 0.72048
vt 0.37639 0.72277
vt 0.42104 0.73228
vt 0.37396 0.73338
vt 0.42186 0.73403
vt 0.37233 0.73517
vt 0.37251 0.67817
vt 0.42089 0.68885
vt 0.37251 0.69031
vt 0.41935 0.70086
vt 0.37588 0.69008
vt 0.41935 0.73606
vt 0.37588 0.72776
vt 0.42089 0.70592
vt 0.05892 0.19329
vt 0.03897 0.14585
vt 0.05892 0.09841
vt 0.98257 0.14654
vt 0.88303 0.12413
vt 0.97778 0.12395
vt 0.06125 0.20963
vt 0.04207 0.17122
vt 0.06125 0.13269
vt 0.96857 0.14871
vt 0.89296 0.12782
vt 0.97582 0.12782
vt 0.98822 0.15230
vt 0.87861 0.12008
vt 0.98898 0.11986
vt 0.87495 0.11689
vt 0.99515 0.11615
vt 0.86356 0.15255
vt 0.96919 0.12202
vt 0.89319 0.15177
vt 0.88223 0.12082
vt 0.96564 0.12207
vt 0.89442 0.15193
vt 0.87505 0.12015
vt 0.88360 0.14844
vt 0.97856 0.12423
vt 0.98716 0.14859
vt 0.98434 0.15386
vt 0.87800 0.11730
vt 0.98415 0.11731
vt 0.89723 0.12028
vt 0.97795 0.11970
vt 0.88089 0.15354
vt 0.12320 0.13139
vt 0.11273 0.11954
vt 0.14538 0.11787
vt 0.06292 0.22178
vt 0.88030 0.15120
vt 0.97884 0.11870
vt 0.97657 0.15269
vt 0.97279 0.15415
vt 0.89156 0.11968
vt 0.97228 0.11911
vt 0.93484 0.11734
vt 0.99343 0.15286
vt 0.88244 0.15256
vt 0.54407 0.36150
vt 0.78294 0.44553
vt 0.54407 0.44553
vt 0.78404 0.35622
vt 0.65414 0.44854
vt 0.78409 0.44854
vt 0.00387 0.06955
vt 0.05622 0.40745
vt 0.04163 0.06793
vt 0.40693 0.35974
vt 0.57911 0.44647
vt 0.40697 0.44647
vt 0.29614 0.44275
vt 0.24077 0.32962
vt 0.24077 0.44280
vt 0.59502 0.51733
vt 0.61001 0.45607
vt 0.59502 0.45604
vt 0.30061 0.05679
vt 0.14666 0.40356
vt 0.32687 0.39581
vt 0.20177 0.56078
vt 0.24111 0.55962
vt 0.28260 0.51752
vt 0.23555 0.87198
vt 0.13153 0.86768
vt 0.09263 0.81606
vt 0.36046 0.75443
vt 0.20586 0.63855
vt 0.20577 0.75676
vt 0.34340 0.05495
vt 0.35799 0.39447
vt 0.59149 0.50000
vt 0.61372 0.45802
vt 0.59149 0.45799
vt 0.13772 0.76153
vt 0.24749 0.98564
vt 0.16453 0.99528
vt 0.51327 0.86417
vt 0.47067 0.80545
vt 0.47067 0.88875
vt 0.16395 0.45305
vt 0.16660 0.60944
vt 0.00266 0.64521
vt 0.00218 0.60518
vt 0.36783 0.60228
vt 0.19403 0.60106
vt 0.18035 0.62307
vt 0.09597 0.83000
vt 0.05572 0.84654
vt 0.08681 0.84801
vt 0.11920 0.97927
vt 0.15033 0.92952
vt 0.10904 0.98134
vt 0.11701 0.84453
vt 0.12945 0.97321
vt 0.02241 0.83915
vt 0.00387 0.88393
vt 0.02241 0.88195
vt 0.53946 0.86535
vt 0.53946 0.89827
vt 0.52101 0.80535
vt 0.19919 0.52043
vt 0.36055 0.63855
vt 0.36711 0.52043
vt 0.13206 0.06404
vt 0.00265 0.49743
vt 0.19717 0.59330
vt 0.00265 0.63197
vt 0.33566 0.58541
vt 0.21044 0.52110
vt 0.21044 0.58541
vt 0.20333 0.59155
vt 0.00586 0.50066
vt 0.00586 0.62779
vt 0.93090 0.71232
vt 0.83911 0.71797
vt 0.92793 0.71797
vt 0.60992 0.79885
vt 0.77607 0.78734
vt 0.60981 0.78748
vt 0.03685 0.05680
vt 0.01847 0.40907
vt 0.05242 0.41894
vt 0.98215 0.69616
vt 0.81600 0.68502
vt 0.81589 0.69629
vt 0.98484 0.68485
vt 0.81814 0.69595
vt 0.98436 0.69629
vt 0.93559 0.72045
vt 0.83981 0.71538
vt 0.83668 0.72045
vt 0.81841 0.69688
vt 0.98511 0.70842
vt 0.98463 0.69722
vt 0.12132 0.09962
vt 0.00342 0.09985
vt 0.14027 0.05028
vt 0.15504 0.06293
vt 0.15504 0.04956
vt 0.06831 0.31028
vt 0.08243 0.27838
vt 0.07449 0.27761
vt 0.06836 0.38674
vt 0.08235 0.31160
vt 0.16597 0.14010
vt 0.17934 0.14025
vt 0.35796 0.04136
vt 0.23467 0.74109
vt 0.12391 0.00333
vt 0.12401 0.02729
vt 0.17802 0.04535
vt 0.16351 0.13756
vt 0.17802 0.13786
vt 0.12388 0.41596
vt 0.00293 0.41673
vt 0.36573 0.89781
vt 0.36573 0.80535
vt 0.09887 0.02684
vt 0.09814 0.01234
vt 0.18501 0.06365
vt 0.16855 0.12885
vt 0.18501 0.12893
vt 0.21320 0.05206
vt 0.12613 0.02608
vt 0.76000 0.87237
vt 0.77586 0.87510
vt 0.77645 0.87244
vt 0.18734 0.06210
vt 0.16171 0.13464
vt 0.18734 0.13550
vt 0.29864 0.82507
vt 0.15490 0.16744
vt 0.15898 0.20200
vt 0.12054 0.21347
vt 0.19325 0.16846
vt 0.67589 0.80663
vt 0.64867 0.84925
vt 0.67430 0.84928
vt 0.22256 0.89326
vt 0.21716 0.86571
vt 0.03766 0.04041
vt 0.01460 0.01031
vt 0.01200 0.04019
vt 0.67589 0.87830
vt 0.65026 0.87826
vt 0.19667 0.87187
vt 0.18338 0.84589
vt 0.01464 0.06776
vt 0.21587 0.00442
vt 0.26094 0.09445
vt 0.26333 0.00486
vt 0.69348 0.63021
vt 0.56373 0.62179
vt 0.56373 0.63021
vt 0.24227 0.63976
vt 0.20297 0.64107
vt 0.19971 0.77294
vt 0.69348 0.62179
vt 0.56373 0.61353
vt 0.69348 0.61353
vt 0.56373 0.60575
vt 0.69348 0.60575
vt 0.56373 0.59874
vt 0.69348 0.59874
vt 0.56373 0.59279
vt 0.55174 0.59530
vt 0.69015 0.60277
vt 0.69015 0.59530
vt 0.55174 0.60277
vt 0.69015 0.61107
vt 0.55174 0.61107
vt 0.69015 0.61989
vt 0.55174 0.61989
vt 0.69015 0.62887
vt 0.55174 0.62887
vt 0.69015 0.63769
vt 0.55174 0.63769
vt 0.69015 0.64599
vt 0.55174 0.64599
vt 0.69015 0.65346
vt 0.56206 0.59418
vt 0.69828 0.60044
vt 0.69828 0.59418
vt 0.56206 0.60044
vt 0.69828 0.60779
vt 0.56206 0.60779
vt 0.69828 0.61596
vt 0.56206 0.61596
vt 0.69828 0.62464
vt 0.56206 0.62464
vt 0.69828 0.63348
vt 0.56206 0.63348
vt 0.69828 0.64216
vt 0.56206 0.64216
vt 0.69828 0.65033
vt 0.56206 0.65033
vt 0.69828 0.65769
vt 0.55491 0.59226
vt 0.69595 0.59987
vt 0.69595 0.59226
vt 0.55491 0.59987
vt 0.69595 0.60833
vt 0.55491 0.60833
vt 0.69595 0.61732
vt 0.55491 0.61732
vt 0.69595 0.62647
vt 0.55491 0.62647
vt 0.69595 0.63545
vt 0.55491 0.63545
vt 0.69595 0.64392
vt 0.55491 0.64392
vt 0.69595 0.65153
vt 0.55491 0.65153
vt 0.69595 0.65800
vt 0.69348 0.65922
vt 0.56373 0.65326
vt 0.56373 0.65922
vt 0.69348 0.65326
vt 0.56373 0.64626
vt 0.69348 0.64626
vt 0.56373 0.63848
vt 0.39438 0.67584
vt 0.37010 0.70544
vt 0.39969 0.72972
vt 0.69348 0.63848
vt 0.70020 0.61839
vt 0.55610 0.60770
vt 0.55610 0.61839
vt 0.63988 0.61580
vt 0.62882 0.62184
vt 0.63988 0.62147
vt 0.63877 0.61024
vt 0.62869 0.61481
vt 0.62624 0.62838
vt 0.63877 0.62704
vt 0.62136 0.63344
vt 0.63345 0.63699
vt 0.63660 0.63228
vt 0.62472 0.64416
vt 0.61634 0.63596
vt 0.61948 0.64633
vt 0.62944 0.64100
vt 0.61392 0.64743
vt 0.60825 0.64743
vt 0.60583 0.63596
vt 0.60268 0.64633
vt 0.61140 0.63665
vt 0.59744 0.64416
vt 0.59628 0.62891
vt 0.59273 0.64100
vt 0.60134 0.63379
vt 0.58556 0.63228
vt 0.59376 0.62389
vt 0.58339 0.62704
vt 0.58872 0.63699
vt 0.58229 0.62147
vt 0.58229 0.61580
vt 0.59432 0.61204
vt 0.58339 0.61024
vt 0.59307 0.61896
vt 0.58556 0.60499
vt 0.59812 0.60612
vt 0.58872 0.60028
vt 0.59273 0.59627
vt 0.60255 0.60267
vt 0.59744 0.59312
vt 0.60268 0.59095
vt 0.61286 0.60062
vt 0.60825 0.58984
vt 0.60726 0.60103
vt 0.61948 0.59095
vt 0.61392 0.58984
vt 0.62360 0.60567
vt 0.62472 0.59312
vt 0.61768 0.60187
vt 0.62705 0.61010
vt 0.63345 0.60028
vt 0.62944 0.59627
vt 0.63660 0.60500
vt 0.79982 0.05244
vt 0.80903 0.04332
vt 0.80340 0.03946
vt 0.70020 0.62942
vt 0.55610 0.63080
vt 0.69186 0.63904
vt 0.55159 0.62890
vt 0.55159 0.63904
vt 0.69186 0.64763
vt 0.55159 0.64860
vt 0.70020 0.64123
vt 0.55610 0.64123
vt 0.70020 0.65004
vt 0.55610 0.65104
vt 0.70143 0.60615
vt 0.54092 0.59555
vt 0.54092 0.60761
vt 0.55219 0.64741
vt 0.69946 0.65583
vt 0.69946 0.64621
vt 0.70143 0.61951
vt 0.54092 0.61951
vt 0.70143 0.63179
vt 0.54092 0.63333
vt 0.70143 0.64793
vt 0.54092 0.64924
vt 0.69946 0.59247
vt 0.70020 0.60640
vt 0.55610 0.59688
vt 0.69186 0.62755
vt 0.37588 0.67688
vt 0.41935 0.68877
vt 0.41935 0.67587
vt 0.88130 0.03624
vt 0.87870 0.04894
vt 0.88553 0.04902
vt 0.88524 0.06588
vt 0.87374 0.07645
vt 0.87851 0.08133
vt 0.80473 0.07716
vt 0.87896 0.06319
vt 0.82219 0.02669
vt 0.83041 0.01516
vt 0.81965 0.02035
vt 0.85562 0.09824
vt 0.80946 0.02916
vt 0.81465 0.03342
vt 0.42064 0.68775
vt 0.40506 0.67582
vt 0.42191 0.71650
vt 0.37588 0.71336
vt 0.41935 0.72657
vt 0.41935 0.71197
vt 0.37251 0.72457
vt 0.42089 0.72311
vt 0.42104 0.67425
vt 0.37396 0.68138
vt 0.42089 0.73525
vt 0.37251 0.73525
vt 0.42186 0.69246
vt 0.37233 0.67740
vt 0.37233 0.69405
vt 0.37396 0.71128
vt 0.42104 0.70976
vt 0.42186 0.70671
vt 0.37233 0.70671
vt 0.42104 0.72266
vt 0.37396 0.72266
vt 0.42186 0.71898
vt 0.37233 0.72048
vt 0.42104 0.73228
vt 0.37396 0.73338
vt 0.42186 0.73403
vt 0.37233 0.73517
vt 0.37251 0.67817
vt 0.37588 0.70086
vt 0.41935 0.70086
vt 0.37588 0.69008
vt 0.37588 0.72776
vt 0.41935 0.73606
vt 0.10707 0.21294
vt 0.10707 0.07876
vt 0.05892 0.09841
vt 0.06125 0.13269
vt 0.06125 0.20963
vt 0.10753 0.22543
vt 0.87861 0.12008
vt 0.98822 0.15230
vt 0.98898 0.11986
vt 0.86356 0.15255
vt 0.99515 0.11615
vt 0.87495 0.11689
vt 0.07137 0.15337
vt 0.08900 0.16433
vt 0.08904 0.14185
vt 0.89319 0.15177
vt 0.96919 0.12202
vt 0.88223 0.12082
vt 0.89442 0.15193
vt 0.96564 0.12207
vt 0.87505 0.12015
vt 0.97856 0.12423
vt 0.88360 0.14844
vt 0.98716 0.14859
vt 0.89723 0.12028
vt 0.96712 0.15355
vt 0.97795 0.11970
vt 0.11766 0.05749
vt 0.08482 0.14728
vt 0.13310 0.07500
vt 0.87275 0.15351
vt 0.98704 0.11748
vt 0.88088 0.11747
vt 0.96858 0.14871
vt 0.98188 0.12646
vt 0.89313 0.12646
vt 0.88024 0.12605
vt 0.98135 0.14989
vt 0.98098 0.12595
vt 0.88030 0.15120
vt 0.97884 0.11870
vt 0.88923 0.11843
vt 0.92770 0.15377
vt 0.98415 0.11731
vt 0.87800 0.11730
vt 0.89156 0.11968
vt 0.97279 0.15415
vt 0.97228 0.11911
vt 0.88244 0.15256
vt 0.99343 0.15286
vt 0.93488 0.11734
vt 0.17802 0.13786
vt 0.86490 0.15016
vt 0.54407 0.44553
vt 0.21232 0.57810
vt 0.86490 0.15016
vt 0.78409 0.44854
vt 0.40697 0.44647
vt 0.24077 0.44280
vt 0.61001 0.51736
vt 0.10835 0.58360
vt 0.30732 0.68107
vt 0.24111 0.55962
vt 0.24227 0.63976
vt 0.20577 0.75676
vt 0.13153 0.86768
vt 0.23555 0.87198
vt 0.24593 0.59495
vt 0.00537 0.81665
vt 0.35799 0.39447
vt 0.61372 0.51750
vt 0.16453 0.99528
vt 0.51327 0.80535
vt 0.32020 0.43021
vt 0.21232 0.57810
vt 0.00218 0.60518
vt 0.18035 0.62307
vt 0.05264 0.82793
vt 0.09923 0.97583
vt 0.10452 0.83808
vt 0.02241 0.88195
vt 0.52101 0.86404
vt 0.53946 0.80576
vt 0.36711 0.52043
vt 0.19717 0.49769
vt 0.21044 0.58541
vt 0.00586 0.62779
vt 0.83911 0.71797
vt 0.78172 0.79871
vt 0.00767 0.05805
vt 0.81589 0.69629
vt 0.81307 0.68449
vt 0.83668 0.72045
vt 0.98463 0.69722
vt 0.14013 0.06671
vt 0.17934 0.14025
vt 0.23467 0.74109
vt 0.36573 0.80535
vt 0.09814 0.01234
vt 0.18501 0.12901
vt 0.12614 0.02609
vt 0.77645 0.87244
vt 0.16170 0.06124
vt 0.65026 0.80659
vt 0.65026 0.87826
vt 0.18338 0.84589
vt 0.04029 0.06797
vt 0.26333 0.00486
vt 0.27954 0.84590
vt 0.19798 0.84578
vt 0.16815 0.77389
vt 0.69015 0.59530
vt 0.69828 0.59418
vt 0.69595 0.59226
vt 0.56373 0.65922
vt 0.41421 0.72371
vt 0.39969 0.72972
vt 0.40980 0.72666
vt 0.40489 0.72869
vt 0.39438 0.72972
vt 0.38918 0.72869
vt 0.38427 0.72666
vt 0.37986 0.72371
vt 0.37611 0.71996
vt 0.37010 0.70544
vt 0.37316 0.71554
vt 0.37113 0.71064
vt 0.37010 0.70013
vt 0.37113 0.69493
vt 0.37316 0.69002
vt 0.37986 0.68186
vt 0.38427 0.67891
vt 0.38918 0.67688
vt 0.39438 0.67584
vt 0.39969 0.67584
vt 0.40489 0.67688
vt 0.40980 0.67891
vt 0.41796 0.68561
vt 0.42091 0.69002
vt 0.42294 0.69493
vt 0.42397 0.70013
vt 0.42397 0.70544
vt 0.42294 0.71064
vt 0.42091 0.71554
vt 0.70020 0.65004
vt 0.55219 0.65583
vt 0.69186 0.59588
vt 0.70020 0.59688
vt 0.37041 0.71346
vt 0.36844 0.70258
vt 0.37079 0.69177
vt 0.37710 0.68268
vt 0.38640 0.67670
vt 0.39729 0.67473
vt 0.41295 0.67979
vt 0.42469 0.69804
vt 0.42449 0.70910
vt 0.41648 0.72348
vt 0.40717 0.72946
vt 0.39629 0.73142
vt 0.38548 0.72908
vt 0.42104 0.67425
vt 0.42186 0.67605
vt 0.42089 0.67817
vt 0.37588 0.73606
vt 0.10707 0.07876
vt 0.10707 0.21294
vt 0.10753 0.11663
vt 0.10753 0.22543
vt 0.86941 0.15337
vt 0.98389 0.15264
vt 0.98875 0.15365
vt 0.87332 0.12409
vt 0.87530 0.15368
vt 0.88923 0.11843
vt 0.88640 0.15413
vt 0.78294 0.36150
vt 0.65409 0.35622
vt 0.57908 0.35974
vt 0.29614 0.32958
vt 0.61001 0.51736
vt 0.30732 0.68107
vt 0.10819 0.56481
vt 0.19690 0.58124
vt 0.00537 0.63108
vt 0.24593 0.59495
vt 0.27653 0.73392
vt 0.61372 0.51750
vt 0.22677 0.75115
vt 0.51327 0.80535
vt 0.14571 0.02878
vt 0.18354 0.63746
vt 0.34977 0.58379
vt 0.05264 0.82793
vt 0.09923 0.97583
vt 0.10452 0.83808
vt 0.00387 0.83122
vt 0.53946 0.80576
vt 0.52101 0.86404
vt 0.19717 0.49769
vt 0.33566 0.52110
vt 0.20333 0.50121
vt 0.83616 0.71232
vt 0.78172 0.79871
vt 0.00767 0.05805
vt 0.02324 0.42020
vt 0.98781 0.68488
vt 0.81307 0.68449
vt 0.93254 0.71538
vt 0.81334 0.70806
vt 0.12475 0.32145
vt 0.14013 0.06671
vt 0.08243 0.38769
vt 0.31146 0.81971
vt 0.16351 0.04519
vt 0.42613 0.89837
vt 0.15936 0.06308
vt 0.75946 0.87401
vt 0.16170 0.06124
vt 0.65026 0.80659
vt 0.04029 0.01180
vt 0.04029 0.06797
vt 0.21351 0.09419
vt 0.16815 0.77389
vt 0.19798 0.84578
vt 0.27954 0.84590
vt 0.69348 0.59279
vt 0.55174 0.65346
vt 0.56206 0.65769
vt 0.55491 0.65800
vt 0.38918 0.67688
vt 0.38427 0.67891
vt 0.37986 0.68186
vt 0.37611 0.68561
vt 0.37316 0.69002
vt 0.37113 0.69493
vt 0.37010 0.70013
vt 0.37113 0.71064
vt 0.37316 0.71554
vt 0.37611 0.71996
vt 0.37986 0.72371
vt 0.38427 0.72666
vt 0.38918 0.72869
vt 0.39438 0.72972
vt 0.40489 0.72869
vt 0.40980 0.72666
vt 0.41421 0.72371
vt 0.41796 0.71996
vt 0.42091 0.71554
vt 0.42294 0.71064
vt 0.42397 0.70544
vt 0.42397 0.70013
vt 0.42294 0.69493
vt 0.41421 0.68186
vt 0.42091 0.69002
vt 0.41796 0.68561
vt 0.40980 0.67891
vt 0.40489 0.67688
vt 0.39969 0.67584
vt 0.70143 0.59555
vt 0.55219 0.65583
vt 0.70020 0.59688
vt 0.37710 0.68268
vt 0.37079 0.69177
vt 0.36844 0.70258
vt 0.37477 0.72115
vt 0.37041 0.71346
vt 0.38062 0.72637
vt 0.39077 0.73078
vt 0.39958 0.73142
vt 0.40717 0.72946
vt 0.41648 0.72348
vt 0.42449 0.70910
vt 0.42469 0.69804
vt 0.41295 0.67979
vt 0.39729 0.67473
vt 0.38640 0.67670
vt 0.37396 0.67425
vt 0.42186 0.67605
vt 0.42089 0.67817
vt 0.37588 0.73606
vt 0.03897 0.14585
vt 0.05892 0.19329
vt 0.10753 0.11663
vt 0.04207 0.17122
vt 0.86941 0.15337
vt 0.98389 0.15264
vt 0.98875 0.15365
vt 0.87332 0.12409
vt 0.88073 0.15354
vt 0.87662 0.14987
vt 0.97657 0.15269
vt 0.88640 0.15413
f 267/1 270/2 14/3
f 51/4 48/5 49/6
f 44/7 58/8 62/9
f 120/10 72/11 121/12
f 73/13 122/14 123/15
f 76/16 124/17 125/18
f 85/19 130/20 131/21
f 93/22 135/23 136/24
f 107/25 144/26 145/27
f 112/28 147/29 148/30
f 107/31 164/32 105/33
f 110/34 165/35 107/31
f 90/36 158/37 88/38
f 93/39 159/40 90/41
f 73/42 152/43 70/44
f 76/45 153/46 73/42
f 70/44 168/47 118/48
f 153/49 170/50 152/51
f 161/52 177/53 160/54
f 153/49 171/55 170/50
f 161/52 178/56 177/53
f 154/57 171/55 153/49
f 162/58 178/56 161/52
f 162/58 179/59 178/56
f 163/60 179/59 162/58
f 163/60 180/61 179/59
f 164/62 180/61 163/60
f 164/62 181/63 180/61
f 169/64 202/65 185/66
f 207/67 223/68 204/69
f 212/70 219/71 213/72
f 221/73 208/74 223/68
f 223/75 213/76 219/77
f 203/78 204/79 214/80
f 210/81 203/82 217/83
f 1/84 41/85 3/86
f 205/87 222/88 206/89
f 209/90 221/91 207/92
f 204/93 219/94 205/95
f 235/96 246/97 245/98
f 270/2 267/1 238/99
f 266/100 284/101 281/102
f 269/103 291/104 287/105
f 382/106 302/107 299/108
f 383/109 305/110 302/107
f 399/111 299/108 348/112
f 384/113 308/114 305/115
f 385/116 311/117 308/114
f 389/118 409/119 390/120
f 401/121 383/122 382/123
f 402/124 384/125 383/122
f 411/126 392/127 391/128
f 403/129 385/130 384/125
f 412/131 393/132 392/127
f 413/133 394/134 393/132
f 395/135 415/136 396/137
f 423/138 404/139 403/140
f 427/141 409/142 408/143
f 428/144 410/145 409/142
f 454/146 446/147 448/148
f 448/149 447/150 454/151
f 438/152 442/153 455/154
f 442/155 445/156 455/157
f 437/158 441/159 452/160
f 458/161 439/162 440/163
f 457/164 444/165 442/166
f 437/167 438/168 455/169
f 3/170 33/171 7/172
f 36/173 38/174 39/175
f 5/176 32/177 1/178
f 34/179 39/180 35/181
f 6/182 26/183 15/184
f 12/185 11/186 69/187
f 20/188 19/189 21/190
f 2/191 29/192 28/193
f 28/194 9/195 16/196
f 8/197 18/198 20/188
f 6/199 25/200 18/201
f 4/202 24/203 13/204
f 8/205 27/206 26/207
f 18/198 9/208 19/189
f 21/190 12/209 267/1
f 22/210 12/211 21/212
f 10/213 9/214 23/215
f 23/216 22/217 10/218
f 15/219 16/220 25/221
f 25/222 236/223 18/224
f 26/225 24/226 15/227
f 26/228 17/229 13/230
f 42/231 17/232 20/233
f 11/234 28/193 29/192
f 38/174 21/190 19/189
f 10/235 38/236 19/237
f 31/238 10/239 22/240
f 22/241 37/242 31/243
f 34/244 1/245 3/246
f 34/247 7/248 36/249
f 36/173 33/250 37/251
f 39/175 30/252 5/253
f 35/254 5/255 1/256
f 40/257 30/258 38/259
f 41/260 40/261 31/262
f 31/263 33/264 41/265
f 44/266 271/267 45/268
f 47/269 52/270 46/271
f 49/272 45/273 51/274
f 44/275 43/276 42/277
f 276/278 46/279 274/280
f 267/1 271/281 270/2
f 276/282 14/3 270/2
f 274/283 46/284 52/285
f 53/286 47/287 276/288
f 51/289 271/267 50/290
f 49/291 267/292 43/293
f 48/294 271/281 267/1
f 55/295 52/285 56/296
f 55/297 57/298 54/299
f 54/300 53/286 44/266
f 57/301 52/302 53/303
f 61/304 54/305 60/306
f 64/307 58/308 62/309
f 60/310 44/266 58/308
f 58/311 42/312 59/313
f 61/314 42/315 55/295
f 65/316 62/317 63/318
f 63/319 58/311 59/313
f 65/320 59/321 61/314
f 65/316 60/322 64/323
f 69/324 67/325 66/326
f 42/327 43/328 66/329
f 121/12 74/330 122/331
f 122/331 75/332 123/333
f 123/333 77/334 124/335
f 124/335 78/336 125/337
f 125/338 80/339 126/340
f 126/340 81/341 127/342
f 127/342 83/343 128/344
f 128/344 84/345 129/346
f 129/346 86/347 130/348
f 130/348 87/349 131/350
f 131/350 89/351 132/352
f 132/353 91/354 133/355
f 133/355 92/356 134/357
f 134/357 94/358 135/359
f 135/359 95/360 136/361
f 136/361 97/362 137/363
f 137/363 98/364 138/365
f 138/365 100/366 139/367
f 139/367 101/368 140/369
f 140/370 103/371 141/372
f 141/372 104/373 142/374
f 142/374 106/375 143/376
f 143/376 108/377 144/378
f 144/378 109/379 145/380
f 145/380 111/381 146/382
f 146/382 113/383 147/384
f 147/384 114/385 148/386
f 148/387 116/388 149/389
f 149/389 117/390 150/391
f 150/391 119/392 151/393
f 75/394 113/395 100/396
f 151/393 71/397 120/10
f 163/398 105/33 164/32
f 121/399 73/13 70/400
f 70/400 120/401 121/399
f 76/16 123/15 124/17
f 79/402 125/18 126/403
f 127/404 82/405 79/402
f 79/402 126/403 127/404
f 85/19 129/406 130/20
f 82/405 128/407 129/406
f 88/408 131/21 132/409
f 133/410 88/408 132/409
f 134/411 93/22 90/412
f 90/412 133/410 134/411
f 96/413 136/24 137/414
f 138/415 99/416 96/413
f 96/413 137/414 138/415
f 140/417 102/418 99/416
f 99/416 139/419 140/417
f 142/420 105/421 102/418
f 102/418 141/422 142/420
f 144/26 105/421 143/423
f 110/424 145/27 146/425
f 147/29 110/424 146/425
f 115/426 148/30 149/427
f 118/428 150/429 151/430
f 115/426 149/427 150/429
f 120/401 118/428 151/430
f 176/431 158/432 159/433
f 156/434 85/435 157/436
f 157/436 88/38 158/37
f 107/31 165/35 164/32
f 110/34 166/437 165/35
f 166/438 115/439 167/440
f 90/41 159/40 158/441
f 70/44 152/43 168/47
f 160/442 96/443 161/444
f 93/39 160/442 159/40
f 73/42 153/46 152/43
f 167/440 118/48 168/47
f 161/444 99/445 162/446
f 76/45 154/447 153/46
f 154/448 79/449 155/450
f 162/451 102/452 163/398
f 155/450 82/453 156/434
f 187/454 171/455 188/456
f 184/457 166/458 167/459
f 168/460 152/51 169/461
f 152/51 170/50 169/461
f 176/431 160/54 177/53
f 185/462 167/459 168/460
f 172/463 154/57 155/464
f 168/460 169/461 185/462
f 155/464 173/465 172/463
f 174/466 156/467 157/468
f 181/63 165/469 182/470
f 175/471 157/468 158/432
f 183/472 165/469 166/458
f 201/473 185/66 202/65
f 198/474 200/475 186/476
f 194/477 178/478 195/479
f 188/480 172/481 189/482
f 195/479 179/483 196/484
f 189/482 173/485 190/486
f 196/487 180/488 197/489
f 190/486 174/490 191/491
f 197/489 181/492 198/493
f 198/493 182/494 199/495
f 191/496 175/497 192/498
f 199/495 183/499 200/500
f 192/501 176/502 193/503
f 186/504 170/505 187/454
f 169/64 186/504 202/65
f 200/506 184/507 201/473
f 193/503 177/508 194/477
f 215/509 216/510 217/511
f 219/512 204/513 223/514
f 209/515 212/516 213/517
f 213/518 223/519 208/520
f 209/521 218/522 212/523
f 220/524 209/525 207/526
f 217/527 206/528 210/529
f 216/530 205/531 206/532
f 215/533 204/534 205/535
f 207/536 210/537 220/538
f 206/539 222/540 210/541
f 223/68 207/67 221/73
f 203/542 211/543 204/544
f 204/69 211/545 207/67
f 222/546 219/547 218/548
f 220/549 222/550 218/551
f 210/552 211/553 203/554
f 224/555 265/556 256/557
f 226/558 257/559 265/560
f 260/561 262/562 261/563
f 228/564 256/565 254/566
f 258/567 263/568 260/569
f 250/570 229/571 239/572
f 244/573 243/574 242/575
f 298/576 297/577 234/578
f 225/579 248/580 240/581
f 225/582 253/583 227/584
f 231/585 242/575 229/586
f 249/587 229/588 242/589
f 227/590 248/591 225/592
f 251/593 231/594 250/595
f 232/596 242/575 243/574
f 244/573 238/99 267/1
f 233/597 232/598 243/599
f 247/600 246/601 234/602
f 240/603 239/604 249/605
f 236/223 249/606 242/607
f 248/608 250/609 239/610
f 250/611 241/612 251/613
f 241/614 266/615 244/616
f 234/617 252/618 247/619
f 262/562 245/620 261/563
f 262/621 233/622 243/623
f 255/624 233/625 264/626
f 246/627 261/628 245/629
f 226/630 259/631 258/632
f 230/633 258/634 260/635
f 257/636 260/561 261/563
f 263/637 254/638 262/562
f 259/639 228/640 263/641
f 254/642 264/643 262/644
f 265/645 264/646 256/647
f 255/648 257/649 261/650
f 269/651 271/267 270/652
f 281/653 275/654 273/655
f 272/656 278/657 280/658
f 269/659 268/660 272/656
f 276/278 273/661 275/662
f 276/282 238/99 274/663
f 238/664 266/100 281/102
f 276/288 275/665 282/666
f 280/667 277/668 279/669
f 271/267 280/670 279/671
f 278/672 267/292 277/673
f 277/674 271/281 279/675
f 284/676 285/677 286/678
f 283/679 282/666 285/680
f 285/681 281/682 286/683
f 283/684 290/685 289/686
f 281/102 284/101 286/687
f 287/688 293/689 291/690
f 269/651 289/691 287/688
f 266/692 287/693 288/694
f 290/695 266/100 288/696
f 294/697 291/698 293/699
f 292/700 287/693 291/701
f 294/702 288/696 292/703
f 289/704 294/697 293/699
f 298/705 296/706 297/707
f 350/708 301/709 300/710
f 296/711 295/712 266/713
f 351/714 303/715 301/709
f 352/716 304/717 303/715
f 353/718 306/719 304/717
f 354/720 307/721 306/719
f 355/722 309/723 307/724
f 356/725 310/726 309/723
f 357/727 312/728 310/726
f 358/729 314/730 312/728
f 359/731 315/732 314/730
f 360/733 317/734 315/732
f 361/735 319/736 317/734
f 362/737 320/738 319/739
f 363/740 322/741 320/738
f 364/742 323/743 322/741
f 365/744 325/745 323/743
f 366/746 327/747 325/745
f 367/748 328/749 327/747
f 368/750 330/751 328/749
f 369/752 331/753 330/751
f 370/754 333/755 331/756
f 371/757 334/758 333/755
f 372/759 336/760 334/758
f 373/761 338/762 336/760
f 374/763 339/764 338/762
f 375/765 341/766 339/764
f 376/767 343/768 341/766
f 377/769 344/770 343/768
f 378/771 346/772 344/773
f 379/774 347/775 346/772
f 380/776 349/777 347/775
f 349/778 310/779 323/780
f 381/781 300/710 349/777
f 335/782 393/783 394/784
f 351/785 302/786 352/787
f 351/785 350/788 299/789
f 305/790 353/791 302/786
f 302/786 353/791 352/787
f 308/792 355/793 305/790
f 305/790 355/793 354/794
f 357/795 311/796 358/797
f 357/795 356/798 308/792
f 311/796 359/799 358/797
f 360/800 316/801 361/802
f 360/800 359/799 313/803
f 316/801 362/804 361/802
f 321/805 363/806 318/807
f 318/807 363/806 362/804
f 365/808 324/809 366/810
f 321/805 365/808 364/811
f 324/809 367/812 366/810
f 368/813 329/814 369/815
f 368/813 367/812 326/816
f 370/817 332/818 371/819
f 370/817 369/815 329/814
f 372/820 335/821 373/822
f 372/820 371/819 332/818
f 335/821 374/823 373/822
f 340/824 375/825 337/826
f 337/826 375/825 374/823
f 340/824 377/827 376/828
f 345/829 378/830 342/831
f 342/831 378/830 377/827
f 348/832 380/833 345/829
f 380/833 379/834 345/829
f 348/832 350/788 381/835
f 408/836 388/837 407/838
f 337/839 394/784 395/840
f 316/841 386/842 387/843
f 318/844 387/843 388/845
f 340/846 395/840 396/847
f 342/848 396/847 397/849
f 321/850 388/851 389/852
f 345/853 397/854 398/855
f 399/111 382/106 299/108
f 324/856 389/852 390/857
f 326/858 390/857 391/859
f 382/106 383/109 302/107
f 348/112 398/855 399/111
f 329/860 391/859 392/861
f 383/109 384/862 305/110
f 332/863 392/864 393/783
f 384/113 385/116 308/114
f 311/117 386/842 313/865
f 402/866 420/867 421/868
f 400/869 399/870 418/871
f 417/872 397/873 416/874
f 389/118 408/836 409/119
f 400/869 401/121 382/123
f 390/120 410/875 391/128
f 418/871 398/876 417/872
f 383/122 401/121 402/124
f 386/877 404/878 405/879
f 391/128 410/875 411/126
f 384/125 402/124 403/129
f 392/127 411/126 412/131
f 403/129 404/878 385/130
f 393/132 412/131 413/133
f 414/880 394/134 413/133
f 386/877 406/881 387/882
f 407/838 387/882 406/881
f 414/880 415/136 395/135
f 416/874 396/137 415/136
f 434/883 432/884 419/885
f 418/886 435/887 436/888
f 410/145 429/889 411/890
f 402/891 422/892 403/140
f 412/893 429/889 430/894
f 413/895 430/896 431/897
f 422/892 423/138 403/140
f 404/139 424/898 405/899
f 414/900 431/897 432/901
f 406/902 424/898 425/903
f 415/904 432/901 433/905
f 407/906 425/903 426/907
f 416/908 433/905 434/909
f 408/143 426/910 427/141
f 400/911 436/888 419/912
f 401/913 419/912 420/867
f 417/914 434/915 435/887
f 427/141 428/144 409/142
f 449/916 437/917 452/918
f 448/919 444/920 457/921
f 453/922 444/923 446/924
f 442/925 444/926 456/927
f 437/928 449/929 438/930
f 440/931 452/932 441/933
f 439/934 451/935 440/936
f 438/937 450/938 439/939
f 440/940 445/941 458/942
f 457/943 447/944 443/945
f 455/946 445/947 441/948
f 448/949 443/950 447/951
f 438/952 454/953 447/954
f 438/152 447/944 442/153
f 458/955 454/956 439/957
f 442/958 456/959 445/960
f 458/961 456/962 453/963
f 437/964 455/965 441/966
f 51/4 50/967 48/5
f 120/10 71/397 72/11
f 212/70 218/968 219/71
f 1/84 32/969 41/85
f 235/96 234/970 246/97
f 454/146 453/971 446/147
f 3/170 41/972 33/171
f 36/173 37/251 38/174
f 5/176 30/973 32/177
f 34/179 36/974 39/180
f 6/182 8/975 26/183
f 43/328 267/976 12/185
f 11/186 29/977 68/978
f 29/977 67/979 68/978
f 69/187 66/329 43/328
f 11/186 68/978 69/187
f 69/187 43/328 12/185
f 20/188 18/198 19/189
f 2/191 4/980 29/192
f 24/981 2/982 16/196
f 2/982 28/194 16/196
f 28/194 23/983 9/195
f 9/195 236/984 16/196
f 8/197 6/985 18/198
f 6/199 15/986 25/200
f 4/202 2/987 24/203
f 8/205 20/988 27/206
f 18/198 236/989 9/208
f 14/3 20/188 267/1
f 20/188 21/190 267/1
f 22/210 11/990 12/211
f 10/213 19/991 9/214
f 23/216 11/992 22/217
f 15/219 24/993 16/220
f 25/222 16/994 236/223
f 26/225 13/995 24/226
f 26/228 27/996 17/229
f 17/232 27/997 20/233
f 20/233 14/998 42/231
f 11/234 23/999 28/193
f 38/174 37/251 21/190
f 10/235 40/1000 38/236
f 31/238 40/1001 10/239
f 22/241 21/1002 37/242
f 34/244 35/1003 1/245
f 34/247 3/1004 7/248
f 36/173 7/1005 33/250
f 39/175 38/174 30/252
f 35/254 39/1006 5/255
f 40/257 32/1007 30/258
f 41/260 32/1008 40/261
f 31/263 37/1009 33/264
f 44/266 270/652 271/267
f 47/269 53/1010 52/270
f 49/272 43/276 45/273
f 44/275 45/273 43/276
f 276/278 47/1011 46/279
f 276/282 274/663 14/3
f 42/315 14/1012 52/285
f 14/1012 274/283 52/285
f 276/288 270/652 53/286
f 270/652 44/266 53/286
f 51/289 45/268 271/267
f 49/291 48/1013 267/292
f 48/294 50/1014 271/281
f 55/295 42/315 52/285
f 55/297 56/1015 57/298
f 54/300 57/1016 53/286
f 57/301 56/1017 52/302
f 61/304 55/1018 54/305
f 64/307 60/310 58/308
f 60/310 54/300 44/266
f 58/311 44/1019 42/312
f 61/314 59/321 42/315
f 65/316 64/323 62/317
f 63/319 62/1020 58/311
f 65/320 63/1021 59/321
f 65/316 61/1022 60/322
f 69/324 68/1023 67/325
f 66/329 67/979 42/327
f 67/979 29/977 42/327
f 29/977 4/1024 42/327
f 4/1024 13/1025 42/327
f 13/1025 17/1026 42/327
f 121/12 72/11 74/330
f 122/331 74/330 75/332
f 123/333 75/332 77/334
f 124/335 77/334 78/336
f 125/338 78/1027 80/339
f 126/340 80/339 81/341
f 127/342 81/341 83/343
f 128/344 83/343 84/345
f 129/346 84/345 86/347
f 130/348 86/347 87/349
f 131/350 87/349 89/351
f 132/353 89/1028 91/354
f 133/355 91/354 92/356
f 134/357 92/356 94/358
f 135/359 94/358 95/360
f 136/361 95/360 97/362
f 137/363 97/362 98/364
f 138/365 98/364 100/366
f 139/367 100/366 101/368
f 140/370 101/1029 103/371
f 141/372 103/371 104/373
f 142/374 104/373 106/375
f 143/376 106/375 108/377
f 144/378 108/377 109/379
f 145/380 109/379 111/381
f 146/382 111/381 113/383
f 147/384 113/383 114/385
f 148/387 114/1030 116/388
f 149/389 116/388 117/390
f 150/391 117/390 119/392
f 100/396 98/1031 94/1032
f 98/1031 97/1033 94/1032
f 97/1033 95/1034 94/1032
f 94/1032 92/1035 91/1036
f 91/1036 89/1037 87/1038
f 87/1038 86/1039 81/1040
f 86/1039 84/1041 81/1040
f 84/1041 83/1042 81/1040
f 81/1040 80/1043 75/394
f 80/1043 78/1044 75/394
f 78/1044 77/1045 75/394
f 75/394 74/1046 72/1047
f 72/1047 71/1048 119/1049
f 119/1049 117/1050 116/1051
f 116/1051 114/1052 113/395
f 113/395 111/1053 109/1054
f 109/1054 108/1055 113/395
f 108/1055 106/1056 113/395
f 106/1056 104/1057 100/396
f 104/1057 103/1058 100/396
f 103/1058 101/1059 100/396
f 94/1032 91/1036 100/396
f 91/1036 87/1038 100/396
f 75/394 72/1047 119/1049
f 119/1049 116/1051 113/395
f 87/1038 81/1040 100/396
f 81/1040 75/394 100/396
f 75/394 119/1049 113/395
f 113/395 106/1056 100/396
f 151/393 119/392 71/397
f 163/398 102/452 105/33
f 121/399 122/14 73/13
f 76/16 73/13 123/15
f 79/402 76/16 125/18
f 127/404 128/407 82/405
f 85/19 82/405 129/406
f 88/408 85/19 131/21
f 133/410 90/412 88/408
f 134/411 135/23 93/22
f 96/413 93/22 136/24
f 138/415 139/419 99/416
f 140/417 141/422 102/418
f 142/420 143/423 105/421
f 144/26 107/25 105/421
f 110/424 107/25 145/27
f 147/29 112/28 110/424
f 115/426 112/28 148/30
f 118/428 115/426 150/429
f 120/401 70/400 118/428
f 176/431 175/471 158/432
f 156/434 82/453 85/435
f 157/436 85/435 88/38
f 110/34 112/1060 166/437
f 166/438 112/1061 115/439
f 160/442 93/39 96/443
f 167/440 115/439 118/48
f 161/444 96/443 99/445
f 154/448 76/1062 79/449
f 162/451 99/1063 102/452
f 155/450 79/449 82/453
f 187/454 170/505 171/455
f 184/457 183/472 166/458
f 176/431 159/433 160/54
f 185/462 184/457 167/459
f 172/463 171/55 154/57
f 155/464 156/467 173/465
f 174/466 173/465 156/467
f 181/63 164/62 165/469
f 175/471 174/466 157/468
f 183/472 182/470 165/469
f 201/473 184/507 185/66
f 192/1064 193/1065 198/474
f 193/1065 194/1066 198/474
f 194/1066 195/1067 198/474
f 195/1067 196/1068 198/474
f 196/1068 197/1069 198/474
f 198/474 199/1070 200/475
f 200/475 201/1071 186/476
f 201/1071 202/1072 186/476
f 186/476 187/1073 188/1074
f 189/1075 186/476 188/1074
f 189/1075 190/1076 186/476
f 190/1076 191/496 186/476
f 191/496 192/1064 186/476
f 186/476 192/1064 198/474
f 194/477 177/508 178/478
f 188/480 171/1077 172/481
f 195/479 178/478 179/483
f 189/482 172/481 173/485
f 196/487 179/1078 180/488
f 190/486 173/485 174/490
f 197/489 180/488 181/492
f 198/493 181/492 182/494
f 191/496 174/490 175/497
f 199/495 182/494 183/499
f 192/501 175/1079 176/502
f 186/504 169/64 170/505
f 200/506 183/1080 184/507
f 193/503 176/502 177/508
f 203/1081 214/1082 217/511
f 214/1082 215/509 217/511
f 208/1083 221/1084 213/517
f 221/1084 209/515 213/517
f 209/521 220/1085 218/522
f 217/527 216/1086 206/528
f 216/530 215/1087 205/531
f 215/533 214/1088 204/534
f 207/536 211/1089 210/537
f 222/546 205/1090 219/547
f 220/549 210/1091 222/550
f 224/555 226/1092 265/556
f 226/558 230/1093 257/559
f 260/561 263/637 262/562
f 228/564 224/1094 256/565
f 258/567 259/1095 263/568
f 250/570 231/1096 229/571
f 244/573 245/620 243/574
f 296/711 253/1097 297/577
f 253/1097 234/578 297/577
f 234/578 235/1098 298/576
f 235/1098 267/976 268/1099
f 298/576 235/1098 268/1099
f 268/1099 295/712 298/576
f 236/984 232/1100 240/581
f 232/1100 247/1101 252/1102
f 240/581 232/1100 252/1102
f 252/1102 225/579 240/581
f 225/582 252/618 253/583
f 231/585 244/573 242/575
f 249/587 239/1103 229/588
f 227/590 237/1104 248/591
f 251/593 244/1105 231/594
f 232/596 236/989 242/575
f 235/1106 245/620 267/1
f 245/620 244/573 267/1
f 233/597 247/1107 232/598
f 247/600 233/1108 246/601
f 240/603 248/1109 239/604
f 236/223 240/1110 249/606
f 248/608 237/1111 250/609
f 250/611 237/1112 241/612
f 266/615 238/1113 244/616
f 244/616 251/1114 241/614
f 234/617 253/583 252/618
f 262/562 243/574 245/620
f 262/621 264/1115 233/622
f 255/624 246/1116 233/625
f 246/627 255/1117 261/628
f 226/630 224/1118 259/631
f 230/633 226/1119 258/634
f 257/636 230/1120 260/561
f 263/637 228/1121 254/638
f 259/639 224/1122 228/640
f 254/642 256/1123 264/643
f 265/645 255/1124 264/646
f 255/648 265/1125 257/649
f 269/651 272/1126 271/267
f 281/653 282/1127 275/654
f 272/656 268/660 278/657
f 269/659 266/1128 268/660
f 276/278 274/280 273/661
f 276/282 270/2 238/99
f 273/1129 274/283 281/102
f 274/283 238/664 281/102
f 269/651 270/652 282/666
f 270/652 276/288 282/666
f 280/667 278/1130 277/668
f 271/267 272/1126 280/670
f 278/672 268/1131 267/292
f 277/674 267/1 271/281
f 284/676 283/1132 285/677
f 283/679 269/651 282/666
f 285/681 282/1133 281/682
f 283/684 284/1134 290/685
f 287/688 289/691 293/689
f 269/651 283/679 289/691
f 266/692 269/1135 287/693
f 290/695 284/101 266/100
f 294/697 292/1136 291/698
f 292/700 288/694 287/693
f 294/702 290/695 288/696
f 289/704 290/1137 294/697
f 298/705 295/1138 296/706
f 350/708 351/714 301/709
f 241/1139 237/1140 266/713
f 237/1140 227/1141 266/713
f 227/1141 253/1097 266/713
f 253/1097 296/711 266/713
f 295/712 268/1099 266/713
f 351/714 352/716 303/715
f 352/716 353/718 304/717
f 353/718 354/720 306/719
f 354/720 355/1142 307/721
f 355/722 356/725 309/723
f 356/725 357/727 310/726
f 357/727 358/729 312/728
f 358/729 359/731 314/730
f 359/731 360/733 315/732
f 360/733 361/735 317/734
f 361/735 362/1143 319/736
f 362/737 363/740 320/738
f 363/740 364/742 322/741
f 364/742 365/744 323/743
f 365/744 366/746 325/745
f 366/746 367/748 327/747
f 367/748 368/750 328/749
f 368/750 369/752 330/751
f 369/752 370/1144 331/753
f 370/754 371/757 333/755
f 371/757 372/759 334/758
f 372/759 373/761 336/760
f 373/761 374/763 338/762
f 374/763 375/765 339/764
f 375/765 376/767 341/766
f 376/767 377/769 343/768
f 377/769 378/1145 344/770
f 378/771 379/774 346/772
f 379/774 380/776 347/775
f 380/776 381/781 349/777
f 349/778 300/1146 301/1147
f 301/1147 303/1148 304/1149
f 304/1149 306/1150 307/1151
f 307/1151 309/1152 304/1149
f 309/1152 310/779 304/1149
f 310/779 312/1153 314/1154
f 314/1154 315/1155 310/779
f 315/1155 317/1156 310/779
f 317/1156 319/1157 320/1158
f 320/1158 322/1159 323/780
f 323/780 325/1160 327/1161
f 327/1161 328/1162 323/780
f 328/1162 330/1163 323/780
f 330/1163 331/1164 333/1165
f 333/1165 334/1166 330/1163
f 334/1166 336/1167 330/1163
f 336/1167 338/1168 343/1169
f 338/1168 339/1170 343/1169
f 339/1170 341/1171 343/1169
f 343/1169 344/1172 346/1173
f 346/1173 347/1174 349/778
f 349/778 301/1147 304/1149
f 317/1156 320/1158 310/779
f 320/1158 323/780 310/779
f 343/1169 346/1173 349/778
f 349/778 304/1149 310/779
f 323/780 330/1163 336/1167
f 336/1167 343/1169 323/780
f 343/1169 349/778 323/780
f 381/781 350/708 300/710
f 335/782 332/863 393/783
f 351/785 299/789 302/786
f 305/790 354/794 353/791
f 308/792 356/798 355/793
f 357/795 308/792 311/796
f 311/796 313/803 359/799
f 360/800 313/803 316/801
f 316/801 318/807 362/804
f 321/805 364/811 363/806
f 365/808 321/805 324/809
f 324/809 326/816 367/812
f 368/813 326/816 329/814
f 370/817 329/814 332/818
f 372/820 332/818 335/821
f 335/821 337/826 374/823
f 340/824 376/828 375/825
f 340/824 342/831 377/827
f 345/829 379/834 378/830
f 348/832 381/835 380/833
f 348/832 299/789 350/788
f 408/836 389/118 388/837
f 337/839 335/782 394/784
f 316/841 313/865 386/842
f 318/844 316/841 387/843
f 340/846 337/839 395/840
f 342/848 340/846 396/847
f 321/850 318/1175 388/851
f 345/853 342/1176 397/854
f 324/856 321/850 389/852
f 326/858 324/856 390/857
f 348/112 345/853 398/855
f 329/860 326/858 391/859
f 332/863 329/1177 392/864
f 311/117 385/116 386/842
f 402/866 401/913 420/867
f 400/869 382/123 399/870
f 417/872 398/876 397/873
f 390/120 409/119 410/875
f 418/871 399/870 398/876
f 386/877 385/130 404/878
f 414/880 395/135 394/134
f 386/877 405/879 406/881
f 407/838 388/837 387/882
f 416/874 397/873 396/137
f 429/1178 428/1179 432/884
f 428/1179 427/1180 425/1181
f 427/1180 426/1182 425/1181
f 425/1181 424/1183 423/1184
f 423/1184 422/1185 425/1181
f 422/1185 421/1186 420/1187
f 425/1181 422/1185 419/885
f 420/1187 419/885 422/1185
f 419/885 436/1188 435/1189
f 435/1189 434/883 419/885
f 434/883 433/1190 432/884
f 432/884 431/1191 430/1192
f 430/1192 429/1178 432/884
f 428/1179 425/1181 432/884
f 425/1181 419/885 432/884
f 418/886 417/914 435/887
f 410/145 428/144 429/889
f 402/891 421/1193 422/892
f 412/893 411/890 429/889
f 413/895 412/1194 430/896
f 404/139 423/138 424/898
f 414/900 413/895 431/897
f 406/902 405/899 424/898
f 415/904 414/900 432/901
f 407/906 406/902 425/903
f 416/908 415/904 433/905
f 408/143 407/1195 426/910
f 400/911 418/886 436/888
f 401/913 400/911 419/912
f 417/914 416/1196 434/915
f 451/1197 450/1198 452/918
f 450/1198 449/916 452/918
f 457/921 443/1199 448/919
f 448/919 446/1200 444/920
f 453/922 456/1201 444/923
f 440/931 451/1202 452/932
f 439/934 450/1203 451/935
f 438/937 449/1204 450/938
f 440/940 441/1205 445/941
f 457/943 442/153 447/944
f 438/952 439/1206 454/953
f 458/955 453/1207 454/956
f 458/961 445/1208 456/962
o armL
v 1.75000 3.00000 0.50000
v 1.75000 6.00000 0.50000
v 0.75000 3.00000 0.50000
v 0.75000 6.00000 0.50000
v 1.75000 3.00000 -0.50000
v 1.75000 6.00000 -0.50000
v 0.75000 3.00000 -0.50000
v 0.75000 6.00000 -0.50000
v 0.68054 4.90300 0.52992
v 0.68054 6.04193 0.52992
v 0.68054 4.90300 -0.60901
v 0.68054 6.04193 -0.60901
v 1.81947 4.90300 0.52992
v 1.81947 6.04193 0.52992
v 1.81947 4.90300 -0.60901
v 1.81947 6.04193 -0.60901
v 0.64644 4.65922 0.60360
v 0.64644 4.88220 0.60360
v 0.64644 4.65922 0.19069
v 0.64644 4.88220 0.19069
v 1.05936 4.65922 0.60360
v 1.05936 4.88220 0.60360
v 1.05936 4.65922 0.19069
v 1.05936 4.88220 0.19069
v 1.82989 4.65922 0.59454
v 1.82989 4.88220 0.59454
v 1.41697 4.65922 0.59454
v 1.41697 4.88220 0.59454
v 1.82989 4.65922 0.18162
v 1.82989 4.88220 0.18162
v 1.41697 4.65922 0.18162
v 1.41697 4.88220 0.18162
v 1.82989 4.65922 -0.60431
v 1.82989 4.88220 -0.60431
v 1.82989 4.65922 -0.19140
v 1.82989 4.88220 -0.19140
v 1.41697 4.65922 -0.60431
v 1.41697 4.88220 -0.60431
v 1.41697 4.65922 -0.19140
v 1.41697 4.88220 -0.19140
v 0.64216 4.65922 -0.60431
v 0.64216 4.88220 -0.60431
v 1.05508 4.65922 -0.60431
v 1.05508 4.88220 -0.60431
v 0.64216 4.65922 -0.19140
v 0.64216 4.88220 -0.19140
v 1.05508 4.65922 -0.19140
v 1.05508 4.88220 -0.19140
v 0.64644 4.34880 0.60360
v 0.64644 4.57178 0.60360
v 0.64644 4.34880 0.19069
v 0.64644 4.57178 0.19069
v 1.05936 4.34880 0.60360
v 1.05936 4.57178 0.60360
v 1.05936 4.34880 0.19069
v 1.05936 4.57178 0.19069
v 1.82989 4.34880 0.59454
v 1.82989 4.57178 0.59454
v 1.41697 4.34880 0.59454
v 1.41697 4.57178 0.59454
v 1.82989 4.34880 0.18162
v 1.82989 4.57178 0.18162
v 1.41697 4.34880 0.18162
v 1.41697 4.57178 0.18162
v 1.82989 4.34880 -0.60431
v 1.82989 4.57178 -0.60431
v 1.82989 4.34880 -0.19140
v 1.82989 4.57178 -0.19140
v 1.41697 4.34880 -0.60431
v 1.41697 4.57178 -0.60431
v 1.41697 4.34880 -0.19140
v 1.41697 4.57178 -0.19140
v 0.64216 4.34880 -0.60431
v 0.64216 4.57178 -0.60431
v 1.05508 4.34880 -0.60431
v 1.05508 4.57178 -0.60431
v 0.64216 4.34880 -0.19140
v 0.64216 4.57178 -0.19140
v 1.05508 4.34880 -0.19140
v 1.05508 4.57178 -0.19140
v 0.70251 3.08054 0.54606
v 0.70251 3.30351 0.54606
v 0.70251 3.08054 0.17234
v 0.70251 3.30351 0.17234
v 1.07623 3.08054 0.54606
v 1.07623 3.30351 0.54606
v 1.07623 3.08054 0.17234
v 1.07623 3.30351 0.17234
v 1.77362 3.08054 0.53785
v 1.77362 3.30351 0.53785
v 1.39990 3.08054 0.53785
v 1.39990 3.30351 0.53785
v 1.77362 3.08054 0.16413
v 1.77362 3.30351 0.16413
v 1.39990 3.08054 0.16413
v 1.39990 3.30351 0.16413
v 1.77362 3.08054 -0.54720
v 1.77362 3.30351 -0.54720
v 1.77362 3.08054 -0.17348
v 1.77362 3.30351 -0.17348
v 1.39990 3.08054 -0.54720
v 1.39990 3.30351 -0.54720
v 1.39990 3.08054 -0.17348
v 1.39990 3.30351 -0.17348
v 0.69864 3.08054 -0.54720
v 0.69864 3.30351 -0.54720
v 1.07236 3.08054 -0.54720
v 1.07236 3.30351 -0.54720
v 0.69864 3.08054 -0.17348
v 0.69864 3.30351 -0.17348
v 1.07236 3.08054 -0.17348
v 1.07236 3.30351 -0.17348
v 0.54387 6.25552 0.25142
v 0.54387 6.55822 0.25142
v 0.54387 6.25552 -0.09636
v 0.54387 6.55822 -0.09636
v 1.46506 6.09992 0.25142
v 1.46506 6.10881 0.25142
v 1.46506 6.09992 -0.09636
v 1.46506 6.10881 -0.09636
v 0.66300 6.10353 -0.09636
v 0.66300 6.60886 -0.09636
v 0.66300 6.10468 0.25142
v 0.66300 6.60886 0.25142
v 0.54387 6.55822 -0.18851
v 0.54387 6.25552 -0.18851
v 0.66300 6.36334 -0.18851
v 0.66300 6.60886 -0.18851
v 2.16721 6.26870 -0.86992
v 2.16721 6.08149 -0.86992
v 2.16721 6.26870 -0.96207
v 2.16721 6.08149 -0.96207
v 1.46462 6.01442 0.25156
v 1.46462 6.01442 -0.09622
v 0.71987 6.01918 0.25156
v 0.71987 6.01802 -0.09622
v 0.35155 6.41199 -0.05714
v 0.58898 6.41199 -0.05714
v 0.35155 6.33339 -0.02458
v 0.58898 6.33339 -0.02458
v 0.35155 6.30084 0.05402
v 0.58898 6.30084 0.05402
v 0.35155 6.33339 0.13261
v 0.58898 6.33339 0.13261
v 0.35155 6.41199 0.16517
v 0.58898 6.41199 0.16517
v 0.35155 6.49059 0.13261
v 0.58898 6.49059 0.13261
v 0.35155 6.52314 0.05402
v 0.58898 6.52314 0.05402
v 0.35155 6.49059 -0.02458
v 0.58898 6.49059 -0.02458
v 0.16747 6.27772 -0.05714
v 0.22304 6.22215 -0.02458
v 0.24606 6.19913 0.05402
v 0.22304 6.22215 0.13261
v 0.16747 6.27772 0.16517
v 0.11189 6.33330 0.13261
v 0.08887 6.35632 0.05402
v 0.11189 6.33330 -0.02458
v 0.15912 5.62436 -0.15951
v 0.23771 5.62436 -0.12696
v 0.27027 5.62436 -0.04836
v 0.23771 5.62436 0.03024
v 0.15912 5.62436 0.06280
v 0.08052 5.62436 0.03024
v 0.04797 5.62436 -0.04836
v 0.08052 5.62436 -0.12696
v 0.50949 4.96653 -0.13609
v 0.58073 4.99975 -0.10353
v 0.61023 5.01351 -0.02493
v 0.58073 4.99975 0.05366
v 0.50949 4.96653 0.08622
v 0.43826 4.93332 0.05366
v 0.40875 4.91956 -0.02493
v 0.43826 4.93332 -0.10353
v 0.54546 4.41798 -0.10315
v 0.62376 4.41113 -0.07060
v 0.65619 4.40829 0.00800
v 0.62376 4.41113 0.08660
v 0.54546 4.41798 0.11915
v 0.46716 4.42483 0.08660
v 0.43473 4.42767 0.00800
v 0.46716 4.42483 -0.07060
v 0.53752 4.32725 -0.09799
v 0.61138 4.30037 -0.06544
v 0.64197 4.28924 0.01316
v 0.61138 4.30037 0.09176
v 0.53752 4.32725 0.12431
v 0.46366 4.35414 0.09176
v 0.43307 4.36527 0.01316
v 0.46366 4.35414 -0.06544
v 0.43430 4.04365 -0.11148
v 0.51260 4.05050 -0.07892
v 0.54503 4.05333 -0.00032
v 0.51260 4.05050 0.07827
v 0.43430 4.04365 0.11083
v 0.35600 4.03680 0.07827
v 0.32357 4.03396 -0.00032
v 0.35600 4.03680 -0.07892
v 0.49089 3.39685 -0.09039
v 0.56918 3.40370 -0.05784
v 0.60162 3.40654 0.02076
v 0.56918 3.40370 0.09936
v 0.49089 3.39685 0.13191
v 0.41259 3.39000 0.09936
v 0.38016 3.38716 0.02076
v 0.41259 3.39000 -0.05784
v 0.80750 3.24524 -0.15389
v 0.79918 3.31848 -0.11143
v 0.78949 3.33985 -0.02966
v 0.78412 3.29682 0.04353
v 0.78621 3.21459 0.06526
v 0.79453 3.14134 0.02280
v 0.80422 3.11998 -0.05897
v 0.80959 3.16301 -0.13216
vt 0.39611 0.98196
vt 0.74656 0.86515
vt 0.74656 0.98196
vt 0.39641 0.86539
vt 0.74577 0.74894
vt 0.74577 0.86539
vt 0.38318 0.99689
vt 0.73797 0.93312
vt 0.73797 0.99689
vt 0.38349 0.93290
vt 0.73828 0.86913
vt 0.73828 0.93290
vt 0.20069 0.97110
vt 0.38403 0.78775
vt 0.38403 0.97110
vt 0.18913 0.97110
vt 0.00578 0.78775
vt 0.18913 0.78775
vt 0.37065 0.84121
vt 0.50498 0.70688
vt 0.50498 0.84121
vt 0.36376 0.93648
vt 0.46839 0.83185
vt 0.46839 0.93648
vt 0.39120 0.82670
vt 0.49416 0.76801
vt 0.47203 0.84883
vt 0.36876 0.96127
vt 0.51249 0.81754
vt 0.51249 0.96127
vt 0.21460 0.56738
vt 0.00578 0.77620
vt 0.00578 0.56738
vt 0.48948 0.24676
vt 0.43337 0.30287
vt 0.43337 0.24676
vt 0.37028 0.59333
vt 0.42461 0.73844
vt 0.42461 0.59333
vt 0.37028 0.73844
vt 0.42461 0.59333
vt 0.37028 0.73844
vt 0.42461 0.59333
vt 0.42461 0.73844
vt 0.37028 0.73844
vt 0.42461 0.73844
vt 0.42361 0.68023
vt 0.37095 0.73288
vt 0.37095 0.68023
vt 0.42361 0.68023
vt 0.37095 0.73288
vt 0.37095 0.68023
vt 0.37028 0.59333
vt 0.42461 0.73844
vt 0.42461 0.59333
vt 0.37028 0.73844
vt 0.42461 0.59333
vt 0.37028 0.73844
vt 0.42461 0.59333
vt 0.42461 0.73844
vt 0.37028 0.73844
vt 0.42461 0.73844
vt 0.42361 0.68023
vt 0.37095 0.73288
vt 0.37095 0.68023
vt 0.37095 0.68023
vt 0.42361 0.73288
vt 0.37095 0.73288
vt 0.37028 0.59333
vt 0.42461 0.73844
vt 0.42461 0.59333
vt 0.37028 0.73844
vt 0.42461 0.59333
vt 0.37028 0.73844
vt 0.42461 0.59333
vt 0.42461 0.73844
vt 0.37028 0.73844
vt 0.42461 0.73844
vt 0.42361 0.68023
vt 0.37095 0.73288
vt 0.37095 0.68023
vt 0.42361 0.68023
vt 0.37095 0.73288
vt 0.37095 0.68023
vt 0.37028 0.59333
vt 0.42461 0.73844
vt 0.42461 0.59333
vt 0.37028 0.73844
vt 0.42461 0.59333
vt 0.37028 0.73844
vt 0.42461 0.59333
vt 0.42461 0.73844
vt 0.37028 0.73844
vt 0.42461 0.73844
vt 0.42361 0.68023
vt 0.37095 0.73288
vt 0.37095 0.68023
vt 0.42361 0.68023
vt 0.37095 0.73288
vt 0.37095 0.68023
vt 0.37028 0.59333
vt 0.42461 0.73844
vt 0.42461 0.59333
vt 0.37028 0.73844
vt 0.42461 0.59333
vt 0.37028 0.73844
vt 0.42461 0.59333
vt 0.42461 0.73844
vt 0.37028 0.73844
vt 0.42461 0.73844
vt 0.42361 0.68023
vt 0.37095 0.73288
vt 0.37095 0.68023
vt 0.42361 0.68023
vt 0.37095 0.73288
vt 0.37095 0.68023
vt 0.37028 0.59333
vt 0.42461 0.73844
vt 0.42461 0.59333
vt 0.37028 0.73844
vt 0.42461 0.59333
vt 0.37028 0.73844
vt 0.42461 0.59333
vt 0.42461 0.73844
vt 0.37028 0.73844
vt 0.42461 0.73844
vt 0.42361 0.68023
vt 0.37095 0.73288
vt 0.37095 0.68023
vt 0.37095 0.68023
vt 0.42361 0.73288
vt 0.37095 0.73288
vt 0.37028 0.59333
vt 0.42461 0.73844
vt 0.42461 0.59333
vt 0.37028 0.73844
vt 0.42461 0.59333
vt 0.37028 0.73844
vt 0.42461 0.59333
vt 0.42461 0.73844
vt 0.37028 0.73844
vt 0.42461 0.73844
vt 0.42361 0.68023
vt 0.37095 0.73288
vt 0.37095 0.68023
vt 0.42361 0.68023
vt 0.37095 0.73288
vt 0.37095 0.68023
vt 0.37028 0.59333
vt 0.42461 0.73844
vt 0.42461 0.59333
vt 0.37028 0.73844
vt 0.42461 0.59333
vt 0.37028 0.73844
vt 0.42461 0.59333
vt 0.42461 0.73844
vt 0.37028 0.73844
vt 0.42461 0.73844
vt 0.42361 0.68023
vt 0.37095 0.73288
vt 0.37095 0.68023
vt 0.42361 0.68023
vt 0.37095 0.73288
vt 0.37095 0.68023
vt 0.37028 0.59333
vt 0.42461 0.73844
vt 0.42461 0.59333
vt 0.37028 0.73844
vt 0.42461 0.59333
vt 0.37028 0.73844
vt 0.42461 0.59333
vt 0.42461 0.73844
vt 0.37028 0.73844
vt 0.42461 0.73844
vt 0.42361 0.68023
vt 0.37095 0.73288
vt 0.37095 0.68023
vt 0.42361 0.68023
vt 0.37095 0.73288
vt 0.37095 0.68023
vt 0.37028 0.59333
vt 0.42461 0.73844
vt 0.42461 0.59333
vt 0.37028 0.73844
vt 0.42461 0.59333
vt 0.37028 0.73844
vt 0.42461 0.59333
vt 0.42461 0.73844
vt 0.37028 0.73844
vt 0.42461 0.73844
vt 0.42361 0.68023
vt 0.37095 0.73288
vt 0.37095 0.68023
vt 0.42361 0.68023
vt 0.37095 0.73288
vt 0.37095 0.68023
vt 0.37028 0.59333
vt 0.42461 0.73844
vt 0.42461 0.59333
vt 0.37028 0.73844
vt 0.42461 0.59333
vt 0.37028 0.73844
vt 0.42461 0.59333
vt 0.42461 0.73844
vt 0.37028 0.73844
vt 0.42461 0.73844
vt 0.42361 0.68023
vt 0.37095 0.73288
vt 0.37095 0.68023
vt 0.42361 0.68023
vt 0.37095 0.73288
vt 0.37095 0.68023
vt 0.37028 0.59333
vt 0.42461 0.73844
vt 0.42461 0.59333
vt 0.37028 0.73844
vt 0.42461 0.59333
vt 0.37028 0.73844
vt 0.42461 0.59333
vt 0.42461 0.73844
vt 0.37028 0.73844
vt 0.42461 0.73844
vt 0.37095 0.68023
vt 0.42361 0.73288
vt 0.37095 0.73288
vt 0.42361 0.68023
vt 0.37095 0.73288
vt 0.37095 0.68023
vt 0.64809 0.65919
vt 0.55018 0.59583
vt 0.64809 0.59583
vt 0.80062 0.63797
vt 0.89241 0.63720
vt 0.89241 0.63797
vt 0.84220 0.14683
vt 0.84487 0.00634
vt 0.84487 0.14683
vt 0.79587 0.63799
vt 0.82948 0.60255
vt 0.84319 0.63858
vt 0.70492 0.59542
vt 0.49230 0.64771
vt 0.49222 0.59542
vt 0.62490 0.59120
vt 0.57441 0.65300
vt 0.57449 0.59113
vt 0.68093 0.59309
vt 0.53313 0.65475
vt 0.53321 0.59289
vt 0.55731 0.65672
vt 0.62590 0.59684
vt 0.62592 0.65672
vt 0.89483 0.63780
vt 0.80064 0.63858
vt 0.89484 0.63858
vt 0.54592 0.64640
vt 0.63684 0.60918
vt 0.63684 0.64640
vt 0.49849 0.61204
vt 0.52955 0.62433
vt 0.50073 0.63551
vt 0.48417 0.64194
vt 0.70296 0.62673
vt 0.70868 0.63743
vt 0.52997 0.64461
vt 0.54611 0.64269
vt 0.66079 0.60608
vt 0.66059 0.64331
vt 0.81358 0.61184
vt 0.83935 0.65077
vt 0.81358 0.65077
vt 0.69780 0.61565
vt 0.69919 0.63017
vt 0.70508 0.64695
vt 0.48286 0.62616
vt 0.70597 0.59492
vt 0.69768 0.63031
vt 0.80491 0.28309
vt 0.84339 0.19589
vt 0.84338 0.28311
vt 0.70497 0.59542
vt 0.49236 0.64771
vt 0.49227 0.59542
vt 0.70315 0.59386
vt 0.49920 0.65246
vt 0.49922 0.59386
vt 0.49819 0.59191
vt 0.70211 0.65051
vt 0.49817 0.65051
vt 0.86674 0.11712
vt 0.99699 0.15236
vt 0.86674 0.15236
vt 0.86674 0.11712
vt 0.99699 0.15236
vt 0.86674 0.15236
vt 0.86674 0.11712
vt 0.99699 0.15236
vt 0.86674 0.15236
vt 0.86674 0.11712
vt 0.99699 0.15236
vt 0.86674 0.15236
vt 0.86674 0.11712
vt 0.99699 0.15236
vt 0.86674 0.15236
vt 0.86674 0.11712
vt 0.99699 0.15236
vt 0.86674 0.15236
vt 0.41971 0.08029
vt 0.49000 0.25000
vt 0.01000 0.25000
vt 0.86674 0.11712
vt 0.99699 0.15236
vt 0.86674 0.15236
vt 0.86674 0.11712
vt 0.99699 0.15236
vt 0.86674 0.15236
vt 0.99699 0.11712
vt 0.99699 0.15236
vt 0.86674 0.11712
vt 0.99699 0.15236
vt 0.86674 0.15236
vt 0.99699 0.11712
vt 0.99699 0.15236
vt 0.99699 0.11712
vt 0.99699 0.15236
vt 0.86674 0.11712
vt 0.99699 0.15236
vt 0.86674 0.11712
vt 0.99699 0.15236
vt 0.99699 0.11712
vt 0.99699 0.15236
vt 0.86674 0.11712
vt 0.99699 0.15236
vt 0.86674 0.11712
vt 0.99699 0.15236
vt 0.86674 0.11712
vt 0.99699 0.15236
vt 0.86674 0.15236
vt 0.86674 0.11712
vt 0.99699 0.15236
vt 0.86674 0.15236
vt 0.86674 0.15236
vt 0.99699 0.11712
vt 0.99699 0.15236
vt 0.86674 0.15236
vt 0.99699 0.11712
vt 0.99699 0.15236
vt 0.86674 0.11712
vt 0.99699 0.15236
vt 0.86674 0.15236
vt 0.86674 0.15236
vt 0.99699 0.11712
vt 0.99699 0.15236
vt 0.86674 0.15236
vt 0.99699 0.11712
vt 0.99699 0.15236
vt 0.86674 0.11712
vt 0.99699 0.15236
vt 0.86674 0.15236
vt 0.86674 0.15236
vt 0.99699 0.11712
vt 0.99699 0.15236
vt 0.86674 0.15236
vt 0.99699 0.11712
vt 0.99699 0.15236
vt 0.86674 0.15236
vt 0.99699 0.11712
vt 0.99699 0.15236
vt 0.86674 0.11712
vt 0.99699 0.15236
vt 0.86674 0.15236
vt 0.86674 0.11712
vt 0.99699 0.15236
vt 0.86674 0.15236
vt 0.86674 0.15236
vt 0.99699 0.11712
vt 0.99699 0.15236
vt 0.86674 0.15236
vt 0.99699 0.11712
vt 0.99699 0.15236
vt 0.86674 0.11712
vt 0.99699 0.15236
vt 0.86674 0.15236
vt 0.86674 0.15236
vt 0.99699 0.11712
vt 0.99699 0.15236
vt 0.86674 0.15236
vt 0.99699 0.11712
vt 0.99699 0.15236
vt 0.86674 0.15236
vt 0.99699 0.11712
vt 0.99699 0.15236
vt 0.86674 0.11712
vt 0.99699 0.15236
vt 0.86674 0.15236
vt 0.86674 0.11712
vt 0.99699 0.15236
vt 0.86674 0.15236
vt 0.86674 0.15236
vt 0.99699 0.11712
vt 0.99699 0.15236
vt 0.86674 0.11712
vt 0.99699 0.15236
vt 0.86674 0.15236
vt 0.86674 0.11712
vt 0.99699 0.15236
vt 0.86674 0.15236
vt 0.86674 0.15236
vt 0.99699 0.11712
vt 0.99699 0.15236
vt 0.86674 0.15236
vt 0.99699 0.11712
vt 0.99699 0.15236
vt 0.86674 0.11712
vt 0.99699 0.15236
vt 0.86674 0.15236
vt 0.86674 0.11712
vt 0.99699 0.15236
vt 0.86674 0.15236
vt 0.86674 0.11712
vt 0.99699 0.15236
vt 0.86674 0.15236
vt 0.86674 0.15236
vt 0.99699 0.11712
vt 0.99699 0.15236
vt 0.86674 0.15236
vt 0.99699 0.11712
vt 0.99699 0.15236
vt 0.86674 0.11712
vt 0.99699 0.15236
vt 0.86674 0.15236
vt 0.86674 0.15236
vt 0.99699 0.11712
vt 0.99699 0.15236
vt 0.86674 0.15236
vt 0.99699 0.11712
vt 0.99699 0.15236
vt 0.86674 0.11712
vt 0.99699 0.15236
vt 0.86674 0.15236
vt 0.86674 0.11712
vt 0.99699 0.15236
vt 0.86674 0.15236
vt 0.86674 0.15236
vt 0.99699 0.11712
vt 0.99699 0.15236
vt 0.86674 0.15236
vt 0.99699 0.11712
vt 0.99699 0.15236
vt 0.86674 0.11712
vt 0.99699 0.15236
vt 0.86674 0.15236
vt 0.86674 0.11712
vt 0.99699 0.15236
vt 0.86674 0.15236
vt 0.86674 0.15236
vt 0.99699 0.11712
vt 0.99699 0.15236
vt 0.86674 0.15236
vt 0.99699 0.11712
vt 0.99699 0.15236
vt 0.86674 0.11712
vt 0.99699 0.15236
vt 0.86674 0.15236
vt 0.86674 0.11712
vt 0.99699 0.15236
vt 0.86674 0.15236
vt 0.86674 0.15236
vt 0.99699 0.11712
vt 0.99699 0.15236
vt 0.86674 0.15236
vt 0.99699 0.11712
vt 0.99699 0.15236
vt 0.86674 0.11712
vt 0.99699 0.15236
vt 0.86674 0.15236
vt 0.86674 0.11712
vt 0.99699 0.15236
vt 0.86674 0.15236
vt 0.88581 0.14720
vt 0.93186 0.15236
vt 0.97791 0.14720
vt 0.86674 0.11712
vt 0.99699 0.15236
vt 0.86674 0.15236
vt 0.86674 0.11712
vt 0.99699 0.15236
vt 0.86674 0.15236
vt 0.86674 0.11712
vt 0.99699 0.15236
vt 0.86674 0.15236
vt 0.86674 0.15236
vt 0.99699 0.11712
vt 0.99699 0.15236
vt 0.86674 0.15236
vt 0.99699 0.11712
vt 0.99699 0.15236
vt 0.86674 0.11712
vt 0.99699 0.15236
vt 0.86674 0.15236
vt 0.86674 0.15236
vt 0.99699 0.11712
vt 0.99699 0.15236
vt 0.39611 0.86515
vt 0.39641 0.74894
vt 0.38318 0.93312
vt 0.38349 0.86913
vt 0.20069 0.78775
vt 0.00578 0.97110
vt 0.37065 0.70688
vt 0.36376 0.83185
vt 0.41334 0.74587
vt 0.36876 0.81754
vt 0.21460 0.77620
vt 0.48948 0.30287
vt 0.37028 0.59333
vt 0.37028 0.59333
vt 0.42361 0.73288
vt 0.42361 0.73288
vt 0.37028 0.59333
vt 0.37028 0.59333
vt 0.42361 0.73288
vt 0.42361 0.68023
vt 0.37028 0.59333
vt 0.37028 0.59333
vt 0.42361 0.73288
vt 0.42361 0.73288
vt 0.37028 0.59333
vt 0.37028 0.59333
vt 0.42361 0.73288
vt 0.42361 0.73288
vt 0.37028 0.59333
vt 0.37028 0.59333
vt 0.42361 0.73288
vt 0.42361 0.73288
vt 0.37028 0.59333
vt 0.37028 0.59333
vt 0.42361 0.73288
vt 0.42361 0.68023
vt 0.37028 0.59333
vt 0.37028 0.59333
vt 0.42361 0.73288
vt 0.42361 0.73288
vt 0.37028 0.59333
vt 0.37028 0.59333
vt 0.42361 0.73288
vt 0.42361 0.73288
vt 0.37028 0.59333
vt 0.37028 0.59333
vt 0.42361 0.73288
vt 0.42361 0.73288
vt 0.37028 0.59333
vt 0.37028 0.59333
vt 0.42361 0.73288
vt 0.42361 0.73288
vt 0.37028 0.59333
vt 0.37028 0.59333
vt 0.42361 0.73288
vt 0.42361 0.73288
vt 0.37028 0.59333
vt 0.37028 0.59333
vt 0.42361 0.68023
vt 0.42361 0.73288
vt 0.55018 0.65919
vt 0.80047 0.59443
vt 0.84220 0.00634
vt 0.80107 0.60219
vt 0.70500 0.64771
vt 0.62482 0.65306
vt 0.68085 0.65495
vt 0.55729 0.59681
vt 0.80044 0.59400
vt 0.54592 0.60918
vt 0.52773 0.60529
vt 0.47845 0.63124
vt 0.49922 0.63566
vt 0.54631 0.60546
vt 0.83935 0.61184
vt 0.48253 0.64544
vt 0.80492 0.19589
vt 0.70506 0.64771
vt 0.70314 0.65246
vt 0.70212 0.59191
vt 0.99699 0.11712
vt 0.99699 0.11712
vt 0.99699 0.11712
vt 0.99699 0.11712
vt 0.99699 0.11712
vt 0.99699 0.11712
vt 0.41971 0.41971
vt 0.25000 0.49000
vt 0.08029 0.41971
vt 0.08029 0.08029
vt 0.25000 0.01000
vt 0.99699 0.11712
vt 0.99699 0.11712
vt 0.86674 0.11712
vt 0.99699 0.11712
vt 0.86674 0.11712
vt 0.86674 0.11712
vt 0.99699 0.11712
vt 0.99699 0.11712
vt 0.86674 0.11712
vt 0.99699 0.11712
vt 0.99699 0.11712
vt 0.99699 0.11712
vt 0.99699 0.11712
vt 0.86674 0.11712
vt 0.86674 0.11712
vt 0.99699 0.11712
vt 0.86674 0.11712
vt 0.86674 0.11712
vt 0.99699 0.11712
vt 0.86674 0.11712
vt 0.86674 0.11712
vt 0.86674 0.11712
vt 0.99699 0.11712
vt 0.99699 0.11712
vt 0.86674 0.11712
vt 0.86674 0.11712
vt 0.99699 0.11712
vt 0.86674 0.11712
vt 0.86674 0.11712
vt 0.86674 0.11712
vt 0.99699 0.11712
vt 0.99699 0.11712
vt 0.86674 0.11712
vt 0.99699 0.11712
vt 0.99699 0.11712
vt 0.86674 0.11712
vt 0.86674 0.11712
vt 0.99699 0.11712
vt 0.99699 0.11712
vt 0.99699 0.11712
vt 0.86674 0.11712
vt 0.86674 0.11712
vt 0.99699 0.11712
vt 0.86674 0.11712
vt 0.86674 0.11712
vt 0.99699 0.11712
vt 0.99699 0.11712
vt 0.86674 0.11712
vt 0.86674 0.11712
vt 0.99699 0.11712
vt 0.99699 0.11712
vt 0.86674 0.11712
vt 0.86674 0.11712
vt 0.99699 0.11712
vt 0.99699 0.11712
vt 0.86674 0.11712
vt 0.86674 0.11712
vt 0.99699 0.11712
vt 0.99699 0.11712
vt 0.99699 0.13474
vt 0.97791 0.12228
vt 0.93186 0.11712
vt 0.88581 0.12228
vt 0.86674 0.13474
vt 0.99699 0.11712
vt 0.99699 0.11712
vt 0.99699 0.11712
vt 0.86674 0.11712
vt 0.86674 0.11712
vt 0.99699 0.11712
vt 0.86674 0.11712
f 460/1209 461/1210 459/1211
f 462/1212 465/1213 461/1214
f 466/1215 463/1216 465/1217
f 464/1218 459/1219 463/1220
f 465/1221 459/1222 461/1223
f 462/1224 464/1225 466/1226
f 468/1227 469/1228 467/1229
f 470/1230 473/1231 469/1232
f 474/1233 471/1234 473/1235
f 472/1236 467/1237 471/1238
f 473/1239 467/1240 469/1241
f 470/1242 472/1243 474/1244
f 476/1245 477/1246 475/1247
f 478/1248 481/1249 477/1246
f 482/1250 479/1251 481/1252
f 480/1253 475/1247 479/1254
f 481/1255 475/1256 477/1257
f 478/1258 480/1259 482/1260
f 484/1261 485/1262 483/1263
f 486/1264 489/1265 485/1262
f 490/1266 487/1267 489/1268
f 488/1269 483/1263 487/1270
f 489/1271 483/1272 485/1273
f 490/1274 484/1275 488/1276
f 492/1277 493/1278 491/1279
f 494/1280 497/1281 493/1278
f 498/1282 495/1283 497/1284
f 496/1285 491/1279 495/1286
f 497/1287 491/1288 493/1289
f 494/1290 496/1291 498/1292
f 500/1293 501/1294 499/1295
f 502/1296 505/1297 501/1294
f 506/1298 503/1299 505/1300
f 504/1301 499/1295 503/1302
f 505/1303 499/1304 501/1305
f 502/1306 504/1307 506/1308
f 508/1309 509/1310 507/1311
f 510/1312 513/1313 509/1310
f 514/1314 511/1315 513/1316
f 512/1317 507/1311 511/1318
f 513/1319 507/1320 509/1321
f 510/1322 512/1323 514/1324
f 516/1325 517/1326 515/1327
f 518/1328 521/1329 517/1326
f 522/1330 519/1331 521/1332
f 520/1333 515/1327 519/1334
f 521/1335 515/1336 517/1337
f 522/1338 516/1339 520/1340
f 524/1341 525/1342 523/1343
f 526/1344 529/1345 525/1342
f 530/1346 527/1347 529/1348
f 528/1349 523/1343 527/1350
f 529/1351 523/1352 525/1353
f 526/1354 528/1355 530/1356
f 532/1357 533/1358 531/1359
f 534/1360 537/1361 533/1358
f 538/1362 535/1363 537/1364
f 536/1365 531/1359 535/1366
f 537/1367 531/1368 533/1369
f 534/1370 536/1371 538/1372
f 540/1373 541/1374 539/1375
f 542/1376 545/1377 541/1374
f 546/1378 543/1379 545/1380
f 544/1381 539/1375 543/1382
f 545/1383 539/1384 541/1385
f 542/1386 544/1387 546/1388
f 548/1389 549/1390 547/1391
f 550/1392 553/1393 549/1390
f 554/1394 551/1395 553/1396
f 552/1397 547/1391 551/1398
f 553/1399 547/1400 549/1401
f 550/1402 552/1403 554/1404
f 556/1405 557/1406 555/1407
f 558/1408 561/1409 557/1406
f 562/1410 559/1411 561/1412
f 560/1413 555/1407 559/1414
f 561/1415 555/1416 557/1417
f 558/1418 560/1419 562/1420
f 564/1421 565/1422 563/1423
f 566/1424 569/1425 565/1422
f 570/1426 567/1427 569/1428
f 568/1429 563/1423 567/1430
f 565/1431 567/1432 563/1433
f 566/1434 568/1435 570/1436
f 572/1437 573/1438 571/1439
f 579/1440 578/1441 577/1442
f 578/1443 575/1444 577/1445
f 582/1446 571/1447 581/1448
f 579/1449 593/1450 581/1451
f 574/1452 582/1453 580/1454
f 580/1455 576/1456 578/1457
f 573/1458 581/1459 571/1460
f 576/1461 581/1462 575/1463
f 574/1464 584/1465 573/1466
f 583/1467 585/1468 584/1469
f 586/1470 587/1471 589/1472
f 579/1473 584/1469 585/1468
f 580/1474 583/1475 574/1476
f 588/1477 589/1478 587/1479
f 585/1468 589/1480 590/1481
f 579/1482 587/1483 580/1484
f 585/1468 588/1485 579/1473
f 594/1486 591/1487 593/1488
f 575/1489 592/1490 577/1491
f 577/1492 594/1493 579/1494
f 575/1495 593/1496 591/1497
f 596/1498 597/1499 595/1500
f 598/1501 599/1502 597/1503
f 600/1504 601/1505 599/1506
f 602/1507 603/1508 601/1509
f 604/1510 605/1511 603/1512
f 606/1513 607/1514 605/1515
f 602/1516 600/1517 608/1518
f 608/1519 609/1520 607/1521
f 610/1522 595/1523 609/1524
f 599/1506 614/1525 613/1526
f 611/1527 626/1528 618/1529
f 605/1515 617/1530 616/1531
f 601/1509 615/1532 614/1533
f 609/1534 617/1535 607/1521
f 599/1536 612/1537 597/1503
f 603/1512 616/1538 615/1539
f 595/1540 618/1541 609/1524
f 597/1542 611/1543 595/1500
f 626/1544 633/1545 625/1546
f 617/1547 624/1548 616/1549
f 614/1550 623/1551 622/1552
f 612/1553 621/1554 620/1555
f 618/1556 625/1557 617/1558
f 615/1559 624/1560 623/1561
f 613/1562 622/1563 621/1564
f 612/1565 619/1566 611/1567
f 627/1568 636/1569 635/1570
f 623/1571 632/1572 631/1573
f 621/1574 630/1575 629/1576
f 620/1577 627/1578 619/1579
f 619/1580 634/1581 626/1582
f 624/1583 633/1584 632/1585
f 622/1586 631/1587 630/1588
f 621/1589 628/1590 620/1591
f 641/1592 650/1593 649/1594
f 634/1595 635/1596 642/1597
f 632/1598 641/1599 640/1600
f 631/1601 638/1602 630/1603
f 629/1604 636/1605 628/1606
f 633/1607 642/1608 641/1609
f 632/1610 639/1611 631/1612
f 630/1613 637/1614 629/1615
f 644/1616 653/1617 652/1618
f 639/1619 648/1620 647/1621
f 638/1622 645/1623 637/1624
f 636/1625 643/1626 635/1627
f 635/1628 650/1629 642/1630
f 640/1631 649/1632 648/1633
f 638/1634 647/1635 646/1636
f 637/1637 644/1638 636/1639
f 658/1640 659/1641 666/1642
f 649/1643 658/1644 657/1645
f 648/1646 655/1647 647/1648
f 646/1649 653/1650 645/1651
f 643/1652 652/1653 651/1654
f 650/1655 651/1656 658/1657
f 649/1658 656/1659 648/1660
f 647/1661 654/1662 646/1663
f 661/1664 670/1665 669/1666
f 656/1667 665/1668 664/1669
f 655/1670 662/1671 654/1672
f 653/1673 660/1674 652/1675
f 657/1676 666/1677 665/1678
f 655/1679 664/1680 663/1681
f 654/1682 661/1683 653/1684
f 652/1685 659/1686 651/1687
f 672/1688 673/1689 674/1690
f 660/1691 667/1692 659/1693
f 659/1694 674/1695 666/1696
f 665/1697 672/1698 664/1699
f 662/1700 671/1701 670/1702
f 660/1703 669/1704 668/1705
f 666/1706 673/1707 665/1708
f 663/1709 672/1710 671/1711
f 460/1209 462/1712 461/1210
f 462/1212 466/1713 465/1213
f 466/1215 464/1714 463/1216
f 464/1218 460/1715 459/1219
f 465/1221 463/1716 459/1222
f 462/1224 460/1717 464/1225
f 468/1227 470/1718 469/1228
f 470/1230 474/1719 473/1231
f 474/1233 472/1720 471/1234
f 472/1236 468/1721 467/1237
f 473/1239 471/1722 467/1240
f 470/1242 468/1723 472/1243
f 476/1245 478/1248 477/1246
f 478/1248 482/1724 481/1249
f 482/1250 480/1725 479/1251
f 480/1253 476/1245 475/1247
f 481/1255 479/1726 475/1256
f 478/1258 476/1727 480/1259
f 484/1261 486/1264 485/1262
f 486/1264 490/1728 489/1265
f 490/1266 488/1729 487/1267
f 488/1269 484/1261 483/1263
f 489/1271 487/1730 483/1272
f 490/1274 486/1731 484/1275
f 492/1277 494/1280 493/1278
f 494/1280 498/1732 497/1281
f 498/1282 496/1733 495/1283
f 496/1285 492/1277 491/1279
f 497/1287 495/1734 491/1288
f 494/1290 492/1735 496/1291
f 500/1293 502/1296 501/1294
f 502/1296 506/1736 505/1297
f 506/1298 504/1737 503/1299
f 504/1301 500/1293 499/1295
f 505/1303 503/1738 499/1304
f 502/1306 500/1739 504/1307
f 508/1309 510/1312 509/1310
f 510/1312 514/1740 513/1313
f 514/1314 512/1741 511/1315
f 512/1317 508/1309 507/1311
f 513/1319 511/1742 507/1320
f 510/1322 508/1743 512/1323
f 516/1325 518/1328 517/1326
f 518/1328 522/1744 521/1329
f 522/1330 520/1745 519/1331
f 520/1333 516/1325 515/1327
f 521/1335 519/1746 515/1336
f 522/1338 518/1747 516/1339
f 524/1341 526/1344 525/1342
f 526/1344 530/1748 529/1345
f 530/1346 528/1749 527/1347
f 528/1349 524/1341 523/1343
f 529/1351 527/1750 523/1352
f 526/1354 524/1751 528/1355
f 532/1357 534/1360 533/1358
f 534/1360 538/1752 537/1361
f 538/1362 536/1753 535/1363
f 536/1365 532/1357 531/1359
f 537/1367 535/1754 531/1368
f 534/1370 532/1755 536/1371
f 540/1373 542/1376 541/1374
f 542/1376 546/1756 545/1377
f 546/1378 544/1757 543/1379
f 544/1381 540/1373 539/1375
f 545/1383 543/1758 539/1384
f 542/1386 540/1759 544/1387
f 548/1389 550/1392 549/1390
f 550/1392 554/1760 553/1393
f 554/1394 552/1761 551/1395
f 552/1397 548/1389 547/1391
f 553/1399 551/1762 547/1400
f 550/1402 548/1763 552/1403
f 556/1405 558/1408 557/1406
f 558/1408 562/1764 561/1409
f 562/1410 560/1765 559/1411
f 560/1413 556/1405 555/1407
f 561/1415 559/1766 555/1416
f 558/1418 556/1767 560/1419
f 564/1421 566/1424 565/1422
f 566/1424 570/1768 569/1425
f 570/1426 568/1769 567/1427
f 568/1429 564/1421 563/1423
f 565/1431 569/1770 567/1432
f 566/1434 564/1771 568/1435
f 572/1437 574/1772 573/1438
f 579/1440 580/1773 578/1441
f 578/1443 576/1774 575/1444
f 582/1446 572/1775 571/1447
f 579/1449 594/1776 593/1450
f 574/1452 572/1777 582/1453
f 580/1455 582/1778 576/1456
f 573/1458 579/1779 581/1459
f 576/1461 582/1780 581/1462
f 574/1464 583/1781 584/1465
f 583/1467 586/1782 585/1468
f 586/1470 580/1783 587/1471
f 579/1473 573/1784 584/1469
f 580/1474 586/1785 583/1475
f 588/1477 590/1786 589/1478
f 585/1468 586/1782 589/1480
f 579/1482 588/1787 587/1483
f 585/1468 590/1481 588/1485
f 594/1486 592/1788 591/1487
f 575/1489 591/1789 592/1490
f 577/1492 592/1790 594/1493
f 575/1495 581/1791 593/1496
f 596/1498 598/1792 597/1499
f 598/1501 600/1793 599/1502
f 600/1504 602/1794 601/1505
f 602/1507 604/1795 603/1508
f 604/1510 606/1796 605/1511
f 606/1513 608/1797 607/1514
f 600/1517 598/1798 608/1518
f 598/1798 596/1799 608/1518
f 596/1799 610/1800 608/1518
f 608/1518 606/1801 604/1802
f 604/1802 602/1516 608/1518
f 608/1519 610/1803 609/1520
f 610/1522 596/1804 595/1523
f 599/1506 601/1805 614/1525
f 611/1527 619/1806 626/1528
f 605/1515 607/1807 617/1530
f 601/1509 603/1808 615/1532
f 609/1534 618/1809 617/1535
f 599/1536 613/1810 612/1537
f 603/1512 605/1811 616/1538
f 595/1540 611/1812 618/1541
f 597/1542 612/1813 611/1543
f 626/1544 634/1814 633/1545
f 617/1547 625/1815 624/1548
f 614/1550 615/1816 623/1551
f 612/1553 613/1817 621/1554
f 618/1556 626/1818 625/1557
f 615/1559 616/1819 624/1560
f 613/1562 614/1820 622/1563
f 612/1565 620/1821 619/1566
f 627/1568 628/1822 636/1569
f 623/1571 624/1823 632/1572
f 621/1574 622/1824 630/1575
f 620/1577 628/1825 627/1578
f 619/1580 627/1826 634/1581
f 624/1583 625/1827 633/1584
f 622/1586 623/1828 631/1587
f 621/1589 629/1829 628/1590
f 641/1592 642/1830 650/1593
f 634/1595 627/1831 635/1596
f 632/1598 633/1832 641/1599
f 631/1601 639/1833 638/1602
f 629/1604 637/1834 636/1605
f 633/1607 634/1835 642/1608
f 632/1610 640/1836 639/1611
f 630/1613 638/1837 637/1614
f 644/1616 645/1838 653/1617
f 639/1619 640/1839 648/1620
f 638/1622 646/1840 645/1623
f 636/1625 644/1841 643/1626
f 635/1628 643/1842 650/1629
f 640/1631 641/1843 649/1632
f 638/1634 639/1844 647/1635
f 637/1637 645/1845 644/1638
f 658/1640 651/1846 659/1641
f 649/1643 650/1847 658/1644
f 648/1646 656/1848 655/1647
f 646/1649 654/1849 653/1650
f 643/1652 644/1850 652/1653
f 650/1655 643/1851 651/1656
f 649/1658 657/1852 656/1659
f 647/1661 655/1853 654/1662
f 661/1664 662/1854 670/1665
f 656/1667 657/1855 665/1668
f 655/1670 663/1856 662/1671
f 653/1673 661/1857 660/1674
f 657/1676 658/1858 666/1677
f 655/1679 656/1859 664/1680
f 654/1682 662/1860 661/1683
f 652/1685 660/1861 659/1686
f 674/1690 667/1862 668/1863
f 668/1863 669/1864 674/1690
f 669/1864 670/1865 674/1690
f 670/1865 671/1866 674/1690
f 671/1866 672/1688 674/1690
f 660/1691 668/1867 667/1692
f 659/1694 667/1868 674/1695
f 665/1697 673/1869 672/1698
f 662/1700 663/1870 671/1701
f 660/1703 661/1871 669/1704
f 666/1706 674/1872 673/1707
f 663/1709 664/1873 672/1710
o armR
v -1.75000 3.00000 0.50000
v -1.75000 6.00000 0.50000
v -0.75000 3.00000 0.50000
v -0.75000 6.00000 0.50000
v -1.75000 3.00000 -0.50000
v -1.75000 6.00000 -0.50000
v -0.75000 3.00000 -0.50000
v -0.75000 6.00000 -0.50000
v -0.68054 4.90300 0.52992
v -0.68054 6.04193 0.52992
v -0.68054 4.90300 -0.60901
v -0.68054 6.04193 -0.60901
v -1.81947 4.90300 0.52992
v -1.81947 6.04193 0.52992
v -1.81947 4.90300 -0.60901
v -1.81947 6.04193 -0.60901
v -0.64644 4.65922 0.60360
v -0.64644 4.88220 0.60360
v -0.64644 4.65922 0.19069
v -0.64644 4.88220 0.19069
v -1.05936 4.65922 0.60360
v -1.05936 4.88220 0.60360
v -1.05936 4.65922 0.19069
v -1.05936 4.88220 0.19069
v -1.82989 4.65922 0.59454
v -1.82989 4.88220 0.59454
v -1.41697 4.65922 0.59454
v -1.41697 4.88220 0.59454
v -1.82989 4.65922 0.18162
v -1.82989 4.88220 0.18162
v -1.41697 4.65922 0.18162
v -1.41697 4.88220 0.18162
v -1.82989 4.65922 -0.60431
v -1.82989 4.88220 -0.60431
v -1.82989 4.65922 -0.19140
v -1.82989 4.88220 -0.19140
v -1.41697 4.65922 -0.60431
v -1.41697 4.88220 -0.60431
v -1.41697 4.65922 -0.19140
v -1.41697 4.88220 -0.19140
v -0.64216 4.65922 -0.60431
v -0.64216 4.88220 -0.60431
v -1.05508 4.65922 -0.60431
v -1.05508 4.88220 -0.60431
v -0.64216 4.65922 -0.19140
v -0.64216 4.88220 -0.19140
v -1.05508 4.65922 -0.19140
v -1.05508 4.88220 -0.19140
v -0.64644 4.34880 0.60360
v -0.64644 4.57178 0.60360
v -0.64644 4.34880 0.19069
v -0.64644 4.57178 0.19069
v -1.05936 4.34880 0.60360
v -1.05936 4.57178 0.60360
v -1.05936 4.34880 0.19069
v -1.05936 4.57178 0.19069
v -1.82989 4.34880 0.59454
v -1.82989 4.57178 0.59454
v -1.41697 4.34880 0.59454
v -1.41697 4.57178 0.59454
v -1.82989 4.34880 0.18162
v -1.82989 4.57178 0.18162
v -1.41697 4.34880 0.18162
v -1.41697 4.57178 0.18162
v -1.82989 4.34880 -0.60431
v -1.82989 4.57178 -0.60431
v -1.82989 4.34880 -0.19140
v -1.82989 4.57178 -0.19140
v -1.41697 4.34880 -0.60431
v -1.41697 4.57178 -0.60431
v -1.41697 4.34880 -0.19140
v -1.41697 4.57178 -0.19140
v -0.64216 4.34880 -0.60431
v -0.64216 4.57178 -0.60431
v -1.05508 4.34880 -0.60431
v -1.05508 4.57178 -0.60431
v -0.64216 4.34880 -0.19140
v -0.64216 4.57178 -0.19140
v -1.05508 4.34880 -0.19140
v -1.05508 4.57178 -0.19140
v -0.70251 3.08054 0.54606
v -0.70251 3.30351 0.54606
v -0.70251 3.08054 0.17234
v -0.70251 3.30351 0.17234
v -1.07623 3.08054 0.54606
v -1.07623 3.30351 0.54606
v -1.07623 3.08054 0.17234
v -1.07623 3.30351 0.17234
v -1.77362 3.08054 0.53785
v -1.77362 3.30351 0.53785
v -1.39990 3.08054 0.53785
v -1.39990 3.30351 0.53785
v -1.77362 3.08054 0.16413
v -1.77362 3.30351 0.16413
v -1.39990 3.08054 0.16413
v -1.39990 3.30351 0.16413
v -1.77362 3.08054 -0.54720
v -1.77362 3.30351 -0.54720
v -1.77362 3.08054 -0.17348
v -1.77362 3.30351 -0.17348
v -1.39990 3.08054 -0.54720
v -1.39990 3.30351 -0.54720
v -1.39990 3.08054 -0.17348
v -1.39990 3.30351 -0.17348
v -0.69864 3.08054 -0.54720
v -0.69864 3.30351 -0.54720
v -1.07236 3.08054 -0.54720
v -1.07236 3.30351 -0.54720
v -0.69864 3.08054 -0.17348
v -0.69864 3.30351 -0.17348
v -1.07236 3.08054 -0.17348
v -1.07236 3.30351 -0.17348
v -0.54387 6.25552 0.25142
v -0.54387 6.55822 0.25142
v -0.54387 6.25552 -0.09636
v -0.54387 6.55822 -0.09636
v -1.46506 6.09992 0.25142
v -1.46506 6.10881 0.25142
v -1.46506 6.09992 -0.09636
v -1.46506 6.10881 -0.09636
v -0.66300 6.10353 -0.09636
v -0.66300 6.60886 -0.09636
v -0.66300 6.10468 0.25142
v -0.66300 6.60886 0.25142
v -0.54387 6.55822 -0.18851
v -0.54387 6.25552 -0.18851
v -0.66300 6.36334 -0.18851
v -0.66300 6.60886 -0.18851
v -2.16721 6.26870 -0.86992
v -2.16721 6.08149 -0.86992
v -2.16721 6.26870 -0.96207
v -2.16721 6.08149 -0.96207
v -1.46462 6.01442 0.25156
v -1.46462 6.01442 -0.09622
v -0.71987 6.01918 0.25156
v -0.71987 6.01802 -0.09622
v -0.35155 6.41199 -0.05714
v -0.58898 6.41199 -0.05714
v -0.35155 6.33339 -0.02458
v -0.58898 6.33339 -0.02458
v -0.35155 6.30084 0.05402
v -0.58898 6.30084 0.05402
v -0.35155 6.33339 0.13261
v -0.58898 6.33339 0.13261
v -0.35155 6.41199 0.16517
v -0.58898 6.41199 0.16517
v -0.35155 6.49059 0.13261
v -0.58898 6.49059 0.13261
v -0.35155 6.52314 0.05402
v -0.58898 6.52314 0.05402
v -0.35155 6.49059 -0.02458
v -0.58898 6.49059 -0.02458
v -0.16747 6.27772 -0.05714
v -0.22304 6.22215 -0.02458
v -0.24606 6.19913 0.05402
v -0.22304 6.22215 0.13261
v -0.16747 6.27772 0.16517
v -0.11189 6.33330 0.13261
v -0.08887 6.35632 0.05402
v -0.11189 6.33330 -0.02458
v -0.15912 5.62436 -0.15951
v -0.23771 5.62436 -0.12696
v -0.27027 5.62436 -0.04836
v -0.23771 5.62436 0.03024
v -0.15912 5.62436 0.06280
v -0.08052 5.62436 0.03024
v -0.04797 5.62436 -0.04836
v -0.08052 5.62436 -0.12696
v -0.50949 4.96653 -0.13609
v -0.58073 4.99975 -0.10353
v -0.61023 5.01351 -0.02493
v -0.58073 4.99975 0.05366
v -0.50949 4.96653 0.08622
v -0.43826 4.93332 0.05366
v -0.40875 4.91956 -0.02493
v -0.43826 4.93332 -0.10353
v -0.54546 4.41798 -0.10315
v -0.62376 4.41113 -0.07060
v -0.65619 4.40829 0.00800
v -0.62376 4.41113 0.08660
v -0.54546 4.41798 0.11915
v -0.46716 4.42483 0.08660
v -0.43473 4.42767 0.00800
v -0.46716 4.42483 -0.07060
v -0.53752 4.32725 -0.09799
v -0.61138 4.30037 -0.06544
v -0.64197 4.28924 0.01316
v -0.61138 4.30037 0.09176
v -0.53752 4.32725 0.12431
v -0.46366 4.35414 0.09176
v -0.43307 4.36527 0.01316
v -0.46366 4.35414 -0.06544
v -0.43430 4.04365 -0.11148
v -0.51260 4.05050 -0.07892
v -0.54503 4.05333 -0.00032
v -0.51260 4.05050 0.07827
v -0.43430 4.04365 0.11083
v -0.35600 4.03680 0.07827
v -0.32357 4.03396 -0.00032
v -0.35600 4.03680 -0.07892
v -0.49089 3.39685 -0.09039
v -0.56918 3.40370 -0.05784
v -0.60162 3.40654 0.02076
v -0.56918 3.40370 0.09936
v -0.49089 3.39685 0.13191
v -0.41259 3.39000 0.09936
v -0.38016 3.38716 0.02076
v -0.41259 3.39000 -0.05784
v -0.80750 3.24524 -0.15389
v -0.79918 3.31848 -0.11143
v -0.78949 3.33985 -0.02966
v -0.78412 3.29682 0.04353
v -0.78621 3.21459 0.06526
v -0.79453 3.14134 0.02280
v -0.80422 3.11998 -0.05897
v -0.80959 3.16301 -0.13216
vt 0.39611 0.98196
vt 0.74656 0.86515
vt 0.74656 0.98196
vt 0.39641 0.86539
vt 0.74577 0.74894
vt 0.74577 0.86539
vt 0.38318 0.99689
vt 0.73797 0.93312
vt 0.73797 0.99689
vt 0.38349 0.93290
vt 0.73828 0.86913
vt 0.73828 0.93290
vt 0.20069 0.97110
vt 0.38403 0.78775
vt 0.38403 0.97110
vt 0.18913 0.97110
vt 0.00578 0.78775
vt 0.18913 0.78775
vt 0.37065 0.84121
vt 0.50498 0.70688
vt 0.50498 0.84121
vt 0.36376 0.93648
vt 0.46839 0.83185
vt 0.46839 0.93648
vt 0.39120 0.82670
vt 0.49416 0.76801
vt 0.47203 0.84883
vt 0.36876 0.96127
vt 0.51249 0.81754
vt 0.51249 0.96127
vt 0.21460 0.56738
vt 0.00578 0.77620
vt 0.00578 0.56738
vt 0.48948 0.24676
vt 0.43337 0.30287
vt 0.43337 0.24676
vt 0.37028 0.59333
vt 0.42461 0.73844
vt 0.42461 0.59333
vt 0.37028 0.73844
vt 0.42461 0.59333
vt 0.37028 0.73844
vt 0.42461 0.59333
vt 0.42461 0.73844
vt 0.37028 0.73844
vt 0.42461 0.73844
vt 0.42361 0.68023
vt 0.37095 0.73288
vt 0.37095 0.68023
vt 0.42361 0.68023
vt 0.37095 0.73288
vt 0.37095 0.68023
vt 0.37028 0.59333
vt 0.42461 0.73844
vt 0.42461 0.59333
vt 0.37028 0.73844
vt 0.42461 0.59333
vt 0.37028 0.73844
vt 0.42461 0.59333
vt 0.42461 0.73844
vt 0.37028 0.73844
vt 0.42461 0.73844
vt 0.42361 0.68023
vt 0.37095 0.73288
vt 0.37095 0.68023
vt 0.37095 0.68023
vt 0.42361 0.73288
vt 0.37095 0.73288
vt 0.37028 0.59333
vt 0.42461 0.73844
vt 0.42461 0.59333
vt 0.37028 0.73844
vt 0.42461 0.59333
vt 0.37028 0.73844
vt 0.42461 0.59333
vt 0.42461 0.73844
vt 0.37028 0.73844
vt 0.42461 0.73844
vt 0.42361 0.68023
vt 0.37095 0.73288
vt 0.37095 0.68023
vt 0.42361 0.68023
vt 0.37095 0.73288
vt 0.37095 0.68023
vt 0.37028 0.59333
vt 0.42461 0.73844
vt 0.42461 0.59333
vt 0.37028 0.73844
vt 0.42461 0.59333
vt 0.37028 0.73844
vt 0.42461 0.59333
vt 0.42461 0.73844
vt 0.37028 0.73844
vt 0.42461 0.73844
vt 0.42361 0.68023
vt 0.37095 0.73288
vt 0.37095 0.68023
vt 0.42361 0.68023
vt 0.37095 0.73288
vt 0.37095 0.68023
vt 0.37028 0.59333
vt 0.42461 0.73844
vt 0.42461 0.59333
vt 0.37028 0.73844
vt 0.42461 0.59333
vt 0.37028 0.73844
vt 0.42461 0.59333
vt 0.42461 0.73844
vt 0.37028 0.73844
vt 0.42461 0.73844
vt 0.42361 0.68023
vt 0.37095 0.73288
vt 0.37095 0.68023
vt 0.42361 0.68023
vt 0.37095 0.73288
vt 0.37095 0.68023
vt 0.37028 0.59333
vt 0.42461 0.73844
vt 0.42461 0.59333
vt 0.37028 0.73844
vt 0.42461 0.59333
vt 0.37028 0.73844
vt 0.42461 0.59333
vt 0.42461 0.73844
vt 0.37028 0.73844
vt 0.42461 0.73844
vt 0.42361 0.68023
vt 0.37095 0.73288
vt 0.37095 0.68023
vt 0.37095 0.68023
vt 0.42361 0.73288
vt 0.37095 0.73288
vt 0.37028 0.59333
vt 0.42461 0.73844
vt 0.42461 0.59333
vt 0.37028 0.73844
vt 0.42461 0.59333
vt 0.37028 0.73844
vt 0.42461 0.59333
vt 0.42461 0.73844
vt 0.37028 0.73844
vt 0.42461 0.73844
vt 0.42361 0.68023
vt 0.37095 0.73288
vt 0.37095 0.68023
vt 0.42361 0.68023
vt 0.37095 0.73288
vt 0.37095 0.68023
vt 0.37028 0.59333
vt 0.42461 0.73844
vt 0.42461 0.59333
vt 0.37028 0.73844
vt 0.42461 0.59333
vt 0.37028 0.73844
vt 0.42461 0.59333
vt 0.42461 0.73844
vt 0.37028 0.73844
vt 0.42461 0.73844
vt 0.42361 0.68023
vt 0.37095 0.73288
vt 0.37095 0.68023
vt 0.42361 0.68023
vt 0.37095 0.73288
vt 0.37095 0.68023
vt 0.37028 0.59333
vt 0.42461 0.73844
vt 0.42461 0.59333
vt 0.37028 0.73844
vt 0.42461 0.59333
vt 0.37028 0.73844
vt 0.42461 0.59333
vt 0.42461 0.73844
vt 0.37028 0.73844
vt 0.42461 0.73844
vt 0.42361 0.68023
vt 0.37095 0.73288
vt 0.37095 0.68023
vt 0.42361 0.68023
vt 0.37095 0.73288
vt 0.37095 0.68023
vt 0.37028 0.59333
vt 0.42461 0.73844
vt 0.42461 0.59333
vt 0.37028 0.73844
vt 0.42461 0.59333
vt 0.37028 0.73844
vt 0.42461 0.59333
vt 0.42461 0.73844
vt 0.37028 0.73844
vt 0.42461 0.73844
vt 0.42361 0.68023
vt 0.37095 0.73288
vt 0.37095 0.68023
vt 0.42361 0.68023
vt 0.37095 0.73288
vt 0.37095 0.68023
vt 0.37028 0.59333
vt 0.42461 0.73844
vt 0.42461 0.59333
vt 0.37028 0.73844
vt 0.42461 0.59333
vt 0.37028 0.73844
vt 0.42461 0.59333
vt 0.42461 0.73844
vt 0.37028 0.73844
vt 0.42461 0.73844
vt 0.42361 0.68023
vt 0.37095 0.73288
vt 0.37095 0.68023
vt 0.42361 0.68023
vt 0.37095 0.73288
vt 0.37095 0.68023
vt 0.37028 0.59333
vt 0.42461 0.73844
vt 0.42461 0.59333
vt 0.37028 0.73844
vt 0.42461 0.59333
vt 0.37028 0.73844
vt 0.42461 0.59333
vt 0.42461 0.73844
vt 0.37028 0.73844
vt 0.42461 0.73844
vt 0.37095 0.68023
vt 0.42361 0.73288
vt 0.37095 0.73288
vt 0.42361 0.68023
vt 0.37095 0.73288
vt 0.37095 0.68023
vt 0.64809 0.65919
vt 0.55018 0.59583
vt 0.64809 0.59583
vt 0.80062 0.63797
vt 0.89241 0.63720
vt 0.89241 0.63797
vt 0.84220 0.14683
vt 0.84487 0.00634
vt 0.84487 0.14683
vt 0.79587 0.63799
vt 0.82948 0.60255
vt 0.84319 0.63858
vt 0.70492 0.59542
vt 0.49230 0.64771
vt 0.49222 0.59542
vt 0.62490 0.59120
vt 0.57441 0.65300
vt 0.57449 0.59113
vt 0.68093 0.59309
vt 0.53313 0.65475
vt 0.53321 0.59289
vt 0.55731 0.65672
vt 0.62590 0.59684
vt 0.62592 0.65672
vt 0.89483 0.63780
vt 0.80064 0.63858
vt 0.89484 0.63858
vt 0.54592 0.64640
vt 0.63684 0.60918
vt 0.63684 0.64640
vt 0.49849 0.61204
vt 0.52955 0.62433
vt 0.50073 0.63551
vt 0.48417 0.64194
vt 0.70296 0.62673
vt 0.70868 0.63743
vt 0.52997 0.64461
vt 0.54611 0.64269
vt 0.66079 0.60608
vt 0.66059 0.64331
vt 0.81358 0.61184
vt 0.83935 0.65077
vt 0.81358 0.65077
vt 0.69780 0.61565
vt 0.69919 0.63017
vt 0.70508 0.64695
vt 0.48286 0.62616
vt 0.70597 0.59492
vt 0.69768 0.63031
vt 0.80491 0.28309
vt 0.84339 0.19589
vt 0.84338 0.28311
vt 0.70497 0.59542
vt 0.49236 0.64771
vt 0.49227 0.59542
vt 0.70315 0.59386
vt 0.49920 0.65246
vt 0.49922 0.59386
vt 0.49819 0.59191
vt 0.70211 0.65051
vt 0.49817 0.65051
vt 0.86674 0.11712
vt 0.99699 0.15236
vt 0.86674 0.15236
vt 0.86674 0.11712
vt 0.99699 0.15236
vt 0.86674 0.15236
vt 0.86674 0.11712
vt 0.99699 0.15236
vt 0.86674 0.15236
vt 0.86674 0.11712
vt 0.99699 0.15236
vt 0.86674 0.15236
vt 0.86674 0.11712
vt 0.99699 0.15236
vt 0.86674 0.15236
vt 0.86674 0.11712
vt 0.99699 0.15236
vt 0.86674 0.15236
vt 0.41971 0.08029
vt 0.49000 0.25000
vt 0.01000 0.25000
vt 0.86674 0.11712
vt 0.99699 0.15236
vt 0.86674 0.15236
vt 0.86674 0.11712
vt 0.99699 0.15236
vt 0.86674 0.15236
vt 0.99699 0.11712
vt 0.99699 0.15236
vt 0.86674 0.11712
vt 0.99699 0.15236
vt 0.86674 0.15236
vt 0.99699 0.11712
vt 0.99699 0.15236
vt 0.99699 0.11712
vt 0.99699 0.15236
vt 0.86674 0.11712
vt 0.99699 0.15236
vt 0.86674 0.11712
vt 0.99699 0.15236
vt 0.99699 0.11712
vt 0.99699 0.15236
vt 0.86674 0.11712
vt 0.99699 0.15236
vt 0.86674 0.11712
vt 0.99699 0.15236
vt 0.86674 0.11712
vt 0.99699 0.15236
vt 0.86674 0.15236
vt 0.86674 0.11712
vt 0.99699 0.15236
vt 0.86674 0.15236
vt 0.86674 0.15236
vt 0.99699 0.11712
vt 0.99699 0.15236
vt 0.86674 0.15236
vt 0.99699 0.11712
vt 0.99699 0.15236
vt 0.86674 0.11712
vt 0.99699 0.15236
vt 0.86674 0.15236
vt 0.86674 0.15236
vt 0.99699 0.11712
vt 0.99699 0.15236
vt 0.86674 0.15236
vt 0.99699 0.11712
vt 0.99699 0.15236
vt 0.86674 0.11712
vt 0.99699 0.15236
vt 0.86674 0.15236
vt 0.86674 0.15236
vt 0.99699 0.11712
vt 0.99699 0.15236
vt 0.86674 0.15236
vt 0.99699 0.11712
vt 0.99699 0.15236
vt 0.86674 0.15236
vt 0.99699 0.11712
vt 0.99699 0.15236
vt 0.86674 0.11712
vt 0.99699 0.15236
vt 0.86674 0.15236
vt 0.86674 0.11712
vt 0.99699 0.15236
vt 0.86674 0.15236
vt 0.86674 0.15236
vt 0.99699 0.11712
vt 0.99699 0.15236
vt 0.86674 0.15236
vt 0.99699 0.11712
vt 0.99699 0.15236
vt 0.86674 0.11712
vt 0.99699 0.15236
vt 0.86674 0.15236
vt 0.86674 0.15236
vt 0.99699 0.11712
vt 0.99699 0.15236
vt 0.86674 0.15236
vt 0.99699 0.11712
vt 0.99699 0.15236
vt 0.86674 0.15236
vt 0.99699 0.11712
vt 0.99699 0.15236
vt 0.86674 0.11712
vt 0.99699 0.15236
vt 0.86674 0.15236
vt 0.86674 0.11712
vt 0.99699 0.15236
vt 0.86674 0.15236
vt 0.86674 0.15236
vt 0.99699 0.11712
vt 0.99699 0.15236
vt 0.86674 0.11712
vt 0.99699 0.15236
vt 0.86674 0.15236
vt 0.86674 0.11712
vt 0.99699 0.15236
vt 0.86674 0.15236
vt 0.86674 0.15236
vt 0.99699 0.11712
vt 0.99699 0.15236
vt 0.86674 0.15236
vt 0.99699 0.11712
vt 0.99699 0.15236
vt 0.86674 0.11712
vt 0.99699 0.15236
vt 0.86674 0.15236
vt 0.86674 0.11712
vt 0.99699 0.15236
vt 0.86674 0.15236
vt 0.86674 0.11712
vt 0.99699 0.15236
vt 0.86674 0.15236
vt 0.86674 0.15236
vt 0.99699 0.11712
vt 0.99699 0.15236
vt 0.86674 0.15236
vt 0.99699 0.11712
vt 0.99699 0.15236
vt 0.86674 0.11712
vt 0.99699 0.15236
vt 0.86674 0.15236
vt 0.86674 0.15236
vt 0.99699 0.11712
vt 0.99699 0.15236
vt 0.86674 0.15236
vt 0.99699 0.11712
vt 0.99699 0.15236
vt 0.86674 0.11712
vt 0.99699 0.15236
vt 0.86674 0.15236
vt 0.86674 0.11712
vt 0.99699 0.15236
vt 0.86674 0.15236
vt 0.86674 0.15236
vt 0.99699 0.11712
vt 0.99699 0.15236
vt 0.86674 0.15236
vt 0.99699 0.11712
vt 0.99699 0.15236
vt 0.86674 0.11712
vt 0.99699 0.15236
vt 0.86674 0.15236
vt 0.86674 0.11712
vt 0.99699 0.15236
vt 0.86674 0.15236
vt 0.86674 0.15236
vt 0.99699 0.11712
vt 0.99699 0.15236
vt 0.86674 0.15236
vt 0.99699 0.11712
vt 0.99699 0.15236
vt 0.86674 0.11712
vt 0.99699 0.15236
vt 0.86674 0.15236
vt 0.86674 0.11712
vt 0.99699 0.15236
vt 0.86674 0.15236
vt 0.86674 0.15236
vt 0.99699 0.11712
vt 0.99699 0.15236
vt 0.86674 0.15236
vt 0.99699 0.11712
vt 0.99699 0.15236
vt 0.86674 0.11712
vt 0.99699 0.15236
vt 0.86674 0.15236
vt 0.86674 0.11712
vt 0.99699 0.15236
vt 0.86674 0.15236
vt 0.88581 0.14720
vt 0.93186 0.15236
vt 0.97791 0.14720
vt 0.86674 0.11712
vt 0.99699 0.15236
vt 0.86674 0.15236
vt 0.86674 0.11712
vt 0.99699 0.15236
vt 0.86674 0.15236
vt 0.86674 0.11712
vt 0.99699 0.15236
vt 0.86674 0.15236
vt 0.86674 0.15236
vt 0.99699 0.11712
vt 0.99699 0.15236
vt 0.86674 0.15236
vt 0.99699 0.11712
vt 0.99699 0.15236
vt 0.86674 0.11712
vt 0.99699 0.15236
vt 0.86674 0.15236
vt 0.86674 0.15236
vt 0.99699 0.11712
vt 0.99699 0.15236
vt 0.39611 0.86515
vt 0.39641 0.74894
vt 0.38318 0.93312
vt 0.38349 0.86913
vt 0.20069 0.78775
vt 0.00578 0.97110
vt 0.37065 0.70688
vt 0.36376 0.83185
vt 0.41334 0.74587
vt 0.36876 0.81754
vt 0.21460 0.77620
vt 0.48948 0.30287
vt 0.37028 0.59333
vt 0.37028 0.59333
vt 0.42361 0.73288
vt 0.42361 0.73288
vt 0.37028 0.59333
vt 0.37028 0.59333
vt 0.42361 0.73288
vt 0.42361 0.68023
vt 0.37028 0.59333
vt 0.37028 0.59333
vt 0.42361 0.73288
vt 0.42361 0.73288
vt 0.37028 0.59333
vt 0.37028 0.59333
vt 0.42361 0.73288
vt 0.42361 0.73288
vt 0.37028 0.59333
vt 0.37028 0.59333
vt 0.42361 0.73288
vt 0.42361 0.73288
vt 0.37028 0.59333
vt 0.37028 0.59333
vt 0.42361 0.73288
vt 0.42361 0.68023
vt 0.37028 0.59333
vt 0.37028 0.59333
vt 0.42361 0.73288
vt 0.42361 0.73288
vt 0.37028 0.59333
vt 0.37028 0.59333
vt 0.42361 0.73288
vt 0.42361 0.73288
vt 0.37028 0.59333
vt 0.37028 0.59333
vt 0.42361 0.73288
vt 0.42361 0.73288
vt 0.37028 0.59333
vt 0.37028 0.59333
vt 0.42361 0.73288
vt 0.42361 0.73288
vt 0.37028 0.59333
vt 0.37028 0.59333
vt 0.42361 0.73288
vt 0.42361 0.73288
vt 0.37028 0.59333
vt 0.37028 0.59333
vt 0.42361 0.68023
vt 0.42361 0.73288
vt 0.55018 0.65919
vt 0.80047 0.59443
vt 0.84220 0.00634
vt 0.80107 0.60219
vt 0.70500 0.64771
vt 0.62482 0.65306
vt 0.68085 0.65495
vt 0.55729 0.59681
vt 0.80044 0.59400
vt 0.54592 0.60918
vt 0.52773 0.60529
vt 0.47845 0.63124
vt 0.49922 0.63566
vt 0.54631 0.60546
vt 0.83935 0.61184
vt 0.48253 0.64544
vt 0.80492 0.19589
vt 0.70506 0.64771
vt 0.70314 0.65246
vt 0.70212 0.59191
vt 0.99699 0.11712
vt 0.99699 0.11712
vt 0.99699 0.11712
vt 0.99699 0.11712
vt 0.99699 0.11712
vt 0.99699 0.11712
vt 0.41971 0.41971
vt 0.25000 0.49000
vt 0.08029 0.41971
vt 0.08029 0.08029
vt 0.25000 0.01000
vt 0.99699 0.11712
vt 0.99699 0.11712
vt 0.86674 0.11712
vt 0.99699 0.11712
vt 0.86674 0.11712
vt 0.86674 0.11712
vt 0.99699 0.11712
vt 0.99699 0.11712
vt 0.86674 0.11712
vt 0.99699 0.11712
vt 0.99699 0.11712
vt 0.99699 0.11712
vt 0.99699 0.11712
vt 0.86674 0.11712
vt 0.86674 0.11712
vt 0.99699 0.11712
vt 0.86674 0.11712
vt 0.86674 0.11712
vt 0.99699 0.11712
vt 0.86674 0.11712
vt 0.86674 0.11712
vt 0.86674 0.11712
vt 0.99699 0.11712
vt 0.99699 0.11712
vt 0.86674 0.11712
vt 0.86674 0.11712
vt 0.99699 0.11712
vt 0.86674 0.11712
vt 0.86674 0.11712
vt 0.86674 0.11712
vt 0.99699 0.11712
vt 0.99699 0.11712
vt 0.86674 0.11712
vt 0.99699 0.11712
vt 0.99699 0.11712
vt 0.86674 0.11712
vt 0.86674 0.11712
vt 0.99699 0.11712
vt 0.99699 0.11712
vt 0.99699 0.11712
vt 0.86674 0.11712
vt 0.86674 0.11712
vt 0.99699 0.11712
vt 0.86674 0.11712
vt 0.86674 0.11712
vt 0.99699 0.11712
vt 0.99699 0.11712
vt 0.86674 0.11712
vt 0.86674 0.11712
vt 0.99699 0.11712
vt 0.99699 0.11712
vt 0.86674 0.11712
vt 0.86674 0.11712
vt 0.99699 0.11712
vt 0.99699 0.11712
vt 0.86674 0.11712
vt 0.86674 0.11712
vt 0.99699 0.11712
vt 0.99699 0.11712
vt 0.99699 0.13474
vt 0.97791 0.12228
vt 0.93186 0.11712
vt 0.88581 0.12228
vt 0.86674 0.13474
vt 0.99699 0.11712
vt 0.99699 0.11712
vt 0.99699 0.11712
vt 0.86674 0.11712
vt 0.86674 0.11712
vt 0.99699 0.11712
vt 0.86674 0.11712
f 676/1874 677/1875 675/1876
f 678/1877 681/1878 677/1879
f 682/1880 679/1881 681/1882
f 680/1883 675/1884 679/1885
f 681/1886 675/1887 677/1888
f 678/1889 680/1890 682/1891
f 684/1892 685/1893 683/1894
f 686/1895 689/1896 685/1897
f 690/1898 687/1899 689/1900
f 688/1901 683/1902 687/1903
f 689/1904 683/1905 685/1906
f 686/1907 688/1908 690/1909
f 692/1910 693/1911 691/1912
f 694/1913 697/1914 693/1911
f 698/1915 695/1916 697/1917
f 696/1918 691/1912 695/1919
f 697/1920 691/1921 693/1922
f 694/1923 696/1924 698/1925
f 700/1926 701/1927 699/1928
f 702/1929 705/1930 701/1927
f 706/1931 703/1932 705/1933
f 704/1934 699/1928 703/1935
f 705/1936 699/1937 701/1938
f 706/1939 700/1940 704/1941
f 708/1942 709/1943 707/1944
f 710/1945 713/1946 709/1943
f 714/1947 711/1948 713/1949
f 712/1950 707/1944 711/1951
f 713/1952 707/1953 709/1954
f 710/1955 712/1956 714/1957
f 716/1958 717/1959 715/1960
f 718/1961 721/1962 717/1959
f 722/1963 719/1964 721/1965
f 720/1966 715/1960 719/1967
f 721/1968 715/1969 717/1970
f 718/1971 720/1972 722/1973
f 724/1974 725/1975 723/1976
f 726/1977 729/1978 725/1975
f 730/1979 727/1980 729/1981
f 728/1982 723/1976 727/1983
f 729/1984 723/1985 725/1986
f 726/1987 728/1988 730/1989
f 732/1990 733/1991 731/1992
f 734/1993 737/1994 733/1991
f 738/1995 735/1996 737/1997
f 736/1998 731/1992 735/1999
f 737/2000 731/2001 733/2002
f 738/2003 732/2004 736/2005
f 740/2006 741/2007 739/2008
f 742/2009 745/2010 741/2007
f 746/2011 743/2012 745/2013
f 744/2014 739/2008 743/2015
f 745/2016 739/2017 741/2018
f 742/2019 744/2020 746/2021
f 748/2022 749/2023 747/2024
f 750/2025 753/2026 749/2023
f 754/2027 751/2028 753/2029
f 752/2030 747/2024 751/2031
f 753/2032 747/2033 749/2034
f 750/2035 752/2036 754/2037
f 756/2038 757/2039 755/2040
f 758/2041 761/2042 757/2039
f 762/2043 759/2044 761/2045
f 760/2046 755/2040 759/2047
f 761/2048 755/2049 757/2050
f 758/2051 760/2052 762/2053
f 764/2054 765/2055 763/2056
f 766/2057 769/2058 765/2055
f 770/2059 767/2060 769/2061
f 768/2062 763/2056 767/2063
f 769/2064 763/2065 765/2066
f 766/2067 768/2068 770/2069
f 772/2070 773/2071 771/2072
f 774/2073 777/2074 773/2071
f 778/2075 775/2076 777/2077
f 776/2078 771/2072 775/2079
f 777/2080 771/2081 773/2082
f 774/2083 776/2084 778/2085
f 780/2086 781/2087 779/2088
f 782/2089 785/2090 781/2087
f 786/2091 783/2092 785/2093
f 784/2094 779/2088 783/2095
f 781/2096 783/2097 779/2098
f 782/2099 784/2100 786/2101
f 788/2102 789/2103 787/2104
f 795/2105 794/2106 793/2107
f 794/2108 791/2109 793/2110
f 798/2111 787/2112 797/2113
f 795/2114 809/2115 797/2116
f 790/2117 798/2118 796/2119
f 796/2120 792/2121 794/2122
f 789/2123 797/2124 787/2125
f 792/2126 797/2127 791/2128
f 790/2129 800/2130 789/2131
f 799/2132 801/2133 800/2134
f 802/2135 803/2136 805/2137
f 795/2138 800/2134 801/2133
f 796/2139 799/2140 790/2141
f 804/2142 805/2143 803/2144
f 801/2133 805/2145 806/2146
f 795/2147 803/2148 796/2149
f 801/2133 804/2150 795/2138
f 810/2151 807/2152 809/2153
f 791/2154 808/2155 793/2156
f 793/2157 810/2158 795/2159
f 791/2160 809/2161 807/2162
f 812/2163 813/2164 811/2165
f 814/2166 815/2167 813/2168
f 816/2169 817/2170 815/2171
f 818/2172 819/2173 817/2174
f 820/2175 821/2176 819/2177
f 822/2178 823/2179 821/2180
f 818/2181 816/2182 824/2183
f 824/2184 825/2185 823/2186
f 826/2187 811/2188 825/2189
f 815/2171 830/2190 829/2191
f 827/2192 842/2193 834/2194
f 821/2180 833/2195 832/2196
f 817/2174 831/2197 830/2198
f 825/2199 833/2200 823/2186
f 815/2201 828/2202 813/2168
f 819/2177 832/2203 831/2204
f 811/2205 834/2206 825/2189
f 813/2207 827/2208 811/2165
f 842/2209 849/2210 841/2211
f 833/2212 840/2213 832/2214
f 830/2215 839/2216 838/2217
f 828/2218 837/2219 836/2220
f 834/2221 841/2222 833/2223
f 831/2224 840/2225 839/2226
f 829/2227 838/2228 837/2229
f 828/2230 835/2231 827/2232
f 843/2233 852/2234 851/2235
f 839/2236 848/2237 847/2238
f 837/2239 846/2240 845/2241
f 836/2242 843/2243 835/2244
f 835/2245 850/2246 842/2247
f 840/2248 849/2249 848/2250
f 838/2251 847/2252 846/2253
f 837/2254 844/2255 836/2256
f 857/2257 866/2258 865/2259
f 850/2260 851/2261 858/2262
f 848/2263 857/2264 856/2265
f 847/2266 854/2267 846/2268
f 845/2269 852/2270 844/2271
f 849/2272 858/2273 857/2274
f 848/2275 855/2276 847/2277
f 846/2278 853/2279 845/2280
f 860/2281 869/2282 868/2283
f 855/2284 864/2285 863/2286
f 854/2287 861/2288 853/2289
f 852/2290 859/2291 851/2292
f 851/2293 866/2294 858/2295
f 856/2296 865/2297 864/2298
f 854/2299 863/2300 862/2301
f 853/2302 860/2303 852/2304
f 874/2305 875/2306 882/2307
f 865/2308 874/2309 873/2310
f 864/2311 871/2312 863/2313
f 862/2314 869/2315 861/2316
f 859/2317 868/2318 867/2319
f 866/2320 867/2321 874/2322
f 865/2323 872/2324 864/2325
f 863/2326 870/2327 862/2328
f 877/2329 886/2330 885/2331
f 872/2332 881/2333 880/2334
f 871/2335 878/2336 870/2337
f 869/2338 876/2339 868/2340
f 873/2341 882/2342 881/2343
f 871/2344 880/2345 879/2346
f 870/2347 877/2348 869/2349
f 868/2350 875/2351 867/2352
f 888/2353 889/2354 890/2355
f 876/2356 883/2357 875/2358
f 875/2359 890/2360 882/2361
f 881/2362 888/2363 880/2364
f 878/2365 887/2366 886/2367
f 876/2368 885/2369 884/2370
f 882/2371 889/2372 881/2373
f 879/2374 888/2375 887/2376
f 676/1874 678/2377 677/1875
f 678/1877 682/2378 681/1878
f 682/1880 680/2379 679/1881
f 680/1883 676/2380 675/1884
f 681/1886 679/2381 675/1887
f 678/1889 676/2382 680/1890
f 684/1892 686/2383 685/1893
f 686/1895 690/2384 689/1896
f 690/1898 688/2385 687/1899
f 688/1901 684/2386 683/1902
f 689/1904 687/2387 683/1905
f 686/1907 684/2388 688/1908
f 692/1910 694/1913 693/1911
f 694/1913 698/2389 697/1914
f 698/1915 696/2390 695/1916
f 696/1918 692/1910 691/1912
f 697/1920 695/2391 691/1921
f 694/1923 692/2392 696/1924
f 700/1926 702/1929 701/1927
f 702/1929 706/2393 705/1930
f 706/1931 704/2394 703/1932
f 704/1934 700/1926 699/1928
f 705/1936 703/2395 699/1937
f 706/1939 702/2396 700/1940
f 708/1942 710/1945 709/1943
f 710/1945 714/2397 713/1946
f 714/1947 712/2398 711/1948
f 712/1950 708/1942 707/1944
f 713/1952 711/2399 707/1953
f 710/1955 708/2400 712/1956
f 716/1958 718/1961 717/1959
f 718/1961 722/2401 721/1962
f 722/1963 720/2402 719/1964
f 720/1966 716/1958 715/1960
f 721/1968 719/2403 715/1969
f 718/1971 716/2404 720/1972
f 724/1974 726/1977 725/1975
f 726/1977 730/2405 729/1978
f 730/1979 728/2406 727/1980
f 728/1982 724/1974 723/1976
f 729/1984 727/2407 723/1985
f 726/1987 724/2408 728/1988
f 732/1990 734/1993 733/1991
f 734/1993 738/2409 737/1994
f 738/1995 736/2410 735/1996
f 736/1998 732/1990 731/1992
f 737/2000 735/2411 731/2001
f 738/2003 734/2412 732/2004
f 740/2006 742/2009 741/2007
f 742/2009 746/2413 745/2010
f 746/2011 744/2414 743/2012
f 744/2014 740/2006 739/2008
f 745/2016 743/2415 739/2017
f 742/2019 740/2416 744/2020
f 748/2022 750/2025 749/2023
f 750/2025 754/2417 753/2026
f 754/2027 752/2418 751/2028
f 752/2030 748/2022 747/2024
f 753/2032 751/2419 747/2033
f 750/2035 748/2420 752/2036
f 756/2038 758/2041 757/2039
f 758/2041 762/2421 761/2042
f 762/2043 760/2422 759/2044
f 760/2046 756/2038 755/2040
f 761/2048 759/2423 755/2049
f 758/2051 756/2424 760/2052
f 764/2054 766/2057 765/2055
f 766/2057 770/2425 769/2058
f 770/2059 768/2426 767/2060
f 768/2062 764/2054 763/2056
f 769/2064 767/2427 763/2065
f 766/2067 764/2428 768/2068
f 772/2070 774/2073 773/2071
f 774/2073 778/2429 777/2074
f 778/2075 776/2430 775/2076
f 776/2078 772/2070 771/2072
f 777/2080 775/2431 771/2081
f 774/2083 772/2432 776/2084
f 780/2086 782/2089 781/2087
f 782/2089 786/2433 785/2090
f 786/2091 784/2434 783/2092
f 784/2094 780/2086 779/2088
f 781/2096 785/2435 783/2097
f 782/2099 780/2436 784/2100
f 788/2102 790/2437 789/2103
f 795/2105 796/2438 794/2106
f 794/2108 792/2439 791/2109
f 798/2111 788/2440 787/2112
f 795/2114 810/2441 809/2115
f 790/2117 788/2442 798/2118
f 796/2120 798/2443 792/2121
f 789/2123 795/2444 797/2124
f 792/2126 798/2445 797/2127
f 790/2129 799/2446 800/2130
f 799/2132 802/2447 801/2133
f 802/2135 796/2448 803/2136
f 795/2138 789/2449 800/2134
f 796/2139 802/2450 799/2140
f 804/2142 806/2451 805/2143
f 801/2133 802/2447 805/2145
f 795/2147 804/2452 803/2148
f 801/2133 806/2146 804/2150
f 810/2151 808/2453 807/2152
f 791/2154 807/2454 808/2155
f 793/2157 808/2455 810/2158
f 791/2160 797/2456 809/2161
f 812/2163 814/2457 813/2164
f 814/2166 816/2458 815/2167
f 816/2169 818/2459 817/2170
f 818/2172 820/2460 819/2173
f 820/2175 822/2461 821/2176
f 822/2178 824/2462 823/2179
f 816/2182 814/2463 824/2183
f 814/2463 812/2464 824/2183
f 812/2464 826/2465 824/2183
f 824/2183 822/2466 820/2467
f 820/2467 818/2181 824/2183
f 824/2184 826/2468 825/2185
f 826/2187 812/2469 811/2188
f 815/2171 817/2470 830/2190
f 827/2192 835/2471 842/2193
f 821/2180 823/2472 833/2195
f 817/2174 819/2473 831/2197
f 825/2199 834/2474 833/2200
f 815/2201 829/2475 828/2202
f 819/2177 821/2476 832/2203
f 811/2205 827/2477 834/2206
f 813/2207 828/2478 827/2208
f 842/2209 850/2479 849/2210
f 833/2212 841/2480 840/2213
f 830/2215 831/2481 839/2216
f 828/2218 829/2482 837/2219
f 834/2221 842/2483 841/2222
f 831/2224 832/2484 840/2225
f 829/2227 830/2485 838/2228
f 828/2230 836/2486 835/2231
f 843/2233 844/2487 852/2234
f 839/2236 840/2488 848/2237
f 837/2239 838/2489 846/2240
f 836/2242 844/2490 843/2243
f 835/2245 843/2491 850/2246
f 840/2248 841/2492 849/2249
f 838/2251 839/2493 847/2252
f 837/2254 845/2494 844/2255
f 857/2257 858/2495 866/2258
f 850/2260 843/2496 851/2261
f 848/2263 849/2497 857/2264
f 847/2266 855/2498 854/2267
f 845/2269 853/2499 852/2270
f 849/2272 850/2500 858/2273
f 848/2275 856/2501 855/2276
f 846/2278 854/2502 853/2279
f 860/2281 861/2503 869/2282
f 855/2284 856/2504 864/2285
f 854/2287 862/2505 861/2288
f 852/2290 860/2506 859/2291
f 851/2293 859/2507 866/2294
f 856/2296 857/2508 865/2297
f 854/2299 855/2509 863/2300
f 853/2302 861/2510 860/2303
f 874/2305 867/2511 875/2306
f 865/2308 866/2512 874/2309
f 864/2311 872/2513 871/2312
f 862/2314 870/2514 869/2315
f 859/2317 860/2515 868/2318
f 866/2320 859/2516 867/2321
f 865/2323 873/2517 872/2324
f 863/2326 871/2518 870/2327
f 877/2329 878/2519 886/2330
f 872/2332 873/2520 881/2333
f 871/2335 879/2521 878/2336
f 869/2338 877/2522 876/2339
f 873/2341 874/2523 882/2342
f 871/2344 872/2524 880/2345
f 870/2347 878/2525 877/2348
f 868/2350 876/2526 875/2351
f 890/2355 883/2527 884/2528
f 884/2528 885/2529 890/2355
f 885/2529 886/2530 890/2355
f 886/2530 887/2531 890/2355
f 887/2531 888/2353 890/2355
f 876/2356 884/2532 883/2357
f 875/2359 883/2533 890/2360
f 881/2362 889/2534 888/2363
f 878/2365 879/2535 887/2366
f 876/2368 877/2536 885/2369
f 882/2371 890/2537 889/2372
f 879/2374 880/2538 888/2375
o legL
v 0.97500 0.00000 -0.50000
v 0.97500 3.00000 -0.50000
v 0.97500 0.00000 0.50000
v 0.97500 3.00000 0.50000
v -0.02500 0.00000 -0.50000
v -0.02500 3.00000 -0.50000
v -0.02500 0.00000 0.50000
v -0.02500 3.00000 0.50000
v -0.15000 1.93673 0.62500
v -0.15000 2.16173 0.62500
v -0.15000 1.93673 0.17500
v -0.15000 2.16173 0.17500
v 0.30000 1.93673 0.62500
v 0.30000 2.16173 0.62500
v 0.30000 1.93673 0.17500
v 0.30000 2.16173 0.17500
v 1.10000 1.93673 0.62500
v 1.10000 2.16173 0.62500
v 0.65000 1.93673 0.62500
v 0.65000 2.16173 0.62500
v 1.10000 1.93673 0.17500
v 1.10000 2.16173 0.17500
v 0.65000 1.93673 0.17500
v 0.65000 2.16173 0.17500
v 1.10000 1.93673 -0.62500
v 1.10000 2.16173 -0.62500
v 1.10000 1.93673 -0.17500
v 1.10000 2.16173 -0.17500
v 0.65000 1.93673 -0.62500
v 0.65000 2.16173 -0.62500
v 0.65000 1.93673 -0.17500
v 0.65000 2.16173 -0.17500
v -0.15000 1.93673 -0.62500
v -0.15000 2.16173 -0.62500
v 0.30000 1.93673 -0.62500
v 0.30000 2.16173 -0.62500
v -0.15000 1.93673 -0.17500
v -0.15000 2.16173 -0.17500
v 0.30000 1.93673 -0.17500
v 0.30000 2.16173 -0.17500
v -0.15000 0.55252 0.62500
v -0.15000 0.77752 0.62500
v -0.15000 0.55252 0.17500
v -0.15000 0.77752 0.17500
v 0.30000 0.55252 0.62500
v 0.30000 0.77752 0.62500
v 0.30000 0.55252 0.17500
v 0.30000 0.77752 0.17500
v 1.10000 0.55252 0.62500
v 1.10000 0.77752 0.62500
v 0.65000 0.55252 0.62500
v 0.65000 0.77752 0.62500
v 1.10000 0.55252 0.17500
v 1.10000 0.77752 0.17500
v 0.65000 0.55252 0.17500
v 0.65000 0.77752 0.17500
v 1.10000 0.55252 -0.62500
v 1.10000 0.77752 -0.62500
v 1.10000 0.55252 -0.17500
v 1.10000 0.77752 -0.17500
v 0.65000 0.55252 -0.62500
v 0.65000 0.77752 -0.62500
v 0.65000 0.55252 -0.17500
v 0.65000 0.77752 -0.17500
v -0.15000 0.55252 -0.62500
v -0.15000 0.77752 -0.62500
v 0.30000 0.55252 -0.62500
v 0.30000 0.77752 -0.62500
v -0.15000 0.55252 -0.17500
v -0.15000 0.77752 -0.17500
v 0.30000 0.55252 -0.17500
v 0.30000 0.77752 -0.17500
v -0.15000 0.18166 0.62500
v -0.15000 0.40666 0.62500
v -0.15000 0.18166 0.17500
v -0.15000 0.40666 0.17500
v 0.30000 0.18166 0.62500
v 0.30000 0.40666 0.62500
v 0.30000 0.18166 0.17500
v 0.30000 0.40666 0.17500
v 1.10000 0.18166 0.62500
v 1.10000 0.40666 0.62500
v 0.65000 0.18166 0.62500
v 0.65000 0.40666 0.62500
v 1.10000 0.18166 0.17500
v 1.10000 0.40666 0.17500
v 0.65000 0.18166 0.17500
v 0.65000 0.40666 0.17500
v 1.10000 0.18166 -0.62500
v 1.10000 0.40666 -0.62500
v 1.10000 0.18166 -0.17500
v 1.10000 0.40666 -0.17500
v 0.65000 0.18166 -0.62500
v 0.65000 0.40666 -0.62500
v 0.65000 0.18166 -0.17500
v 0.65000 0.40666 -0.17500
v -0.15000 0.18166 -0.62500
v -0.15000 0.40666 -0.62500
v 0.30000 0.18166 -0.62500
v 0.30000 0.40666 -0.62500
v -0.15000 0.18166 -0.17500
v -0.15000 0.40666 -0.17500
v 0.30000 0.18166 -0.17500
v 0.30000 0.40666 -0.17500
v -0.13640 2.34558 0.21000
v -0.13640 2.94558 0.21000
v -0.13640 2.34558 -0.21000
v -0.13640 2.94558 -0.21000
v -0.01640 2.34558 0.21000
v -0.01640 2.94558 0.21000
v -0.01640 2.34558 -0.21000
v -0.01640 2.94558 -0.21000
v -0.29830 2.65605 -0.10000
v -0.09830 2.65605 -0.10000
v -0.29830 2.58534 -0.07071
v -0.09830 2.58534 -0.07071
v -0.29830 2.55605 0.00000
v -0.09830 2.55605 0.00000
v -0.29830 2.58534 0.07071
v -0.09830 2.58534 0.07071
v -0.29830 2.65605 0.10000
v -0.09830 2.65605 0.10000
v -0.29830 2.72676 0.07071
v -0.09830 2.72676 0.07071
v -0.29830 2.75605 0.00000
v -0.09830 2.75605 0.00000
v -0.29830 2.72676 -0.07071
v -0.09830 2.72676 -0.07071
v -0.45323 2.47981 -0.10000
v -0.39199 2.44445 -0.07071
v -0.36663 2.42981 0.00000
v -0.39199 2.44445 0.07071
v -0.45323 2.47981 0.10000
v -0.51447 2.51516 0.07071
v -0.53983 2.52981 0.00000
v -0.51447 2.51516 -0.07071
v -0.33755 1.83563 -0.10000
v -0.26684 1.83563 -0.07071
v -0.23755 1.83563 0.00000
v -0.26684 1.83563 0.07071
v -0.33755 1.83563 0.10000
v -0.40826 1.83563 0.07071
v -0.43755 1.83563 0.00000
v -0.40826 1.83563 -0.07071
v -0.15835 1.44453 -0.10000
v -0.08764 1.44453 -0.07071
v -0.05835 1.44453 0.00000
v -0.08764 1.44453 0.07071
v -0.15835 1.44453 0.10000
v -0.22907 1.44453 0.07071
v -0.25835 1.44453 0.00000
v -0.22907 1.44453 -0.07071
v -0.25764 0.89761 -0.10000
v -0.18693 0.89761 -0.07071
v -0.15764 0.89761 0.00000
v -0.18693 0.89761 0.07071
v -0.25764 0.89761 0.10000
v -0.32835 0.89761 0.07071
v -0.35764 0.89761 0.00000
v -0.32835 0.89761 -0.07071
v -0.25764 0.56208 -0.10000
v -0.18693 0.56208 -0.07071
v -0.15764 0.56208 0.00000
v -0.18693 0.56208 0.07071
v -0.25764 0.56208 0.10000
v -0.32835 0.56208 0.07071
v -0.35764 0.56208 0.00000
v -0.32835 0.56208 -0.07071
v -0.25764 0.35691 -0.10000
v -0.20764 0.40691 -0.07071
v -0.18693 0.42762 0.00000
v -0.20764 0.40691 0.07071
v -0.25764 0.35691 0.10000
v -0.30764 0.30691 0.07071
v -0.32835 0.28620 0.00000
v -0.30764 0.30691 -0.07071
v -0.15102 0.25028 -0.10000
v -0.15102 0.32099 -0.07071
v -0.15102 0.35028 0.00000
v -0.15102 0.32099 0.07071
v -0.15102 0.25028 0.10000
v -0.15102 0.17957 0.07071
v -0.15102 0.15028 0.00000
v -0.15102 0.17957 -0.07071
v 0.04564 0.25028 -0.10000
v 0.04564 0.32099 -0.07071
v 0.04564 0.35028 0.00000
v 0.04564 0.32099 0.07071
v 0.04564 0.25028 0.10000
v 0.04564 0.17957 0.07071
v 0.04564 0.15028 0.00000
v 0.04564 0.17957 -0.07071
vt 0.56180 0.37487
vt 0.39375 0.00316
vt 0.56164 0.00310
vt 0.75660 0.29944
vt 0.54913 0.00271
vt 0.76222 0.00363
vt 0.39105 0.37330
vt 0.56421 0.00467
vt 0.39274 0.00402
vt 0.56321 0.37357
vt 0.39288 0.00411
vt 0.56321 0.00411
vt 0.51521 0.24458
vt 0.45431 0.30548
vt 0.45431 0.24458
vt 0.50667 0.24402
vt 0.44646 0.30422
vt 0.44646 0.24402
vt 0.36869 0.59127
vt 0.42434 0.73929
vt 0.42434 0.59127
vt 0.42434 0.59127
vt 0.36869 0.73929
vt 0.36869 0.59127
vt 0.42434 0.59127
vt 0.36869 0.73929
vt 0.36869 0.59127
vt 0.36869 0.73929
vt 0.42434 0.73929
vt 0.42458 0.67710
vt 0.36808 0.73360
vt 0.36808 0.67710
vt 0.42458 0.73360
vt 0.36808 0.67710
vt 0.42458 0.67710
vt 0.36869 0.59127
vt 0.42434 0.73929
vt 0.42434 0.59127
vt 0.42434 0.59127
vt 0.36869 0.73929
vt 0.36869 0.59127
vt 0.42434 0.59127
vt 0.36869 0.73929
vt 0.36869 0.59127
vt 0.36869 0.73929
vt 0.42434 0.73929
vt 0.42458 0.67710
vt 0.36808 0.73360
vt 0.36808 0.67710
vt 0.42458 0.73360
vt 0.36808 0.67710
vt 0.42458 0.67710
vt 0.36869 0.59127
vt 0.42434 0.73929
vt 0.42434 0.59127
vt 0.42434 0.59127
vt 0.36869 0.73929
vt 0.36869 0.59127
vt 0.42434 0.59127
vt 0.36869 0.73929
vt 0.36869 0.59127
vt 0.36869 0.73929
vt 0.42434 0.73929
vt 0.42458 0.67710
vt 0.36808 0.73360
vt 0.36808 0.67710
vt 0.42458 0.67710
vt 0.36808 0.73360
vt 0.36808 0.67710
vt 0.36869 0.59127
vt 0.42434 0.73929
vt 0.42434 0.59127
vt 0.42434 0.59127
vt 0.36869 0.73929
vt 0.36869 0.59127
vt 0.42434 0.59127
vt 0.36869 0.73929
vt 0.36869 0.59127
vt 0.36869 0.73929
vt 0.42434 0.73929
vt 0.42458 0.67710
vt 0.36808 0.73360
vt 0.36808 0.67710
vt 0.42458 0.73360
vt 0.36808 0.67710
vt 0.42458 0.67710
vt 0.36869 0.59127
vt 0.42434 0.73929
vt 0.42434 0.59127
vt 0.42434 0.59127
vt 0.36869 0.73929
vt 0.36869 0.59127
vt 0.42434 0.59127
vt 0.36869 0.73929
vt 0.36869 0.59127
vt 0.36869 0.73929
vt 0.42434 0.73929
vt 0.42458 0.67710
vt 0.36808 0.73360
vt 0.36808 0.67710
vt 0.42458 0.73360
vt 0.36808 0.67710
vt 0.42458 0.67710
vt 0.36869 0.59127
vt 0.42434 0.73929
vt 0.42434 0.59127
vt 0.42434 0.59127
vt 0.36869 0.73929
vt 0.36869 0.59127
vt 0.42434 0.59127
vt 0.36869 0.73929
vt 0.36869 0.59127
vt 0.36869 0.73929
vt 0.42434 0.73929
vt 0.42458 0.67710
vt 0.36808 0.73360
vt 0.36808 0.67710
vt 0.42458 0.73360
vt 0.36808 0.67710
vt 0.42458 0.67710
vt 0.36869 0.59127
vt 0.42434 0.73929
vt 0.42434 0.59127
vt 0.42434 0.59127
vt 0.36869 0.73929
vt 0.36869 0.59127
vt 0.42434 0.59127
vt 0.36869 0.73929
vt 0.36869 0.59127
vt 0.36869 0.73929
vt 0.42434 0.73929
vt 0.42458 0.67710
vt 0.36808 0.73360
vt 0.36808 0.67710
vt 0.42458 0.67710
vt 0.36808 0.73360
vt 0.36808 0.67710
vt 0.36869 0.59127
vt 0.42434 0.73929
vt 0.42434 0.59127
vt 0.42434 0.59127
vt 0.36869 0.73929
vt 0.36869 0.59127
vt 0.42434 0.59127
vt 0.36869 0.73929
vt 0.36869 0.59127
vt 0.36869 0.73929
vt 0.42434 0.73929
vt 0.42458 0.67710
vt 0.36808 0.73360
vt 0.36808 0.67710
vt 0.42458 0.73360
vt 0.36808 0.67710
vt 0.42458 0.67710
vt 0.36869 0.59127
vt 0.42434 0.73929
vt 0.42434 0.59127
vt 0.42434 0.59127
vt 0.36869 0.73929
vt 0.36869 0.59127
vt 0.42434 0.59127
vt 0.36869 0.73929
vt 0.36869 0.59127
vt 0.36869 0.73929
vt 0.42434 0.73929
vt 0.42458 0.67710
vt 0.36808 0.73360
vt 0.36808 0.67710
vt 0.42458 0.73360
vt 0.36808 0.67710
vt 0.42458 0.67710
vt 0.36869 0.59127
vt 0.42434 0.73929
vt 0.42434 0.59127
vt 0.42434 0.59127
vt 0.36869 0.73929
vt 0.36869 0.59127
vt 0.42434 0.59127
vt 0.36869 0.73929
vt 0.36869 0.59127
vt 0.36869 0.73929
vt 0.42434 0.73929
vt 0.42458 0.67710
vt 0.36808 0.73360
vt 0.36808 0.67710
vt 0.42458 0.73360
vt 0.36808 0.67710
vt 0.42458 0.67710
vt 0.36869 0.59127
vt 0.42434 0.73929
vt 0.42434 0.59127
vt 0.42434 0.59127
vt 0.36869 0.73929
vt 0.36869 0.59127
vt 0.42434 0.59127
vt 0.36869 0.73929
vt 0.36869 0.59127
vt 0.36869 0.73929
vt 0.42434 0.73929
vt 0.42458 0.67710
vt 0.36808 0.73360
vt 0.36808 0.67710
vt 0.42458 0.67710
vt 0.36808 0.73360
vt 0.36808 0.67710
vt 0.36869 0.59127
vt 0.42434 0.73929
vt 0.42434 0.59127
vt 0.42434 0.59127
vt 0.36869 0.73929
vt 0.36869 0.59127
vt 0.42434 0.59127
vt 0.36869 0.73929
vt 0.36869 0.59127
vt 0.36869 0.73929
vt 0.42434 0.73929
vt 0.42458 0.67710
vt 0.36808 0.73360
vt 0.36808 0.67710
vt 0.42458 0.73360
vt 0.36808 0.67710
vt 0.42458 0.67710
vt 0.70665 0.59173
vt 0.51374 0.69896
vt 0.51374 0.59173
vt 0.70637 0.59236
vt 0.50951 0.64785
vt 0.50951 0.59236
vt 0.70514 0.58918
vt 0.51434 0.69929
vt 0.51434 0.58918
vt 0.70935 0.59425
vt 0.50803 0.65034
vt 0.50803 0.59425
vt 0.51143 0.59311
vt 0.70900 0.64956
vt 0.51143 0.64956
vt 0.51731 0.59285
vt 0.70644 0.64689
vt 0.51731 0.64689
vt 0.86010 0.11744
vt 0.99801 0.15143
vt 0.86010 0.15143
vt 0.86010 0.11744
vt 0.99801 0.15143
vt 0.86010 0.15143
vt 0.86010 0.11744
vt 0.99801 0.15143
vt 0.86010 0.15143
vt 0.86010 0.11744
vt 0.99801 0.15143
vt 0.86010 0.15143
vt 0.86010 0.11744
vt 0.99801 0.15143
vt 0.86010 0.15143
vt 0.86010 0.11744
vt 0.99801 0.15143
vt 0.86010 0.15143
vt 0.39374 0.55841
vt 0.43467 0.65723
vt 0.15518 0.65723
vt 0.86010 0.11744
vt 0.99801 0.15143
vt 0.86010 0.15143
vt 0.86010 0.11744
vt 0.99801 0.15143
vt 0.86010 0.15143
vt 0.86010 0.11744
vt 0.99801 0.15143
vt 0.86010 0.11744
vt 0.99801 0.15143
vt 0.86010 0.15143
vt 0.86010 0.11744
vt 0.99801 0.15143
vt 0.99801 0.11744
vt 0.99801 0.15143
vt 0.86010 0.11744
vt 0.99801 0.15143
vt 0.86010 0.11744
vt 0.99801 0.15143
vt 0.99801 0.11744
vt 0.99801 0.15143
vt 0.99801 0.11744
vt 0.99801 0.15143
vt 0.99801 0.11744
vt 0.99801 0.15143
vt 0.86010 0.11744
vt 0.99801 0.15143
vt 0.86010 0.15143
vt 0.86010 0.15143
vt 0.99801 0.11744
vt 0.99801 0.15143
vt 0.86010 0.15143
vt 0.99801 0.11744
vt 0.99801 0.15143
vt 0.86010 0.11744
vt 0.99801 0.15143
vt 0.86010 0.15143
vt 0.86010 0.11744
vt 0.99801 0.15143
vt 0.86010 0.15143
vt 0.86010 0.15143
vt 0.99801 0.11744
vt 0.99801 0.15143
vt 0.86010 0.15143
vt 0.99801 0.11744
vt 0.99801 0.15143
vt 0.86010 0.11744
vt 0.99801 0.15143
vt 0.86010 0.15143
vt 0.86010 0.15143
vt 0.99801 0.11744
vt 0.99801 0.15143
vt 0.86010 0.11744
vt 0.99801 0.15143
vt 0.86010 0.15143
vt 0.86010 0.15143
vt 0.99801 0.11744
vt 0.99801 0.15143
vt 0.86010 0.15143
vt 0.99801 0.11744
vt 0.99801 0.15143
vt 0.86010 0.11744
vt 0.99801 0.15143
vt 0.86010 0.15143
vt 0.86010 0.11744
vt 0.99801 0.15143
vt 0.86010 0.15143
vt 0.86010 0.15143
vt 0.99801 0.11744
vt 0.99801 0.15143
vt 0.86010 0.15143
vt 0.99801 0.11744
vt 0.99801 0.15143
vt 0.86010 0.11744
vt 0.99801 0.15143
vt 0.86010 0.15143
vt 0.86010 0.11744
vt 0.99801 0.15143
vt 0.86010 0.15143
vt 0.86010 0.11744
vt 0.99801 0.15143
vt 0.86010 0.15143
vt 0.86010 0.15143
vt 0.99801 0.11744
vt 0.99801 0.15143
vt 0.86010 0.15143
vt 0.99801 0.11744
vt 0.99801 0.15143
vt 0.86010 0.11744
vt 0.99801 0.15143
vt 0.86010 0.15143
vt 0.86010 0.11744
vt 0.99801 0.15143
vt 0.86010 0.15143
vt 0.86010 0.15143
vt 0.99801 0.11744
vt 0.99801 0.15143
vt 0.86010 0.15143
vt 0.99801 0.11744
vt 0.99801 0.15143
vt 0.86010 0.11744
vt 0.99801 0.15143
vt 0.86010 0.15143
vt 0.86010 0.11744
vt 0.99801 0.15143
vt 0.86010 0.15143
vt 0.86010 0.11744
vt 0.99801 0.15143
vt 0.86010 0.15143
vt 0.86010 0.11744
vt 0.99801 0.15143
vt 0.86010 0.15143
vt 0.86010 0.15143
vt 0.99801 0.11744
vt 0.99801 0.15143
vt 0.86010 0.11744
vt 0.99801 0.15143
vt 0.86010 0.15143
vt 0.86010 0.15143
vt 0.99801 0.11744
vt 0.99801 0.15143
vt 0.86010 0.11744
vt 0.99801 0.15143
vt 0.86010 0.15143
vt 0.86010 0.11744
vt 0.99801 0.15143
vt 0.86010 0.15143
vt 0.86010 0.11744
vt 0.99801 0.15143
vt 0.86010 0.15143
vt 0.86010 0.15143
vt 0.99801 0.11744
vt 0.99801 0.15143
vt 0.86010 0.15143
vt 0.99801 0.11744
vt 0.99801 0.15143
vt 0.86010 0.11744
vt 0.99801 0.15143
vt 0.86010 0.15143
vt 0.86010 0.11744
vt 0.99801 0.15143
vt 0.86010 0.15143
vt 0.86010 0.15143
vt 0.99801 0.11744
vt 0.99801 0.15143
vt 0.20071 0.50000
vt 0.27553 0.50000
vt 0.27553 0.50000
vt 0.86010 0.15143
vt 0.99801 0.11744
vt 0.99801 0.15143
vt 0.86010 0.15143
vt 0.99801 0.11744
vt 0.99801 0.15143
vt 0.86010 0.11744
vt 0.99801 0.15143
vt 0.86010 0.15143
vt 0.86010 0.11744
vt 0.99801 0.15143
vt 0.86010 0.15143
vt 0.86010 0.15143
vt 0.99801 0.11744
vt 0.99801 0.15143
vt 0.86010 0.15143
vt 0.99801 0.11744
vt 0.99801 0.15143
vt 0.86010 0.11744
vt 0.99801 0.15143
vt 0.86010 0.15143
vt 0.62061 0.12061
vt 0.56701 0.25000
vt 0.62061 0.37939
vt 0.42518 0.50000
vt 0.35036 0.50000
vt 0.42518 0.50000
vt 0.50000 0.50000
vt 0.57482 0.50000
vt 0.57482 0.50000
vt 0.64964 0.50000
vt 0.72447 0.50000
vt 0.72447 0.50000
vt 0.35036 0.50000
vt 0.50000 0.50000
vt 0.64964 0.50000
vt 0.79929 0.50000
vt 0.79929 0.50000
vt 0.39391 0.37493
vt 0.54351 0.29851
vt 0.56252 0.37395
vt 0.39288 0.37357
vt 0.51521 0.30548
vt 0.50667 0.30422
vt 0.36869 0.73929
vt 0.42434 0.73929
vt 0.42434 0.73929
vt 0.42458 0.73360
vt 0.36808 0.73360
vt 0.36869 0.73929
vt 0.42434 0.73929
vt 0.42434 0.73929
vt 0.42458 0.73360
vt 0.36808 0.73360
vt 0.36869 0.73929
vt 0.42434 0.73929
vt 0.42434 0.73929
vt 0.42458 0.73360
vt 0.42458 0.73360
vt 0.36869 0.73929
vt 0.42434 0.73929
vt 0.42434 0.73929
vt 0.42458 0.73360
vt 0.36808 0.73360
vt 0.36869 0.73929
vt 0.42434 0.73929
vt 0.42434 0.73929
vt 0.42458 0.73360
vt 0.36808 0.73360
vt 0.36869 0.73929
vt 0.42434 0.73929
vt 0.42434 0.73929
vt 0.42458 0.73360
vt 0.36808 0.73360
vt 0.36869 0.73929
vt 0.42434 0.73929
vt 0.42434 0.73929
vt 0.42458 0.73360
vt 0.42458 0.73360
vt 0.36869 0.73929
vt 0.42434 0.73929
vt 0.42434 0.73929
vt 0.42458 0.73360
vt 0.36808 0.73360
vt 0.36869 0.73929
vt 0.42434 0.73929
vt 0.42434 0.73929
vt 0.42458 0.73360
vt 0.36808 0.73360
vt 0.36869 0.73929
vt 0.42434 0.73929
vt 0.42434 0.73929
vt 0.42458 0.73360
vt 0.36808 0.73360
vt 0.36869 0.73929
vt 0.42434 0.73929
vt 0.42434 0.73929
vt 0.42458 0.73360
vt 0.42458 0.73360
vt 0.36869 0.73929
vt 0.42434 0.73929
vt 0.42434 0.73929
vt 0.42458 0.73360
vt 0.36808 0.73360
vt 0.70665 0.69896
vt 0.70637 0.64785
vt 0.70514 0.69929
vt 0.70935 0.65034
vt 0.70900 0.59311
vt 0.70644 0.59285
vt 0.99801 0.11744
vt 0.99801 0.11744
vt 0.99801 0.11744
vt 0.99801 0.11744
vt 0.99801 0.11744
vt 0.99801 0.11744
vt 0.39374 0.75604
vt 0.29492 0.79697
vt 0.19611 0.75604
vt 0.19611 0.55841
vt 0.29492 0.51748
vt 0.99801 0.11744
vt 0.99801 0.11744
vt 0.99801 0.11744
vt 0.99801 0.11744
vt 0.99801 0.11744
vt 0.86010 0.11744
vt 0.99801 0.11744
vt 0.99801 0.11744
vt 0.86010 0.11744
vt 0.86010 0.11744
vt 0.86010 0.11744
vt 0.99801 0.11744
vt 0.86010 0.11744
vt 0.86010 0.11744
vt 0.99801 0.11744
vt 0.99801 0.11744
vt 0.86010 0.11744
vt 0.86010 0.11744
vt 0.99801 0.11744
vt 0.86010 0.11744
vt 0.99801 0.11744
vt 0.86010 0.11744
vt 0.86010 0.11744
vt 0.99801 0.11744
vt 0.99801 0.11744
vt 0.86010 0.11744
vt 0.86010 0.11744
vt 0.99801 0.11744
vt 0.99801 0.11744
vt 0.99801 0.11744
vt 0.86010 0.11744
vt 0.86010 0.11744
vt 0.99801 0.11744
vt 0.99801 0.11744
vt 0.86010 0.11744
vt 0.86010 0.11744
vt 0.99801 0.11744
vt 0.99801 0.11744
vt 0.99801 0.11744
vt 0.99801 0.11744
vt 0.86010 0.11744
vt 0.99801 0.11744
vt 0.86010 0.11744
vt 0.99801 0.11744
vt 0.99801 0.11744
vt 0.99801 0.11744
vt 0.86010 0.11744
vt 0.86010 0.11744
vt 0.99801 0.11744
vt 0.99801 0.11744
vt 0.86010 0.11744
vt 0.20071 0.50000
vt 0.86010 0.11744
vt 0.86010 0.11744
vt 0.99801 0.11744
vt 0.99801 0.11744
vt 0.86010 0.11744
vt 0.86010 0.11744
vt 0.99801 0.11744
vt 0.75000 0.43299
vt 0.87939 0.12061
vt 0.87939 0.37939
vt 0.93299 0.25000
vt 0.75000 0.06701
f 892/2539 893/2540 891/2541
f 894/2542 897/2543 893/2544
f 898/2545 895/2546 897/2547
f 896/2548 891/2549 895/2550
f 897/2551 891/2552 893/2553
f 894/2554 896/2555 898/2556
f 900/2557 901/2558 899/2559
f 902/2560 905/2561 901/2562
f 906/2563 903/2564 905/2565
f 904/2566 899/2559 903/2567
f 905/2568 899/2569 901/2570
f 902/2571 904/2572 906/2573
f 908/2574 909/2575 907/2576
f 910/2577 913/2578 909/2579
f 914/2580 911/2581 913/2582
f 912/2583 907/2576 911/2584
f 913/2585 907/2586 909/2587
f 910/2588 912/2589 914/2590
f 916/2591 917/2592 915/2593
f 918/2594 921/2595 917/2596
f 922/2597 919/2598 921/2599
f 920/2600 915/2593 919/2601
f 921/2602 915/2603 917/2604
f 922/2605 916/2606 920/2607
f 924/2608 925/2609 923/2610
f 926/2611 929/2612 925/2613
f 930/2614 927/2615 929/2616
f 928/2617 923/2610 927/2618
f 929/2619 923/2620 925/2621
f 926/2622 928/2623 930/2624
f 932/2625 933/2626 931/2627
f 934/2628 937/2629 933/2630
f 938/2631 935/2632 937/2633
f 936/2634 931/2627 935/2635
f 937/2636 931/2637 933/2638
f 934/2639 936/2640 938/2641
f 940/2642 941/2643 939/2644
f 942/2645 945/2646 941/2647
f 946/2648 943/2649 945/2650
f 944/2651 939/2644 943/2652
f 945/2653 939/2654 941/2655
f 942/2656 944/2657 946/2658
f 948/2659 949/2660 947/2661
f 950/2662 953/2663 949/2664
f 954/2665 951/2666 953/2667
f 952/2668 947/2661 951/2669
f 953/2670 947/2671 949/2672
f 954/2673 948/2674 952/2675
f 956/2676 957/2677 955/2678
f 958/2679 961/2680 957/2681
f 962/2682 959/2683 961/2684
f 960/2685 955/2678 959/2686
f 961/2687 955/2688 957/2689
f 958/2690 960/2691 962/2692
f 964/2693 965/2694 963/2695
f 966/2696 969/2697 965/2698
f 970/2699 967/2700 969/2701
f 968/2702 963/2695 967/2703
f 969/2704 963/2705 965/2706
f 966/2707 968/2708 970/2709
f 972/2710 973/2711 971/2712
f 974/2713 977/2714 973/2715
f 978/2716 975/2717 977/2718
f 976/2719 971/2712 975/2720
f 977/2721 971/2722 973/2723
f 974/2724 976/2725 978/2726
f 980/2727 981/2728 979/2729
f 982/2730 985/2731 981/2732
f 986/2733 983/2734 985/2735
f 984/2736 979/2729 983/2737
f 985/2738 979/2739 981/2740
f 986/2741 980/2742 984/2743
f 988/2744 989/2745 987/2746
f 990/2747 993/2748 989/2749
f 994/2750 991/2751 993/2752
f 992/2753 987/2746 991/2754
f 993/2755 987/2756 989/2757
f 990/2758 992/2759 994/2760
f 996/2761 997/2762 995/2763
f 998/2764 1001/2765 997/2766
f 1002/2767 999/2768 1001/2769
f 1000/2770 995/2771 999/2772
f 1001/2773 995/2774 997/2775
f 998/2776 1000/2777 1002/2778
f 1004/2779 1005/2780 1003/2781
f 1006/2782 1007/2783 1005/2784
f 1008/2785 1009/2786 1007/2787
f 1010/2788 1011/2789 1009/2790
f 1012/2791 1013/2792 1011/2793
f 1014/2794 1015/2795 1013/2796
f 1010/2797 1008/2798 1016/2799
f 1016/2800 1017/2801 1015/2802
f 1018/2803 1003/2804 1017/2805
f 1017/2806 1025/2807 1015/2802
f 1026/2808 1033/2809 1025/2810
f 1007/2811 1020/2812 1005/2784
f 1011/2793 1024/2813 1023/2814
f 1003/2815 1026/2816 1017/2805
f 1005/2817 1019/2818 1003/2781
f 1007/2787 1022/2819 1021/2820
f 1013/2796 1025/2821 1024/2822
f 1009/2790 1023/2823 1022/2824
f 1029/2825 1036/2826 1028/2827
f 1023/2828 1032/2829 1031/2830
f 1021/2831 1030/2832 1029/2833
f 1020/2834 1027/2835 1019/2836
f 1019/2837 1034/2838 1026/2839
f 1024/2840 1033/2841 1032/2842
f 1022/2843 1031/2844 1030/2845
f 1021/2846 1028/2847 1020/2848
f 1042/2849 1043/2850 1050/2851
f 1034/2852 1041/2853 1033/2854
f 1031/2855 1040/2856 1039/2857
f 1029/2858 1038/2859 1037/2860
f 1028/2861 1035/2862 1027/2863
f 1027/2864 1042/2865 1034/2866
f 1032/2867 1041/2868 1040/2869
f 1030/2870 1039/2871 1038/2872
f 1046/2873 1053/2874 1045/2875
f 1041/2876 1048/2877 1040/2878
f 1039/2879 1046/2880 1038/2881
f 1036/2882 1045/2883 1044/2884
f 1041/2885 1050/2886 1049/2887
f 1040/2888 1047/2889 1039/2890
f 1038/2891 1045/2892 1037/2893
f 1035/2894 1044/2895 1043/2896
f 1057/2897 1066/2898 1065/2899
f 1044/2900 1051/2901 1043/2902
f 1043/2903 1058/2904 1050/2905
f 1049/2906 1056/2907 1048/2908
f 1047/2909 1054/2910 1046/2911
f 1044/2912 1053/2913 1052/2914
f 1050/2915 1057/2916 1049/2917
f 1047/2918 1056/2919 1055/2920
f 1063/2921 1070/2922 1062/2923
f 1056/2924 1063/2925 1055/2926
f 1054/2927 1061/2928 1053/2929
f 1051/2930 1060/2931 1059/2932
f 1058/2933 1059/2934 1066/2935
f 1057/2936 1064/2937 1056/2938
f 1055/2939 1062/2940 1054/2941
f 1052/2942 1061/2943 1060/2944
f 1067/2945 1082/2946 1074/2947
f 1060/2948 1069/2949 1068/2950
f 1065/2951 1074/2952 1073/2953
f 1064/2954 1071/2955 1063/2956
f 1062/2957 1069/2958 1061/2959
f 1059/2960 1068/2961 1067/2962
f 1066/2963 1067/2964 1074/2965
f 1065/2966 1072/2967 1064/2968
f 1080/2969 1081/2970 1082/2971
f 1072/2972 1081/2973 1080/2974
f 1071/2975 1078/2976 1070/2977
f 1069/2978 1076/2979 1068/2980
f 1074/2947 1081/2973 1073/2981
f 1071/2975 1080/2974 1079/2982
f 1070/2977 1077/2983 1069/2978
f 1067/2984 1076/2979 1075/2985
f 892/2539 894/2986 893/2540
f 894/2542 898/2987 897/2543
f 898/2545 896/2988 895/2546
f 896/2548 892/2989 891/2549
f 897/2551 895/2990 891/2552
f 894/2554 892/2991 896/2555
f 900/2557 902/2992 901/2558
f 902/2560 906/2993 905/2561
f 906/2563 904/2994 903/2564
f 904/2566 900/2557 899/2559
f 905/2568 903/2995 899/2569
f 902/2571 900/2996 904/2572
f 908/2574 910/2997 909/2575
f 910/2577 914/2998 913/2578
f 914/2580 912/2999 911/2581
f 912/2583 908/2574 907/2576
f 913/2585 911/3000 907/2586
f 910/2588 908/3001 912/2589
f 916/2591 918/3002 917/2592
f 918/2594 922/3003 921/2595
f 922/2597 920/3004 919/2598
f 920/2600 916/2591 915/2593
f 921/2602 919/3005 915/2603
f 922/2605 918/3006 916/2606
f 924/2608 926/3007 925/2609
f 926/2611 930/3008 929/2612
f 930/2614 928/3009 927/2615
f 928/2617 924/2608 923/2610
f 929/2619 927/3010 923/2620
f 926/2622 924/3011 928/2623
f 932/2625 934/3012 933/2626
f 934/2628 938/3013 937/2629
f 938/2631 936/3014 935/2632
f 936/2634 932/2625 931/2627
f 937/2636 935/3015 931/2637
f 934/2639 932/3016 936/2640
f 940/2642 942/3017 941/2643
f 942/2645 946/3018 945/2646
f 946/2648 944/3019 943/2649
f 944/2651 940/2642 939/2644
f 945/2653 943/3020 939/2654
f 942/2656 940/3021 944/2657
f 948/2659 950/3022 949/2660
f 950/2662 954/3023 953/2663
f 954/2665 952/3024 951/2666
f 952/2668 948/2659 947/2661
f 953/2670 951/3025 947/2671
f 954/2673 950/3026 948/2674
f 956/2676 958/3027 957/2677
f 958/2679 962/3028 961/2680
f 962/2682 960/3029 959/2683
f 960/2685 956/2676 955/2678
f 961/2687 959/3030 955/2688
f 958/2690 956/3031 960/2691
f 964/2693 966/3032 965/2694
f 966/2696 970/3033 969/2697
f 970/2699 968/3034 967/2700
f 968/2702 964/2693 963/2695
f 969/2704 967/3035 963/2705
f 966/2707 964/3036 968/2708
f 972/2710 974/3037 973/2711
f 974/2713 978/3038 977/2714
f 978/2716 976/3039 975/2717
f 976/2719 972/2710 971/2712
f 977/2721 975/3040 971/2722
f 974/2724 972/3041 976/2725
f 980/2727 982/3042 981/2728
f 982/2730 986/3043 985/2731
f 986/2733 984/3044 983/2734
f 984/2736 980/2727 979/2729
f 985/2738 983/3045 979/2739
f 986/2741 982/3046 980/2742
f 988/2744 990/3047 989/2745
f 990/2747 994/3048 993/2748
f 994/2750 992/3049 991/2751
f 992/2753 988/2744 987/2746
f 993/2755 991/3050 987/2756
f 990/2758 988/3051 992/2759
f 996/2761 998/3052 997/2762
f 998/2764 1002/3053 1001/2765
f 1002/2767 1000/3054 999/2768
f 1000/2770 996/3055 995/2771
f 1001/2773 999/3056 995/2774
f 998/2776 996/3057 1000/2777
f 1004/2779 1006/3058 1005/2780
f 1006/2782 1008/3059 1007/2783
f 1008/2785 1010/3060 1009/2786
f 1010/2788 1012/3061 1011/2789
f 1012/2791 1014/3062 1013/2792
f 1014/2794 1016/3063 1015/2795
f 1008/2798 1006/3064 1016/2799
f 1006/3064 1004/3065 1016/2799
f 1004/3065 1018/3066 1016/2799
f 1016/2799 1014/3067 1012/3068
f 1012/3068 1010/2797 1016/2799
f 1016/2800 1018/3069 1017/2801
f 1018/2803 1004/3070 1003/2804
f 1017/2806 1026/3071 1025/2807
f 1026/2808 1034/3072 1033/2809
f 1007/2811 1021/3073 1020/2812
f 1011/2793 1013/3074 1024/2813
f 1003/2815 1019/3075 1026/2816
f 1005/2817 1020/3076 1019/2818
f 1007/2787 1009/3077 1022/2819
f 1013/2796 1015/3078 1025/2821
f 1009/2790 1011/3079 1023/2823
f 1029/2825 1037/3080 1036/2826
f 1023/2828 1024/3081 1032/2829
f 1021/2831 1022/3082 1030/2832
f 1020/2834 1028/3083 1027/2835
f 1019/2837 1027/3084 1034/2838
f 1024/2840 1025/3085 1033/2841
f 1022/2843 1023/3086 1031/2844
f 1021/2846 1029/3087 1028/2847
f 1042/2849 1035/3088 1043/2850
f 1034/2852 1042/3089 1041/2853
f 1031/2855 1032/3090 1040/2856
f 1029/2858 1030/3091 1038/2859
f 1028/2861 1036/3092 1035/2862
f 1027/2864 1035/3093 1042/2865
f 1032/2867 1033/3094 1041/2868
f 1030/2870 1031/3095 1039/2871
f 1046/2873 1054/3096 1053/2874
f 1041/2876 1049/3097 1048/2877
f 1039/2879 1047/3098 1046/2880
f 1036/2882 1037/3099 1045/2883
f 1041/2885 1042/3100 1050/2886
f 1040/2888 1048/3101 1047/2889
f 1038/2891 1046/3102 1045/2892
f 1035/2894 1036/3103 1044/2895
f 1057/2897 1058/3104 1066/2898
f 1044/2900 1052/3105 1051/2901
f 1043/2903 1051/3106 1058/2904
f 1049/2906 1057/3107 1056/2907
f 1047/2909 1055/3108 1054/2910
f 1044/2912 1045/3109 1053/2913
f 1050/2915 1058/3110 1057/2916
f 1047/2918 1048/3111 1056/2919
f 1063/2921 1071/3112 1070/2922
f 1056/2924 1064/3113 1063/2925
f 1054/2927 1062/3114 1061/2928
f 1051/2930 1052/3115 1060/2931
f 1058/2933 1051/3116 1059/2934
f 1057/2936 1065/3117 1064/2937
f 1055/2939 1063/3118 1062/2940
f 1052/2942 1053/3119 1061/2943
f 1067/2945 1075/3120 1082/2946
f 1060/2948 1061/3121 1069/2949
f 1065/2951 1066/3122 1074/2952
f 1064/2954 1072/3123 1071/2955
f 1062/2957 1070/3124 1069/2958
f 1059/2960 1060/3125 1068/2961
f 1066/2963 1059/3126 1067/2964
f 1065/2966 1073/3127 1072/2967
f 1082/2971 1075/3128 1078/3129
f 1075/3128 1076/3130 1078/3129
f 1076/3130 1077/3131 1078/3129
f 1078/3129 1079/3132 1082/2971
f 1079/3132 1080/2969 1082/2971
f 1072/2972 1073/2981 1081/2973
f 1071/2975 1079/2982 1078/2976
f 1069/2978 1077/2983 1076/2979
f 1074/2947 1082/2946 1081/2973
f 1071/2975 1072/2972 1080/2974
f 1070/2977 1078/2976 1077/2983
f 1067/2984 1068/2980 1076/2979
o legR
v -0.97500 0.00000 -0.50000
v -0.97500 3.00000 -0.50000
v -0.97500 0.00000 0.50000
v -0.97500 3.00000 0.50000
v 0.02500 0.00000 -0.50000
v 0.02500 3.00000 -0.50000
v 0.02500 0.00000 0.50000
v 0.02500 3.00000 0.50000
v 0.15000 1.93673 0.62500
v 0.15000 2.16173 0.62500
v 0.15000 1.93673 0.17500
v 0.15000 2.16173 0.17500
v -0.30000 1.93673 0.62500
v -0.30000 2.16173 0.62500
v -0.30000 1.93673 0.17500
v -0.30000 2.16173 0.17500
v -1.10000 1.93673 0.62500
v -1.10000 2.16173 0.62500
v -0.65000 1.93673 0.62500
v -0.65000 2.16173 0.62500
v -1.10000 1.93673 0.17500
v -1.10000 2.16173 0.17500
v -0.65000 1.93673 0.17500
v -0.65000 2.16173 0.17500
v -1.10000 1.93673 -0.62500
v -1.10000 2.16173 -0.62500
v -1.10000 1.93673 -0.17500
v -1.10000 2.16173 -0.17500
v -0.65000 1.93673 -0.62500
v -0.65000 2.16173 -0.62500
v -0.65000 1.93673 -0.17500
v -0.65000 2.16173 -0.17500
v 0.15000 1.93673 -0.62500
v 0.15000 2.16173 -0.62500
v -0.30000 1.93673 -0.62500
v -0.30000 2.16173 -0.62500
v 0.15000 1.93673 -0.17500
v 0.15000 2.16173 -0.17500
v -0.30000 1.93673 -0.17500
v -0.30000 2.16173 -0.17500
v 0.15000 0.55252 0.62500
v 0.15000 0.77752 0.62500
v 0.15000 0.55252 0.17500
v 0.15000 0.77752 0.17500
v -0.30000 0.55252 0.62500
v -0.30000 0.77752 0.62500
v -0.30000 0.55252 0.17500
v -0.30000 0.77752 0.17500
v -1.10000 0.55252 0.62500
v -1.10000 0.77752 0.62500
v -0.65000 0.55252 0.62500
v -0.65000 0.77752 0.62500
v -1.10000 0.55252 0.17500
v -1.10000 0.77752 0.17500
v -0.65000 0.55252 0.17500
v -0.65000 0.77752 0.17500
v -1.10000 0.55252 -0.62500
v -1.10000 0.77752 -0.62500
v -1.10000 0.55252 -0.17500
v -1.10000 0.77752 -0.17500
v -0.65000 0.55252 -0.62500
v -0.65000 0.77752 -0.62500
v -0.65000 0.55252 -0.17500
v -0.65000 0.77752 -0.17500
v 0.15000 0.55252 -0.62500
v 0.15000 0.77752 -0.62500
v -0.30000 0.55252 -0.62500
v -0.30000 0.77752 -0.62500
v 0.15000 0.55252 -0.17500
v 0.15000 0.77752 -0.17500
v -0.30000 0.55252 -0.17500
v -0.30000 0.77752 -0.17500
v 0.15000 0.18166 0.62500
v 0.15000 0.40666 0.62500
v 0.15000 0.18166 0.17500
v 0.15000 0.40666 0.17500
v -0.30000 0.18166 0.62500
v -0.30000 0.40666 0.62500
v -0.30000 0.18166 0.17500
v -0.30000 0.40666 0.17500
v -1.10000 0.18166 0.62500
v -1.10000 0.40666 0.62500
v -0.65000 0.18166 0.62500
v -0.65000 0.40666 0.62500
v -1.10000 0.18166 0.17500
v -1.10000 0.40666 0.17500
v -0.65000 0.18166 0.17500
v -0.65000 0.40666 0.17500
v -1.10000 0.18166 -0.62500
v -1.10000 0.40666 -0.62500
v -1.10000 0.18166 -0.17500
v -1.10000 0.40666 -0.17500
v -0.65000 0.18166 -0.62500
v -0.65000 0.40666 -0.62500
v -0.65000 0.18166 -0.17500
v -0.65000 0.40666 -0.17500
v 0.15000 0.18166 -0.62500
v 0.15000 0.40666 -0.62500
v -0.30000 0.18166 -0.62500
v -0.30000 0.40666 -0.62500
v 0.15000 0.18166 -0.17500
v 0.15000 0.40666 -0.17500
v -0.30000 0.18166 -0.17500
v -0.30000 0.40666 -0.17500
v 0.13640 2.34558 0.21000
v 0.13640 2.94558 0.21000
v 0.13640 2.34558 -0.21000
v 0.13640 2.94558 -0.21000
v 0.01640 2.34558 0.21000
v 0.01640 2.94558 0.21000
v 0.01640 2.34558 -0.21000
v 0.01640 2.94558 -0.21000
v 0.29830 2.65605 -0.10000
v 0.09830 2.65605 -0.10000
v 0.29830 2.58534 -0.07071
v 0.09830 2.58534 -0.07071
v 0.29830 2.55605 0.00000
v 0.09830 2.55605 0.00000
v 0.29830 2.58534 0.07071
v 0.09830 2.58534 0.07071
v 0.29830 2.65605 0.10000
v 0.09830 2.65605 0.10000
v 0.29830 2.72676 0.07071
v 0.09830 2.72676 0.07071
v 0.29830 2.75605 0.00000
v 0.09830 2.75605 0.00000
v 0.29830 2.72676 -0.07071
v 0.09830 2.72676 -0.07071
v 0.45323 2.47981 -0.10000
v 0.39199 2.44445 -0.07071
v 0.36663 2.42981 0.00000
v 0.39199 2.44445 0.07071
v 0.45323 2.47981 0.10000
v 0.51447 2.51516 0.07071
v 0.53983 2.52981 0.00000
v 0.51447 2.51516 -0.07071
v 0.33755 1.83563 -0.10000
v 0.26684 1.83563 -0.07071
v 0.23755 1.83563 0.00000
v 0.26684 1.83563 0.07071
v 0.33755 1.83563 0.10000
v 0.40826 1.83563 0.07071
v 0.43755 1.83563 0.00000
v 0.40826 1.83563 -0.07071
v 0.15835 1.44453 -0.10000
v 0.08764 1.44453 -0.07071
v 0.05835 1.44453 0.00000
v 0.08764 1.44453 0.07071
v 0.15835 1.44453 0.10000
v 0.22907 1.44453 0.07071
v 0.25835 1.44453 0.00000
v 0.22907 1.44453 -0.07071
v 0.25764 0.89761 -0.10000
v 0.18693 0.89761 -0.07071
v 0.15764 0.89761 0.00000
v 0.18693 0.89761 0.07071
v 0.25764 0.89761 0.10000
v 0.32835 0.89761 0.07071
v 0.35764 0.89761 0.00000
v 0.32835 0.89761 -0.07071
v 0.25764 0.56208 -0.10000
v 0.18693 0.56208 -0.07071
v 0.15764 0.56208 0.00000
v 0.18693 0.56208 0.07071
v 0.25764 0.56208 0.10000
v 0.32835 0.56208 0.07071
v 0.35764 0.56208 0.00000
v 0.32835 0.56208 -0.07071
v 0.25764 0.35691 -0.10000
v 0.20764 0.40691 -0.07071
v 0.18693 0.42762 0.00000
v 0.20764 0.40691 0.07071
v 0.25764 0.35691 0.10000
v 0.30764 0.30691 0.07071
v 0.32835 0.28620 0.00000
v 0.30764 0.30691 -0.07071
v 0.15102 0.25028 -0.10000
v 0.15102 0.32099 -0.07071
v 0.15102 0.35028 0.00000
v 0.15102 0.32099 0.07071
v 0.15102 0.25028 0.10000
v 0.15102 0.17957 0.07071
v 0.15102 0.15028 0.00000
v 0.15102 0.17957 -0.07071
v -0.04564 0.25028 -0.10000
v -0.04564 0.32099 -0.07071
v -0.04564 0.35028 0.00000
v -0.04564 0.32099 0.07071
v -0.04564 0.25028 0.10000
v -0.04564 0.17957 0.07071
v -0.04564 0.15028 0.00000
v -0.04564 0.17957 -0.07071
vt 0.56180 0.37487
vt 0.39375 0.00316
vt 0.56164 0.00310
vt 0.75660 0.29944
vt 0.54913 0.00271
vt 0.76222 0.00363
vt 0.39105 0.37330
vt 0.56421 0.00467
vt 0.39274 0.00402
vt 0.56321 0.37357
vt 0.39288 0.00411
vt 0.56321 0.00411
vt 0.51521 0.24458
vt 0.45431 0.30548
vt 0.45431 0.24458
vt 0.50667 0.24402
vt 0.44646 0.30422
vt 0.44646 0.24402
vt 0.36869 0.59127
vt 0.42434 0.73929
vt 0.42434 0.59127
vt 0.42434 0.59127
vt 0.36869 0.73929
vt 0.36869 0.59127
vt 0.42434 0.59127
vt 0.36869 0.73929
vt 0.36869 0.59127
vt 0.36869 0.73929
vt 0.42434 0.73929
vt 0.42458 0.67710
vt 0.36808 0.73360
vt 0.36808 0.67710
vt 0.42458 0.73360
vt 0.36808 0.67710
vt 0.42458 0.67710
vt 0.36869 0.59127
vt 0.42434 0.73929
vt 0.42434 0.59127
vt 0.42434 0.59127
vt 0.36869 0.73929
vt 0.36869 0.59127
vt 0.42434 0.59127
vt 0.36869 0.73929
vt 0.36869 0.59127
vt 0.36869 0.73929
vt 0.42434 0.73929
vt 0.42458 0.67710
vt 0.36808 0.73360
vt 0.36808 0.67710
vt 0.42458 0.73360
vt 0.36808 0.67710
vt 0.42458 0.67710
vt 0.36869 0.59127
vt 0.42434 0.73929
vt 0.42434 0.59127
vt 0.42434 0.59127
vt 0.36869 0.73929
vt 0.36869 0.59127
vt 0.42434 0.59127
vt 0.36869 0.73929
vt 0.36869 0.59127
vt 0.36869 0.73929
vt 0.42434 0.73929
vt 0.42458 0.67710
vt 0.36808 0.73360
vt 0.36808 0.67710
vt 0.42458 0.67710
vt 0.36808 0.73360
vt 0.36808 0.67710
vt 0.36869 0.59127
vt 0.42434 0.73929
vt 0.42434 0.59127
vt 0.42434 0.59127
vt 0.36869 0.73929
vt 0.36869 0.59127
vt 0.42434 0.59127
vt 0.36869 0.73929
vt 0.36869 0.59127
vt 0.36869 0.73929
vt 0.42434 0.73929
vt 0.42458 0.67710
vt 0.36808 0.73360
vt 0.36808 0.67710
vt 0.42458 0.73360
vt 0.36808 0.67710
vt 0.42458 0.67710
vt 0.36869 0.59127
vt 0.42434 0.73929
vt 0.42434 0.59127
vt 0.42434 0.59127
vt 0.36869 0.73929
vt 0.36869 0.59127
vt 0.42434 0.59127
vt 0.36869 0.73929
vt 0.36869 0.59127
vt 0.36869 0.73929
vt 0.42434 0.73929
vt 0.42458 0.67710
vt 0.36808 0.73360
vt 0.36808 0.67710
vt 0.42458 0.73360
vt 0.36808 0.67710
vt 0.42458 0.67710
vt 0.36869 0.59127
vt 0.42434 0.73929
vt 0.42434 0.59127
vt 0.42434 0.59127
vt 0.36869 0.73929
vt 0.36869 0.59127
vt 0.42434 0.59127
vt 0.36869 0.73929
vt 0.36869 0.59127
vt 0.36869 0.73929
vt 0.42434 0.73929
vt 0.42458 0.67710
vt 0.36808 0.73360
vt 0.36808 0.67710
vt 0.42458 0.73360
vt 0.36808 0.67710
vt 0.42458 0.67710
vt 0.36869 0.59127
vt 0.42434 0.73929
vt 0.42434 0.59127
vt 0.42434 0.59127
vt 0.36869 0.73929
vt 0.36869 0.59127
vt 0.42434 0.59127
vt 0.36869 0.73929
vt 0.36869 0.59127
vt 0.36869 0.73929
vt 0.42434 0.73929
vt 0.42458 0.67710
vt 0.36808 0.73360
vt 0.36808 0.67710
vt 0.42458 0.67710
vt 0.36808 0.73360
vt 0.36808 0.67710
vt 0.36869 0.59127
vt 0.42434 0.73929
vt 0.42434 0.59127
vt 0.42434 0.59127
vt 0.36869 0.73929
vt 0.36869 0.59127
vt 0.42434 0.59127
vt 0.36869 0.73929
vt 0.36869 0.59127
vt 0.36869 0.73929
vt 0.42434 0.73929
vt 0.42458 0.67710
vt 0.36808 0.73360
vt 0.36808 0.67710
vt 0.42458 0.73360
vt 0.36808 0.67710
vt 0.42458 0.67710
vt 0.36869 0.59127
vt 0.42434 0.73929
vt 0.42434 0.59127
vt 0.42434 0.59127
vt 0.36869 0.73929
vt 0.36869 0.59127
vt 0.42434 0.59127
vt 0.36869 0.73929
vt 0.36869 0.59127
vt 0.36869 0.73929
vt 0.42434 0.73929
vt 0.42458 0.67710
vt 0.36808 0.73360
vt 0.36808 0.67710
vt 0.42458 0.73360
vt 0.36808 0.67710
vt 0.42458 0.67710
vt 0.36869 0.59127
vt 0.42434 0.73929
vt 0.42434 0.59127
vt 0.42434 0.59127
vt 0.36869 0.73929
vt 0.36869 0.59127
vt 0.42434 0.59127
vt 0.36869 0.73929
vt 0.36869 0.59127
vt 0.36869 0.73929
vt 0.42434 0.73929
vt 0.42458 0.67710
vt 0.36808 0.73360
vt 0.36808 0.67710
vt 0.42458 0.73360
vt 0.36808 0.67710
vt 0.42458 0.67710
vt 0.36869 0.59127
vt 0.42434 0.73929
vt 0.42434 0.59127
vt 0.42434 0.59127
vt 0.36869 0.73929
vt 0.36869 0.59127
vt 0.42434 0.59127
vt 0.36869 0.73929
vt 0.36869 0.59127
vt 0.36869 0.73929
vt 0.42434 0.73929
vt 0.42458 0.67710
vt 0.36808 0.73360
vt 0.36808 0.67710
vt 0.42458 0.67710
vt 0.36808 0.73360
vt 0.36808 0.67710
vt 0.36869 0.59127
vt 0.42434 0.73929
vt 0.42434 0.59127
vt 0.42434 0.59127
vt 0.36869 0.73929
vt 0.36869 0.59127
vt 0.42434 0.59127
vt 0.36869 0.73929
vt 0.36869 0.59127
vt 0.36869 0.73929
vt 0.42434 0.73929
vt 0.42458 0.67710
vt 0.36808 0.73360
vt 0.36808 0.67710
vt 0.42458 0.73360
vt 0.36808 0.67710
vt 0.42458 0.67710
vt 0.70665 0.59173
vt 0.51374 0.69896
vt 0.51374 0.59173
vt 0.70637 0.59236
vt 0.50951 0.64785
vt 0.50951 0.59236
vt 0.70514 0.58918
vt 0.51434 0.69929
vt 0.51434 0.58918
vt 0.70935 0.59425
vt 0.50803 0.65034
vt 0.50803 0.59425
vt 0.51143 0.59311
vt 0.70900 0.64956
vt 0.51143 0.64956
vt 0.51731 0.59285
vt 0.70644 0.64689
vt 0.51731 0.64689
vt 0.86010 0.11744
vt 0.99801 0.15143
vt 0.86010 0.15143
vt 0.86010 0.11744
vt 0.99801 0.15143
vt 0.86010 0.15143
vt 0.86010 0.11744
vt 0.99801 0.15143
vt 0.86010 0.15143
vt 0.86010 0.11744
vt 0.99801 0.15143
vt 0.86010 0.15143
vt 0.86010 0.11744
vt 0.99801 0.15143
vt 0.86010 0.15143
vt 0.86010 0.11744
vt 0.99801 0.15143
vt 0.86010 0.15143
vt 0.39374 0.55841
vt 0.43467 0.65723
vt 0.15518 0.65723
vt 0.86010 0.11744
vt 0.99801 0.15143
vt 0.86010 0.15143
vt 0.86010 0.11744
vt 0.99801 0.15143
vt 0.86010 0.15143
vt 0.86010 0.11744
vt 0.99801 0.15143
vt 0.86010 0.11744
vt 0.99801 0.15143
vt 0.86010 0.15143
vt 0.86010 0.11744
vt 0.99801 0.15143
vt 0.99801 0.11744
vt 0.99801 0.15143
vt 0.86010 0.11744
vt 0.99801 0.15143
vt 0.86010 0.11744
vt 0.99801 0.15143
vt 0.99801 0.11744
vt 0.99801 0.15143
vt 0.99801 0.11744
vt 0.99801 0.15143
vt 0.99801 0.11744
vt 0.99801 0.15143
vt 0.86010 0.11744
vt 0.99801 0.15143
vt 0.86010 0.15143
vt 0.86010 0.15143
vt 0.99801 0.11744
vt 0.99801 0.15143
vt 0.86010 0.15143
vt 0.99801 0.11744
vt 0.99801 0.15143
vt 0.86010 0.11744
vt 0.99801 0.15143
vt 0.86010 0.15143
vt 0.86010 0.11744
vt 0.99801 0.15143
vt 0.86010 0.15143
vt 0.86010 0.15143
vt 0.99801 0.11744
vt 0.99801 0.15143
vt 0.86010 0.15143
vt 0.99801 0.11744
vt 0.99801 0.15143
vt 0.86010 0.11744
vt 0.99801 0.15143
vt 0.86010 0.15143
vt 0.86010 0.15143
vt 0.99801 0.11744
vt 0.99801 0.15143
vt 0.86010 0.11744
vt 0.99801 0.15143
vt 0.86010 0.15143
vt 0.86010 0.15143
vt 0.99801 0.11744
vt 0.99801 0.15143
vt 0.86010 0.15143
vt 0.99801 0.11744
vt 0.99801 0.15143
vt 0.86010 0.11744
vt 0.99801 0.15143
vt 0.86010 0.15143
vt 0.86010 0.11744
vt 0.99801 0.15143
vt 0.86010 0.15143
vt 0.86010 0.15143
vt 0.99801 0.11744
vt 0.99801 0.15143
vt 0.86010 0.15143
vt 0.99801 0.11744
vt 0.99801 0.15143
vt 0.86010 0.11744
vt 0.99801 0.15143
vt 0.86010 0.15143
vt 0.86010 0.11744
vt 0.99801 0.15143
vt 0.86010 0.15143
vt 0.86010 0.11744
vt 0.99801 0.15143
vt 0.86010 0.15143
vt 0.86010 0.15143
vt 0.99801 0.11744
vt 0.99801 0.15143
vt 0.86010 0.15143
vt 0.99801 0.11744
vt 0.99801 0.15143
vt 0.86010 0.11744
vt 0.99801 0.15143
vt 0.86010 0.15143
vt 0.86010 0.11744
vt 0.99801 0.15143
vt 0.86010 0.15143
vt 0.86010 0.15143
vt 0.99801 0.11744
vt 0.99801 0.15143
vt 0.86010 0.15143
vt 0.99801 0.11744
vt 0.99801 0.15143
vt 0.86010 0.11744
vt 0.99801 0.15143
vt 0.86010 0.15143
vt 0.86010 0.11744
vt 0.99801 0.15143
vt 0.86010 0.15143
vt 0.86010 0.11744
vt 0.99801 0.15143
vt 0.86010 0.15143
vt 0.86010 0.11744
vt 0.99801 0.15143
vt 0.86010 0.15143
vt 0.86010 0.15143
vt 0.99801 0.11744
vt 0.99801 0.15143
vt 0.86010 0.11744
vt 0.99801 0.15143
vt 0.86010 0.15143
vt 0.86010 0.15143
vt 0.99801 0.11744
vt 0.99801 0.15143
vt 0.86010 0.11744
vt 0.99801 0.15143
vt 0.86010 0.15143
vt 0.86010 0.11744
vt 0.99801 0.15143
vt 0.86010 0.15143
vt 0.86010 0.11744
vt 0.99801 0.15143
vt 0.86010 0.15143
vt 0.86010 0.15143
vt 0.99801 0.11744
vt 0.99801 0.15143
vt 0.86010 0.15143
vt 0.99801 0.11744
vt 0.99801 0.15143
vt 0.86010 0.11744
vt 0.99801 0.15143
vt 0.86010 0.15143
vt 0.86010 0.11744
vt 0.99801 0.15143
vt 0.86010 0.15143
vt 0.86010 0.15143
vt 0.99801 0.11744
vt 0.99801 0.15143
vt 0.20071 0.50000
vt 0.27553 0.50000
vt 0.27553 0.50000
vt 0.86010 0.15143
vt 0.99801 0.11744
vt 0.99801 0.15143
vt 0.86010 0.15143
vt 0.99801 0.11744
vt 0.99801 0.15143
vt 0.86010 0.11744
vt 0.99801 0.15143
vt 0.86010 0.15143
vt 0.86010 0.11744
vt 0.99801 0.15143
vt 0.86010 0.15143
vt 0.86010 0.15143
vt 0.99801 0.11744
vt 0.99801 0.15143
vt 0.86010 0.15143
vt 0.99801 0.11744
vt 0.99801 0.15143
vt 0.86010 0.11744
vt 0.99801 0.15143
vt 0.86010 0.15143
vt 0.62061 0.12061
vt 0.56701 0.25000
vt 0.62061 0.37939
vt 0.42518 0.50000
vt 0.35036 0.50000
vt 0.42518 0.50000
vt 0.50000 0.50000
vt 0.57482 0.50000
vt 0.57482 0.50000
vt 0.64964 0.50000
vt 0.72447 0.50000
vt 0.72447 0.50000
vt 0.35036 0.50000
vt 0.50000 0.50000
vt 0.64964 0.50000
vt 0.79929 0.50000
vt 0.79929 0.50000
vt 0.39391 0.37493
vt 0.54351 0.29851
vt 0.56252 0.37395
vt 0.39288 0.37357
vt 0.51521 0.30548
vt 0.50667 0.30422
vt 0.36869 0.73929
vt 0.42434 0.73929
vt 0.42434 0.73929
vt 0.42458 0.73360
vt 0.36808 0.73360
vt 0.36869 0.73929
vt 0.42434 0.73929
vt 0.42434 0.73929
vt 0.42458 0.73360
vt 0.36808 0.73360
vt 0.36869 0.73929
vt 0.42434 0.73929
vt 0.42434 0.73929
vt 0.42458 0.73360
vt 0.42458 0.73360
vt 0.36869 0.73929
vt 0.42434 0.73929
vt 0.42434 0.73929
vt 0.42458 0.73360
vt 0.36808 0.73360
vt 0.36869 0.73929
vt 0.42434 0.73929
vt 0.42434 0.73929
vt 0.42458 0.73360
vt 0.36808 0.73360
vt 0.36869 0.73929
vt 0.42434 0.73929
vt 0.42434 0.73929
vt 0.42458 0.73360
vt 0.36808 0.73360
vt 0.36869 0.73929
vt 0.42434 0.73929
vt 0.42434 0.73929
vt 0.42458 0.73360
vt 0.42458 0.73360
vt 0.36869 0.73929
vt 0.42434 0.73929
vt 0.42434 0.73929
vt 0.42458 0.73360
vt 0.36808 0.73360
vt 0.36869 0.73929
vt 0.42434 0.73929
vt 0.42434 0.73929
vt 0.42458 0.73360
vt 0.36808 0.73360
vt 0.36869 0.73929
vt 0.42434 0.73929
vt 0.42434 0.73929
vt 0.42458 0.73360
vt 0.36808 0.73360
vt 0.36869 0.73929
vt 0.42434 0.73929
vt 0.42434 0.73929
vt 0.42458 0.73360
vt 0.42458 0.73360
vt 0.36869 0.73929
vt 0.42434 0.73929
vt 0.42434 0.73929
vt 0.42458 0.73360
vt 0.36808 0.73360
vt 0.70665 0.69896
vt 0.70637 0.64785
vt 0.70514 0.69929
vt 0.70935 0.65034
vt 0.70900 0.59311
vt 0.70644 0.59285
vt 0.99801 0.11744
vt 0.99801 0.11744
vt 0.99801 0.11744
vt 0.99801 0.11744
vt 0.99801 0.11744
vt 0.99801 0.11744
vt 0.39374 0.75604
vt 0.29492 0.79697
vt 0.19611 0.75604
vt 0.19611 0.55841
vt 0.29492 0.51748
vt 0.99801 0.11744
vt 0.99801 0.11744
vt 0.99801 0.11744
vt 0.99801 0.11744
vt 0.99801 0.11744
vt 0.86010 0.11744
vt 0.99801 0.11744
vt 0.99801 0.11744
vt 0.86010 0.11744
vt 0.86010 0.11744
vt 0.86010 0.11744
vt 0.99801 0.11744
vt 0.86010 0.11744
vt 0.86010 0.11744
vt 0.99801 0.11744
vt 0.99801 0.11744
vt 0.86010 0.11744
vt 0.86010 0.11744
vt 0.99801 0.11744
vt 0.86010 0.11744
vt 0.99801 0.11744
vt 0.86010 0.11744
vt 0.86010 0.11744
vt 0.99801 0.11744
vt 0.99801 0.11744
vt 0.86010 0.11744
vt 0.86010 0.11744
vt 0.99801 0.11744
vt 0.99801 0.11744
vt 0.99801 0.11744
vt 0.86010 0.11744
vt 0.86010 0.11744
vt 0.99801 0.11744
vt 0.99801 0.11744
vt 0.86010 0.11744
vt 0.86010 0.11744
vt 0.99801 0.11744
vt 0.99801 0.11744
vt 0.99801 0.11744
vt 0.99801 0.11744
vt 0.86010 0.11744
vt 0.99801 0.11744
vt 0.86010 0.11744
vt 0.99801 0.11744
vt 0.99801 0.11744
vt 0.99801 0.11744
vt 0.86010 0.11744
vt 0.86010 0.11744
vt 0.99801 0.11744
vt 0.99801 0.11744
vt 0.86010 0.11744
vt 0.20071 0.50000
vt 0.86010 0.11744
vt 0.86010 0.11744
vt 0.99801 0.11744
vt 0.99801 0.11744
vt 0.86010 0.11744
vt 0.86010 0.11744
vt 0.99801 0.11744
vt 0.75000 0.43299
vt 0.87939 0.12061
vt 0.87939 0.37939
vt 0.93299 0.25000
vt 0.75000 0.06701
f 1084/3133 1085/3134 1083/3135
f 1086/3136 1089/3137 1085/3138
f 1090/3139 1087/3140 1089/3141
f 1088/3142 1083/3143 1087/3144
f 1089/3145 1083/3146 1085/3147
f 1086/3148 1088/3149 1090/3150
f 1092/3151 1093/3152 1091/3153
f 1094/3154 1097/3155 1093/3156
f 1098/3157 1095/3158 1097/3159
f 1096/3160 1091/3153 1095/3161
f 1097/3162 1091/3163 1093/3164
f 1094/3165 1096/3166 1098/3167
f 1100/3168 1101/3169 1099/3170
f 1102/3171 1105/3172 1101/3173
f 1106/3174 1103/3175 1105/3176
f 1104/3177 1099/3170 1103/3178
f 1105/3179 1099/3180 1101/3181
f 1102/3182 1104/3183 1106/3184
f 1108/3185 1109/3186 1107/3187
f 1110/3188 1113/3189 1109/3190
f 1114/3191 1111/3192 1113/3193
f 1112/3194 1107/3187 1111/3195
f 1113/3196 1107/3197 1109/3198
f 1114/3199 1108/3200 1112/3201
f 1116/3202 1117/3203 1115/3204
f 1118/3205 1121/3206 1117/3207
f 1122/3208 1119/3209 1121/3210
f 1120/3211 1115/3204 1119/3212
f 1121/3213 1115/3214 1117/3215
f 1118/3216 1120/3217 1122/3218
f 1124/3219 1125/3220 1123/3221
f 1126/3222 1129/3223 1125/3224
f 1130/3225 1127/3226 1129/3227
f 1128/3228 1123/3221 1127/3229
f 1129/3230 1123/3231 1125/3232
f 1126/3233 1128/3234 1130/3235
f 1132/3236 1133/3237 1131/3238
f 1134/3239 1137/3240 1133/3241
f 1138/3242 1135/3243 1137/3244
f 1136/3245 1131/3238 1135/3246
f 1137/3247 1131/3248 1133/3249
f 1134/3250 1136/3251 1138/3252
f 1140/3253 1141/3254 1139/3255
f 1142/3256 1145/3257 1141/3258
f 1146/3259 1143/3260 1145/3261
f 1144/3262 1139/3255 1143/3263
f 1145/3264 1139/3265 1141/3266
f 1146/3267 1140/3268 1144/3269
f 1148/3270 1149/3271 1147/3272
f 1150/3273 1153/3274 1149/3275
f 1154/3276 1151/3277 1153/3278
f 1152/3279 1147/3272 1151/3280
f 1153/3281 1147/3282 1149/3283
f 1150/3284 1152/3285 1154/3286
f 1156/3287 1157/3288 1155/3289
f 1158/3290 1161/3291 1157/3292
f 1162/3293 1159/3294 1161/3295
f 1160/3296 1155/3289 1159/3297
f 1161/3298 1155/3299 1157/3300
f 1158/3301 1160/3302 1162/3303
f 1164/3304 1165/3305 1163/3306
f 1166/3307 1169/3308 1165/3309
f 1170/3310 1167/3311 1169/3312
f 1168/3313 1163/3306 1167/3314
f 1169/3315 1163/3316 1165/3317
f 1166/3318 1168/3319 1170/3320
f 1172/3321 1173/3322 1171/3323
f 1174/3324 1177/3325 1173/3326
f 1178/3327 1175/3328 1177/3329
f 1176/3330 1171/3323 1175/3331
f 1177/3332 1171/3333 1173/3334
f 1178/3335 1172/3336 1176/3337
f 1180/3338 1181/3339 1179/3340
f 1182/3341 1185/3342 1181/3343
f 1186/3344 1183/3345 1185/3346
f 1184/3347 1179/3340 1183/3348
f 1185/3349 1179/3350 1181/3351
f 1182/3352 1184/3353 1186/3354
f 1188/3355 1189/3356 1187/3357
f 1190/3358 1193/3359 1189/3360
f 1194/3361 1191/3362 1193/3363
f 1192/3364 1187/3365 1191/3366
f 1193/3367 1187/3368 1189/3369
f 1190/3370 1192/3371 1194/3372
f 1196/3373 1197/3374 1195/3375
f 1198/3376 1199/3377 1197/3378
f 1200/3379 1201/3380 1199/3381
f 1202/3382 1203/3383 1201/3384
f 1204/3385 1205/3386 1203/3387
f 1206/3388 1207/3389 1205/3390
f 1202/3391 1200/3392 1208/3393
f 1208/3394 1209/3395 1207/3396
f 1210/3397 1195/3398 1209/3399
f 1209/3400 1217/3401 1207/3396
f 1218/3402 1225/3403 1217/3404
f 1199/3405 1212/3406 1197/3378
f 1203/3387 1216/3407 1215/3408
f 1195/3409 1218/3410 1209/3399
f 1197/3411 1211/3412 1195/3375
f 1199/3381 1214/3413 1213/3414
f 1205/3390 1217/3415 1216/3416
f 1201/3384 1215/3417 1214/3418
f 1221/3419 1228/3420 1220/3421
f 1215/3422 1224/3423 1223/3424
f 1213/3425 1222/3426 1221/3427
f 1212/3428 1219/3429 1211/3430
f 1211/3431 1226/3432 1218/3433
f 1216/3434 1225/3435 1224/3436
f 1214/3437 1223/3438 1222/3439
f 1213/3440 1220/3441 1212/3442
f 1234/3443 1235/3444 1242/3445
f 1226/3446 1233/3447 1225/3448
f 1223/3449 1232/3450 1231/3451
f 1221/3452 1230/3453 1229/3454
f 1220/3455 1227/3456 1219/3457
f 1219/3458 1234/3459 1226/3460
f 1224/3461 1233/3462 1232/3463
f 1222/3464 1231/3465 1230/3466
f 1238/3467 1245/3468 1237/3469
f 1233/3470 1240/3471 1232/3472
f 1231/3473 1238/3474 1230/3475
f 1228/3476 1237/3477 1236/3478
f 1233/3479 1242/3480 1241/3481
f 1232/3482 1239/3483 1231/3484
f 1230/3485 1237/3486 1229/3487
f 1227/3488 1236/3489 1235/3490
f 1249/3491 1258/3492 1257/3493
f 1236/3494 1243/3495 1235/3496
f 1235/3497 1250/3498 1242/3499
f 1241/3500 1248/3501 1240/3502
f 1239/3503 1246/3504 1238/3505
f 1236/3506 1245/3507 1244/3508
f 1242/3509 1249/3510 1241/3511
f 1239/3512 1248/3513 1247/3514
f 1255/3515 1262/3516 1254/3517
f 1248/3518 1255/3519 1247/3520
f 1246/3521 1253/3522 1245/3523
f 1243/3524 1252/3525 1251/3526
f 1250/3527 1251/3528 1258/3529
f 1249/3530 1256/3531 1248/3532
f 1247/3533 1254/3534 1246/3535
f 1244/3536 1253/3537 1252/3538
f 1259/3539 1274/3540 1266/3541
f 1252/3542 1261/3543 1260/3544
f 1257/3545 1266/3546 1265/3547
f 1256/3548 1263/3549 1255/3550
f 1254/3551 1261/3552 1253/3553
f 1251/3554 1260/3555 1259/3556
f 1258/3557 1259/3558 1266/3559
f 1257/3560 1264/3561 1256/3562
f 1272/3563 1273/3564 1274/3565
f 1264/3566 1273/3567 1272/3568
f 1263/3569 1270/3570 1262/3571
f 1261/3572 1268/3573 1260/3574
f 1266/3541 1273/3567 1265/3575
f 1263/3569 1272/3568 1271/3576
f 1262/3571 1269/3577 1261/3572
f 1259/3578 1268/3573 1267/3579
f 1084/3133 1086/3580 1085/3134
f 1086/3136 1090/3581 1089/3137
f 1090/3139 1088/3582 1087/3140
f 1088/3142 1084/3583 1083/3143
f 1089/3145 1087/3584 1083/3146
f 1086/3148 1084/3585 1088/3149
f 1092/3151 1094/3586 1093/3152
f 1094/3154 1098/3587 1097/3155
f 1098/3157 1096/3588 1095/3158
f 1096/3160 1092/3151 1091/3153
f 1097/3162 1095/3589 1091/3163
f 1094/3165 1092/3590 1096/3166
f 1100/3168 1102/3591 1101/3169
f 1102/3171 1106/3592 1105/3172
f 1106/3174 1104/3593 1103/3175
f 1104/3177 1100/3168 1099/3170
f 1105/3179 1103/3594 1099/3180
f 1102/3182 1100/3595 1104/3183
f 1108/3185 1110/3596 1109/3186
f 1110/3188 1114/3597 1113/3189
f 1114/3191 1112/3598 1111/3192
f 1112/3194 1108/3185 1107/3187
f 1113/3196 1111/3599 1107/3197
f 1114/3199 1110/3600 1108/3200
f 1116/3202 1118/3601 1117/3203
f 1118/3205 1122/3602 1121/3206
f 1122/3208 1120/3603 1119/3209
f 1120/3211 1116/3202 1115/3204
f 1121/3213 1119/3604 1115/3214
f 1118/3216 1116/3605 1120/3217
f 1124/3219 1126/3606 1125/3220
f 1126/3222 1130/3607 1129/3223
f 1130/3225 1128/3608 1127/3226
f 1128/3228 1124/3219 1123/3221
f 1129/3230 1127/3609 1123/3231
f 1126/3233 1124/3610 1128/3234
f 1132/3236 1134/3611 1133/3237
f 1134/3239 1138/3612 1137/3240
f 1138/3242 1136/3613 1135/3243
f 1136/3245 1132/3236 1131/3238
f 1137/3247 1135/3614 1131/3248
f 1134/3250 1132/3615 1136/3251
f 1140/3253 1142/3616 1141/3254
f 1142/3256 1146/3617 1145/3257
f 1146/3259 1144/3618 1143/3260
f 1144/3262 1140/3253 1139/3255
f 1145/3264 1143/3619 1139/3265
f 1146/3267 1142/3620 1140/3268
f 1148/3270 1150/3621 1149/3271
f 1150/3273 1154/3622 1153/3274
f 1154/3276 1152/3623 1151/3277
f 1152/3279 1148/3270 1147/3272
f 1153/3281 1151/3624 1147/3282
f 1150/3284 1148/3625 1152/3285
f 1156/3287 1158/3626 1157/3288
f 1158/3290 1162/3627 1161/3291
f 1162/3293 1160/3628 1159/3294
f 1160/3296 1156/3287 1155/3289
f 1161/3298 1159/3629 1155/3299
f 1158/3301 1156/3630 1160/3302
f 1164/3304 1166/3631 1165/3305
f 1166/3307 1170/3632 1169/3308
f 1170/3310 1168/3633 1167/3311
f 1168/3313 1164/3304 1163/3306
f 1169/3315 1167/3634 1163/3316
f 1166/3318 1164/3635 1168/3319
f 1172/3321 1174/3636 1173/3322
f 1174/3324 1178/3637 1177/3325
f 1178/3327 1176/3638 1175/3328
f 1176/3330 1172/3321 1171/3323
f 1177/3332 1175/3639 1171/3333
f 1178/3335 1174/3640 1172/3336
f 1180/3338 1182/3641 1181/3339
f 1182/3341 1186/3642 1185/3342
f 1186/3344 1184/3643 1183/3345
f 1184/3347 1180/3338 1179/3340
f 1185/3349 1183/3644 1179/3350
f 1182/3352 1180/3645 1184/3353
f 1188/3355 1190/3646 1189/3356
f 1190/3358 1194/3647 1193/3359
f 1194/3361 1192/3648 1191/3362
f 1192/3364 1188/3649 1187/3365
f 1193/3367 1191/3650 1187/3368
f 1190/3370 1188/3651 1192/3371
f 1196/3373 1198/3652 1197/3374
f 1198/3376 1200/3653 1199/3377
f 1200/3379 1202/3654 1201/3380
f 1202/3382 1204/3655 1203/3383
f 1204/3385 1206/3656 1205/3386
f 1206/3388 1208/3657 1207/3389
f 1200/3392 1198/3658 1208/3393
f 1198/3658 1196/3659 1208/3393
f 1196/3659 1210/3660 1208/3393
f 1208/3393 1206/3661 1204/3662
f 1204/3662 1202/3391 1208/3393
f 1208/3394 1210/3663 1209/3395
f 1210/3397 1196/3664 1195/3398
f 1209/3400 1218/3665 1217/3401
f 1218/3402 1226/3666 1225/3403
f 1199/3405 1213/3667 1212/3406
f 1203/3387 1205/3668 1216/3407
f 1195/3409 1211/3669 1218/3410
f 1197/3411 1212/3670 1211/3412
f 1199/3381 1201/3671 1214/3413
f 1205/3390 1207/3672 1217/3415
f 1201/3384 1203/3673 1215/3417
f 1221/3419 1229/3674 1228/3420
f 1215/3422 1216/3675 1224/3423
f 1213/3425 1214/3676 1222/3426
f 1212/3428 1220/3677 1219/3429
f 1211/3431 1219/3678 1226/3432
f 1216/3434 1217/3679 1225/3435
f 1214/3437 1215/3680 1223/3438
f 1213/3440 1221/3681 1220/3441
f 1234/3443 1227/3682 1235/3444
f 1226/3446 1234/3683 1233/3447
f 1223/3449 1224/3684 1232/3450
f 1221/3452 1222/3685 1230/3453
f 1220/3455 1228/3686 1227/3456
f 1219/3458 1227/3687 1234/3459
f 1224/3461 1225/3688 1233/3462
f 1222/3464 1223/3689 1231/3465
f 1238/3467 1246/3690 1245/3468
f 1233/3470 1241/3691 1240/3471
f 1231/3473 1239/3692 1238/3474
f 1228/3476 1229/3693 1237/3477
f 1233/3479 1234/3694 1242/3480
f 1232/3482 1240/3695 1239/3483
f 1230/3485 1238/3696 1237/3486
f 1227/3488 1228/3697 1236/3489
f 1249/3491 1250/3698 1258/3492
f 1236/3494 1244/3699 1243/3495
f 1235/3497 1243/3700 1250/3498
f 1241/3500 1249/3701 1248/3501
f 1239/3503 1247/3702 1246/3504
f 1236/3506 1237/3703 1245/3507
f 1242/3509 1250/3704 1249/3510
f 1239/3512 1240/3705 1248/3513
f 1255/3515 1263/3706 1262/3516
f 1248/3518 1256/3707 1255/3519
f 1246/3521 1254/3708 1253/3522
f 1243/3524 1244/3709 1252/3525
f 1250/3527 1243/3710 1251/3528
f 1249/3530 1257/3711 1256/3531
f 1247/3533 1255/3712 1254/3534
f 1244/3536 1245/3713 1253/3537
f 1259/3539 1267/3714 1274/3540
f 1252/3542 1253/3715 1261/3543
f 1257/3545 1258/3716 1266/3546
f 1256/3548 1264/3717 1263/3549
f 1254/3551 1262/3718 1261/3552
f 1251/3554 1252/3719 1260/3555
f 1258/3557 1251/3720 1259/3558
f 1257/3560 1265/3721 1264/3561
f 1274/3565 1267/3722 1270/3723
f 1267/3722 1268/3724 1270/3723
f 1268/3724 1269/3725 1270/3723
f 1270/3723 1271/3726 1274/3565
f 1271/3726 1272/3563 1274/3565
f 1264/3566 1265/3575 1273/3567
f 1263/3569 1271/3576 1270/3570
f 1261/3572 1269/3577 1268/3573
f 1266/3541 1274/3540 1273/3567
f 1263/3569 1264/3566 1272/3568
f 1262/3571 1270/3570 1269/3577
f 1259/3578 1260/3574 1268/3573
