# STALKER Armor converted geometry (MC model units, pivot-relative)
v 0.02481 -4.92403 -4.43204
v 0.02303 -3.03840 -6.45471
v 0.02409 -0.02118 -4.41283
v -0.90669 -0.25931 -4.41283
v -1.25761 -0.52104 -4.41284
v -4.68207 0.69686 -4.41281
v -4.00003 -8.79258 0.15693
v -4.00003 -8.79258 -4.10772
v 0.01620 -8.79258 -4.10870
v -4.68207 0.69686 0.15693
v -4.68207 0.69686 -4.41281
v -4.68207 -2.57073 -4.41281
v -1.36321 -1.38469 -4.40570
v -2.44152 -0.85293 -4.86348
v -2.52453 -1.08250 -4.80929
v -1.27884 -1.15798 -4.46565
v -2.34125 -0.67079 -4.99931
v -2.44152 -0.85293 -4.86348
v -1.17829 -0.98062 -4.60570
v -2.23923 -0.56448 -5.19593
v -2.34125 -0.67079 -4.99931
v -1.07701 -0.88002 -4.80443
v -2.15129 -0.55040 -5.42277
v -2.23923 -0.56448 -5.19593
v -0.99059 -0.87155 -5.03121
v -2.09096 -0.63014 -5.64449
v -2.15129 -0.55040 -5.42277
v -0.92052 -0.98976 -5.30753
v -2.07055 -0.74762 -5.78676
v -2.09096 -0.63014 -5.64449
v -0.92052 -0.98976 -5.30753
v -2.07088 -0.89536 -5.89785
v -2.07055 -0.74762 -5.78676
v -2.07088 -0.89536 -5.89785
v -0.91788 -1.26966 -5.52147
v -2.10666 -1.13243 -5.97332
v -2.10666 -1.13243 -5.97332
v -0.97777 -1.55927 -5.57405
v -2.17709 -1.37211 -5.96045
v -2.17709 -1.37211 -5.96045
v -1.06003 -1.78880 -5.52186
v -2.27120 -1.58040 -5.86054
v -2.27120 -1.58040 -5.86054
v -1.15976 -1.97184 -5.38824
v -2.37442 -1.72467 -5.68874
v -2.37442 -1.72467 -5.68874
v -1.26161 -2.08011 -5.19360
v -2.47075 -1.78257 -5.47173
v -2.47075 -1.78257 -5.47173
v -1.34993 -2.09704 -4.96799
v -2.54532 -1.74550 -5.24321
v -2.54532 -1.74550 -5.24321
v -1.41125 -2.02046 -4.74604
v -2.58688 -1.61979 -5.03826
v -2.58688 -1.61979 -5.03826
v -1.43712 -1.85448 -4.55362
v -2.58873 -1.43102 -4.89160
v -1.17829 -0.98062 -4.60570
v -1.27884 -1.15798 -4.46565
v -1.26161 -2.08011 -5.19360
v -1.41859 -1.62588 -4.43462
v -2.56558 -1.25698 -4.82839
v -2.58873 -1.43102 -4.89160
v -1.41859 -1.62588 -4.43462
v -2.52453 -1.08250 -4.80929
v -2.56558 -1.25698 -4.82839
v -2.08924 -0.64305 -6.60077
v -3.22271 -0.09723 -6.88105
v -2.07196 -0.41457 -6.47850
v -2.34125 -0.67079 -4.99931
v -2.47916 0.13073 -4.97748
v -2.63385 -0.03766 -4.68382
v -2.10666 -1.13243 -5.97332
v -2.08924 -0.64305 -6.60077
v -2.07088 -0.89536 -5.89785
v -2.52453 -1.08250 -4.80929
v -2.84374 -0.41118 -4.39380
v -3.01942 -0.88680 -4.27146
v -2.09096 -0.63014 -5.64449
v -2.10044 -0.04256 -6.12677
v -2.14510 0.08668 -5.91082
v -2.58873 -1.43102 -4.89160
v -3.16429 -1.95589 -4.67221
v -2.58688 -1.61979 -5.03826
v -2.23923 -0.56448 -5.19593
v -2.37832 0.19339 -5.20310
v -2.47916 0.13073 -4.97748
v -2.54532 -1.74550 -5.24321
v -2.99180 -2.37031 -5.44237
v -2.47075 -1.78257 -5.47173
v -2.09096 -0.63014 -5.64449
v -2.07574 -0.21181 -6.31845
v -2.10044 -0.04256 -6.12677
v -2.37442 -1.72467 -5.68874
v -2.59512 -2.11547 -6.32391
v -2.27120 -1.58040 -5.86054
v -2.58873 -1.43102 -4.89160
v -3.15079 -1.52465 -4.38989
v -3.16807 -1.75313 -4.51216
v -2.23923 -0.56448 -5.19593
v -2.28676 0.20696 -5.43994
v -2.37832 0.19339 -5.20310
v -2.17709 -1.37211 -5.96045
v -2.18355 -1.14141 -6.71479
v -2.10666 -1.13243 -5.97332
v -2.44152 -0.85293 -4.86348
v -2.63385 -0.03766 -4.68382
v -2.84374 -0.41118 -4.39380
v -2.07055 -0.74762 -5.78676
v -2.07196 -0.41457 -6.47850
v -2.07574 -0.21181 -6.31845
v -2.58873 -1.43102 -4.89160
v -3.11311 -1.27922 -4.31011
v -3.15079 -1.52465 -4.38989
v -2.15129 -0.55040 -5.42277
v -2.20802 0.17093 -5.67891
v -2.28676 0.20696 -5.43994
v -2.58688 -1.61979 -5.03826
v -3.11906 -2.20688 -4.97826
v -2.54532 -1.74550 -5.24321
v -2.47075 -1.78257 -5.47173
v -2.80783 -2.33836 -5.91497
v -2.37442 -1.72467 -5.68874
v -2.56558 -1.25698 -4.82839
v -3.01942 -0.88680 -4.27146
v -3.11311 -1.27922 -4.31011
v -2.15129 -0.55040 -5.42277
v -2.14510 0.08668 -5.91082
v -2.20802 0.17093 -5.67891
v -2.27120 -1.58040 -5.86054
v -2.34430 -1.63100 -6.64317
v -2.17709 -1.37211 -5.96045
v -3.69778 -1.71995 -6.79934
v -3.71421 -1.32819 -6.90342
v -3.59300 -1.53150 -6.94260
v -3.01942 -0.88680 -4.27146
v -4.13383 -0.45823 -4.69104
v -4.20723 -0.70894 -4.67842
v -3.16429 -1.95589 -4.67221
v -4.29034 -1.80780 -5.26644
v -3.11906 -2.20688 -4.97826
v -2.12692 -0.88848 -6.68056
v -3.23999 -0.32571 -7.00332
v -2.08924 -0.64305 -6.60077
v -3.01942 -0.88680 -4.27146
v -4.04647 -0.21936 -4.75004
v -4.13383 -0.45823 -4.69104
v -3.16807 -1.75313 -4.51216
v -4.31504 -1.63855 -5.07476
v -3.16429 -1.95589 -4.67221
v -2.18355 -1.14141 -6.71479
v -3.27767 -0.57113 -7.08310
v -2.12692 -0.88848 -6.68056
v -2.84374 -0.41118 -4.39380
v -3.94853 -0.00151 -4.85316
v -4.04647 -0.21936 -4.75004
v -3.16807 -1.75313 -4.51216
v -4.30154 -1.20730 -4.79244
v -4.31882 -1.43578 -4.91471
v -2.25695 -1.39213 -6.70217
v -3.33429 -0.82407 -7.11734
v -2.18355 -1.14141 -6.71479
v -2.84374 -0.41118 -4.39380
v -3.84374 0.18694 -4.99642
v -3.94853 -0.00151 -4.85316
v -3.15079 -1.52465 -4.38989
v -4.26386 -0.96188 -4.71265
v -4.30154 -1.20730 -4.79244
v -2.34430 -1.63100 -6.64317
v -3.40769 -1.07478 -7.10472
v -2.25695 -1.39213 -6.70217
v -2.63385 -0.03766 -4.68382
v -3.73616 0.33874 -5.17432
v -3.84374 0.18694 -4.99642
v -3.11311 -1.27922 -4.31011
v -4.20723 -0.70894 -4.67842
v -4.26386 -0.96188 -4.71265
v -2.44225 -1.84885 -6.54005
v -3.49505 -1.31366 -7.04571
v -2.34430 -1.63100 -6.64317
v -2.63385 -0.03766 -4.68382
v -3.62990 0.44808 -5.38004
v -3.73616 0.33874 -5.17432
v -2.59512 -2.11547 -6.32391
v -3.59300 -1.53150 -6.94260
v -2.44225 -1.84885 -6.54005
v -2.47916 0.13073 -4.97748
v -3.52906 0.51074 -5.60565
v -3.62990 0.44808 -5.38004
v -2.37832 0.19339 -5.20310
v -3.43751 0.52431 -5.84249
v -3.52906 0.51074 -5.60565
v -2.80783 -2.33836 -5.91497
v -3.80536 -1.87175 -6.62143
v -2.59512 -2.11547 -6.32391
v -2.28676 0.20696 -5.43994
v -3.35876 0.48828 -6.08146
v -3.43751 0.52431 -5.84249
v -2.20802 0.17093 -5.67891
v -3.29584 0.40403 -6.31337
v -3.35876 0.48828 -6.08146
v -2.99180 -2.37031 -5.44237
v -4.01246 -2.04375 -6.19011
v -2.80783 -2.33836 -5.91497
v -2.14510 0.08668 -5.91082
v -3.25118 0.27479 -6.52932
v -3.29584 0.40403 -6.31337
v -2.10044 -0.04256 -6.12677
v -3.22648 0.10554 -6.72100
v -3.25118 0.27479 -6.52932
v -3.11906 -2.20688 -4.97826
v -4.18276 -2.02129 -5.71430
v -2.99180 -2.37031 -5.44237
v -2.07574 -0.21181 -6.31845
v -3.22271 -0.09723 -6.88105
v -3.22648 0.10554 -6.72100
v -4.38119 -1.22085 -5.02573
v -4.32147 -0.81578 -4.88734
v -4.34877 -1.69270 -5.46182
v -3.62990 0.44808 -5.38004
v -3.65986 0.40292 -5.77056
v -3.83809 0.28421 -5.37771
v -3.80536 -1.87175 -6.62143
v -3.89892 -1.65255 -6.64510
v -3.69778 -1.71995 -6.79934
v -3.91162 -1.98109 -6.41572
v -3.89892 -1.65255 -6.64510
v -3.80536 -1.87175 -6.62143
v -3.43751 0.52431 -5.84249
v -3.51931 0.34825 -6.18993
v -3.65986 0.40292 -5.77056
v -4.01246 -2.04375 -6.19011
v -4.08460 -1.83541 -6.27957
v -3.91162 -1.98109 -6.41572
v -4.10401 -2.05732 -5.95327
v -4.08460 -1.83541 -6.27957
v -4.01246 -2.04375 -6.19011
v -3.29584 0.40403 -6.31337
v -3.43791 0.12881 -6.57164
v -3.51931 0.34825 -6.18993
v -4.18276 -2.02129 -5.71430
v -4.24259 -1.84895 -5.86359
v -4.10401 -2.05732 -5.95327
v -4.24568 -1.93704 -5.48239
v -4.24259 -1.84895 -5.86359
v -4.18276 -2.02129 -5.71430
v -3.22648 0.10554 -6.72100
v -3.42597 -0.14379 -6.80520
v -3.43791 0.12881 -6.57164
v -4.29034 -1.80780 -5.26644
v -4.34877 -1.69270 -5.46182
v -4.24568 -1.93704 -5.48239
v -3.23999 -0.32571 -7.00332
v -3.42597 -0.14379 -6.80520
v -3.22271 -0.09723 -6.88105
v -4.20723 -0.70894 -4.67842
v -4.19649 -0.37668 -4.89977
v -4.32147 -0.81578 -4.88734
v -4.31504 -1.63855 -5.07476
v -4.34877 -1.69270 -5.46182
v -4.29034 -1.80780 -5.26644
v -3.27767 -0.57113 -7.08310
v -3.45664 -0.46855 -6.96261
v -3.23999 -0.32571 -7.00332
v -4.31882 -1.43578 -4.91471
v -4.38167 -1.49232 -5.22484
v -4.31504 -1.63855 -5.07476
v -3.33429 -0.82407 -7.11734
v -3.45664 -0.46855 -6.96261
v -3.27767 -0.57113 -7.08310
v -4.04647 -0.21936 -4.75004
v -4.02667 0.01018 -5.07177
v -4.19649 -0.37668 -4.89977
v -3.40769 -1.07478 -7.10472
v -3.55887 -0.91227 -7.01487
v -3.33429 -0.82407 -7.11734
v -4.30154 -1.20730 -4.79244
v -4.32147 -0.81578 -4.88734
v -4.38119 -1.22085 -5.02573
v -3.49505 -1.31366 -7.04571
v -3.55887 -0.91227 -7.01487
v -3.40769 -1.07478 -7.10472
v -3.84374 0.18694 -4.99642
v -3.83809 0.28421 -5.37771
v -4.02667 0.01018 -5.07177
v -3.59300 -1.53150 -6.94260
v -3.71421 -1.32819 -6.90342
v -3.49505 -1.31366 -7.04571
v 0.02407 -7.17362 -4.59999
v -4.44120 -8.52555 -4.59999
v -5.00443 -7.17362 -4.59999
v -5.00443 -6.08842 4.91384
v -5.00443 0.69885 4.91385
v -5.00443 -5.11634 0.34590
v 0.02407 0.69885 4.91385
v 0.02308 -6.01082 4.72666
v 0.02308 -2.57073 4.72666
v 0.02407 -7.17362 -4.59999
v -4.45696 -6.86583 -4.41281
v 0.02308 -6.86583 -4.41281
v -5.00443 0.69885 0.34590
v -4.45696 -4.80855 0.15693
v -5.00443 -5.11634 0.34590
v -5.00443 -5.11634 0.34590
v -4.45696 -6.86583 -4.41281
v -5.00443 -7.17362 -4.59999
v -3.05621 -6.38812 -4.41281
v -2.49218 -6.41718 -4.41281
v -4.45696 -6.86583 -4.41281
v -1.29339 -5.06739 -4.36808
v -1.17642 -5.36054 -4.36809
v -1.32345 -5.76439 -4.36805
v -4.22346 -5.22064 -4.54216
v -4.22745 -5.53128 -4.41297
v -4.28793 -5.09050 -4.41305
v -4.17560 -5.48794 -4.54251
v -4.05992 -5.86739 -4.41285
v -4.22745 -5.53128 -4.41297
v -4.02102 -5.78671 -4.54257
v -3.79834 -6.11745 -4.41282
v -4.05992 -5.86739 -4.41285
v -3.76937 -6.02096 -4.54244
v -3.46300 -6.28650 -4.41281
v -3.79834 -6.11745 -4.41282
v -3.43975 -6.18301 -4.54233
v -3.05621 -6.38812 -4.41281
v -3.46300 -6.28650 -4.41281
v -2.66966 -6.30966 -4.54278
v -3.05621 -6.38812 -4.41281
v -3.05226 -6.27752 -4.54125
v -1.87494 -6.17379 -4.54238
v -2.49218 -6.41718 -4.41281
v -2.32268 -6.27872 -4.54135
v -1.45284 -5.98155 -4.54276
v -1.85001 -6.27706 -4.41281
v -1.87494 -6.17379 -4.54238
v -1.24500 -5.79822 -4.54216
v -1.42290 -6.07754 -4.41283
v -1.45284 -5.98155 -4.54276
v -1.14834 -5.64639 -4.54216
v -1.21621 -5.89304 -4.41281
v -1.24500 -5.79822 -4.54216
v -1.11001 -5.49395 -4.54216
v -1.10479 -5.71802 -4.41281
v -1.14834 -5.64639 -4.54216
v -1.11001 -5.49395 -4.54216
v -1.07296 -5.27075 -4.41281
v -1.05283 -5.51133 -4.41281
v -1.12492 -5.31584 -4.54216
v -1.17934 -4.99029 -4.41281
v -1.07296 -5.27075 -4.41281
v -1.55204 -4.47733 -4.54226
v -1.45053 -4.48828 -4.41283
v -1.25311 -4.99159 -4.54075
v -1.79272 -4.16269 -4.54228
v -1.45053 -4.48828 -4.41283
v -1.55204 -4.47733 -4.54226
v -2.08905 -3.88967 -4.54231
v -1.80340 -4.02580 -4.41339
v -1.79272 -4.16269 -4.54228
v -2.43637 -3.71385 -4.54453
v -2.08359 -3.77671 -4.41282
v -2.08905 -3.88967 -4.54231
v -2.43637 -3.71385 -4.54453
v -2.85969 -3.57387 -4.41282
v -2.42881 -3.60589 -4.41282
v -3.18655 -3.77279 -4.54224
v -2.85969 -3.57387 -4.41282
v -2.79748 -3.68148 -4.54099
v -3.52463 -3.92157 -4.54236
v -3.37874 -3.73523 -4.41281
v -3.18655 -3.77279 -4.54224
v -3.84628 -4.15743 -4.54255
v -3.72206 -3.93354 -4.41282
v -3.52463 -3.92157 -4.54236
v -4.02692 -4.37990 -4.54216
v -4.02335 -4.23212 -4.41286
v -3.84628 -4.15743 -4.54255
v -4.12657 -4.56518 -4.54216
v -4.02335 -4.23212 -4.41286
v -4.02692 -4.37990 -4.54216
v -4.19393 -4.77257 -4.54216
v -4.21987 -4.62356 -4.41297
v -4.12657 -4.56518 -4.54216
v -4.19393 -4.77257 -4.54216
v -4.28793 -5.09050 -4.41305
v -4.21987 -4.62356 -4.41297
v -4.17610 -5.12579 -4.36792
v -4.17560 -5.48794 -4.54251
v -4.22346 -5.22064 -4.54216
v -4.12356 -5.44389 -4.36801
v -4.02102 -5.78671 -4.54257
v -4.17560 -5.48794 -4.54251
v -3.98069 -5.70770 -4.36806
v -3.76937 -6.02096 -4.54244
v -4.02102 -5.78671 -4.54257
v -3.73756 -5.92656 -4.36808
v -3.43975 -6.18301 -4.54233
v -3.76937 -6.02096 -4.54244
v -3.27214 -6.13018 -4.36808
v -3.05226 -6.27752 -4.54125
v -3.43975 -6.18301 -4.54233
v -2.62220 -6.20167 -4.36809
v -3.05226 -6.27752 -4.54125
v -3.27214 -6.13018 -4.36808
v -2.62220 -6.20167 -4.36809
v -2.32268 -6.27872 -4.54135
v -2.66966 -6.30966 -4.54278
v -2.12853 -6.13214 -4.36809
v -2.32268 -6.27872 -4.54135
v -2.62220 -6.20167 -4.36809
v -1.68648 -5.99165 -4.36809
v -1.87494 -6.17379 -4.54238
v -2.12853 -6.13214 -4.36809
v -1.32345 -5.76439 -4.36805
v -1.45284 -5.98155 -4.54276
v -1.68648 -5.99165 -4.36809
v -1.16915 -5.51950 -4.36703
v -1.24500 -5.79822 -4.54216
v -1.32345 -5.76439 -4.36805
v -1.16915 -5.51950 -4.36703
v -1.12492 -5.31584 -4.54216
v -1.11001 -5.49395 -4.54216
v -1.17642 -5.36054 -4.36809
v -1.25311 -4.99159 -4.54075
v -1.12492 -5.31584 -4.54216
v -1.57428 -4.58068 -4.36809
v -1.25311 -4.99159 -4.54075
v -1.29339 -5.06739 -4.36808
v -1.80638 -4.27312 -4.36808
v -1.55204 -4.47733 -4.54226
v -1.57428 -4.58068 -4.36809
v -2.09194 -4.00442 -4.36808
v -1.79272 -4.16269 -4.54228
v -1.80638 -4.27312 -4.36808
v -2.44395 -3.82041 -4.36807
v -2.08905 -3.88967 -4.54231
v -2.09194 -4.00442 -4.36808
v -2.44395 -3.82041 -4.36807
v -2.79748 -3.68148 -4.54099
v -2.43637 -3.71385 -4.54453
v -3.16191 -3.87556 -4.36809
v -2.79748 -3.68148 -4.54099
v -2.79521 -3.79180 -4.36809
v -3.49355 -4.01795 -4.36809
v -3.18655 -3.77279 -4.54224
v -3.16191 -3.87556 -4.36809
v -3.80827 -4.24279 -4.36808
v -3.52463 -3.92157 -4.54236
v -3.49355 -4.01795 -4.36809
v -4.04588 -4.54702 -4.36803
v -3.84628 -4.15743 -4.54255
v -3.80827 -4.24279 -4.36808
v -4.14364 -4.81793 -4.36809
v -4.12657 -4.56518 -4.54216
v -4.04588 -4.54702 -4.36803
v -4.14364 -4.81793 -4.36809
v -4.22606 -5.00758 -4.54216
v -4.19393 -4.77257 -4.54216
v -4.17610 -5.12579 -4.36792
v -4.22346 -5.22064 -4.54216
v -4.22606 -5.00758 -4.54216
v -3.81142 -8.79258 4.42157
v -4.44120 -8.52555 0.15693
v -4.00003 -8.79258 0.15693
v -3.81142 -8.79258 4.42157
v 0.02390 -8.52556 4.91384
v -4.44120 -8.52555 4.91384
v -4.00003 -8.79258 -4.10772
v 0.02396 -8.52557 -4.59998
v 0.01620 -8.79258 -4.10870
v -4.00003 -8.79258 -4.10772
v -4.44120 -8.52555 0.15693
v -4.44120 -8.52555 -4.59999
v 0.01653 -8.79258 4.42256
v 0.02396 -8.52557 -4.59998
v 0.02390 -8.52556 4.91384
v 0.02115 1.04440 4.56338
v 0.02116 1.04350 -4.06166
v -4.50129 1.04341 0.41774
v -4.50129 1.04343 -4.06166
v -4.68207 0.69686 0.15693
v -4.50129 1.04341 0.41774
v 0.02116 1.04350 -4.06166
v 0.02308 0.69686 4.72666
v 0.02308 0.69686 -4.41281
v -4.50129 1.04343 -4.06166
v 0.02308 0.69686 -4.41281
v -4.68207 0.69686 -4.41281
v 0.02115 1.04440 4.56338
v -5.00443 0.69885 4.91385
v 0.02407 0.69885 4.91385
v -4.82365 1.04527 4.56269
v -5.00443 0.69885 0.34590
v -5.00443 0.69885 4.91385
v 0.02115 1.04440 4.56338
v 0.02407 0.69885 4.91385
v 0.02308 0.69686 4.72666
v -4.82365 1.04540 0.60672
v -4.68207 0.69686 0.15693
v -5.00443 0.69885 0.34590
v -0.02308 -2.57073 4.72666
v -0.02409 -0.02118 -4.41283
v -0.02481 -4.92403 -4.43204
v -0.01620 -8.79258 -4.10870
v 4.00003 -8.79258 -4.10772
v 4.00003 -8.79258 0.15693
v 4.68207 0.69686 0.15693
v 4.45696 -4.80855 0.15693
v 4.68207 -2.57073 -4.41281
v -0.02303 -3.03840 -6.45471
v -0.02302 -0.35890 -5.66665
v 0.29390 -0.38223 -5.67346
v 2.44152 -0.85293 -4.86348
v 1.36321 -1.38469 -4.40570
v 2.52453 -1.08250 -4.80929
v 2.34125 -0.67079 -4.99931
v 1.27884 -1.15798 -4.46565
v 2.44152 -0.85293 -4.86348
v 2.23923 -0.56448 -5.19593
v 1.17829 -0.98062 -4.60570
v 2.34125 -0.67079 -4.99931
v 2.15129 -0.55040 -5.42277
v 1.07701 -0.88002 -4.80443
v 2.23923 -0.56448 -5.19593
v 2.09096 -0.63014 -5.64449
v 0.99059 -0.87155 -5.03121
v 2.15129 -0.55040 -5.42277
v 2.07055 -0.74762 -5.78676
v 0.92052 -0.98976 -5.30753
v 2.09096 -0.63014 -5.64449
v 2.07088 -0.89536 -5.89785
v 0.92052 -0.98976 -5.30753
v 2.07055 -0.74762 -5.78676
v 2.10666 -1.13243 -5.97332
v 0.97777 -1.55927 -5.57405
v 0.91788 -1.26966 -5.52147
v 2.17709 -1.37211 -5.96045
v 1.06003 -1.78880 -5.52186
v 0.97777 -1.55927 -5.57405
v 2.27120 -1.58040 -5.86054
v 1.15976 -1.97184 -5.38824
v 1.06003 -1.78880 -5.52186
v 2.37442 -1.72467 -5.68874
v 1.26161 -2.08011 -5.19360
v 1.15976 -1.97184 -5.38824
v 2.47075 -1.78257 -5.47173
v 1.34993 -2.09704 -4.96799
v 1.26161 -2.08011 -5.19360
v 2.54532 -1.74550 -5.24321
v 1.41125 -2.02046 -4.74604
v 1.34993 -2.09704 -4.96799
v 2.58688 -1.61979 -5.03826
v 1.43712 -1.85448 -4.55362
v 1.41125 -2.02046 -4.74604
v 1.41859 -1.62588 -4.43462
v 1.36321 -1.38469 -4.40570
v 1.41125 -2.02046 -4.74604
v 2.56558 -1.25698 -4.82839
v 1.41859 -1.62588 -4.43462
v 2.58873 -1.43102 -4.89160
v 2.52453 -1.08250 -4.80929
v 1.41859 -1.62588 -4.43462
v 2.56558 -1.25698 -4.82839
v 3.22271 -0.09723 -6.88105
v 2.08924 -0.64305 -6.60077
v 2.07196 -0.41457 -6.47850
v 2.34125 -0.67079 -4.99931
v 2.47916 0.13073 -4.97748
v 2.23923 -0.56448 -5.19593
v 2.08924 -0.64305 -6.60077
v 2.10666 -1.13243 -5.97332
v 2.07088 -0.89536 -5.89785
v 2.52453 -1.08250 -4.80929
v 2.84374 -0.41118 -4.39380
v 2.44152 -0.85293 -4.86348
v 3.16429 -1.95589 -4.67221
v 2.58873 -1.43102 -4.89160
v 2.58688 -1.61979 -5.03826
v 2.99180 -2.37031 -5.44237
v 2.54532 -1.74550 -5.24321
v 2.47075 -1.78257 -5.47173
v 2.09096 -0.63014 -5.64449
v 2.07574 -0.21181 -6.31845
v 2.07055 -0.74762 -5.78676
v 2.59512 -2.11547 -6.32391
v 2.37442 -1.72467 -5.68874
v 2.27120 -1.58040 -5.86054
v 2.23923 -0.56448 -5.19593
v 2.28676 0.20696 -5.43994
v 2.15129 -0.55040 -5.42277
v 2.18355 -1.14141 -6.71479
v 2.17709 -1.37211 -5.96045
v 2.10666 -1.13243 -5.97332
v 2.44152 -0.85293 -4.86348
v 2.63385 -0.03766 -4.68381
v 2.34125 -0.67079 -4.99931
v 2.07055 -0.74762 -5.78676
v 2.07196 -0.41457 -6.47850
v 2.07088 -0.89536 -5.89785
v 2.58873 -1.43102 -4.89160
v 3.11311 -1.27922 -4.31011
v 2.56558 -1.25698 -4.82839
v 3.11906 -2.20688 -4.97826
v 2.58688 -1.61979 -5.03826
v 2.54532 -1.74550 -5.24321
v 2.80783 -2.33836 -5.91497
v 2.47075 -1.78257 -5.47173
v 2.37442 -1.72467 -5.68874
v 2.56558 -1.25698 -4.82839
v 3.01942 -0.88680 -4.27146
v 2.52453 -1.08250 -4.80929
v 2.15129 -0.55040 -5.42277
v 2.14510 0.08668 -5.91082
v 2.09096 -0.63014 -5.64449
v 2.34430 -1.63100 -6.64317
v 2.27120 -1.58040 -5.86054
v 2.17709 -1.37211 -5.96045
v 3.71421 -1.32819 -6.90342
v 3.69778 -1.71995 -6.79934
v 3.59300 -1.53150 -6.94260
v 4.29034 -1.80780 -5.26644
v 3.16429 -1.95589 -4.67221
v 3.11906 -2.20688 -4.97826
v 3.23999 -0.32571 -7.00332
v 2.12692 -0.88848 -6.68056
v 2.08924 -0.64305 -6.60077
v 3.01942 -0.88680 -4.27146
v 4.04647 -0.21936 -4.75004
v 2.84374 -0.41118 -4.39380
v 4.31504 -1.63855 -5.07476
v 3.16807 -1.75313 -4.51216
v 3.16429 -1.95589 -4.67221
v 3.27767 -0.57113 -7.08310
v 2.18355 -1.14141 -6.71479
v 2.12692 -0.88848 -6.68056
v 3.16807 -1.75313 -4.51216
v 4.30154 -1.20730 -4.79244
v 3.15079 -1.52465 -4.38989
v 3.33429 -0.82407 -7.11734
v 2.25695 -1.39213 -6.70217
v 2.18355 -1.14141 -6.71479
v 2.84374 -0.41118 -4.39380
v 3.84374 0.18694 -4.99642
v 2.63385 -0.03766 -4.68381
v 3.15079 -1.52465 -4.38989
v 4.26386 -0.96188 -4.71265
v 3.11311 -1.27922 -4.31011
v 3.40769 -1.07478 -7.10472
v 2.34430 -1.63100 -6.64317
v 2.25695 -1.39213 -6.70217
v 3.11311 -1.27922 -4.31011
v 4.20723 -0.70894 -4.67842
v 3.01942 -0.88680 -4.27146
v 3.49505 -1.31366 -7.04571
v 2.44225 -1.84885 -6.54005
v 2.34430 -1.63100 -6.64317
v 2.63385 -0.03766 -4.68381
v 3.62990 0.44808 -5.38004
v 2.47916 0.13073 -4.97748
v 3.59300 -1.53150 -6.94260
v 2.59512 -2.11547 -6.32391
v 2.44225 -1.84885 -6.54005
v 2.47916 0.13073 -4.97748
v 3.52906 0.51074 -5.60565
v 2.37832 0.19339 -5.20310
v 2.37832 0.19339 -5.20310
v 3.43751 0.52431 -5.84249
v 2.28676 0.20696 -5.43994
v 3.80536 -1.87175 -6.62143
v 2.80783 -2.33836 -5.91497
v 2.59512 -2.11547 -6.32391
v 2.28676 0.20696 -5.43994
v 3.35876 0.48828 -6.08146
v 2.20802 0.17093 -5.67891
v 2.20802 0.17093 -5.67891
v 3.29584 0.40403 -6.31337
v 2.14510 0.08668 -5.91082
v 4.01246 -2.04375 -6.19011
v 2.99180 -2.37031 -5.44237
v 2.80783 -2.33836 -5.91497
v 2.14510 0.08668 -5.91082
v 3.25118 0.27479 -6.52932
v 2.10044 -0.04256 -6.12677
v 2.10044 -0.04256 -6.12677
v 3.22648 0.10554 -6.72100
v 2.07574 -0.21181 -6.31845
v 4.18276 -2.02129 -5.71430
v 3.11906 -2.20688 -4.97826
v 2.99180 -2.37031 -5.44237
v 2.07574 -0.21181 -6.31845
v 3.22271 -0.09723 -6.88105
v 2.07196 -0.41457 -6.47850
v 4.02667 0.01018 -5.07177
v 4.19649 -0.37668 -4.89977
v 4.08460 -1.83541 -6.27957
v 3.62990 0.44808 -5.38004
v 3.65986 0.40292 -5.77056
v 3.52906 0.51074 -5.60565
v 3.89892 -1.65255 -6.64509
v 3.80536 -1.87175 -6.62143
v 3.69778 -1.71995 -6.79934
v 3.52906 0.51074 -5.60565
v 3.65986 0.40292 -5.77056
v 3.43751 0.52431 -5.84249
v 3.89892 -1.65255 -6.64509
v 3.91162 -1.98109 -6.41572
v 3.80536 -1.87175 -6.62143
v 3.43751 0.52431 -5.84249
v 3.51931 0.34825 -6.18993
v 3.35876 0.48828 -6.08146
v 4.08460 -1.83541 -6.27957
v 4.01246 -2.04375 -6.19011
v 3.91162 -1.98109 -6.41572
v 3.35876 0.48828 -6.08146
v 3.51931 0.34825 -6.18993
v 3.29584 0.40403 -6.31337
v 4.08460 -1.83541 -6.27957
v 4.10401 -2.05732 -5.95327
v 4.01246 -2.04375 -6.19011
v 3.29584 0.40403 -6.31337
v 3.43791 0.12881 -6.57164
v 3.25118 0.27479 -6.52932
v 4.24259 -1.84895 -5.86359
v 4.18276 -2.02129 -5.71430
v 4.10401 -2.05732 -5.95327
v 3.25118 0.27479 -6.52932
v 3.43791 0.12881 -6.57164
v 3.22648 0.10554 -6.72100
v 4.24259 -1.84895 -5.86359
v 4.24568 -1.93704 -5.48239
v 4.18276 -2.02129 -5.71430
v 3.22648 0.10554 -6.72100
v 3.42597 -0.14379 -6.80520
v 3.22271 -0.09723 -6.88105
v 4.34877 -1.69270 -5.46182
v 4.29034 -1.80780 -5.26644
v 4.24568 -1.93704 -5.48239
v 3.42597 -0.14379 -6.80520
v 3.23999 -0.32571 -7.00332
v 3.22271 -0.09723 -6.88105
v 4.20723 -0.70894 -4.67842
v 4.19649 -0.37668 -4.89977
v 4.13383 -0.45823 -4.69104
v 4.34877 -1.69270 -5.46182
v 4.31504 -1.63855 -5.07476
v 4.29034 -1.80780 -5.26644
v 3.45664 -0.46855 -6.96261
v 3.27767 -0.57113 -7.08310
v 3.23999 -0.32571 -7.00332
v 4.13383 -0.45823 -4.69104
v 4.19649 -0.37668 -4.89977
v 4.04647 -0.21936 -4.75004
v 4.38167 -1.49232 -5.22484
v 4.31882 -1.43578 -4.91471
v 4.31504 -1.63855 -5.07476
v 3.45664 -0.46855 -6.96261
v 3.33429 -0.82407 -7.11734
v 3.27767 -0.57113 -7.08310
v 4.04647 -0.21936 -4.75004
v 4.02667 0.01018 -5.07177
v 3.94853 -0.00151 -4.85316
v 4.31882 -1.43578 -4.91471
v 4.38119 -1.22085 -5.02573
v 4.30154 -1.20730 -4.79244
v 3.55887 -0.91227 -7.01487
v 3.40769 -1.07478 -7.10472
v 3.33429 -0.82407 -7.11734
v 3.94853 -0.00151 -4.85316
v 4.02667 0.01018 -5.07177
v 3.84374 0.18694 -4.99642
v 4.30154 -1.20730 -4.79244
v 4.32147 -0.81578 -4.88734
v 4.26386 -0.96188 -4.71265
v 3.55887 -0.91227 -7.01487
v 3.49505 -1.31366 -7.04571
v 3.40769 -1.07478 -7.10472
v 3.84374 0.18694 -4.99642
v 3.83809 0.28421 -5.37771
v 3.73616 0.33874 -5.17432
v 4.26386 -0.96188 -4.71265
v 4.32147 -0.81578 -4.88734
v 4.20723 -0.70894 -4.67842
v 3.71421 -1.32819 -6.90342
v 3.59300 -1.53150 -6.94260
v 3.49505 -1.31366 -7.04571
v 3.73616 0.33874 -5.17432
v 3.83809 0.28421 -5.37771
v 3.62990 0.44808 -5.38004
v 4.44120 -8.52555 -4.59999
v -0.02407 -7.17362 -4.59999
v 5.00443 -7.17362 -4.59999
v 5.00443 -5.11634 0.34590
v 5.00443 -6.08842 4.91384
v 4.44120 -8.52555 0.15693
v -0.02407 0.69885 4.91385
v -0.02308 -6.01082 4.72666
v -0.02390 -8.52556 4.91384
v -0.02407 -7.17362 -4.59999
v 4.45696 -6.86583 -4.41281
v 5.00443 -7.17362 -4.59999
v 4.45696 -4.80855 0.15693
v 5.00443 0.69885 0.34590
v 5.00443 -5.11634 0.34590
v 4.45696 -6.86583 -4.41281
v 5.00443 -5.11634 0.34590
v 5.00443 -7.17362 -4.59999
v 4.45696 -6.86583 -4.41281
v 2.49218 -6.41718 -4.41281
v 3.05621 -6.38812 -4.41281
v 4.22346 -5.22064 -4.54216
v 4.22745 -5.53128 -4.41297
v 4.17560 -5.48795 -4.54250
v 4.17560 -5.48795 -4.54250
v 4.05992 -5.86739 -4.41285
v 4.02102 -5.78671 -4.54257
v 4.02102 -5.78671 -4.54257
v 3.79834 -6.11745 -4.41282
v 3.76937 -6.02096 -4.54244
v 3.76937 -6.02096 -4.54244
v 3.46300 -6.28650 -4.41281
v 3.43975 -6.18301 -4.54233
v 3.43975 -6.18301 -4.54233
v 3.05621 -6.38812 -4.41281
v 3.05226 -6.27752 -4.54125
v 3.05621 -6.38812 -4.41281
v 2.66966 -6.30966 -4.54278
v 3.05226 -6.27752 -4.54125
v 2.66966 -6.30966 -4.54278
v 2.49218 -6.41718 -4.41281
v 2.32268 -6.27872 -4.54135
v 2.49218 -6.41718 -4.41281
v 1.87494 -6.17379 -4.54238
v 2.32268 -6.27872 -4.54135
v 1.85001 -6.27706 -4.41281
v 1.45284 -5.98155 -4.54276
v 1.87494 -6.17379 -4.54238
v 1.42290 -6.07754 -4.41283
v 1.24500 -5.79822 -4.54216
v 1.45284 -5.98155 -4.54276
v 1.21621 -5.89304 -4.41281
v 1.14834 -5.64639 -4.54216
v 1.24500 -5.79822 -4.54216
v 1.10479 -5.71802 -4.41281
v 1.11001 -5.49395 -4.54216
v 1.14834 -5.64639 -4.54216
v 1.11001 -5.49395 -4.54216
v 1.07296 -5.27075 -4.41281
v 1.12492 -5.31584 -4.54216
v 1.12492 -5.31584 -4.54216
v 1.17934 -4.99029 -4.41281
v 1.25311 -4.99159 -4.54075
v 1.45053 -4.48828 -4.41283
v 1.55204 -4.47733 -4.54226
v 1.25311 -4.99159 -4.54075
v 1.45053 -4.48828 -4.41283
v 1.79272 -4.16269 -4.54228
v 1.55204 -4.47733 -4.54226
v 1.80340 -4.02580 -4.41339
v 2.08905 -3.88967 -4.54231
v 1.79272 -4.16269 -4.54228
v 2.08359 -3.77671 -4.41282
v 2.43637 -3.71385 -4.54452
v 2.08905 -3.88967 -4.54231
v 2.43637 -3.71385 -4.54452
v 2.85969 -3.57387 -4.41282
v 2.79748 -3.68148 -4.54099
v 2.85969 -3.57387 -4.41282
v 3.18655 -3.77279 -4.54224
v 2.79748 -3.68148 -4.54099
v 3.37874 -3.73523 -4.41281
v 3.52463 -3.92157 -4.54236
v 3.18655 -3.77279 -4.54224
v 3.72206 -3.93354 -4.41282
v 3.84628 -4.15743 -4.54255
v 3.52463 -3.92157 -4.54236
v 4.02335 -4.23212 -4.41286
v 4.02692 -4.37990 -4.54216
v 3.84628 -4.15743 -4.54255
v 4.02335 -4.23212 -4.41286
v 4.12657 -4.56518 -4.54216
v 4.02692 -4.37990 -4.54216
v 4.21987 -4.62356 -4.41297
v 4.19393 -4.77257 -4.54216
v 4.12657 -4.56518 -4.54216
v 4.19393 -4.77257 -4.54216
v 4.28793 -5.09050 -4.41305
v 4.22606 -5.00758 -4.54216
v 4.22606 -5.00758 -4.54216
v 4.28793 -5.09050 -4.41305
v 4.22346 -5.22064 -4.54216
v 4.17610 -5.12579 -4.36792
v 4.17560 -5.48795 -4.54250
v 4.12356 -5.44389 -4.36801
v 4.12356 -5.44389 -4.36801
v 4.02102 -5.78671 -4.54257
v 3.98069 -5.70770 -4.36806
v 3.98069 -5.70770 -4.36806
v 3.76937 -6.02096 -4.54244
v 3.73756 -5.92656 -4.36808
v 3.73756 -5.92656 -4.36808
v 3.43975 -6.18301 -4.54233
v 3.27214 -6.13018 -4.36808
v 3.05226 -6.27752 -4.54125
v 2.62220 -6.20167 -4.36809
v 3.27214 -6.13018 -4.36808
v 2.32268 -6.27872 -4.54135
v 2.12853 -6.13214 -4.36809
v 2.62220 -6.20167 -4.36809
v 1.87494 -6.17379 -4.54238
v 1.68648 -5.99165 -4.36809
v 2.12853 -6.13214 -4.36809
v 1.45284 -5.98155 -4.54276
v 1.32345 -5.76439 -4.36805
v 1.68648 -5.99165 -4.36809
v 1.24500 -5.79822 -4.54216
v 1.16915 -5.51950 -4.36703
v 1.32345 -5.76439 -4.36805
v 1.16915 -5.51950 -4.36703
v 1.12492 -5.31584 -4.54216
v 1.17642 -5.36054 -4.36809
v 1.17642 -5.36054 -4.36809
v 1.25311 -4.99159 -4.54075
v 1.29339 -5.06739 -4.36808
v 1.25311 -4.99159 -4.54075
v 1.57428 -4.58068 -4.36809
v 1.29339 -5.06739 -4.36808
v 1.55204 -4.47733 -4.54226
v 1.80638 -4.27312 -4.36808
v 1.57428 -4.58068 -4.36809
v 1.79272 -4.16269 -4.54228
v 2.09194 -4.00442 -4.36808
v 1.80638 -4.27312 -4.36808
v 2.08905 -3.88967 -4.54231
v 2.44395 -3.82041 -4.36807
v 2.09194 -4.00442 -4.36808
v 2.44395 -3.82041 -4.36807
v 2.79748 -3.68148 -4.54099
v 2.79521 -3.79180 -4.36809
v 2.79748 -3.68148 -4.54099
v 3.16191 -3.87556 -4.36809
v 2.79521 -3.79180 -4.36809
v 3.18655 -3.77279 -4.54224
v 3.49355 -4.01795 -4.36809
v 3.16191 -3.87556 -4.36809
v 3.52463 -3.92157 -4.54236
v 3.80827 -4.24279 -4.36808
v 3.49355 -4.01795 -4.36809
v 3.84628 -4.15743 -4.54255
v 4.04588 -4.54702 -4.36803
v 3.80827 -4.24279 -4.36808
v 4.12657 -4.56518 -4.54216
v 4.14364 -4.81793 -4.36809
v 4.04588 -4.54702 -4.36803
v 4.14364 -4.81793 -4.36809
v 4.22606 -5.00758 -4.54216
v 4.17610 -5.12579 -4.36792
v 4.44120 -8.52555 0.15693
v 3.81142 -8.79258 4.42157
v 4.00003 -8.79258 0.15693
v 3.81142 -8.79258 4.42157
v -0.02390 -8.52556 4.91384
v -0.01653 -8.79258 4.42256
v -0.02396 -8.52557 -4.59998
v 4.00003 -8.79258 -4.10772
v -0.01620 -8.79258 -4.10870
v 4.00003 -8.79258 -4.10772
v 4.44120 -8.52555 0.15693
v 4.00003 -8.79258 0.15693
v -0.01653 -8.79258 4.42256
v -0.02396 -8.52557 -4.59998
v -0.01620 -8.79258 -4.10870
v -0.02115 1.04440 4.56338
v 4.50129 1.04341 0.41774
v -0.02116 1.04350 -4.06166
v 4.68207 0.69686 0.15693
v 4.50129 1.04343 -4.06166
v 4.50129 1.04341 0.41774
v -0.02116 1.04350 -4.06166
v -0.02308 0.69686 4.72666
v -0.02115 1.04440 4.56338
v 4.50129 1.04343 -4.06166
v -0.02308 0.69686 -4.41281
v -0.02116 1.04350 -4.06166
v -0.02115 1.04440 4.56338
v 5.00443 0.69885 4.91385
v 4.82365 1.04527 4.56269
v 4.82365 1.04527 4.56269
v 5.00443 0.69885 0.34590
v 4.82365 1.04540 0.60672
v 4.82365 1.04540 0.60672
v 4.68207 0.69686 0.15693
v 4.50129 1.04341 0.41774
v 0.02308 -2.57073 4.72666
v 0.02308 -6.01082 4.72666
v 0.02481 -4.92403 -4.43204
v 0.02308 -6.01082 4.72666
v 0.02390 -8.52556 4.91384
v 0.02308 -6.86583 -4.41281
v 0.02235 -6.01046 -4.39360
v 0.02308 -6.01082 4.72666
v 0.02308 -6.86583 -4.41281
v 0.02390 -8.52556 4.91384
v 0.02396 -8.52557 -4.59998
v 0.02308 -6.86583 -4.41281
v 0.02308 0.69686 -4.41281
v 0.02308 0.69686 4.72666
v 0.02409 -0.02118 -4.41283
v 0.02308 0.69686 4.72666
v 0.02308 -2.57073 4.72666
v 0.02409 -0.02118 -4.41283
v 0.02308 -6.01082 4.72666
v 0.02235 -6.01046 -4.39360
v 0.02481 -4.92403 -4.43204
v 0.02303 -3.03840 -6.45471
v 0.02302 -0.35890 -5.66665
v 0.02409 -0.02118 -4.41283
v 0.02308 -2.57073 4.72666
v 0.02481 -4.92403 -4.43204
v 0.02409 -0.02118 -4.41283
v 0.02481 -4.92403 -4.43204
v 0.02235 -6.01046 -4.39360
v -0.73144 -4.47634 -4.46167
v 0.02235 -6.01046 -4.39360
v -1.05283 -5.51133 -4.41281
v -0.73144 -4.47634 -4.46167
v -1.05283 -5.51133 -4.41281
v -1.07296 -5.27075 -4.41281
v -0.73144 -4.47634 -4.46167
v -1.07296 -5.27075 -4.41281
v -1.17934 -4.99029 -4.41281
v -0.73144 -4.47634 -4.46167
v -0.96685 -3.89025 -4.45885
v -0.85201 -4.16621 -4.45885
v -1.45053 -4.48828 -4.41283
v -0.85201 -4.16621 -4.45885
v -0.73144 -4.47634 -4.46167
v -1.17934 -4.99029 -4.41281
v -1.07864 -3.64828 -4.45885
v -0.96685 -3.89025 -4.45885
v -1.45053 -4.48828 -4.41283
v -1.41156 -2.86155 -4.41283
v -1.21750 -3.33982 -4.46045
v -1.80340 -4.02580 -4.41339
v -1.80340 -4.02580 -4.41339
v -1.21750 -3.33982 -4.46045
v -1.45053 -4.48828 -4.41283
v -1.21750 -3.33982 -4.46045
v -1.07864 -3.64828 -4.45885
v -1.45053 -4.48828 -4.41283
v -1.17934 -4.99029 -4.41281
v -1.45053 -4.48828 -4.41283
v -0.85201 -4.16621 -4.45885
v -1.53797 -2.67384 -4.41283
v -1.41156 -2.86155 -4.41283
v -1.80340 -4.02580 -4.41339
v -1.70976 -2.29385 -4.41290
v -1.53797 -2.67384 -4.41283
v -2.08359 -3.77671 -4.41282
v -1.53797 -2.67384 -4.41283
v -1.80340 -4.02580 -4.41339
v -2.08359 -3.77671 -4.41282
v -1.77824 -1.89959 -4.41290
v -1.70976 -2.29385 -4.41290
v -2.42881 -3.60589 -4.41282
v -1.70976 -2.29385 -4.41290
v -2.08359 -3.77671 -4.41282
v -2.42881 -3.60589 -4.41282
v -1.74804 -1.43634 -4.41289
v -1.77824 -1.89959 -4.41290
v -2.85969 -3.57387 -4.41282
v -1.77824 -1.89959 -4.41290
v -2.42881 -3.60589 -4.41282
v -2.85969 -3.57387 -4.41282
v -1.63995 -1.09632 -4.41283
v -1.74804 -1.43634 -4.41289
v -4.68207 0.69686 -4.41281
v -1.74804 -1.43634 -4.41289
v -2.85969 -3.57387 -4.41282
v -4.68207 0.69686 -4.41281
v -1.48746 -0.80474 -4.41289
v -1.63995 -1.09632 -4.41283
v -4.68207 0.69686 -4.41281
v -2.85969 -3.57387 -4.41282
v -3.37874 -3.73523 -4.41281
v -4.68207 0.69686 -4.41281
v -4.68207 0.69686 -4.41281
v -3.37874 -3.73523 -4.41281
v -4.68207 -2.57073 -4.41281
v -3.37874 -3.73523 -4.41281
v -3.72206 -3.93354 -4.41282
v -4.68207 -2.57073 -4.41281
v -3.72206 -3.93354 -4.41282
v -4.02335 -4.23212 -4.41286
v -4.68207 -2.57073 -4.41281
v -4.21987 -4.62356 -4.41297
v -4.28793 -5.09050 -4.41305
v -4.68207 -6.01082 -4.41281
v -4.68207 0.69686 -4.41281
v 0.02308 0.69686 -4.41281
v -0.90669 -0.25931 -4.41283
v -4.21987 -4.62356 -4.41297
v -4.68207 -6.01082 -4.41281
v -4.68207 -2.57073 -4.41281
v 0.02308 0.69686 -4.41281
v 0.02409 -0.02118 -4.41283
v -0.25745 -0.03440 -4.41283
v -4.02335 -4.23212 -4.41286
v -4.21987 -4.62356 -4.41297
v -4.68207 -2.57073 -4.41281
v 0.02308 0.69686 -4.41281
v -0.25745 -0.03440 -4.41283
v -0.48640 -0.08135 -4.41283
v 0.02308 0.69686 -4.41281
v -0.48640 -0.08135 -4.41283
v -0.70351 -0.15702 -4.41283
v -1.25761 -0.52104 -4.41284
v -1.48746 -0.80474 -4.41289
v -4.68207 0.69686 -4.41281
v 0.02308 0.69686 -4.41281
v -0.70351 -0.15702 -4.41283
v -0.90669 -0.25931 -4.41283
v -5.00443 0.69885 4.91385
v -5.00443 -6.08842 4.91384
v 0.02407 0.69885 4.91385
v -5.00443 -6.08842 4.91384
v -4.44120 -8.52555 4.91384
v 0.02390 -8.52556 4.91384
v 0.02407 0.69885 4.91385
v -5.00443 -6.08842 4.91384
v 0.02390 -8.52556 4.91384
v 0.01620 -8.79258 -4.10870
v 0.01653 -8.79258 4.42256
v -4.00003 -8.79258 0.15693
v 0.01653 -8.79258 4.42256
v -3.81142 -8.79258 4.42157
v -4.00003 -8.79258 0.15693
v -4.68207 -2.57073 -4.41281
v -4.68207 -6.01082 -4.41281
v -4.45696 -4.80855 0.15693
v -4.68207 -6.01082 -4.41281
v -4.45696 -6.86583 -4.41281
v -4.45696 -4.80855 0.15693
v -4.45696 -4.80855 0.15693
v -4.68207 0.69686 0.15693
v -4.68207 -2.57073 -4.41281
v -0.29425 -3.01460 -6.44769
v -0.70962 -2.86514 -6.40387
v 0.02303 -3.03840 -6.45471
v -0.70962 -2.86514 -6.40387
v -0.86443 -2.75972 -6.37274
v -0.99132 -0.73956 -5.77848
v 0.02303 -3.03840 -6.45471
v -0.70962 -2.86514 -6.40387
v -0.64279 -0.49934 -5.70791
v -0.86443 -2.75972 -6.37274
v -0.99859 -2.64638 -6.33941
v -0.99132 -0.73956 -5.77848
v -0.99859 -2.64638 -6.33941
v -1.11669 -2.51761 -6.30153
v -0.99132 -0.73956 -5.77848
v -1.11669 -2.51761 -6.30153
v -1.26379 -2.29443 -6.23595
v -1.21187 -1.00793 -5.85728
v -1.26379 -2.29443 -6.23595
v -1.35790 -2.05479 -6.16541
v -1.29800 -1.17669 -5.90715
v -1.35790 -2.05479 -6.16541
v -1.39505 -1.88034 -6.11410
v -1.35790 -1.34213 -5.95581
v -1.29800 -1.17669 -5.90715
v -1.35790 -2.05479 -6.16541
v -1.35790 -1.34213 -5.95581
v -1.39505 -1.88034 -6.11410
v -1.40780 -1.69839 -6.06059
v -1.39505 -1.51658 -6.00712
v -1.39505 -1.51658 -6.00712
v -1.35790 -1.34213 -5.95581
v -1.39505 -1.88034 -6.11410
v -1.29800 -1.17669 -5.90715
v -1.21187 -1.00793 -5.85728
v -1.26379 -2.29443 -6.23595
v -1.21187 -1.00793 -5.85728
v -0.99132 -0.73956 -5.77848
v -1.11669 -2.51761 -6.30153
v -0.99132 -0.73956 -5.77848
v -0.64279 -0.49934 -5.70791
v -0.70962 -2.86514 -6.40387
v -0.64279 -0.49934 -5.70791
v -0.29390 -0.38223 -5.67346
v 0.02303 -3.03840 -6.45471
v -0.29390 -0.38223 -5.67346
v 0.02302 -0.35890 -5.66665
v 0.02303 -3.03840 -6.45471
v 0.02481 -4.92403 -4.43204
v -0.73144 -4.47634 -4.46167
v -0.70962 -2.86514 -6.40387
v -0.73144 -4.47634 -4.46167
v -0.85201 -4.16621 -4.45885
v -0.70962 -2.86514 -6.40387
v -0.29425 -3.01460 -6.44769
v 0.02303 -3.03840 -6.45471
v 0.02481 -4.92403 -4.43204
v -0.85201 -4.16621 -4.45885
v -0.96685 -3.89025 -4.45885
v -0.86443 -2.75972 -6.37274
v -0.86443 -2.75972 -6.37274
v -0.96685 -3.89025 -4.45885
v -0.99859 -2.64638 -6.33941
v -1.07864 -3.64828 -4.45885
v -1.21750 -3.33982 -4.46045
v -1.11669 -2.51761 -6.30153
v -0.96685 -3.89025 -4.45885
v -1.07864 -3.64828 -4.45885
v -0.99859 -2.64638 -6.33941
v -0.99859 -2.64638 -6.33941
v -1.07864 -3.64828 -4.45885
v -1.11669 -2.51761 -6.30153
v -0.70962 -2.86514 -6.40387
v -0.29425 -3.01460 -6.44769
v 0.02481 -4.92403 -4.43204
v -1.21750 -3.33982 -4.46045
v -1.26379 -2.29443 -6.23595
v -1.11669 -2.51761 -6.30153
v -1.41156 -2.86155 -4.41283
v -1.53797 -2.67384 -4.41283
v -1.35790 -2.05479 -6.16541
v -1.53797 -2.67384 -4.41283
v -1.70976 -2.29385 -4.41290
v -1.39505 -1.88034 -6.11410
v -1.41156 -2.86155 -4.41283
v -1.35790 -2.05479 -6.16541
v -1.26379 -2.29443 -6.23595
v -1.21750 -3.33982 -4.46045
v -1.41156 -2.86155 -4.41283
v -1.26379 -2.29443 -6.23595
v -0.86443 -2.75972 -6.37274
v -0.70962 -2.86514 -6.40387
v -0.85201 -4.16621 -4.45885
v -1.70976 -2.29385 -4.41290
v -1.77824 -1.89959 -4.41290
v -1.40780 -1.69839 -6.06059
v -1.39505 -1.88034 -6.11410
v -1.70976 -2.29385 -4.41290
v -1.40780 -1.69839 -6.06059
v -1.77824 -1.89959 -4.41290
v -1.74804 -1.43634 -4.41289
v -1.40780 -1.69839 -6.06059
v -1.74804 -1.43634 -4.41289
v -1.63995 -1.09632 -4.41283
v -1.40780 -1.69839 -6.06059
v -1.63995 -1.09632 -4.41283
v -1.48746 -0.80474 -4.41289
v -1.39505 -1.51658 -6.00712
v -1.48746 -0.80474 -4.41289
v -1.25761 -0.52104 -4.41284
v -1.39505 -1.51658 -6.00712
v -1.25761 -0.52104 -4.41284
v -0.90669 -0.25931 -4.41283
v -1.35790 -1.34213 -5.95581
v -0.90669 -0.25931 -4.41283
v -0.70351 -0.15702 -4.41283
v -1.29800 -1.17669 -5.90715
v -1.29800 -1.17669 -5.90715
v -0.70351 -0.15702 -4.41283
v -1.21187 -1.00793 -5.85728
v -0.70351 -0.15702 -4.41283
v -0.48640 -0.08135 -4.41283
v -1.21187 -1.00793 -5.85728
v -0.48640 -0.08135 -4.41283
v -0.25745 -0.03440 -4.41283
v -0.99132 -0.73956 -5.77848
v -0.25745 -0.03440 -4.41283
v 0.02409 -0.02118 -4.41283
v 0.02302 -0.35890 -5.66665
v -0.48640 -0.08135 -4.41283
v -0.99132 -0.73956 -5.77848
v -1.21187 -1.00793 -5.85728
v -1.25761 -0.52104 -4.41284
v -1.35790 -1.34213 -5.95581
v -1.39505 -1.51658 -6.00712
v -1.35790 -2.05479 -6.16541
v -1.53797 -2.67384 -4.41283
v -1.39505 -1.88034 -6.11410
v -1.39505 -1.51658 -6.00712
v -1.40780 -1.69839 -6.06059
v -1.63995 -1.09632 -4.41283
v -1.29800 -1.17669 -5.90715
v -1.35790 -1.34213 -5.95581
v -0.90669 -0.25931 -4.41283
v -0.64279 -0.49934 -5.70791
v -0.99132 -0.73956 -5.77848
v -0.25745 -0.03440 -4.41283
v -0.29390 -0.38223 -5.67346
v -0.64279 -0.49934 -5.70791
v -0.25745 -0.03440 -4.41283
v 0.02302 -0.35890 -5.66665
v -0.29390 -0.38223 -5.67346
v -0.25745 -0.03440 -4.41283
v -1.36321 -1.38469 -4.40570
v -1.27884 -1.15798 -4.46565
v -2.44152 -0.85293 -4.86348
v -1.27884 -1.15798 -4.46565
v -1.17829 -0.98062 -4.60570
v -2.34125 -0.67079 -4.99931
v -1.17829 -0.98062 -4.60570
v -1.07701 -0.88002 -4.80443
v -2.23923 -0.56448 -5.19593
v -1.07701 -0.88002 -4.80443
v -0.99059 -0.87155 -5.03121
v -2.15129 -0.55040 -5.42277
v -0.99059 -0.87155 -5.03121
v -0.92052 -0.98976 -5.30753
v -2.09096 -0.63014 -5.64449
v -0.92052 -0.98976 -5.30753
v -0.91788 -1.26966 -5.52147
v -2.07088 -0.89536 -5.89785
v -2.10666 -1.13243 -5.97332
v -0.91788 -1.26966 -5.52147
v -0.97777 -1.55927 -5.57405
v -2.17709 -1.37211 -5.96045
v -0.97777 -1.55927 -5.57405
v -1.06003 -1.78880 -5.52186
v -2.27120 -1.58040 -5.86054
v -1.06003 -1.78880 -5.52186
v -1.15976 -1.97184 -5.38824
v -2.37442 -1.72467 -5.68874
v -1.15976 -1.97184 -5.38824
v -1.26161 -2.08011 -5.19360
v -2.47075 -1.78257 -5.47173
v -1.26161 -2.08011 -5.19360
v -1.34993 -2.09704 -4.96799
v -2.54532 -1.74550 -5.24321
v -1.34993 -2.09704 -4.96799
v -1.41125 -2.02046 -4.74604
v -2.58688 -1.61979 -5.03826
v -1.41125 -2.02046 -4.74604
v -1.43712 -1.85448 -4.55362
v -1.43712 -1.85448 -4.55362
v -1.41859 -1.62588 -4.43462
v -2.58873 -1.43102 -4.89160
v -1.27884 -1.15798 -4.46565
v -1.36321 -1.38469 -4.40570
v -1.34993 -2.09704 -4.96799
v -1.34993 -2.09704 -4.96799
v -1.36321 -1.38469 -4.40570
v -1.41125 -2.02046 -4.74604
v -1.36321 -1.38469 -4.40570
v -1.41859 -1.62588 -4.43462
v -1.41125 -2.02046 -4.74604
v -1.43712 -1.85448 -4.55362
v -1.41125 -2.02046 -4.74604
v -1.41859 -1.62588 -4.43462
v -1.34993 -2.09704 -4.96799
v -1.26161 -2.08011 -5.19360
v -1.27884 -1.15798 -4.46565
v -1.26161 -2.08011 -5.19360
v -1.15976 -1.97184 -5.38824
v -1.17829 -0.98062 -4.60570
v -1.17829 -0.98062 -4.60570
v -1.15976 -1.97184 -5.38824
v -1.07701 -0.88002 -4.80443
v -1.15976 -1.97184 -5.38824
v -1.06003 -1.78880 -5.52186
v -1.07701 -0.88002 -4.80443
v -1.06003 -1.78880 -5.52186
v -0.97777 -1.55927 -5.57405
v -0.99059 -0.87155 -5.03121
v -0.99059 -0.87155 -5.03121
v -0.97777 -1.55927 -5.57405
v -0.92052 -0.98976 -5.30753
v -0.97777 -1.55927 -5.57405
v -0.91788 -1.26966 -5.52147
v -0.92052 -0.98976 -5.30753
v -0.99059 -0.87155 -5.03121
v -1.07701 -0.88002 -4.80443
v -1.06003 -1.78880 -5.52186
v -1.41859 -1.62588 -4.43462
v -1.36321 -1.38469 -4.40570
v -2.52453 -1.08250 -4.80929
v -2.58688 -1.61979 -5.03826
v -3.16429 -1.95589 -4.67221
v -3.11906 -2.20688 -4.97826
v -2.08924 -0.64305 -6.60077
v -3.23999 -0.32571 -7.00332
v -3.22271 -0.09723 -6.88105
v -2.34125 -0.67079 -4.99931
v -2.23923 -0.56448 -5.19593
v -2.47916 0.13073 -4.97748
v -2.10666 -1.13243 -5.97332
v -2.12692 -0.88848 -6.68056
v -2.08924 -0.64305 -6.60077
v -2.47075 -1.78257 -5.47173
v -2.99180 -2.37031 -5.44237
v -2.80783 -2.33836 -5.91497
v -2.52453 -1.08250 -4.80929
v -2.44152 -0.85293 -4.86348
v -2.84374 -0.41118 -4.39380
v -2.27120 -1.58040 -5.86054
v -2.59512 -2.11547 -6.32391
v -2.44225 -1.84885 -6.54005
v -2.58873 -1.43102 -4.89160
v -3.16807 -1.75313 -4.51216
v -3.16429 -1.95589 -4.67221
v -2.10666 -1.13243 -5.97332
v -2.18355 -1.14141 -6.71479
v -2.12692 -0.88848 -6.68056
v -2.09096 -0.63014 -5.64449
v -2.07055 -0.74762 -5.78676
v -2.07574 -0.21181 -6.31845
v -2.23923 -0.56448 -5.19593
v -2.15129 -0.55040 -5.42277
v -2.28676 0.20696 -5.43994
v -2.17709 -1.37211 -5.96045
v -2.25695 -1.39213 -6.70217
v -2.18355 -1.14141 -6.71479
v -2.54532 -1.74550 -5.24321
v -3.11906 -2.20688 -4.97826
v -2.99180 -2.37031 -5.44237
v -2.44152 -0.85293 -4.86348
v -2.34125 -0.67079 -4.99931
v -2.63385 -0.03766 -4.68382
v -2.07055 -0.74762 -5.78676
v -2.07088 -0.89536 -5.89785
v -2.07196 -0.41457 -6.47850
v -2.37442 -1.72467 -5.68874
v -2.80783 -2.33836 -5.91497
v -2.59512 -2.11547 -6.32391
v -2.58873 -1.43102 -4.89160
v -2.56558 -1.25698 -4.82839
v -3.11311 -1.27922 -4.31011
v -2.17709 -1.37211 -5.96045
v -2.34430 -1.63100 -6.64317
v -2.25695 -1.39213 -6.70217
v -2.07088 -0.89536 -5.89785
v -2.08924 -0.64305 -6.60077
v -2.07196 -0.41457 -6.47850
v -2.56558 -1.25698 -4.82839
v -2.52453 -1.08250 -4.80929
v -3.01942 -0.88680 -4.27146
v -2.15129 -0.55040 -5.42277
v -2.09096 -0.63014 -5.64449
v -2.14510 0.08668 -5.91082
v -2.27120 -1.58040 -5.86054
v -2.44225 -1.84885 -6.54005
v -2.34430 -1.63100 -6.64317
v -3.69778 -1.71995 -6.79934
v -3.89892 -1.65255 -6.64510
v -3.71421 -1.32819 -6.90342
v -3.16429 -1.95589 -4.67221
v -4.31504 -1.63855 -5.07476
v -4.29034 -1.80780 -5.26644
v -2.12692 -0.88848 -6.68056
v -3.27767 -0.57113 -7.08310
v -3.23999 -0.32571 -7.00332
v -3.01942 -0.88680 -4.27146
v -2.84374 -0.41118 -4.39380
v -4.04647 -0.21936 -4.75004
v -3.16807 -1.75313 -4.51216
v -4.31882 -1.43578 -4.91471
v -4.31504 -1.63855 -5.07476
v -2.18355 -1.14141 -6.71479
v -3.33429 -0.82407 -7.11734
v -3.27767 -0.57113 -7.08310
v -3.16807 -1.75313 -4.51216
v -3.15079 -1.52465 -4.38989
v -4.30154 -1.20730 -4.79244
v -2.25695 -1.39213 -6.70217
v -3.40769 -1.07478 -7.10472
v -3.33429 -0.82407 -7.11734
v -2.84374 -0.41118 -4.39380
v -2.63385 -0.03766 -4.68382
v -3.84374 0.18694 -4.99642
v -3.15079 -1.52465 -4.38989
v -3.11311 -1.27922 -4.31011
v -4.26386 -0.96188 -4.71265
v -2.34430 -1.63100 -6.64317
v -3.49505 -1.31366 -7.04571
v -3.40769 -1.07478 -7.10472
v -3.11311 -1.27922 -4.31011
v -3.01942 -0.88680 -4.27146
v -4.20723 -0.70894 -4.67842
v -2.44225 -1.84885 -6.54005
v -3.59300 -1.53150 -6.94260
v -3.49505 -1.31366 -7.04571
v -2.63385 -0.03766 -4.68382
v -2.47916 0.13073 -4.97748
v -3.62990 0.44808 -5.38004
v -2.59512 -2.11547 -6.32391
v -3.69778 -1.71995 -6.79934
v -3.59300 -1.53150 -6.94260
v -2.47916 0.13073 -4.97748
v -2.37832 0.19339 -5.20310
v -3.52906 0.51074 -5.60565
v -2.59512 -2.11547 -6.32391
v -3.80536 -1.87175 -6.62143
v -3.69778 -1.71995 -6.79934
v -2.37832 0.19339 -5.20310
v -2.28676 0.20696 -5.43994
v -3.43751 0.52431 -5.84249
v -2.80783 -2.33836 -5.91497
v -3.91162 -1.98109 -6.41572
v -3.80536 -1.87175 -6.62143
v -2.28676 0.20696 -5.43994
v -2.20802 0.17093 -5.67891
v -3.35876 0.48828 -6.08146
v -2.80783 -2.33836 -5.91497
v -4.01246 -2.04375 -6.19011
v -3.91162 -1.98109 -6.41572
v -2.20802 0.17093 -5.67891
v -2.14510 0.08668 -5.91082
v -3.29584 0.40403 -6.31337
v -2.99180 -2.37031 -5.44237
v -4.10401 -2.05732 -5.95327
v -4.01246 -2.04375 -6.19011
v -2.14510 0.08668 -5.91082
v -2.10044 -0.04256 -6.12677
v -3.25118 0.27479 -6.52932
v -2.99180 -2.37031 -5.44237
v -4.18276 -2.02129 -5.71430
v -4.10401 -2.05732 -5.95327
v -2.10044 -0.04256 -6.12677
v -2.07574 -0.21181 -6.31845
v -3.22648 0.10554 -6.72100
v -3.11906 -2.20688 -4.97826
v -4.24568 -1.93704 -5.48239
v -4.18276 -2.02129 -5.71430
v -2.07574 -0.21181 -6.31845
v -2.07196 -0.41457 -6.47850
v -3.22271 -0.09723 -6.88105
v -3.11906 -2.20688 -4.97826
v -4.29034 -1.80780 -5.26644
v -4.24568 -1.93704 -5.48239
v -4.32147 -0.81578 -4.88734
v -4.19649 -0.37668 -4.89977
v -4.24259 -1.84895 -5.86359
v -4.19649 -0.37668 -4.89977
v -4.02667 0.01018 -5.07177
v -4.08460 -1.83541 -6.27957
v -4.02667 0.01018 -5.07177
v -3.83809 0.28421 -5.37771
v -3.89892 -1.65255 -6.64510
v -3.83809 0.28421 -5.37771
v -3.65986 0.40292 -5.77056
v -3.71421 -1.32819 -6.90342
v -3.65986 0.40292 -5.77056
v -3.51931 0.34825 -6.18993
v -3.55887 -0.91227 -7.01487
v -3.51931 0.34825 -6.18993
v -3.43791 0.12881 -6.57164
v -3.45664 -0.46855 -6.96261
v -3.43791 0.12881 -6.57164
v -3.42597 -0.14379 -6.80520
v -3.45664 -0.46855 -6.96261
v -3.45664 -0.46855 -6.96261
v -3.55887 -0.91227 -7.01487
v -3.51931 0.34825 -6.18993
v -3.55887 -0.91227 -7.01487
v -3.71421 -1.32819 -6.90342
v -3.65986 0.40292 -5.77056
v -3.71421 -1.32819 -6.90342
v -3.89892 -1.65255 -6.64510
v -3.83809 0.28421 -5.37771
v -3.89892 -1.65255 -6.64510
v -4.08460 -1.83541 -6.27957
v -4.02667 0.01018 -5.07177
v -4.08460 -1.83541 -6.27957
v -4.24259 -1.84895 -5.86359
v -4.19649 -0.37668 -4.89977
v -4.24259 -1.84895 -5.86359
v -4.34877 -1.69270 -5.46182
v -4.32147 -0.81578 -4.88734
v -4.34877 -1.69270 -5.46182
v -4.38167 -1.49232 -5.22484
v -4.38119 -1.22085 -5.02573
v -3.62990 0.44808 -5.38004
v -3.52906 0.51074 -5.60565
v -3.65986 0.40292 -5.77056
v -3.52906 0.51074 -5.60565
v -3.43751 0.52431 -5.84249
v -3.65986 0.40292 -5.77056
v -3.91162 -1.98109 -6.41572
v -4.08460 -1.83541 -6.27957
v -3.89892 -1.65255 -6.64510
v -3.43751 0.52431 -5.84249
v -3.35876 0.48828 -6.08146
v -3.51931 0.34825 -6.18993
v -3.35876 0.48828 -6.08146
v -3.29584 0.40403 -6.31337
v -3.51931 0.34825 -6.18993
v -4.10401 -2.05732 -5.95327
v -4.24259 -1.84895 -5.86359
v -4.08460 -1.83541 -6.27957
v -3.29584 0.40403 -6.31337
v -3.25118 0.27479 -6.52932
v -3.43791 0.12881 -6.57164
v -3.25118 0.27479 -6.52932
v -3.22648 0.10554 -6.72100
v -3.43791 0.12881 -6.57164
v -4.24568 -1.93704 -5.48239
v -4.34877 -1.69270 -5.46182
v -4.24259 -1.84895 -5.86359
v -3.22648 0.10554 -6.72100
v -3.22271 -0.09723 -6.88105
v -3.42597 -0.14379 -6.80520
v -3.23999 -0.32571 -7.00332
v -3.45664 -0.46855 -6.96261
v -3.42597 -0.14379 -6.80520
v -4.20723 -0.70894 -4.67842
v -4.13383 -0.45823 -4.69104
v -4.19649 -0.37668 -4.89977
v -4.31504 -1.63855 -5.07476
v -4.38167 -1.49232 -5.22484
v -4.34877 -1.69270 -5.46182
v -4.13383 -0.45823 -4.69104
v -4.04647 -0.21936 -4.75004
v -4.19649 -0.37668 -4.89977
v -4.31882 -1.43578 -4.91471
v -4.38119 -1.22085 -5.02573
v -4.38167 -1.49232 -5.22484
v -3.33429 -0.82407 -7.11734
v -3.55887 -0.91227 -7.01487
v -3.45664 -0.46855 -6.96261
v -4.04647 -0.21936 -4.75004
v -3.94853 -0.00151 -4.85316
v -4.02667 0.01018 -5.07177
v -4.31882 -1.43578 -4.91471
v -4.30154 -1.20730 -4.79244
v -4.38119 -1.22085 -5.02573
v -3.94853 -0.00151 -4.85316
v -3.84374 0.18694 -4.99642
v -4.02667 0.01018 -5.07177
v -4.30154 -1.20730 -4.79244
v -4.26386 -0.96188 -4.71265
v -4.32147 -0.81578 -4.88734
v -3.49505 -1.31366 -7.04571
v -3.71421 -1.32819 -6.90342
v -3.55887 -0.91227 -7.01487
v -3.84374 0.18694 -4.99642
v -3.73616 0.33874 -5.17432
v -3.83809 0.28421 -5.37771
v -4.26386 -0.96188 -4.71265
v -4.20723 -0.70894 -4.67842
v -4.32147 -0.81578 -4.88734
v -3.73616 0.33874 -5.17432
v -3.62990 0.44808 -5.38004
v -3.83809 0.28421 -5.37771
v 0.02407 -7.17362 -4.59999
v 0.02396 -8.52557 -4.59998
v -4.44120 -8.52555 -4.59999
v -5.00443 -5.11634 0.34590
v -5.00443 -7.17362 -4.59999
v -4.44120 -8.52555 0.15693
v -5.00443 -7.17362 -4.59999
v -4.44120 -8.52555 -4.59999
v -4.44120 -8.52555 0.15693
v -4.44120 -8.52555 0.15693
v -4.44120 -8.52555 4.91384
v -5.00443 -6.08842 4.91384
v -5.00443 0.69885 0.34590
v -5.00443 -5.11634 0.34590
v -5.00443 0.69885 4.91385
v -4.44120 -8.52555 0.15693
v -5.00443 -6.08842 4.91384
v -5.00443 -5.11634 0.34590
v 0.02407 0.69885 4.91385
v 0.02308 -2.57073 4.72666
v 0.02308 0.69686 4.72666
v 0.02407 0.69885 4.91385
v 0.02390 -8.52556 4.91384
v 0.02308 -6.01082 4.72666
v 0.02407 -7.17362 -4.59999
v 0.02308 -6.86583 -4.41281
v 0.02396 -8.52557 -4.59998
v 0.02407 -7.17362 -4.59999
v -5.00443 -7.17362 -4.59999
v -4.45696 -6.86583 -4.41281
v -5.00443 0.69885 0.34590
v -4.68207 0.69686 0.15693
v -4.45696 -4.80855 0.15693
v -5.00443 -5.11634 0.34590
v -4.45696 -4.80855 0.15693
v -4.45696 -6.86583 -4.41281
v -4.45696 -6.86583 -4.41281
v -4.68207 -6.01082 -4.41281
v -4.05992 -5.86739 -4.41285
v -4.68207 -6.01082 -4.41281
v -4.28793 -5.09050 -4.41305
v -4.22745 -5.53128 -4.41297
v 0.02235 -6.01046 -4.39360
v 0.02308 -6.86583 -4.41281
v -1.10479 -5.71802 -4.41281
v 0.02308 -6.86583 -4.41281
v -4.45696 -6.86583 -4.41281
v -2.49218 -6.41718 -4.41281
v -1.10479 -5.71802 -4.41281
v -1.05283 -5.51133 -4.41281
v 0.02235 -6.01046 -4.39360
v -1.21621 -5.89304 -4.41281
v -1.10479 -5.71802 -4.41281
v 0.02308 -6.86583 -4.41281
v -4.68207 -6.01082 -4.41281
v -4.22745 -5.53128 -4.41297
v -4.05992 -5.86739 -4.41285
v -1.42290 -6.07754 -4.41283
v -1.21621 -5.89304 -4.41281
v 0.02308 -6.86583 -4.41281
v -1.85001 -6.27706 -4.41281
v -1.42290 -6.07754 -4.41283
v 0.02308 -6.86583 -4.41281
v -4.45696 -6.86583 -4.41281
v -4.05992 -5.86739 -4.41285
v -3.79834 -6.11745 -4.41282
v -2.49218 -6.41718 -4.41281
v -1.85001 -6.27706 -4.41281
v 0.02308 -6.86583 -4.41281
v -4.45696 -6.86583 -4.41281
v -3.79834 -6.11745 -4.41282
v -3.46300 -6.28650 -4.41281
v -4.45696 -6.86583 -4.41281
v -3.46300 -6.28650 -4.41281
v -3.05621 -6.38812 -4.41281
v -1.16915 -5.51950 -4.36703
v -1.32345 -5.76439 -4.36805
v -1.17642 -5.36054 -4.36809
v -1.32345 -5.76439 -4.36805
v -1.68648 -5.99165 -4.36809
v -1.29339 -5.06739 -4.36808
v -1.68648 -5.99165 -4.36809
v -2.12853 -6.13214 -4.36809
v -1.80638 -4.27312 -4.36808
v -2.12853 -6.13214 -4.36809
v -2.62220 -6.20167 -4.36809
v -2.09194 -4.00442 -4.36808
v -2.62220 -6.20167 -4.36809
v -3.27214 -6.13018 -4.36808
v -2.79521 -3.79180 -4.36809
v -2.79521 -3.79180 -4.36809
v -3.27214 -6.13018 -4.36808
v -3.16191 -3.87556 -4.36809
v -3.27214 -6.13018 -4.36808
v -3.73756 -5.92656 -4.36808
v -3.49355 -4.01795 -4.36809
v -3.49355 -4.01795 -4.36809
v -3.73756 -5.92656 -4.36808
v -3.80827 -4.24279 -4.36808
v -3.73756 -5.92656 -4.36808
v -3.98069 -5.70770 -4.36806
v -3.80827 -4.24279 -4.36808
v -3.98069 -5.70770 -4.36806
v -4.12356 -5.44389 -4.36801
v -4.04588 -4.54702 -4.36803
v -4.04588 -4.54702 -4.36803
v -4.12356 -5.44389 -4.36801
v -4.14364 -4.81793 -4.36809
v -4.17610 -5.12579 -4.36792
v -4.14364 -4.81793 -4.36809
v -4.12356 -5.44389 -4.36801
v -4.04588 -4.54702 -4.36803
v -3.80827 -4.24279 -4.36808
v -3.98069 -5.70770 -4.36806
v -3.49355 -4.01795 -4.36809
v -3.16191 -3.87556 -4.36809
v -3.27214 -6.13018 -4.36808
v -2.79521 -3.79180 -4.36809
v -2.44395 -3.82041 -4.36807
v -2.62220 -6.20167 -4.36809
v -2.44395 -3.82041 -4.36807
v -2.09194 -4.00442 -4.36808
v -2.62220 -6.20167 -4.36809
v -2.09194 -4.00442 -4.36808
v -1.80638 -4.27312 -4.36808
v -2.12853 -6.13214 -4.36809
v -1.80638 -4.27312 -4.36808
v -1.57428 -4.58068 -4.36809
v -1.68648 -5.99165 -4.36809
v -1.57428 -4.58068 -4.36809
v -1.29339 -5.06739 -4.36808
v -1.68648 -5.99165 -4.36809
v -4.22346 -5.22064 -4.54216
v -4.17560 -5.48794 -4.54251
v -4.22745 -5.53128 -4.41297
v -4.17560 -5.48794 -4.54251
v -4.02102 -5.78671 -4.54257
v -4.05992 -5.86739 -4.41285
v -4.02102 -5.78671 -4.54257
v -3.76937 -6.02096 -4.54244
v -3.79834 -6.11745 -4.41282
v -3.76937 -6.02096 -4.54244
v -3.43975 -6.18301 -4.54233
v -3.46300 -6.28650 -4.41281
v -3.43975 -6.18301 -4.54233
v -3.05226 -6.27752 -4.54125
v -3.05621 -6.38812 -4.41281
v -2.66966 -6.30966 -4.54278
v -2.49218 -6.41718 -4.41281
v -3.05621 -6.38812 -4.41281
v -2.66966 -6.30966 -4.54278
v -2.32268 -6.27872 -4.54135
v -2.49218 -6.41718 -4.41281
v -1.87494 -6.17379 -4.54238
v -1.85001 -6.27706 -4.41281
v -2.49218 -6.41718 -4.41281
v -1.45284 -5.98155 -4.54276
v -1.42290 -6.07754 -4.41283
v -1.85001 -6.27706 -4.41281
v -1.24500 -5.79822 -4.54216
v -1.21621 -5.89304 -4.41281
v -1.42290 -6.07754 -4.41283
v -1.14834 -5.64639 -4.54216
v -1.10479 -5.71802 -4.41281
v -1.21621 -5.89304 -4.41281
v -1.11001 -5.49395 -4.54216
v -1.05283 -5.51133 -4.41281
v -1.10479 -5.71802 -4.41281
v -1.11001 -5.49395 -4.54216
v -1.12492 -5.31584 -4.54216
v -1.07296 -5.27075 -4.41281
v -1.12492 -5.31584 -4.54216
v -1.25311 -4.99159 -4.54075
v -1.17934 -4.99029 -4.41281
v -1.25311 -4.99159 -4.54075
v -1.45053 -4.48828 -4.41283
v -1.17934 -4.99029 -4.41281
v -1.79272 -4.16269 -4.54228
v -1.80340 -4.02580 -4.41339
v -1.45053 -4.48828 -4.41283
v -2.08905 -3.88967 -4.54231
v -2.08359 -3.77671 -4.41282
v -1.80340 -4.02580 -4.41339
v -2.43637 -3.71385 -4.54453
v -2.42881 -3.60589 -4.41282
v -2.08359 -3.77671 -4.41282
v -2.43637 -3.71385 -4.54453
v -2.79748 -3.68148 -4.54099
v -2.85969 -3.57387 -4.41282
v -3.18655 -3.77279 -4.54224
v -3.37874 -3.73523 -4.41281
v -2.85969 -3.57387 -4.41282
v -3.52463 -3.92157 -4.54236
v -3.72206 -3.93354 -4.41282
v -3.37874 -3.73523 -4.41281
v -3.84628 -4.15743 -4.54255
v -4.02335 -4.23212 -4.41286
v -3.72206 -3.93354 -4.41282
v -4.12657 -4.56518 -4.54216
v -4.21987 -4.62356 -4.41297
v -4.02335 -4.23212 -4.41286
v -4.19393 -4.77257 -4.54216
v -4.22606 -5.00758 -4.54216
v -4.28793 -5.09050 -4.41305
v -4.22606 -5.00758 -4.54216
v -4.22346 -5.22064 -4.54216
v -4.28793 -5.09050 -4.41305
v -4.17610 -5.12579 -4.36792
v -4.12356 -5.44389 -4.36801
v -4.17560 -5.48794 -4.54251
v -4.12356 -5.44389 -4.36801
v -3.98069 -5.70770 -4.36806
v -4.02102 -5.78671 -4.54257
v -3.98069 -5.70770 -4.36806
v -3.73756 -5.92656 -4.36808
v -3.76937 -6.02096 -4.54244
v -3.73756 -5.92656 -4.36808
v -3.27214 -6.13018 -4.36808
v -3.43975 -6.18301 -4.54233
v -2.62220 -6.20167 -4.36809
v -2.66966 -6.30966 -4.54278
v -3.05226 -6.27752 -4.54125
v -2.12853 -6.13214 -4.36809
v -1.87494 -6.17379 -4.54238
v -2.32268 -6.27872 -4.54135
v -1.68648 -5.99165 -4.36809
v -1.45284 -5.98155 -4.54276
v -1.87494 -6.17379 -4.54238
v -1.32345 -5.76439 -4.36805
v -1.24500 -5.79822 -4.54216
v -1.45284 -5.98155 -4.54276
v -1.16915 -5.51950 -4.36703
v -1.14834 -5.64639 -4.54216
v -1.24500 -5.79822 -4.54216
v -1.16915 -5.51950 -4.36703
v -1.11001 -5.49395 -4.54216
v -1.14834 -5.64639 -4.54216
v -1.16915 -5.51950 -4.36703
v -1.17642 -5.36054 -4.36809
v -1.12492 -5.31584 -4.54216
v -1.17642 -5.36054 -4.36809
v -1.29339 -5.06739 -4.36808
v -1.25311 -4.99159 -4.54075
v -1.57428 -4.58068 -4.36809
v -1.55204 -4.47733 -4.54226
v -1.25311 -4.99159 -4.54075
v -1.80638 -4.27312 -4.36808
v -1.79272 -4.16269 -4.54228
v -1.55204 -4.47733 -4.54226
v -2.09194 -4.00442 -4.36808
v -2.08905 -3.88967 -4.54231
v -1.79272 -4.16269 -4.54228
v -2.44395 -3.82041 -4.36807
v -2.43637 -3.71385 -4.54453
v -2.08905 -3.88967 -4.54231
v -2.44395 -3.82041 -4.36807
v -2.79521 -3.79180 -4.36809
v -2.79748 -3.68148 -4.54099
v -3.16191 -3.87556 -4.36809
v -3.18655 -3.77279 -4.54224
v -2.79748 -3.68148 -4.54099
v -3.49355 -4.01795 -4.36809
v -3.52463 -3.92157 -4.54236
v -3.18655 -3.77279 -4.54224
v -3.80827 -4.24279 -4.36808
v -3.84628 -4.15743 -4.54255
v -3.52463 -3.92157 -4.54236
v -4.04588 -4.54702 -4.36803
v -4.02692 -4.37990 -4.54216
v -3.84628 -4.15743 -4.54255
v -4.04588 -4.54702 -4.36803
v -4.12657 -4.56518 -4.54216
v -4.02692 -4.37990 -4.54216
v -4.14364 -4.81793 -4.36809
v -4.19393 -4.77257 -4.54216
v -4.12657 -4.56518 -4.54216
v -4.14364 -4.81793 -4.36809
v -4.17610 -5.12579 -4.36792
v -4.22606 -5.00758 -4.54216
v -3.81142 -8.79258 4.42157
v -4.44120 -8.52555 4.91384
v -4.44120 -8.52555 0.15693
v -3.81142 -8.79258 4.42157
v 0.01653 -8.79258 4.42256
v 0.02390 -8.52556 4.91384
v -4.00003 -8.79258 -4.10772
v -4.44120 -8.52555 -4.59999
v 0.02396 -8.52557 -4.59998
v -4.00003 -8.79258 -4.10772
v -4.00003 -8.79258 0.15693
v -4.44120 -8.52555 0.15693
v 0.01653 -8.79258 4.42256
v 0.01620 -8.79258 -4.10870
v 0.02396 -8.52557 -4.59998
v 0.02116 1.04350 -4.06166
v -4.50129 1.04343 -4.06166
v -4.50129 1.04341 0.41774
v -4.50129 1.04341 0.41774
v -4.82365 1.04540 0.60672
v -4.82365 1.04527 4.56269
v -4.82365 1.04527 4.56269
v 0.02115 1.04440 4.56338
v -4.50129 1.04341 0.41774
v -4.50129 1.04343 -4.06166
v -4.68207 0.69686 -4.41281
v -4.68207 0.69686 0.15693
v 0.02116 1.04350 -4.06166
v 0.02115 1.04440 4.56338
v 0.02308 0.69686 4.72666
v -4.50129 1.04343 -4.06166
v 0.02116 1.04350 -4.06166
v 0.02308 0.69686 -4.41281
v 0.02115 1.04440 4.56338
v -4.82365 1.04527 4.56269
v -5.00443 0.69885 4.91385
v -4.82365 1.04527 4.56269
v -4.82365 1.04540 0.60672
v -5.00443 0.69885 0.34590
v -4.82365 1.04540 0.60672
v -4.50129 1.04341 0.41774
v -4.68207 0.69686 0.15693
v -0.02390 -8.52556 4.91384
v -0.02308 -6.01082 4.72666
v -0.02308 -6.86583 -4.41281
v -0.02308 -6.01082 4.72666
v -0.02308 -2.57073 4.72666
v -0.02481 -4.92403 -4.43204
v -0.02390 -8.52556 4.91384
v -0.02308 -6.86583 -4.41281
v -0.02396 -8.52557 -4.59998
v -0.02308 -2.57073 4.72666
v -0.02308 0.69686 4.72666
v -0.02409 -0.02118 -4.41283
v -0.02308 0.69686 4.72666
v -0.02308 0.69686 -4.41281
v -0.02409 -0.02118 -4.41283
v -0.02409 -0.02118 -4.41283
v -0.02302 -0.35890 -5.66665
v -0.02303 -3.03840 -6.45471
v -0.02235 -6.01046 -4.39360
v -0.02308 -6.01082 4.72666
v -0.02481 -4.92403 -4.43204
v -0.02235 -6.01046 -4.39360
v -0.02308 -6.86583 -4.41281
v -0.02308 -6.01082 4.72666
v -0.02409 -0.02118 -4.41283
v -0.02303 -3.03840 -6.45471
v -0.02481 -4.92403 -4.43204
v 1.05283 -5.51133 -4.41281
v -0.02235 -6.01046 -4.39360
v 0.73144 -4.47634 -4.46167
v -0.02235 -6.01046 -4.39360
v -0.02481 -4.92403 -4.43204
v 0.73144 -4.47634 -4.46167
v 1.07296 -5.27075 -4.41281
v 1.05283 -5.51133 -4.41281
v 0.73144 -4.47634 -4.46167
v 0.73144 -4.47634 -4.46167
v 0.85201 -4.16621 -4.45885
v 1.17934 -4.99029 -4.41281
v 0.85201 -4.16621 -4.45885
v 0.96685 -3.89025 -4.45885
v 1.45053 -4.48828 -4.41283
v 1.17934 -4.99029 -4.41281
v 1.07296 -5.27075 -4.41281
v 0.73144 -4.47634 -4.46167
v 0.85201 -4.16621 -4.45885
v 1.45053 -4.48828 -4.41283
v 1.17934 -4.99029 -4.41281
v 0.96685 -3.89025 -4.45885
v 1.07864 -3.64828 -4.45885
v 1.45053 -4.48828 -4.41283
v 1.21750 -3.33982 -4.46045
v 1.41156 -2.86155 -4.41283
v 1.80340 -4.02580 -4.41339
v 1.21750 -3.33982 -4.46045
v 1.45053 -4.48828 -4.41283
v 1.07864 -3.64828 -4.45885
v 1.45053 -4.48828 -4.41283
v 1.21750 -3.33982 -4.46045
v 1.80340 -4.02580 -4.41339
v 1.41156 -2.86155 -4.41283
v 1.53797 -2.67384 -4.41283
v 1.80340 -4.02580 -4.41339
v 1.53797 -2.67384 -4.41283
v 1.70976 -2.29385 -4.41290
v 2.08359 -3.77671 -4.41282
v 1.80340 -4.02580 -4.41339
v 1.53797 -2.67384 -4.41283
v 2.08359 -3.77671 -4.41282
v 1.70976 -2.29385 -4.41290
v 1.77824 -1.89959 -4.41290
v 2.42881 -3.60589 -4.41282
v 2.08359 -3.77671 -4.41282
v 1.70976 -2.29385 -4.41290
v 2.42881 -3.60589 -4.41282
v 1.77824 -1.89959 -4.41290
v 1.74804 -1.43634 -4.41289
v 2.85969 -3.57387 -4.41282
v 2.42881 -3.60589 -4.41282
v 1.77824 -1.89959 -4.41290
v 2.85969 -3.57387 -4.41282
v 1.74804 -1.43634 -4.41289
v 1.63995 -1.09632 -4.41283
v 4.68207 0.69686 -4.41281
v 1.74804 -1.43634 -4.41289
v 4.68207 0.69686 -4.41281
v 2.85969 -3.57387 -4.41282
v 1.63995 -1.09632 -4.41283
v 1.48746 -0.80474 -4.41289
v 4.68207 0.69686 -4.41281
v 3.37874 -3.73523 -4.41281
v 2.85969 -3.57387 -4.41282
v 4.68207 0.69686 -4.41281
v 3.72206 -3.93354 -4.41282
v 3.37874 -3.73523 -4.41281
v 4.68207 -2.57073 -4.41281
v 3.37874 -3.73523 -4.41281
v 4.68207 0.69686 -4.41281
v 4.68207 -2.57073 -4.41281
v 4.02335 -4.23212 -4.41286
v 3.72206 -3.93354 -4.41282
v 4.68207 -2.57073 -4.41281
v -0.02308 0.69686 -4.41281
v 4.68207 0.69686 -4.41281
v 0.90669 -0.25931 -4.41283
v 0.90669 -0.25931 -4.41283
v 4.68207 0.69686 -4.41281
v 1.25761 -0.52104 -4.41284
v 4.68207 -2.57073 -4.41281
v 4.68207 -6.01082 -4.41281
v 4.21987 -4.62356 -4.41297
v 4.68207 -6.01082 -4.41281
v 4.28793 -5.09050 -4.41305
v 4.21987 -4.62356 -4.41297
v 0.25745 -0.03440 -4.41283
v -0.02409 -0.02118 -4.41283
v -0.02308 0.69686 -4.41281
v 0.48640 -0.08135 -4.41283
v 0.25745 -0.03440 -4.41283
v -0.02308 0.69686 -4.41281
v 4.68207 -2.57073 -4.41281
v 4.21987 -4.62356 -4.41297
v 4.02335 -4.23212 -4.41286
v 0.70351 -0.15702 -4.41283
v 0.48640 -0.08135 -4.41283
v -0.02308 0.69686 -4.41281
v 0.90669 -0.25931 -4.41283
v 0.70351 -0.15702 -4.41283
v -0.02308 0.69686 -4.41281
v 1.48746 -0.80474 -4.41289
v 1.25761 -0.52104 -4.41284
v 4.68207 0.69686 -4.41281
v 4.44120 -8.52555 4.91384
v 5.00443 -6.08842 4.91384
v -0.02390 -8.52556 4.91384
v 5.00443 -6.08842 4.91384
v 5.00443 0.69885 4.91385
v -0.02390 -8.52556 4.91384
v -0.02407 0.69885 4.91385
v -0.02390 -8.52556 4.91384
v 5.00443 0.69885 4.91385
v 3.81142 -8.79258 4.42157
v -0.01653 -8.79258 4.42256
v 4.00003 -8.79258 0.15693
v -0.01653 -8.79258 4.42256
v -0.01620 -8.79258 -4.10870
v 4.00003 -8.79258 0.15693
v 4.45696 -6.86583 -4.41281
v 4.68207 -6.01082 -4.41281
v 4.45696 -4.80855 0.15693
v 4.68207 -6.01082 -4.41281
v 4.68207 -2.57073 -4.41281
v 4.45696 -4.80855 0.15693
v 4.68207 -2.57073 -4.41281
v 4.68207 0.69686 -4.41281
v 4.68207 0.69686 0.15693
v 0.70962 -2.86513 -6.40389
v 0.29425 -3.01460 -6.44769
v -0.02303 -3.03840 -6.45471
v 0.86443 -2.75972 -6.37274
v 0.70962 -2.86513 -6.40389
v 0.64279 -0.49934 -5.70791
v 1.11669 -2.51761 -6.30153
v 0.99859 -2.64638 -6.33941
v 0.99131 -0.73955 -5.77845
v 0.99859 -2.64638 -6.33941
v 0.86443 -2.75972 -6.37274
v 0.99131 -0.73955 -5.77845
v 1.26379 -2.29443 -6.23595
v 1.11669 -2.51761 -6.30153
v 1.21187 -1.00793 -5.85728
v 1.29800 -1.17669 -5.90715
v 1.26379 -2.29443 -6.23595
v 1.21187 -1.00793 -5.85728
v 1.39505 -1.88034 -6.11410
v 1.35790 -2.05479 -6.16541
v 1.35790 -1.34213 -5.95581
v 1.35790 -2.05479 -6.16541
v 1.26379 -2.29443 -6.23595
v 1.29800 -1.17669 -5.90715
v 1.39505 -1.51658 -6.00712
v 1.40780 -1.69839 -6.06059
v 1.39505 -1.88034 -6.11410
v 1.29800 -1.17669 -5.90715
v 1.35790 -1.34213 -5.95581
v 1.35790 -2.05479 -6.16541
v 1.35790 -1.34213 -5.95581
v 1.39505 -1.51658 -6.00712
v 1.39505 -1.88034 -6.11410
v 0.99131 -0.73955 -5.77845
v 1.21187 -1.00793 -5.85728
v 1.11669 -2.51761 -6.30153
v 0.64279 -0.49934 -5.70791
v 0.99131 -0.73955 -5.77845
v 0.86443 -2.75972 -6.37274
v -0.02303 -3.03840 -6.45471
v 0.64279 -0.49934 -5.70791
v 0.70962 -2.86513 -6.40389
v 0.29390 -0.38223 -5.67346
v 0.64279 -0.49934 -5.70791
v -0.02303 -3.03840 -6.45471
v 0.25745 -0.03440 -4.41283
v 0.48640 -0.08135 -4.41283
v 0.99131 -0.73955 -5.77845
v 0.48640 -0.08135 -4.41283
v 0.70351 -0.15702 -4.41283
v 1.21187 -1.00793 -5.85728
v 0.99131 -0.73955 -5.77845
v 0.48640 -0.08135 -4.41283
v 1.21187 -1.00793 -5.85728
v 0.70351 -0.15702 -4.41283
v 0.90669 -0.25931 -4.41283
v 1.29800 -1.17669 -5.90715
v 0.90669 -0.25931 -4.41283
v 1.25761 -0.52104 -4.41284
v 1.35790 -1.34213 -5.95581
v 0.70351 -0.15702 -4.41283
v 1.29800 -1.17669 -5.90715
v 1.21187 -1.00793 -5.85728
v 1.25761 -0.52104 -4.41284
v 1.48746 -0.80474 -4.41289
v 1.39505 -1.51658 -6.00712
v 1.35790 -1.34213 -5.95581
v 1.25761 -0.52104 -4.41284
v 1.39505 -1.51658 -6.00712
v 1.48746 -0.80474 -4.41289
v 1.63995 -1.09632 -4.41283
v 1.39505 -1.51658 -6.00712
v 1.63995 -1.09632 -4.41283
v 1.74804 -1.43634 -4.41289
v 1.40780 -1.69839 -6.06059
v 1.74804 -1.43634 -4.41289
v 1.77824 -1.89959 -4.41290
v 1.40780 -1.69839 -6.06059
v 1.77824 -1.89959 -4.41290
v 1.70976 -2.29385 -4.41290
v 1.40780 -1.69839 -6.06059
v 1.40780 -1.69839 -6.06059
v 1.70976 -2.29385 -4.41290
v 1.39505 -1.88034 -6.11410
v 1.70976 -2.29385 -4.41290
v 1.53797 -2.67384 -4.41283
v 1.39505 -1.88034 -6.11410
v 1.53797 -2.67384 -4.41283
v 1.41156 -2.86155 -4.41283
v 1.35790 -2.05479 -6.16541
v 1.21750 -3.33982 -4.46045
v 1.07864 -3.64828 -4.45885
v 1.11669 -2.51761 -6.30153
v 1.07864 -3.64828 -4.45885
v 0.96685 -3.89025 -4.45885
v 0.99859 -2.64638 -6.33941
v 1.35790 -2.05479 -6.16541
v 1.41156 -2.86155 -4.41283
v 1.26379 -2.29443 -6.23595
v 1.41156 -2.86155 -4.41283
v 1.21750 -3.33982 -4.46045
v 1.26379 -2.29443 -6.23595
v -0.02302 -0.35890 -5.66665
v -0.02409 -0.02118 -4.41283
v 0.25745 -0.03440 -4.41283
v 1.39505 -1.88034 -6.11410
v 1.53797 -2.67384 -4.41283
v 1.35790 -2.05479 -6.16541
v 0.96685 -3.89025 -4.45885
v 0.85201 -4.16621 -4.45885
v 0.86443 -2.75972 -6.37274
v 0.85201 -4.16621 -4.45885
v 0.73144 -4.47634 -4.46167
v 0.70962 -2.86513 -6.40389
v 0.73144 -4.47634 -4.46167
v -0.02481 -4.92403 -4.43204
v 0.70962 -2.86513 -6.40389
v -0.02481 -4.92403 -4.43204
v -0.02303 -3.03840 -6.45471
v 0.29425 -3.01460 -6.44769
v -0.02481 -4.92403 -4.43204
v 0.29425 -3.01460 -6.44769
v 0.70962 -2.86513 -6.40389
v 0.70962 -2.86513 -6.40389
v 0.86443 -2.75972 -6.37274
v 0.85201 -4.16621 -4.45885
v 0.86443 -2.75972 -6.37274
v 0.99859 -2.64638 -6.33941
v 0.96685 -3.89025 -4.45885
v 0.99859 -2.64638 -6.33941
v 1.11669 -2.51761 -6.30153
v 1.07864 -3.64828 -4.45885
v 1.11669 -2.51761 -6.30153
v 1.26379 -2.29443 -6.23595
v 1.21750 -3.33982 -4.46045
v 1.63995 -1.09632 -4.41283
v 1.40780 -1.69839 -6.06059
v 1.39505 -1.51658 -6.00712
v 1.35790 -1.34213 -5.95581
v 1.29800 -1.17669 -5.90715
v 0.90669 -0.25931 -4.41283
v 0.99131 -0.73955 -5.77845
v 0.64279 -0.49934 -5.70791
v 0.25745 -0.03440 -4.41283
v 0.25745 -0.03440 -4.41283
v 0.64279 -0.49934 -5.70791
v 0.29390 -0.38223 -5.67346
v 0.25745 -0.03440 -4.41283
v 0.29390 -0.38223 -5.67346
v -0.02302 -0.35890 -5.66665
v 2.44152 -0.85293 -4.86348
v 1.27884 -1.15798 -4.46565
v 1.36321 -1.38469 -4.40570
v 2.34125 -0.67079 -4.99931
v 1.17829 -0.98062 -4.60570
v 1.27884 -1.15798 -4.46565
v 2.23923 -0.56448 -5.19593
v 1.07701 -0.88002 -4.80443
v 1.17829 -0.98062 -4.60570
v 2.15129 -0.55040 -5.42277
v 0.99059 -0.87155 -5.03121
v 1.07701 -0.88002 -4.80443
v 2.09096 -0.63014 -5.64449
v 0.92052 -0.98976 -5.30753
v 0.99059 -0.87155 -5.03121
v 2.07088 -0.89536 -5.89785
v 0.91788 -1.26966 -5.52147
v 0.92052 -0.98976 -5.30753
v 2.07088 -0.89536 -5.89785
v 2.10666 -1.13243 -5.97332
v 0.91788 -1.26966 -5.52147
v 2.10666 -1.13243 -5.97332
v 2.17709 -1.37211 -5.96045
v 0.97777 -1.55927 -5.57405
v 2.17709 -1.37211 -5.96045
v 2.27120 -1.58040 -5.86054
v 1.06003 -1.78880 -5.52186
v 2.27120 -1.58040 -5.86054
v 2.37442 -1.72467 -5.68874
v 1.15976 -1.97184 -5.38824
v 2.37442 -1.72467 -5.68874
v 2.47075 -1.78257 -5.47173
v 1.26161 -2.08011 -5.19360
v 2.47075 -1.78257 -5.47173
v 2.54532 -1.74550 -5.24321
v 1.34993 -2.09704 -4.96799
v 2.54532 -1.74550 -5.24321
v 2.58688 -1.61979 -5.03826
v 1.41125 -2.02046 -4.74604
v 2.58688 -1.61979 -5.03826
v 2.58873 -1.43102 -4.89160
v 1.43712 -1.85448 -4.55362
v 2.58873 -1.43102 -4.89160
v 1.41859 -1.62588 -4.43462
v 1.43712 -1.85448 -4.55362
v 1.36321 -1.38469 -4.40570
v 1.27884 -1.15798 -4.46565
v 1.34993 -2.09704 -4.96799
v 1.27884 -1.15798 -4.46565
v 1.17829 -0.98062 -4.60570
v 1.26161 -2.08011 -5.19360
v 1.27884 -1.15798 -4.46565
v 1.26161 -2.08011 -5.19360
v 1.34993 -2.09704 -4.96799
v 1.17829 -0.98062 -4.60570
v 1.07701 -0.88002 -4.80443
v 1.15976 -1.97184 -5.38824
v 1.07701 -0.88002 -4.80443
v 0.99059 -0.87155 -5.03121
v 1.06003 -1.78880 -5.52186
v 1.07701 -0.88002 -4.80443
v 1.06003 -1.78880 -5.52186
v 1.15976 -1.97184 -5.38824
v 0.99059 -0.87155 -5.03121
v 0.92052 -0.98976 -5.30753
v 0.97777 -1.55927 -5.57405
v 0.91788 -1.26966 -5.52147
v 0.97777 -1.55927 -5.57405
v 0.92052 -0.98976 -5.30753
v 0.97777 -1.55927 -5.57405
v 1.06003 -1.78880 -5.52186
v 0.99059 -0.87155 -5.03121
v 1.15976 -1.97184 -5.38824
v 1.26161 -2.08011 -5.19360
v 1.17829 -0.98062 -4.60570
v 1.34993 -2.09704 -4.96799
v 1.41125 -2.02046 -4.74604
v 1.36321 -1.38469 -4.40570
v 1.41125 -2.02046 -4.74604
v 1.43712 -1.85448 -4.55362
v 1.41859 -1.62588 -4.43462
v 2.52453 -1.08250 -4.80929
v 1.36321 -1.38469 -4.40570
v 1.41859 -1.62588 -4.43462
v 3.11906 -2.20688 -4.97826
v 3.16429 -1.95589 -4.67221
v 2.58688 -1.61979 -5.03826
v 3.22271 -0.09723 -6.88105
v 3.23999 -0.32571 -7.00332
v 2.08924 -0.64305 -6.60077
v 2.34125 -0.67079 -4.99931
v 2.63385 -0.03766 -4.68381
v 2.47916 0.13073 -4.97748
v 2.08924 -0.64305 -6.60077
v 2.12692 -0.88848 -6.68056
v 2.10666 -1.13243 -5.97332
v 2.80783 -2.33836 -5.91497
v 2.99180 -2.37031 -5.44237
v 2.47075 -1.78257 -5.47173
v 2.52453 -1.08250 -4.80929
v 3.01942 -0.88680 -4.27146
v 2.84374 -0.41118 -4.39380
v 2.09096 -0.63014 -5.64449
v 2.14510 0.08668 -5.91082
v 2.10044 -0.04256 -6.12677
v 2.44225 -1.84885 -6.54005
v 2.59512 -2.11547 -6.32391
v 2.27120 -1.58040 -5.86054
v 3.16429 -1.95589 -4.67221
v 3.16807 -1.75313 -4.51216
v 2.58873 -1.43102 -4.89160
v 2.23923 -0.56448 -5.19593
v 2.47916 0.13073 -4.97748
v 2.37832 0.19339 -5.20310
v 2.12692 -0.88848 -6.68056
v 2.18355 -1.14141 -6.71479
v 2.10666 -1.13243 -5.97332
v 2.09096 -0.63014 -5.64449
v 2.10044 -0.04256 -6.12677
v 2.07574 -0.21181 -6.31845
v 2.58873 -1.43102 -4.89160
v 3.16807 -1.75313 -4.51216
v 3.15079 -1.52465 -4.38989
v 2.23923 -0.56448 -5.19593
v 2.37832 0.19339 -5.20310
v 2.28676 0.20696 -5.43994
v 2.18355 -1.14141 -6.71479
v 2.25695 -1.39213 -6.70217
v 2.17709 -1.37211 -5.96045
v 2.99180 -2.37031 -5.44237
v 3.11906 -2.20688 -4.97826
v 2.54532 -1.74550 -5.24321
v 2.44152 -0.85293 -4.86348
v 2.84374 -0.41118 -4.39380
v 2.63385 -0.03766 -4.68381
v 2.07055 -0.74762 -5.78676
v 2.07574 -0.21181 -6.31845
v 2.07196 -0.41457 -6.47850
v 2.59512 -2.11547 -6.32391
v 2.80783 -2.33836 -5.91497
v 2.37442 -1.72467 -5.68874
v 2.58873 -1.43102 -4.89160
v 3.15079 -1.52465 -4.38989
v 3.11311 -1.27922 -4.31011
v 2.15129 -0.55040 -5.42277
v 2.28676 0.20696 -5.43994
v 2.20802 0.17093 -5.67891
v 2.25695 -1.39213 -6.70217
v 2.34430 -1.63100 -6.64317
v 2.17709 -1.37211 -5.96045
v 2.07196 -0.41457 -6.47850
v 2.08924 -0.64305 -6.60077
v 2.07088 -0.89536 -5.89785
v 2.56558 -1.25698 -4.82839
v 3.11311 -1.27922 -4.31011
v 3.01942 -0.88680 -4.27146
v 2.15129 -0.55040 -5.42277
v 2.20802 0.17093 -5.67891
v 2.14510 0.08668 -5.91082
v 2.34430 -1.63100 -6.64317
v 2.44225 -1.84885 -6.54005
v 2.27120 -1.58040 -5.86054
v 3.71421 -1.32819 -6.90342
v 3.89892 -1.65255 -6.64509
v 3.69778 -1.71995 -6.79934
v 3.01942 -0.88680 -4.27146
v 4.20723 -0.70894 -4.67842
v 4.13383 -0.45823 -4.69104
v 4.29034 -1.80780 -5.26644
v 4.31504 -1.63855 -5.07476
v 3.16429 -1.95589 -4.67221
v 3.23999 -0.32571 -7.00332
v 3.27767 -0.57113 -7.08310
v 2.12692 -0.88848 -6.68056
v 3.01942 -0.88680 -4.27146
v 4.13383 -0.45823 -4.69104
v 4.04647 -0.21936 -4.75004
v 4.31504 -1.63855 -5.07476
v 4.31882 -1.43578 -4.91471
v 3.16807 -1.75313 -4.51216
v 3.27767 -0.57113 -7.08310
v 3.33429 -0.82407 -7.11734
v 2.18355 -1.14141 -6.71479
v 2.84374 -0.41118 -4.39380
v 4.04647 -0.21936 -4.75004
v 3.94853 -0.00151 -4.85316
v 3.16807 -1.75313 -4.51216
v 4.31882 -1.43578 -4.91471
v 4.30154 -1.20730 -4.79244
v 3.33429 -0.82407 -7.11734
v 3.40769 -1.07478 -7.10472
v 2.25695 -1.39213 -6.70217
v 2.84374 -0.41118 -4.39380
v 3.94853 -0.00151 -4.85316
v 3.84374 0.18694 -4.99642
v 3.15079 -1.52465 -4.38989
v 4.30154 -1.20730 -4.79244
v 4.26386 -0.96188 -4.71265
v 3.40769 -1.07478 -7.10472
v 3.49505 -1.31366 -7.04571
v 2.34430 -1.63100 -6.64317
v 2.63385 -0.03766 -4.68381
v 3.84374 0.18694 -4.99642
v 3.73616 0.33874 -5.17432
v 3.11311 -1.27922 -4.31011
v 4.26386 -0.96188 -4.71265
v 4.20723 -0.70894 -4.67842
v 3.49505 -1.31366 -7.04571
v 3.59300 -1.53150 -6.94260
v 2.44225 -1.84885 -6.54005
v 2.63385 -0.03766 -4.68381
v 3.73616 0.33874 -5.17432
v 3.62990 0.44808 -5.38004
v 3.59300 -1.53150 -6.94260
v 3.69778 -1.71995 -6.79934
v 2.59512 -2.11547 -6.32391
v 2.47916 0.13073 -4.97748
v 3.62990 0.44808 -5.38004
v 3.52906 0.51074 -5.60565
v 3.69778 -1.71995 -6.79934
v 3.80536 -1.87175 -6.62143
v 2.59512 -2.11547 -6.32391
v 2.37832 0.19339 -5.20310
v 3.52906 0.51074 -5.60565
v 3.43751 0.52431 -5.84249
v 3.80536 -1.87175 -6.62143
v 3.91162 -1.98109 -6.41572
v 2.80783 -2.33836 -5.91497
v 2.28676 0.20696 -5.43994
v 3.43751 0.52431 -5.84249
v 3.35876 0.48828 -6.08146
v 3.91162 -1.98109 -6.41572
v 4.01246 -2.04375 -6.19011
v 2.80783 -2.33836 -5.91497
v 2.20802 0.17093 -5.67891
v 3.35876 0.48828 -6.08146
v 3.29584 0.40403 -6.31337
v 4.01246 -2.04375 -6.19011
v 4.10401 -2.05732 -5.95327
v 2.99180 -2.37031 -5.44237
v 2.14510 0.08668 -5.91082
v 3.29584 0.40403 -6.31337
v 3.25118 0.27479 -6.52932
v 4.10401 -2.05732 -5.95327
v 4.18276 -2.02129 -5.71430
v 2.99180 -2.37031 -5.44237
v 2.10044 -0.04256 -6.12677
v 3.25118 0.27479 -6.52932
v 3.22648 0.10554 -6.72100
v 4.18276 -2.02129 -5.71430
v 4.24568 -1.93704 -5.48239
v 3.11906 -2.20688 -4.97826
v 2.07574 -0.21181 -6.31845
v 3.22648 0.10554 -6.72100
v 3.22271 -0.09723 -6.88105
v 4.24568 -1.93704 -5.48239
v 4.29034 -1.80780 -5.26644
v 3.11906 -2.20688 -4.97826
v 4.19649 -0.37668 -4.89977
v 4.32147 -0.81578 -4.88734
v 4.24259 -1.84895 -5.86359
v 4.24259 -1.84895 -5.86359
v 4.32147 -0.81578 -4.88734
v 4.34877 -1.69270 -5.46182
v 4.32147 -0.81578 -4.88734
v 4.38119 -1.22085 -5.02573
v 4.34877 -1.69270 -5.46182
v 4.34877 -1.69270 -5.46182
v 4.38119 -1.22085 -5.02573
v 4.38167 -1.49232 -5.22484
v 4.24259 -1.84895 -5.86359
v 4.08460 -1.83541 -6.27957
v 4.19649 -0.37668 -4.89977
v 4.08460 -1.83541 -6.27957
v 3.89892 -1.65255 -6.64509
v 4.02667 0.01018 -5.07177
v 3.89892 -1.65255 -6.64509
v 3.71421 -1.32819 -6.90342
v 3.83809 0.28421 -5.37771
v 3.71421 -1.32819 -6.90342
v 3.55887 -0.91227 -7.01487
v 3.65986 0.40292 -5.77056
v 3.55887 -0.91227 -7.01487
v 3.45664 -0.46855 -6.96261
v 3.51931 0.34825 -6.18993
v 3.45664 -0.46855 -6.96261
v 3.42597 -0.14379 -6.80520
v 3.43791 0.12881 -6.57164
v 3.43791 0.12881 -6.57164
v 3.51931 0.34825 -6.18993
v 3.45664 -0.46855 -6.96261
v 3.51931 0.34825 -6.18993
v 3.65986 0.40292 -5.77056
v 3.55887 -0.91227 -7.01487
v 3.65986 0.40292 -5.77056
v 3.83809 0.28421 -5.37771
v 3.71421 -1.32819 -6.90342
v 3.83809 0.28421 -5.37771
v 4.02667 0.01018 -5.07177
v 3.89892 -1.65255 -6.64509
v 3.62990 0.44808 -5.38004
v 3.83809 0.28421 -5.37771
v 3.65986 0.40292 -5.77056
v 3.89892 -1.65255 -6.64509
v 4.08460 -1.83541 -6.27957
v 3.91162 -1.98109 -6.41572
v 3.43751 0.52431 -5.84249
v 3.65986 0.40292 -5.77056
v 3.51931 0.34825 -6.18993
v 4.08460 -1.83541 -6.27957
v 4.24259 -1.84895 -5.86359
v 4.10401 -2.05732 -5.95327
v 3.29584 0.40403 -6.31337
v 3.51931 0.34825 -6.18993
v 3.43791 0.12881 -6.57164
v 4.24259 -1.84895 -5.86359
v 4.34877 -1.69270 -5.46182
v 4.24568 -1.93704 -5.48239
v 3.22648 0.10554 -6.72100
v 3.43791 0.12881 -6.57164
v 3.42597 -0.14379 -6.80520
v 3.42597 -0.14379 -6.80520
v 3.45664 -0.46855 -6.96261
v 3.23999 -0.32571 -7.00332
v 4.20723 -0.70894 -4.67842
v 4.32147 -0.81578 -4.88734
v 4.19649 -0.37668 -4.89977
v 4.34877 -1.69270 -5.46182
v 4.38167 -1.49232 -5.22484
v 4.31504 -1.63855 -5.07476
v 4.38167 -1.49232 -5.22484
v 4.38119 -1.22085 -5.02573
v 4.31882 -1.43578 -4.91471
v 3.45664 -0.46855 -6.96261
v 3.55887 -0.91227 -7.01487
v 3.33429 -0.82407 -7.11734
v 4.04647 -0.21936 -4.75004
v 4.19649 -0.37668 -4.89977
v 4.02667 0.01018 -5.07177
v 4.30154 -1.20730 -4.79244
v 4.38119 -1.22085 -5.02573
v 4.32147 -0.81578 -4.88734
v 3.55887 -0.91227 -7.01487
v 3.71421 -1.32819 -6.90342
v 3.49505 -1.31366 -7.04571
v 3.84374 0.18694 -4.99642
v 4.02667 0.01018 -5.07177
v 3.83809 0.28421 -5.37771
v 4.44120 -8.52555 -4.59999
v -0.02396 -8.52557 -4.59998
v -0.02407 -7.17362 -4.59999
v 5.00443 -5.11634 0.34590
v 5.00443 0.69885 0.34590
v 5.00443 0.69885 4.91385
v 5.00443 0.69885 4.91385
v 5.00443 -6.08842 4.91384
v 5.00443 -5.11634 0.34590
v 4.44120 -8.52555 -4.59999
v 5.00443 -7.17362 -4.59999
v 4.44120 -8.52555 0.15693
v 5.00443 -7.17362 -4.59999
v 5.00443 -5.11634 0.34590
v 4.44120 -8.52555 0.15693
v 5.00443 -6.08842 4.91384
v 4.44120 -8.52555 4.91384
v 4.44120 -8.52555 0.15693
v -0.02308 0.69686 4.72666
v -0.02308 -2.57073 4.72666
v -0.02407 0.69885 4.91385
v -0.02407 0.69885 4.91385
v -0.02308 -2.57073 4.72666
v -0.02308 -6.01082 4.72666
v -0.02396 -8.52557 -4.59998
v -0.02308 -6.86583 -4.41281
v -0.02407 -7.17362 -4.59999
v -0.02407 -7.17362 -4.59999
v -0.02308 -6.86583 -4.41281
v 4.45696 -6.86583 -4.41281
v 4.45696 -4.80855 0.15693
v 4.68207 0.69686 0.15693
v 5.00443 0.69885 0.34590
v 4.45696 -6.86583 -4.41281
v 4.45696 -4.80855 0.15693
v 5.00443 -5.11634 0.34590
v 4.68207 -6.01082 -4.41281
v 4.45696 -6.86583 -4.41281
v 4.05992 -5.86739 -4.41285
v 4.28793 -5.09050 -4.41305
v 4.68207 -6.01082 -4.41281
v 4.22745 -5.53128 -4.41297
v 4.45696 -6.86583 -4.41281
v -0.02308 -6.86583 -4.41281
v 2.49218 -6.41718 -4.41281
v -0.02308 -6.86583 -4.41281
v -0.02235 -6.01046 -4.39360
v 1.10479 -5.71802 -4.41281
v 2.49218 -6.41718 -4.41281
v -0.02308 -6.86583 -4.41281
v 1.85001 -6.27706 -4.41281
v -0.02235 -6.01046 -4.39360
v 1.05283 -5.51133 -4.41281
v 1.10479 -5.71802 -4.41281
v 1.10479 -5.71802 -4.41281
v 1.21621 -5.89304 -4.41281
v -0.02308 -6.86583 -4.41281
v 4.22745 -5.53128 -4.41297
v 4.68207 -6.01082 -4.41281
v 4.05992 -5.86739 -4.41285
v 1.21621 -5.89304 -4.41281
v 1.42290 -6.07754 -4.41283
v -0.02308 -6.86583 -4.41281
v 1.42290 -6.07754 -4.41283
v 1.85001 -6.27706 -4.41281
v -0.02308 -6.86583 -4.41281
v 3.79834 -6.11745 -4.41282
v 4.05992 -5.86739 -4.41285
v 4.45696 -6.86583 -4.41281
v 3.46300 -6.28650 -4.41281
v 3.79834 -6.11745 -4.41282
v 4.45696 -6.86583 -4.41281
v 3.05621 -6.38812 -4.41281
v 3.46300 -6.28650 -4.41281
v 4.45696 -6.86583 -4.41281
v 1.32345 -5.76439 -4.36805
v 1.16915 -5.51950 -4.36703
v 1.17642 -5.36054 -4.36809
v 1.17642 -5.36054 -4.36809
v 1.29339 -5.06739 -4.36808
v 1.32345 -5.76439 -4.36805
v 1.29339 -5.06739 -4.36808
v 1.57428 -4.58068 -4.36809
v 1.68648 -5.99165 -4.36809
v 1.29339 -5.06739 -4.36808
v 1.68648 -5.99165 -4.36809
v 1.32345 -5.76439 -4.36805
v 1.57428 -4.58068 -4.36809
v 1.80638 -4.27312 -4.36808
v 1.68648 -5.99165 -4.36809
v 1.68648 -5.99165 -4.36809
v 1.80638 -4.27312 -4.36808
v 2.12853 -6.13214 -4.36809
v 1.80638 -4.27312 -4.36808
v 2.09194 -4.00442 -4.36808
v 2.12853 -6.13214 -4.36809
v 2.09194 -4.00442 -4.36808
v 2.44395 -3.82041 -4.36807
v 2.62220 -6.20167 -4.36809
v 2.44395 -3.82041 -4.36807
v 2.79521 -3.79180 -4.36809
v 2.62220 -6.20167 -4.36809
v 2.79521 -3.79180 -4.36809
v 3.16191 -3.87556 -4.36809
v 3.27214 -6.13018 -4.36808
v 3.16191 -3.87556 -4.36809
v 3.49355 -4.01795 -4.36809
v 3.27214 -6.13018 -4.36808
v 3.49355 -4.01795 -4.36809
v 3.80827 -4.24279 -4.36808
v 3.73756 -5.92656 -4.36808
v 3.49355 -4.01795 -4.36809
v 3.73756 -5.92656 -4.36808
v 3.27214 -6.13018 -4.36808
v 3.80827 -4.24279 -4.36808
v 4.04588 -4.54702 -4.36803
v 3.98069 -5.70770 -4.36806
v 4.04588 -4.54702 -4.36803
v 4.14364 -4.81793 -4.36809
v 4.12356 -5.44389 -4.36801
v 4.14364 -4.81793 -4.36809
v 4.17610 -5.12579 -4.36792
v 4.12356 -5.44389 -4.36801
v 4.12356 -5.44389 -4.36801
v 3.98069 -5.70770 -4.36806
v 4.04588 -4.54702 -4.36803
v 3.98069 -5.70770 -4.36806
v 3.73756 -5.92656 -4.36808
v 3.80827 -4.24279 -4.36808
v 3.27214 -6.13018 -4.36808
v 2.62220 -6.20167 -4.36809
v 2.79521 -3.79180 -4.36809
v 2.62220 -6.20167 -4.36809
v 2.12853 -6.13214 -4.36809
v 2.09194 -4.00442 -4.36808
v 4.22346 -5.22064 -4.54216
v 4.28793 -5.09050 -4.41305
v 4.22745 -5.53128 -4.41297
v 4.17560 -5.48795 -4.54250
v 4.22745 -5.53128 -4.41297
v 4.05992 -5.86739 -4.41285
v 4.02102 -5.78671 -4.54257
v 4.05992 -5.86739 -4.41285
v 3.79834 -6.11745 -4.41282
v 3.76937 -6.02096 -4.54244
v 3.79834 -6.11745 -4.41282
v 3.46300 -6.28650 -4.41281
v 3.43975 -6.18301 -4.54233
v 3.46300 -6.28650 -4.41281
v 3.05621 -6.38812 -4.41281
v 3.05621 -6.38812 -4.41281
v 2.49218 -6.41718 -4.41281
v 2.66966 -6.30966 -4.54278
v 2.49218 -6.41718 -4.41281
v 1.85001 -6.27706 -4.41281
v 1.87494 -6.17379 -4.54238
v 1.85001 -6.27706 -4.41281
v 1.42290 -6.07754 -4.41283
v 1.45284 -5.98155 -4.54276
v 1.42290 -6.07754 -4.41283
v 1.21621 -5.89304 -4.41281
v 1.24500 -5.79822 -4.54216
v 1.21621 -5.89304 -4.41281
v 1.10479 -5.71802 -4.41281
v 1.14834 -5.64639 -4.54216
v 1.10479 -5.71802 -4.41281
v 1.05283 -5.51133 -4.41281
v 1.11001 -5.49395 -4.54216
v 1.11001 -5.49395 -4.54216
v 1.05283 -5.51133 -4.41281
v 1.07296 -5.27075 -4.41281
v 1.12492 -5.31584 -4.54216
v 1.07296 -5.27075 -4.41281
v 1.17934 -4.99029 -4.41281
v 1.17934 -4.99029 -4.41281
v 1.45053 -4.48828 -4.41283
v 1.25311 -4.99159 -4.54075
v 1.45053 -4.48828 -4.41283
v 1.80340 -4.02580 -4.41339
v 1.79272 -4.16269 -4.54228
v 1.80340 -4.02580 -4.41339
v 2.08359 -3.77671 -4.41282
v 2.08905 -3.88967 -4.54231
v 2.08359 -3.77671 -4.41282
v 2.42881 -3.60589 -4.41282
v 2.43637 -3.71385 -4.54452
v 2.43637 -3.71385 -4.54452
v 2.42881 -3.60589 -4.41282
v 2.85969 -3.57387 -4.41282
v 2.85969 -3.57387 -4.41282
v 3.37874 -3.73523 -4.41281
v 3.18655 -3.77279 -4.54224
v 3.37874 -3.73523 -4.41281
v 3.72206 -3.93354 -4.41282
v 3.52463 -3.92157 -4.54236
v 3.72206 -3.93354 -4.41282
v 4.02335 -4.23212 -4.41286
v 3.84628 -4.15743 -4.54255
v 4.02335 -4.23212 -4.41286
v 4.21987 -4.62356 -4.41297
v 4.12657 -4.56518 -4.54216
v 4.19393 -4.77257 -4.54216
v 4.21987 -4.62356 -4.41297
v 4.28793 -5.09050 -4.41305
v 4.17610 -5.12579 -4.36792
v 4.22346 -5.22064 -4.54216
v 4.17560 -5.48795 -4.54250
v 4.12356 -5.44389 -4.36801
v 4.17560 -5.48795 -4.54250
v 4.02102 -5.78671 -4.54257
v 3.98069 -5.70770 -4.36806
v 4.02102 -5.78671 -4.54257
v 3.76937 -6.02096 -4.54244
v 3.73756 -5.92656 -4.36808
v 3.76937 -6.02096 -4.54244
v 3.43975 -6.18301 -4.54233
v 3.27214 -6.13018 -4.36808
v 3.43975 -6.18301 -4.54233
v 3.05226 -6.27752 -4.54125
v 3.05226 -6.27752 -4.54125
v 2.66966 -6.30966 -4.54278
v 2.62220 -6.20167 -4.36809
v 2.62220 -6.20167 -4.36809
v 2.66966 -6.30966 -4.54278
v 2.32268 -6.27872 -4.54135
v 2.32268 -6.27872 -4.54135
v 1.87494 -6.17379 -4.54238
v 2.12853 -6.13214 -4.36809
v 1.87494 -6.17379 -4.54238
v 1.45284 -5.98155 -4.54276
v 1.68648 -5.99165 -4.36809
v 1.45284 -5.98155 -4.54276
v 1.24500 -5.79822 -4.54216
v 1.32345 -5.76439 -4.36805
v 1.24500 -5.79822 -4.54216
v 1.14834 -5.64639 -4.54216
v 1.16915 -5.51950 -4.36703
v 1.14834 -5.64639 -4.54216
v 1.11001 -5.49395 -4.54216
v 1.16915 -5.51950 -4.36703
v 1.16915 -5.51950 -4.36703
v 1.11001 -5.49395 -4.54216
v 1.12492 -5.31584 -4.54216
v 1.17642 -5.36054 -4.36809
v 1.12492 -5.31584 -4.54216
v 1.25311 -4.99159 -4.54075
v 1.25311 -4.99159 -4.54075
v 1.55204 -4.47733 -4.54226
v 1.57428 -4.58068 -4.36809
v 1.55204 -4.47733 -4.54226
v 1.79272 -4.16269 -4.54228
v 1.80638 -4.27312 -4.36808
v 1.79272 -4.16269 -4.54228
v 2.08905 -3.88967 -4.54231
v 2.09194 -4.00442 -4.36808
v 2.08905 -3.88967 -4.54231
v 2.43637 -3.71385 -4.54452
v 2.44395 -3.82041 -4.36807
v 2.44395 -3.82041 -4.36807
v 2.43637 -3.71385 -4.54452
v 2.79748 -3.68148 -4.54099
v 2.79748 -3.68148 -4.54099
v 3.18655 -3.77279 -4.54224
v 3.16191 -3.87556 -4.36809
v 3.18655 -3.77279 -4.54224
v 3.52463 -3.92157 -4.54236
v 3.49355 -4.01795 -4.36809
v 3.52463 -3.92157 -4.54236
v 3.84628 -4.15743 -4.54255
v 3.80827 -4.24279 -4.36808
v 3.84628 -4.15743 -4.54255
v 4.02692 -4.37990 -4.54216
v 4.04588 -4.54702 -4.36803
v 4.02692 -4.37990 -4.54216
v 4.12657 -4.56518 -4.54216
v 4.04588 -4.54702 -4.36803
v 4.12657 -4.56518 -4.54216
v 4.19393 -4.77257 -4.54216
v 4.14364 -4.81793 -4.36809
v 4.14364 -4.81793 -4.36809
v 4.19393 -4.77257 -4.54216
v 4.22606 -5.00758 -4.54216
v 4.17610 -5.12579 -4.36792
v 4.22606 -5.00758 -4.54216
v 4.22346 -5.22064 -4.54216
v 4.44120 -8.52555 0.15693
v 4.44120 -8.52555 4.91384
v 3.81142 -8.79258 4.42157
v 3.81142 -8.79258 4.42157
v 4.44120 -8.52555 4.91384
v -0.02390 -8.52556 4.91384
v -0.02396 -8.52557 -4.59998
v 4.44120 -8.52555 -4.59999
v 4.00003 -8.79258 -4.10772
v 4.00003 -8.79258 -4.10772
v 4.44120 -8.52555 -4.59999
v 4.44120 -8.52555 0.15693
v -0.01653 -8.79258 4.42256
v -0.02390 -8.52556 4.91384
v -0.02396 -8.52557 -4.59998
v -0.02115 1.04440 4.56338
v 4.82365 1.04527 4.56269
v 4.50129 1.04341 0.41774
v 4.82365 1.04527 4.56269
v 4.82365 1.04540 0.60672
v 4.50129 1.04341 0.41774
v 4.50129 1.04341 0.41774
v 4.50129 1.04343 -4.06166
v -0.02116 1.04350 -4.06166
v 4.68207 0.69686 0.15693
v 4.68207 0.69686 -4.41281
v 4.50129 1.04343 -4.06166
v -0.02116 1.04350 -4.06166
v -0.02308 0.69686 -4.41281
v -0.02308 0.69686 4.72666
v 4.50129 1.04343 -4.06166
v 4.68207 0.69686 -4.41281
v -0.02308 0.69686 -4.41281
v -0.02115 1.04440 4.56338
v -0.02407 0.69885 4.91385
v 5.00443 0.69885 4.91385
v 4.82365 1.04527 4.56269
v 5.00443 0.69885 4.91385
v 5.00443 0.69885 0.34590
v -0.02115 1.04440 4.56338
v -0.02308 0.69686 4.72666
v -0.02407 0.69885 4.91385
v 4.82365 1.04540 0.60672
v 5.00443 0.69885 0.34590
v 4.68207 0.69686 0.15693
vt 0.48868 0.07436
vt 0.55135 0.00498
vt 0.65151 0.07508
vt 0.96835 0.21389
vt 0.95449 0.22856
vt 0.90141 0.23320
vt 0.93215 0.99632
vt 0.90377 0.99610
vt 0.90377 0.93769
vt 0.89303 0.68602
vt 0.73963 0.68602
vt 0.74940 0.76425
vt 0.97882 0.04968
vt 0.99589 0.02463
vt 0.99693 0.05191
vt 0.97776 0.02267
vt 0.99486 0.00635
vt 0.99589 0.02463
vt 0.99486 0.01490
vt 0.97949 0.04412
vt 0.97811 0.01307
vt 0.99620 0.04602
vt 0.98023 0.07542
vt 0.97949 0.04412
vt 0.99690 0.07710
vt 0.98023 0.10207
vt 0.98023 0.07542
vt 0.99633 0.01280
vt 0.97924 0.01747
vt 0.97899 0.00981
vt 0.99633 0.01280
vt 0.97936 0.03224
vt 0.97924 0.01747
vt 0.97936 0.03224
vt 0.99655 0.03778
vt 0.97906 0.05578
vt 0.97906 0.05578
vt 0.99601 0.06678
vt 0.97828 0.08042
vt 0.97828 0.08042
vt 0.99504 0.09072
vt 0.97711 0.10254
vt 0.97774 0.00709
vt 0.99679 0.01216
vt 0.97758 0.02479
vt 0.97758 0.02479
vt 0.99661 0.03673
vt 0.97747 0.05177
vt 0.97747 0.05177
vt 0.99656 0.06449
vt 0.97748 0.07951
vt 0.97748 0.07951
vt 0.99662 0.09114
vt 0.97762 0.10372
vt 0.99740 0.10811
vt 0.97942 0.10253
vt 0.99754 0.09149
vt 0.41437 0.79226
vt 0.40720 0.78924
vt 0.41434 0.75076
vt 0.97940 0.07737
vt 0.99740 0.07203
vt 0.99754 0.09149
vt 0.97940 0.07737
vt 0.99693 0.05191
vt 0.99740 0.07203
vt 0.97307 0.03556
vt 0.90345 0.02248
vt 0.97086 0.02363
vt 0.86579 0.07817
vt 0.87716 0.08234
vt 0.87458 0.08680
vt 0.81876 0.06721
vt 0.78908 0.06300
vt 0.81710 0.05825
vt 0.85990 0.08331
vt 0.86923 0.09275
vt 0.86244 0.09762
vt 0.82078 0.04530
vt 0.79426 0.03506
vt 0.79924 0.02705
vt 0.85495 0.08501
vt 0.84716 0.10137
vt 0.85229 0.08482
vt 0.83468 0.03536
vt 0.82133 0.01116
vt 0.83013 0.00926
vt 0.95076 0.08861
vt 0.92988 0.09655
vt 0.95016 0.07935
vt 0.82078 0.04530
vt 0.79083 0.04395
vt 0.79426 0.03506
vt 0.83669 0.08150
vt 0.82529 0.10585
vt 0.83062 0.07979
vt 0.85495 0.08501
vt 0.85334 0.10122
vt 0.85007 0.10160
vt 0.83468 0.03536
vt 0.81304 0.01487
vt 0.82133 0.01116
vt 0.82350 0.07476
vt 0.79426 0.08130
vt 0.81876 0.06721
vt 0.86318 0.08101
vt 0.87458 0.08680
vt 0.86923 0.09275
vt 0.81794 0.05148
vt 0.78908 0.05339
vt 0.79083 0.04395
vt 0.85495 0.08501
vt 0.85686 0.10025
vt 0.85334 0.10122
vt 0.82678 0.03886
vt 0.80558 0.02023
vt 0.81304 0.01487
vt 0.85229 0.08482
vt 0.84374 0.09979
vt 0.85076 0.08394
vt 0.95016 0.07935
vt 0.92916 0.07687
vt 0.95003 0.07010
vt 0.85742 0.08446
vt 0.86244 0.09762
vt 0.85686 0.10025
vt 0.82678 0.03886
vt 0.79924 0.02705
vt 0.80558 0.02023
vt 0.83062 0.07979
vt 0.80558 0.09605
vt 0.82350 0.07476
vt 0.88527 0.05071
vt 0.87414 0.04519
vt 0.88364 0.04201
vt 0.95496 0.06503
vt 0.90421 0.07180
vt 0.90679 0.05723
vt 0.92493 0.00396
vt 0.97363 0.01517
vt 0.92192 0.02218
vt 0.97438 0.04856
vt 0.90566 0.03441
vt 0.97307 0.03556
vt 0.95496 0.06503
vt 0.90243 0.08591
vt 0.90421 0.07180
vt 0.96786 0.01627
vt 0.92287 0.00543
vt 0.97244 0.00534
vt 0.97474 0.06212
vt 0.90697 0.04740
vt 0.97438 0.04856
vt 0.95151 0.09295
vt 0.90153 0.09903
vt 0.90243 0.08591
vt 0.96786 0.01627
vt 0.91397 0.02897
vt 0.91829 0.01636
vt 0.97413 0.07573
vt 0.90733 0.06097
vt 0.97474 0.06212
vt 0.95151 0.09295
vt 0.90154 0.11065
vt 0.90153 0.09903
vt 0.96354 0.02888
vt 0.91009 0.04277
vt 0.91397 0.02897
vt 0.97258 0.08887
vt 0.90672 0.07458
vt 0.97413 0.07573
vt 0.91643 0.09477
vt 0.96427 0.09121
vt 0.96921 0.10502
vt 0.95966 0.04268
vt 0.90679 0.05723
vt 0.91009 0.04277
vt 0.97015 0.10102
vt 0.90517 0.08771
vt 0.97258 0.08887
vt 0.91643 0.09477
vt 0.96010 0.07654
vt 0.96427 0.09121
vt 0.96693 0.11173
vt 0.90274 0.09986
vt 0.97015 0.10102
vt 0.91003 0.07387
vt 0.95688 0.06158
vt 0.96010 0.07654
vt 0.90681 0.05891
vt 0.95472 0.04689
vt 0.95688 0.06158
vt 0.91039 0.07878
vt 0.95626 0.09814
vt 0.90416 0.10443
vt 0.90465 0.04422
vt 0.95371 0.03305
vt 0.95472 0.04689
vt 0.90363 0.03038
vt 0.95388 0.02058
vt 0.95371 0.03305
vt 0.91663 0.04987
vt 0.96261 0.07111
vt 0.91039 0.07878
vt 0.90381 0.01791
vt 0.95524 0.00997
vt 0.95388 0.02058
vt 0.96410 0.00475
vt 0.90042 0.01207
vt 0.89669 0.00360
vt 0.92192 0.02218
vt 0.96870 0.04198
vt 0.91663 0.04987
vt 0.96783 0.01323
vt 0.90345 0.02248
vt 0.90042 0.01207
vt 0.85192 0.01325
vt 0.86763 0.01889
vt 0.82635 0.01573
vt 0.80038 0.04093
vt 0.81284 0.03797
vt 0.80744 0.05147
vt 0.88527 0.05964
vt 0.87599 0.05955
vt 0.88527 0.05071
vt 0.88362 0.06846
vt 0.87599 0.05955
vt 0.88527 0.05964
vt 0.80926 0.02564
vt 0.82266 0.02764
vt 0.81284 0.03797
vt 0.88036 0.07687
vt 0.87244 0.07372
vt 0.88362 0.06846
vt 0.87558 0.08453
vt 0.87244 0.07372
vt 0.88036 0.07687
vt 0.82285 0.01489
vt 0.83527 0.02204
vt 0.82266 0.02764
vt 0.86943 0.09116
vt 0.86412 0.08546
vt 0.87558 0.08453
vt 0.86211 0.09649
vt 0.86412 0.08546
vt 0.86943 0.09116
vt 0.83900 0.01023
vt 0.84605 0.02134
vt 0.83527 0.02204
vt 0.85386 0.10027
vt 0.85255 0.09300
vt 0.86211 0.09649
vt 0.85533 0.01211
vt 0.84605 0.02134
vt 0.84725 0.01038
vt 0.81134 0.09053
vt 0.81254 0.07940
vt 0.82202 0.08944
vt 0.84492 0.10231
vt 0.85255 0.09300
vt 0.85386 0.10027
vt 0.86298 0.01545
vt 0.85632 0.02451
vt 0.85533 0.01211
vt 0.83555 0.10240
vt 0.84352 0.09538
vt 0.84492 0.10231
vt 0.86989 0.02031
vt 0.85632 0.02451
vt 0.86298 0.01545
vt 0.80133 0.07590
vt 0.80735 0.06605
vt 0.81254 0.07940
vt 0.87579 0.02652
vt 0.86719 0.03287
vt 0.86989 0.02031
vt 0.82649 0.10013
vt 0.82202 0.08944
vt 0.83362 0.09460
vt 0.88043 0.03384
vt 0.86719 0.03287
vt 0.87579 0.02652
vt 0.79756 0.05852
vt 0.80744 0.05147
vt 0.80735 0.06605
vt 0.88364 0.04201
vt 0.87414 0.04519
vt 0.88043 0.03384
vt 0.91098 0.98069
vt 0.78348 0.99354
vt 0.78348 0.98069
vt 0.99650 0.93897
vt 0.99685 0.79493
vt 0.88041 0.85313
vt 0.67543 0.39518
vt 0.45259 0.38868
vt 0.56684 0.38872
vt 0.91098 0.98069
vt 0.79165 0.97773
vt 0.91096 0.97773
vt 0.94091 0.82200
vt 0.99661 0.86902
vt 0.99428 0.87547
vt 0.93983 0.81989
vt 0.98958 0.86068
vt 0.98443 0.86886
vt 0.88302 0.54692
vt 0.90539 0.54787
vt 0.83434 0.56899
vt 0.95653 0.47914
vt 0.96123 0.49194
vt 0.95533 0.50934
vt 0.84115 0.48581
vt 0.84121 0.49924
vt 0.83892 0.47998
vt 0.84324 0.49736
vt 0.84769 0.51412
vt 0.84121 0.49924
vt 0.84923 0.51056
vt 0.85794 0.52529
vt 0.84769 0.51412
vt 0.85909 0.52102
vt 0.87113 0.53286
vt 0.85794 0.52529
vt 0.87205 0.52829
vt 0.88716 0.53738
vt 0.87113 0.53286
vt 0.90238 0.53402
vt 0.88716 0.53738
vt 0.88731 0.53254
vt 0.93368 0.52787
vt 0.90936 0.53816
vt 0.91605 0.53261
vt 0.95028 0.51916
vt 0.93467 0.53244
vt 0.93368 0.52787
vt 0.95852 0.51144
vt 0.95146 0.52343
vt 0.95028 0.51916
vt 0.96233 0.50470
vt 0.95966 0.51561
vt 0.95852 0.51144
vt 0.96384 0.49794
vt 0.96405 0.50785
vt 0.96233 0.50470
vt 0.96384 0.49794
vt 0.96530 0.48800
vt 0.96610 0.49867
vt 0.96326 0.49003
vt 0.96110 0.47557
vt 0.96530 0.48800
vt 0.94638 0.45295
vt 0.94659 0.44444
vt 0.95810 0.47590
vt 0.93688 0.43907
vt 0.95025 0.45375
vt 0.94638 0.45295
vt 0.92521 0.42707
vt 0.93648 0.43291
vt 0.93688 0.43907
vt 0.91155 0.41936
vt 0.92543 0.42201
vt 0.92521 0.42707
vt 0.91155 0.41936
vt 0.89492 0.41343
vt 0.91185 0.41448
vt 0.88202 0.42171
vt 0.89492 0.41343
vt 0.89735 0.41782
vt 0.86872 0.42840
vt 0.87446 0.42003
vt 0.88202 0.42171
vt 0.85609 0.43898
vt 0.86095 0.42893
vt 0.86872 0.42840
vt 0.84890 0.44850
vt 0.84915 0.44230
vt 0.85609 0.43898
vt 0.84497 0.45672
vt 0.84915 0.44230
vt 0.84890 0.44850
vt 0.84232 0.46592
vt 0.84153 0.45963
vt 0.84497 0.45672
vt 0.84232 0.46592
vt 0.83892 0.47998
vt 0.84153 0.45963
vt 0.84325 0.48151
vt 0.84324 0.49736
vt 0.84115 0.48581
vt 0.84526 0.49538
vt 0.84923 0.51056
vt 0.84324 0.49736
vt 0.85081 0.50701
vt 0.85909 0.52102
vt 0.84923 0.51056
vt 0.86034 0.51677
vt 0.87205 0.52829
vt 0.85909 0.52102
vt 0.87869 0.52522
vt 0.88731 0.53254
vt 0.87205 0.52829
vt 0.90425 0.52894
vt 0.88731 0.53254
vt 0.87869 0.52522
vt 0.90425 0.52894
vt 0.91605 0.53261
vt 0.90238 0.53402
vt 0.92370 0.52600
vt 0.91605 0.53261
vt 0.90425 0.52894
vt 0.94110 0.51964
vt 0.93368 0.52787
vt 0.92370 0.52600
vt 0.95533 0.50934
vt 0.95028 0.51916
vt 0.94110 0.51964
vt 0.96125 0.49869
vt 0.95852 0.51144
vt 0.95533 0.50934
vt 0.96125 0.49869
vt 0.96326 0.49003
vt 0.96384 0.49794
vt 0.96123 0.49194
vt 0.95810 0.47590
vt 0.96326 0.49003
vt 0.94551 0.45745
vt 0.95810 0.47590
vt 0.95653 0.47914
vt 0.93635 0.44389
vt 0.94638 0.45295
vt 0.94551 0.45745
vt 0.92510 0.43206
vt 0.93688 0.43907
vt 0.93635 0.44389
vt 0.91124 0.42409
vt 0.92521 0.42707
vt 0.92510 0.43206
vt 0.91124 0.42409
vt 0.89735 0.41782
vt 0.91155 0.41936
vt 0.88299 0.42619
vt 0.89735 0.41782
vt 0.89744 0.42259
vt 0.86994 0.43259
vt 0.88202 0.42171
vt 0.88299 0.42619
vt 0.85758 0.44268
vt 0.86872 0.42840
vt 0.86994 0.43259
vt 0.84832 0.45625
vt 0.85609 0.43898
vt 0.85758 0.44268
vt 0.84430 0.46786
vt 0.84497 0.45672
vt 0.84832 0.45625
vt 0.84430 0.46786
vt 0.84105 0.47635
vt 0.84232 0.46592
vt 0.84325 0.48151
vt 0.84115 0.48581
vt 0.84105 0.47635
vt 0.94331 0.98625
vt 0.89064 0.98854
vt 0.89072 0.98610
vt 0.94331 0.98625
vt 0.94930 0.94774
vt 0.94930 0.98870
vt 0.76845 0.99239
vt 0.96694 0.98102
vt 0.96866 0.99239
vt 0.83812 0.98596
vt 0.89064 0.98854
vt 0.83198 0.98837
vt 0.36020 0.37818
vt 0.36907 0.06856
vt 0.36908 0.39507
vt 0.22626 0.34941
vt 0.31000 0.34941
vt 0.27101 0.42382
vt 0.75100 0.66256
vt 0.89303 0.68602
vt 0.90137 0.66256
vt 0.68686 0.08715
vt 0.67536 0.38876
vt 0.67536 0.07509
vt 0.85563 0.38344
vt 0.91328 0.24861
vt 0.85888 0.39095
vt 0.82179 0.98275
vt 0.95747 0.98198
vt 0.81949 0.98544
vt 0.94980 0.97954
vt 0.95747 0.95133
vt 0.95747 0.98198
vt 0.78768 0.91165
vt 0.79592 0.91942
vt 0.79595 0.91959
vt 0.94098 0.81715
vt 0.94534 0.81766
vt 0.94091 0.82200
vt 0.56684 0.38872
vt 0.65151 0.07508
vt 0.48868 0.07436
vt 0.90377 0.93769
vt 0.90377 0.99610
vt 0.93215 0.99632
vt 0.89303 0.68602
vt 0.91566 0.86709
vt 0.74940 0.76425
vt 0.99864 0.35834
vt 0.99864 0.22147
vt 0.98244 0.22292
vt 0.99589 0.02463
vt 0.97882 0.04968
vt 0.99693 0.05191
vt 0.99486 0.00635
vt 0.97776 0.02267
vt 0.99589 0.02463
vt 0.97949 0.04412
vt 0.99486 0.01490
vt 0.97811 0.01307
vt 0.98023 0.07542
vt 0.99620 0.04602
vt 0.97949 0.04412
vt 0.98023 0.10207
vt 0.99690 0.07710
vt 0.98023 0.07542
vt 0.97924 0.01747
vt 0.99633 0.01280
vt 0.97899 0.00981
vt 0.97936 0.03224
vt 0.99633 0.01280
vt 0.97924 0.01747
vt 0.97906 0.05578
vt 0.99601 0.06678
vt 0.99655 0.03778
vt 0.97828 0.08042
vt 0.99504 0.09072
vt 0.99601 0.06678
vt 0.97711 0.10254
vt 0.99404 0.10719
vt 0.99504 0.09072
vt 0.97758 0.02479
vt 0.99661 0.03673
vt 0.99679 0.01216
vt 0.97747 0.05177
vt 0.99656 0.06449
vt 0.99661 0.03673
vt 0.97748 0.07951
vt 0.99662 0.09114
vt 0.99656 0.06449
vt 0.97762 0.10372
vt 0.99676 0.10902
vt 0.99662 0.09114
vt 0.39864 0.77599
vt 0.40168 0.78352
vt 0.40168 0.75957
vt 0.99740 0.07203
vt 0.97940 0.07737
vt 0.99754 0.09149
vt 0.99693 0.05191
vt 0.97940 0.07737
vt 0.99740 0.07203
vt 0.90345 0.02248
vt 0.97307 0.03556
vt 0.97086 0.02363
vt 0.86579 0.07817
vt 0.87716 0.08234
vt 0.86710 0.07591
vt 0.78908 0.06300
vt 0.81876 0.06721
vt 0.81710 0.05825
vt 0.85990 0.08331
vt 0.86923 0.09275
vt 0.86318 0.08101
vt 0.84716 0.10137
vt 0.85495 0.08501
vt 0.85229 0.08482
vt 0.92988 0.09655
vt 0.95076 0.08861
vt 0.95016 0.07935
vt 0.82078 0.04530
vt 0.79083 0.04395
vt 0.81794 0.05148
vt 0.82529 0.10585
vt 0.83669 0.08150
vt 0.83062 0.07979
vt 0.83468 0.03536
vt 0.81304 0.01487
vt 0.82678 0.03886
vt 0.79426 0.08130
vt 0.82350 0.07476
vt 0.81876 0.06721
vt 0.86318 0.08101
vt 0.87458 0.08680
vt 0.86579 0.07817
vt 0.81794 0.05148
vt 0.78908 0.05339
vt 0.81710 0.05825
vt 0.85495 0.08501
vt 0.85686 0.10025
vt 0.85742 0.08446
vt 0.84374 0.09979
vt 0.85229 0.08482
vt 0.85076 0.08394
vt 0.92916 0.07687
vt 0.95016 0.07935
vt 0.95003 0.07010
vt 0.85742 0.08446
vt 0.86244 0.09762
vt 0.85990 0.08331
vt 0.82678 0.03886
vt 0.79924 0.02705
vt 0.82078 0.04530
vt 0.80558 0.09605
vt 0.83062 0.07979
vt 0.82350 0.07476
vt 0.87414 0.04519
vt 0.88527 0.05071
vt 0.88364 0.04201
vt 0.97363 0.01517
vt 0.92493 0.00396
vt 0.92192 0.02218
vt 0.90566 0.03441
vt 0.97438 0.04856
vt 0.97307 0.03556
vt 0.95496 0.06503
vt 0.90243 0.08591
vt 0.95151 0.09295
vt 0.92287 0.00543
vt 0.96786 0.01627
vt 0.97244 0.00534
vt 0.90697 0.04740
vt 0.97474 0.06212
vt 0.97438 0.04856
vt 0.96786 0.01627
vt 0.91397 0.02897
vt 0.96354 0.02888
vt 0.90733 0.06097
vt 0.97413 0.07573
vt 0.97474 0.06212
vt 0.95151 0.09295
vt 0.90154 0.11065
vt 0.95111 0.11056
vt 0.96354 0.02888
vt 0.91009 0.04277
vt 0.95966 0.04268
vt 0.90672 0.07458
vt 0.97258 0.08887
vt 0.97413 0.07573
vt 0.95966 0.04268
vt 0.90679 0.05723
vt 0.95496 0.06503
vt 0.90517 0.08771
vt 0.97015 0.10102
vt 0.97258 0.08887
vt 0.91643 0.09477
vt 0.96010 0.07654
vt 0.91003 0.07387
vt 0.90274 0.09986
vt 0.96693 0.11173
vt 0.97015 0.10102
vt 0.91003 0.07387
vt 0.95688 0.06158
vt 0.90681 0.05891
vt 0.90681 0.05891
vt 0.95472 0.04689
vt 0.90465 0.04422
vt 0.95626 0.09814
vt 0.91039 0.07878
vt 0.90416 0.10443
vt 0.90465 0.04422
vt 0.95371 0.03305
vt 0.90363 0.03038
vt 0.90363 0.03038
vt 0.95388 0.02058
vt 0.90381 0.01791
vt 0.96261 0.07111
vt 0.91663 0.04987
vt 0.91039 0.07878
vt 0.90381 0.01791
vt 0.95524 0.00997
vt 0.90516 0.00730
vt 0.96410 0.00475
vt 0.90042 0.01207
vt 0.96783 0.01323
vt 0.96870 0.04198
vt 0.92192 0.02218
vt 0.91663 0.04987
vt 0.96783 0.01323
vt 0.90345 0.02248
vt 0.97086 0.02363
vt 0.88750 0.04569
vt 0.88046 0.03031
vt 0.80038 0.03895
vt 0.80038 0.04093
vt 0.81284 0.03797
vt 0.80413 0.03285
vt 0.87599 0.05955
vt 0.88527 0.05964
vt 0.88527 0.05071
vt 0.80413 0.03285
vt 0.81284 0.03797
vt 0.80926 0.02564
vt 0.87599 0.05955
vt 0.88362 0.06846
vt 0.88527 0.05964
vt 0.80926 0.02564
vt 0.82266 0.02764
vt 0.81559 0.01958
vt 0.87244 0.07372
vt 0.88036 0.07687
vt 0.88362 0.06846
vt 0.81559 0.01958
vt 0.82266 0.02764
vt 0.82285 0.01489
vt 0.87244 0.07372
vt 0.87558 0.08453
vt 0.88036 0.07687
vt 0.82285 0.01489
vt 0.83527 0.02204
vt 0.83076 0.01174
vt 0.86412 0.08546
vt 0.86943 0.09116
vt 0.87558 0.08453
vt 0.83076 0.01174
vt 0.83527 0.02204
vt 0.83900 0.01023
vt 0.86412 0.08546
vt 0.86211 0.09649
vt 0.86943 0.09116
vt 0.83900 0.01023
vt 0.84605 0.02134
vt 0.84725 0.01038
vt 0.85255 0.09300
vt 0.85386 0.10027
vt 0.86211 0.09649
vt 0.84605 0.02134
vt 0.85533 0.01211
vt 0.84725 0.01038
vt 0.81134 0.09053
vt 0.81254 0.07940
vt 0.80561 0.08371
vt 0.85255 0.09300
vt 0.84492 0.10231
vt 0.85386 0.10027
vt 0.85632 0.02451
vt 0.86298 0.01545
vt 0.85533 0.01211
vt 0.80561 0.08371
vt 0.81254 0.07940
vt 0.80133 0.07590
vt 0.84352 0.09538
vt 0.83555 0.10240
vt 0.84492 0.10231
vt 0.85632 0.02451
vt 0.86989 0.02031
vt 0.86298 0.01545
vt 0.80133 0.07590
vt 0.80735 0.06605
vt 0.79862 0.06740
vt 0.83555 0.10240
vt 0.83362 0.09460
vt 0.82649 0.10013
vt 0.86719 0.03287
vt 0.87579 0.02652
vt 0.86989 0.02031
vt 0.79862 0.06740
vt 0.80735 0.06605
vt 0.79756 0.05852
vt 0.82649 0.10013
vt 0.82202 0.08944
vt 0.81837 0.09609
vt 0.86719 0.03287
vt 0.88043 0.03384
vt 0.87579 0.02652
vt 0.79756 0.05852
vt 0.80744 0.05147
vt 0.79816 0.04959
vt 0.81837 0.09609
vt 0.82202 0.08944
vt 0.81134 0.09053
vt 0.87414 0.04519
vt 0.88364 0.04201
vt 0.88043 0.03384
vt 0.79816 0.04959
vt 0.80744 0.05147
vt 0.80038 0.04093
vt 0.78348 0.99354
vt 0.91098 0.98069
vt 0.78348 0.98069
vt 0.88041 0.85313
vt 0.99650 0.93897
vt 0.87573 0.99548
vt 0.67543 0.39518
vt 0.45259 0.38868
vt 0.36908 0.39507
vt 0.91098 0.98069
vt 0.79165 0.97773
vt 0.78348 0.98069
vt 0.99661 0.86902
vt 0.94091 0.82200
vt 0.99428 0.87547
vt 0.98958 0.86068
vt 0.93983 0.81989
vt 0.98443 0.86886
vt 0.83434 0.56899
vt 0.90539 0.54787
vt 0.88302 0.54692
vt 0.84115 0.48581
vt 0.84121 0.49924
vt 0.84324 0.49736
vt 0.84324 0.49736
vt 0.84769 0.51412
vt 0.84923 0.51056
vt 0.84923 0.51056
vt 0.85794 0.52529
vt 0.85909 0.52102
vt 0.85909 0.52102
vt 0.87113 0.53286
vt 0.87205 0.52829
vt 0.87205 0.52829
vt 0.88716 0.53738
vt 0.88731 0.53254
vt 0.88716 0.53738
vt 0.90238 0.53402
vt 0.88731 0.53254
vt 0.90238 0.53402
vt 0.90936 0.53816
vt 0.91605 0.53261
vt 0.90936 0.53816
vt 0.93368 0.52787
vt 0.91605 0.53261
vt 0.93467 0.53244
vt 0.95028 0.51916
vt 0.93368 0.52787
vt 0.95146 0.52343
vt 0.95852 0.51144
vt 0.95028 0.51916
vt 0.95966 0.51561
vt 0.96233 0.50470
vt 0.95852 0.51144
vt 0.96405 0.50785
vt 0.96384 0.49794
vt 0.96233 0.50470
vt 0.96384 0.49794
vt 0.96530 0.48800
vt 0.96326 0.49003
vt 0.96326 0.49003
vt 0.96110 0.47557
vt 0.95810 0.47590
vt 0.94659 0.44444
vt 0.94638 0.45295
vt 0.95810 0.47590
vt 0.95025 0.45375
vt 0.93688 0.43907
vt 0.94638 0.45295
vt 0.93648 0.43291
vt 0.92521 0.42707
vt 0.93688 0.43907
vt 0.92543 0.42201
vt 0.91155 0.41936
vt 0.92521 0.42707
vt 0.91155 0.41936
vt 0.89492 0.41343
vt 0.89735 0.41782
vt 0.89492 0.41343
vt 0.88202 0.42171
vt 0.89735 0.41782
vt 0.87446 0.42003
vt 0.86872 0.42840
vt 0.88202 0.42171
vt 0.86095 0.42893
vt 0.85609 0.43898
vt 0.86872 0.42840
vt 0.84915 0.44230
vt 0.84890 0.44850
vt 0.85609 0.43898
vt 0.84915 0.44230
vt 0.84497 0.45672
vt 0.84890 0.44850
vt 0.84153 0.45963
vt 0.84232 0.46592
vt 0.84497 0.45672
vt 0.84232 0.46592
vt 0.83892 0.47998
vt 0.84105 0.47635
vt 0.84105 0.47635
vt 0.83892 0.47998
vt 0.84115 0.48581
vt 0.84325 0.48151
vt 0.84324 0.49736
vt 0.84526 0.49538
vt 0.84526 0.49538
vt 0.84923 0.51056
vt 0.85081 0.50701
vt 0.85081 0.50701
vt 0.85909 0.52102
vt 0.86034 0.51677
vt 0.86034 0.51677
vt 0.87205 0.52829
vt 0.87869 0.52522
vt 0.88731 0.53254
vt 0.90425 0.52894
vt 0.87869 0.52522
vt 0.91605 0.53261
vt 0.92370 0.52600
vt 0.90425 0.52894
vt 0.93368 0.52787
vt 0.94110 0.51964
vt 0.92370 0.52600
vt 0.95028 0.51916
vt 0.95533 0.50934
vt 0.94110 0.51964
vt 0.95852 0.51144
vt 0.96125 0.49869
vt 0.95533 0.50934
vt 0.96125 0.49869
vt 0.96326 0.49003
vt 0.96123 0.49194
vt 0.96123 0.49194
vt 0.95810 0.47590
vt 0.95653 0.47914
vt 0.95810 0.47590
vt 0.94551 0.45745
vt 0.95653 0.47914
vt 0.94638 0.45295
vt 0.93635 0.44389
vt 0.94551 0.45745
vt 0.93688 0.43907
vt 0.92510 0.43206
vt 0.93635 0.44389
vt 0.92521 0.42707
vt 0.91124 0.42409
vt 0.92510 0.43206
vt 0.91124 0.42409
vt 0.89735 0.41782
vt 0.89744 0.42259
vt 0.89735 0.41782
vt 0.88299 0.42619
vt 0.89744 0.42259
vt 0.88202 0.42171
vt 0.86994 0.43259
vt 0.88299 0.42619
vt 0.86872 0.42840
vt 0.85758 0.44268
vt 0.86994 0.43259
vt 0.85609 0.43898
vt 0.84832 0.45625
vt 0.85758 0.44268
vt 0.84497 0.45672
vt 0.84430 0.46786
vt 0.84832 0.45625
vt 0.84430 0.46786
vt 0.84105 0.47635
vt 0.84325 0.48151
vt 0.89064 0.98854
vt 0.94331 0.98625
vt 0.89072 0.98610
vt 0.94331 0.98625
vt 0.94930 0.94774
vt 0.94331 0.94737
vt 0.96694 0.98102
vt 0.76845 0.99239
vt 0.96866 0.99239
vt 0.83812 0.98596
vt 0.89064 0.98854
vt 0.89072 0.98610
vt 0.36020 0.37818
vt 0.36907 0.06856
vt 0.36020 0.08545
vt 0.22626 0.34941
vt 0.27101 0.42382
vt 0.31000 0.34941
vt 0.89303 0.68602
vt 0.75100 0.66256
vt 0.90137 0.66256
vt 0.68686 0.08715
vt 0.67536 0.38876
vt 0.68686 0.38318
vt 0.85563 0.38344
vt 0.91328 0.24861
vt 0.90791 0.24663
vt 0.82179 0.98275
vt 0.95747 0.98198
vt 0.94980 0.97954
vt 0.94980 0.97954
vt 0.95747 0.95133
vt 0.94980 0.95300
vt 0.94098 0.81715
vt 0.94534 0.81766
vt 0.94542 0.81281
vt 0.56684 0.38872
vt 0.45259 0.38868
vt 0.48868 0.07436
vt 0.45259 0.38868
vt 0.36908 0.39507
vt 0.42419 0.07500
vt 0.45260 0.07567
vt 0.45259 0.38868
vt 0.42419 0.07500
vt 0.36908 0.39507
vt 0.36907 0.06856
vt 0.42419 0.07500
vt 0.67536 0.07509
vt 0.67536 0.38876
vt 0.65151 0.07508
vt 0.67536 0.38876
vt 0.56684 0.38872
vt 0.65151 0.07508
vt 0.45259 0.38868
vt 0.45260 0.07567
vt 0.48868 0.07436
vt 0.55135 0.00498
vt 0.64026 0.03204
vt 0.65151 0.07508
vt 0.56684 0.38872
vt 0.48868 0.07436
vt 0.65151 0.07508
vt 0.99679 0.46684
vt 0.99669 0.52587
vt 0.97527 0.44339
vt 0.99669 0.52587
vt 0.96255 0.49949
vt 0.97527 0.44339
vt 0.96255 0.49949
vt 0.96175 0.48640
vt 0.97527 0.44339
vt 0.96175 0.48640
vt 0.95752 0.47118
vt 0.97527 0.44339
vt 0.96597 0.41139
vt 0.97052 0.42640
vt 0.94659 0.44444
vt 0.97052 0.42640
vt 0.97527 0.44339
vt 0.95752 0.47118
vt 0.96153 0.39823
vt 0.96597 0.41139
vt 0.94659 0.44444
vt 0.94831 0.35540
vt 0.95604 0.38139
vt 0.93271 0.41890
vt 0.93271 0.41890
vt 0.95604 0.38139
vt 0.94659 0.44444
vt 0.95604 0.38139
vt 0.96153 0.39823
vt 0.94659 0.44444
vt 0.96110 0.47557
vt 0.94659 0.44444
vt 0.97052 0.42640
vt 0.94329 0.34519
vt 0.94831 0.35540
vt 0.93271 0.41890
vt 0.93671 0.32408
vt 0.94329 0.34519
vt 0.92158 0.40554
vt 0.94329 0.34519
vt 0.93271 0.41890
vt 0.92158 0.40554
vt 0.93406 0.30297
vt 0.93671 0.32408
vt 0.90790 0.39632
vt 0.93671 0.32408
vt 0.92158 0.40554
vt 0.90790 0.39632
vt 0.93522 0.27819
vt 0.93406 0.30297
vt 0.89084 0.39503
vt 0.93406 0.30297
vt 0.90790 0.39632
vt 0.89084 0.39503
vt 0.93924 0.25940
vt 0.93522 0.27819
vt 0.90141 0.23320
vt 0.93522 0.27819
vt 0.89084 0.39503
vt 0.90141 0.23320
vt 0.94542 0.24400
vt 0.93924 0.25940
vt 0.90141 0.23320
vt 0.89084 0.39503
vt 0.87023 0.40312
vt 0.90141 0.23320
vt 0.90141 0.23320
vt 0.87023 0.40312
vt 0.84923 0.36155
vt 0.87023 0.40312
vt 0.85662 0.41402
vt 0.84923 0.36155
vt 0.85662 0.41402
vt 0.84473 0.43041
vt 0.84923 0.36155
vt 0.83706 0.45165
vt 0.83443 0.47658
vt 0.81676 0.50077
vt 0.90141 0.23320
vt 0.99867 0.17972
vt 0.96835 0.21389
vt 0.83706 0.45165
vt 0.81676 0.50077
vt 0.84923 0.36155
vt 0.99867 0.17972
vt 0.99872 0.20118
vt 0.99413 0.20166
vt 0.84473 0.43041
vt 0.83706 0.45165
vt 0.84923 0.36155
vt 0.99867 0.17972
vt 0.99413 0.20166
vt 0.98504 0.20421
vt 0.99867 0.17972
vt 0.98504 0.20421
vt 0.97642 0.20833
vt 0.95449 0.22856
vt 0.94542 0.24400
vt 0.90141 0.23320
vt 0.99867 0.17972
vt 0.97642 0.20833
vt 0.96835 0.21389
vt 0.99683 0.78098
vt 0.99685 0.93922
vt 0.93538 0.78098
vt 0.99685 0.93922
vt 0.99685 0.99604
vt 0.93539 0.99604
vt 0.93538 0.78098
vt 0.99685 0.93922
vt 0.93539 0.99604
vt 0.90377 0.93769
vt 0.96053 0.93813
vt 0.93215 0.99632
vt 0.96053 0.93813
vt 0.96053 0.99654
vt 0.93215 0.99632
vt 0.74940 0.76425
vt 0.75970 0.84662
vt 0.91566 0.86709
vt 0.75970 0.84662
vt 0.76225 0.86709
vt 0.91566 0.86709
vt 0.91566 0.86709
vt 0.89303 0.68602
vt 0.74940 0.76425
vt 0.98242 0.35689
vt 0.96119 0.34926
vt 0.99864 0.35834
vt 0.96119 0.34926
vt 0.95323 0.34416
vt 0.94678 0.24108
vt 0.99864 0.35834
vt 0.96119 0.34926
vt 0.96461 0.22890
vt 0.95323 0.34416
vt 0.94636 0.33837
vt 0.94678 0.24108
vt 0.94636 0.33837
vt 0.94032 0.33178
vt 0.94678 0.24108
vt 0.94032 0.33178
vt 0.93290 0.32015
vt 0.93553 0.25482
vt 0.93290 0.32015
vt 0.92797 0.30812
vt 0.93103 0.26323
vt 0.92797 0.30812
vt 0.92607 0.29920
vt 0.92797 0.27169
vt 0.93103 0.26323
vt 0.92797 0.30812
vt 0.92797 0.27169
vt 0.92607 0.29920
vt 0.92541 0.28990
vt 0.92607 0.28060
vt 0.92607 0.28060
vt 0.92797 0.27169
vt 0.92607 0.29920
vt 0.93103 0.26323
vt 0.93553 0.25482
vt 0.93290 0.32015
vt 0.93553 0.25482
vt 0.94678 0.24108
vt 0.94032 0.33178
vt 0.94678 0.24108
vt 0.96461 0.22890
vt 0.96119 0.34926
vt 0.96461 0.22890
vt 0.98244 0.22292
vt 0.99864 0.35834
vt 0.98244 0.22292
vt 0.99864 0.22147
vt 0.99864 0.35834
vt 0.99872 0.45192
vt 0.95996 0.42934
vt 0.96119 0.34926
vt 0.95996 0.42934
vt 0.95385 0.41346
vt 0.96119 0.34926
vt 0.98242 0.35689
vt 0.99864 0.35834
vt 0.99872 0.45192
vt 0.95385 0.41346
vt 0.94797 0.39944
vt 0.95323 0.34416
vt 0.95323 0.34416
vt 0.94797 0.39944
vt 0.94636 0.33837
vt 0.94225 0.38715
vt 0.93518 0.37141
vt 0.94032 0.33178
vt 0.94797 0.39944
vt 0.94225 0.38715
vt 0.94636 0.33837
vt 0.94636 0.33837
vt 0.94225 0.38715
vt 0.94032 0.33178
vt 0.96119 0.34926
vt 0.98242 0.35689
vt 0.99872 0.45192
vt 0.93518 0.37141
vt 0.93290 0.32015
vt 0.94032 0.33178
vt 0.92521 0.34713
vt 0.91874 0.33760
vt 0.92797 0.30812
vt 0.91874 0.33760
vt 0.91025 0.31788
vt 0.92607 0.29920
vt 0.92521 0.34713
vt 0.92797 0.30812
vt 0.93290 0.32015
vt 0.93518 0.37141
vt 0.92521 0.34713
vt 0.93290 0.32015
vt 0.95323 0.34416
vt 0.96119 0.34926
vt 0.95385 0.41346
vt 0.91025 0.31788
vt 0.90684 0.29816
vt 0.92541 0.28990
vt 0.92607 0.29920
vt 0.91025 0.31788
vt 0.92541 0.28990
vt 0.90684 0.29816
vt 0.90833 0.27501
vt 0.92541 0.28990
vt 0.90833 0.27501
vt 0.91352 0.25746
vt 0.92541 0.28990
vt 0.91352 0.25746
vt 0.92148 0.24307
vt 0.92607 0.28060
vt 0.92148 0.24307
vt 0.93318 0.22865
vt 0.92607 0.28060
vt 0.93318 0.22865
vt 0.95105 0.21495
vt 0.92797 0.27169
vt 0.95105 0.21495
vt 0.96145 0.20975
vt 0.93103 0.26323
vt 0.93103 0.26323
vt 0.96145 0.20975
vt 0.93553 0.25482
vt 0.96145 0.20975
vt 0.97256 0.20591
vt 0.93553 0.25482
vt 0.97256 0.20591
vt 0.98428 0.20352
vt 0.94678 0.24108
vt 0.98428 0.20352
vt 0.99872 0.20118
vt 0.99864 0.22147
vt 0.97256 0.20591
vt 0.94678 0.24108
vt 0.93553 0.25482
vt 0.93318 0.22865
vt 0.92797 0.27169
vt 0.92607 0.28060
vt 0.92797 0.30812
vt 0.91874 0.33760
vt 0.92607 0.29920
vt 0.92607 0.28060
vt 0.92541 0.28990
vt 0.91352 0.25746
vt 0.93103 0.26323
vt 0.92797 0.27169
vt 0.95105 0.21495
vt 0.96461 0.22890
vt 0.94678 0.24108
vt 0.98428 0.20352
vt 0.98244 0.22292
vt 0.96461 0.22890
vt 0.98428 0.20352
vt 0.99864 0.22147
vt 0.98244 0.22292
vt 0.98428 0.20352
vt 0.97882 0.04968
vt 0.97776 0.02267
vt 0.99589 0.02463
vt 0.97776 0.02267
vt 0.97681 0.00607
vt 0.99486 0.00635
vt 0.99486 0.01490
vt 0.99620 0.04602
vt 0.97949 0.04412
vt 0.99620 0.04602
vt 0.99690 0.07710
vt 0.98023 0.07542
vt 0.99690 0.07710
vt 0.99686 0.10334
vt 0.98023 0.10207
vt 0.99633 0.01280
vt 0.99655 0.03778
vt 0.97936 0.03224
vt 0.97906 0.05578
vt 0.99655 0.03778
vt 0.99601 0.06678
vt 0.97828 0.08042
vt 0.99601 0.06678
vt 0.99504 0.09072
vt 0.97711 0.10254
vt 0.99504 0.09072
vt 0.99404 0.10719
vt 0.97758 0.02479
vt 0.99679 0.01216
vt 0.99661 0.03673
vt 0.97747 0.05177
vt 0.99661 0.03673
vt 0.99656 0.06449
vt 0.97748 0.07951
vt 0.99656 0.06449
vt 0.99662 0.09114
vt 0.97762 0.10372
vt 0.99662 0.09114
vt 0.99676 0.10902
vt 0.97942 0.10253
vt 0.97940 0.07737
vt 0.99754 0.09149
vt 0.40720 0.78924
vt 0.40168 0.78352
vt 0.40718 0.75383
vt 0.40718 0.75383
vt 0.40168 0.78352
vt 0.40168 0.75957
vt 0.40168 0.78352
vt 0.39864 0.77599
vt 0.40168 0.75957
vt 0.39858 0.76745
vt 0.40168 0.75957
vt 0.39864 0.77599
vt 0.40718 0.75383
vt 0.41434 0.75076
vt 0.40720 0.78924
vt 0.41434 0.75076
vt 0.42205 0.75088
vt 0.41437 0.79226
vt 0.41437 0.79226
vt 0.42205 0.75088
vt 0.42208 0.79208
vt 0.42205 0.75088
vt 0.42912 0.75416
vt 0.42208 0.79208
vt 0.42912 0.75416
vt 0.43445 0.76009
vt 0.42914 0.78874
vt 0.42914 0.78874
vt 0.43445 0.76009
vt 0.43536 0.78076
vt 0.43445 0.76009
vt 0.43730 0.76948
vt 0.43536 0.78076
vt 0.42914 0.78874
vt 0.42208 0.79208
vt 0.42912 0.75416
vt 0.97940 0.07737
vt 0.97882 0.04968
vt 0.99693 0.05191
vt 0.85229 0.08482
vt 0.84716 0.10137
vt 0.84374 0.09979
vt 0.97307 0.03556
vt 0.90566 0.03441
vt 0.90345 0.02248
vt 0.86579 0.07817
vt 0.86710 0.07591
vt 0.87716 0.08234
vt 0.81876 0.06721
vt 0.79083 0.07243
vt 0.78908 0.06300
vt 0.95016 0.07935
vt 0.92988 0.09655
vt 0.92916 0.07687
vt 0.85990 0.08331
vt 0.86318 0.08101
vt 0.86923 0.09275
vt 0.83062 0.07979
vt 0.82529 0.10585
vt 0.81304 0.10136
vt 0.85495 0.08501
vt 0.85007 0.10160
vt 0.84716 0.10137
vt 0.81876 0.06721
vt 0.79426 0.08130
vt 0.79083 0.07243
vt 0.82078 0.04530
vt 0.81794 0.05148
vt 0.79083 0.04395
vt 0.83468 0.03536
vt 0.82678 0.03886
vt 0.81304 0.01487
vt 0.82350 0.07476
vt 0.79924 0.08927
vt 0.79426 0.08130
vt 0.95076 0.08861
vt 0.93105 0.11112
vt 0.92988 0.09655
vt 0.86318 0.08101
vt 0.86579 0.07817
vt 0.87458 0.08680
vt 0.81794 0.05148
vt 0.81710 0.05825
vt 0.78908 0.05339
vt 0.95003 0.07010
vt 0.92916 0.07687
vt 0.92924 0.06339
vt 0.85495 0.08501
vt 0.85742 0.08446
vt 0.85686 0.10025
vt 0.82350 0.07476
vt 0.80558 0.09605
vt 0.79924 0.08927
vt 0.81710 0.05825
vt 0.78908 0.06300
vt 0.78908 0.05339
vt 0.85742 0.08446
vt 0.85990 0.08331
vt 0.86244 0.09762
vt 0.82678 0.03886
vt 0.82078 0.04530
vt 0.79924 0.02705
vt 0.83062 0.07979
vt 0.81304 0.10136
vt 0.80558 0.09605
vt 0.88527 0.05071
vt 0.87599 0.05955
vt 0.87414 0.04519
vt 0.92493 0.00396
vt 0.97541 0.00394
vt 0.97363 0.01517
vt 0.97438 0.04856
vt 0.90697 0.04740
vt 0.90566 0.03441
vt 0.95496 0.06503
vt 0.95151 0.09295
vt 0.90243 0.08591
vt 0.96786 0.01627
vt 0.91829 0.01636
vt 0.92287 0.00543
vt 0.97474 0.06212
vt 0.90733 0.06097
vt 0.90697 0.04740
vt 0.96786 0.01627
vt 0.96354 0.02888
vt 0.91397 0.02897
vt 0.97413 0.07573
vt 0.90672 0.07458
vt 0.90733 0.06097
vt 0.95151 0.09295
vt 0.95111 0.11056
vt 0.90154 0.11065
vt 0.96354 0.02888
vt 0.95966 0.04268
vt 0.91009 0.04277
vt 0.97258 0.08887
vt 0.90517 0.08771
vt 0.90672 0.07458
vt 0.95966 0.04268
vt 0.95496 0.06503
vt 0.90679 0.05723
vt 0.97015 0.10102
vt 0.90274 0.09986
vt 0.90517 0.08771
vt 0.91643 0.09477
vt 0.91003 0.07387
vt 0.96010 0.07654
vt 0.96693 0.11173
vt 0.89952 0.11057
vt 0.90274 0.09986
vt 0.91003 0.07387
vt 0.90681 0.05891
vt 0.95688 0.06158
vt 0.90416 0.10443
vt 0.95626 0.09814
vt 0.95331 0.10954
vt 0.90681 0.05891
vt 0.90465 0.04422
vt 0.95472 0.04689
vt 0.91039 0.07878
vt 0.95940 0.08516
vt 0.95626 0.09814
vt 0.90465 0.04422
vt 0.90363 0.03038
vt 0.95371 0.03305
vt 0.91039 0.07878
vt 0.96261 0.07111
vt 0.95940 0.08516
vt 0.90363 0.03038
vt 0.90381 0.01791
vt 0.95388 0.02058
vt 0.91663 0.04987
vt 0.96574 0.05653
vt 0.96261 0.07111
vt 0.90381 0.01791
vt 0.90516 0.00730
vt 0.95524 0.00997
vt 0.91663 0.04987
vt 0.96870 0.04198
vt 0.96574 0.05653
vt 0.96410 0.00475
vt 0.96783 0.01323
vt 0.90042 0.01207
vt 0.92192 0.02218
vt 0.97136 0.02801
vt 0.96870 0.04198
vt 0.96783 0.01323
vt 0.97086 0.02363
vt 0.90345 0.02248
vt 0.92192 0.02218
vt 0.97363 0.01517
vt 0.97136 0.02801
vt 0.86763 0.01889
vt 0.88046 0.03031
vt 0.81103 0.02495
vt 0.88046 0.03031
vt 0.88750 0.04569
vt 0.80038 0.03895
vt 0.88750 0.04569
vt 0.88760 0.06265
vt 0.79615 0.05557
vt 0.88760 0.06265
vt 0.88071 0.07855
vt 0.79902 0.07223
vt 0.88071 0.07855
vt 0.86794 0.09091
vt 0.80854 0.08633
vt 0.86794 0.09091
vt 0.85130 0.09789
vt 0.82319 0.09572
vt 0.85130 0.09789
vt 0.83696 0.09908
vt 0.82319 0.09572
vt 0.82319 0.09572
vt 0.80854 0.08633
vt 0.86794 0.09091
vt 0.80854 0.08633
vt 0.79902 0.07223
vt 0.88071 0.07855
vt 0.79902 0.07223
vt 0.79615 0.05557
vt 0.88760 0.06265
vt 0.79615 0.05557
vt 0.80038 0.03895
vt 0.88750 0.04569
vt 0.80038 0.03895
vt 0.81103 0.02495
vt 0.88046 0.03031
vt 0.81103 0.02495
vt 0.82635 0.01573
vt 0.86763 0.01889
vt 0.82635 0.01573
vt 0.83851 0.01265
vt 0.85192 0.01325
vt 0.80038 0.04093
vt 0.80413 0.03285
vt 0.81284 0.03797
vt 0.80413 0.03285
vt 0.80926 0.02564
vt 0.81284 0.03797
vt 0.88362 0.06846
vt 0.87244 0.07372
vt 0.87599 0.05955
vt 0.80926 0.02564
vt 0.81559 0.01958
vt 0.82266 0.02764
vt 0.81559 0.01958
vt 0.82285 0.01489
vt 0.82266 0.02764
vt 0.87558 0.08453
vt 0.86412 0.08546
vt 0.87244 0.07372
vt 0.82285 0.01489
vt 0.83076 0.01174
vt 0.83527 0.02204
vt 0.83076 0.01174
vt 0.83900 0.01023
vt 0.83527 0.02204
vt 0.86211 0.09649
vt 0.85255 0.09300
vt 0.86412 0.08546
vt 0.83900 0.01023
vt 0.84725 0.01038
vt 0.84605 0.02134
vt 0.85533 0.01211
vt 0.85632 0.02451
vt 0.84605 0.02134
vt 0.81134 0.09053
vt 0.80561 0.08371
vt 0.81254 0.07940
vt 0.84492 0.10231
vt 0.84352 0.09538
vt 0.85255 0.09300
vt 0.80561 0.08371
vt 0.80133 0.07590
vt 0.81254 0.07940
vt 0.83555 0.10240
vt 0.83362 0.09460
vt 0.84352 0.09538
vt 0.86989 0.02031
vt 0.86719 0.03287
vt 0.85632 0.02451
vt 0.80133 0.07590
vt 0.79862 0.06740
vt 0.80735 0.06605
vt 0.83555 0.10240
vt 0.82649 0.10013
vt 0.83362 0.09460
vt 0.79862 0.06740
vt 0.79756 0.05852
vt 0.80735 0.06605
vt 0.82649 0.10013
vt 0.81837 0.09609
vt 0.82202 0.08944
vt 0.88043 0.03384
vt 0.87414 0.04519
vt 0.86719 0.03287
vt 0.79756 0.05852
vt 0.79816 0.04959
vt 0.80744 0.05147
vt 0.81837 0.09609
vt 0.81134 0.09053
vt 0.82202 0.08944
vt 0.79816 0.04959
vt 0.80038 0.04093
vt 0.80744 0.05147
vt 0.91098 0.98069
vt 0.91098 0.99354
vt 0.78348 0.99354
vt 0.88041 0.85313
vt 0.75456 0.89679
vt 0.87573 0.99548
vt 0.75456 0.89679
vt 0.75479 0.99548
vt 0.87573 0.99548
vt 0.87573 0.99548
vt 0.99667 0.99548
vt 0.99650 0.93897
vt 0.88072 0.79493
vt 0.88041 0.85313
vt 0.99685 0.79493
vt 0.87573 0.99548
vt 0.99650 0.93897
vt 0.88041 0.85313
vt 0.67543 0.39518
vt 0.56684 0.38872
vt 0.67536 0.38876
vt 0.67543 0.39518
vt 0.36908 0.39507
vt 0.45259 0.38868
vt 0.41397 0.06857
vt 0.42419 0.07500
vt 0.36907 0.06856
vt 0.91098 0.98069
vt 0.78348 0.98069
vt 0.79165 0.97773
vt 0.94091 0.82200
vt 0.94534 0.81766
vt 0.99661 0.86902
vt 0.93983 0.81989
vt 0.94837 0.81544
vt 0.98958 0.86068
vt 0.83434 0.56899
vt 0.81676 0.50077
vt 0.84327 0.51841
vt 0.81676 0.50077
vt 0.83443 0.47658
vt 0.83673 0.50018
vt 0.99669 0.52587
vt 0.99764 0.55795
vt 0.96049 0.51073
vt 0.99764 0.55795
vt 0.83434 0.56899
vt 0.90539 0.54787
vt 0.96049 0.51073
vt 0.96255 0.49949
vt 0.99669 0.52587
vt 0.95607 0.52024
vt 0.96049 0.51073
vt 0.99764 0.55795
vt 0.81676 0.50077
vt 0.83673 0.50018
vt 0.84327 0.51841
vt 0.94781 0.52982
vt 0.95607 0.52024
vt 0.99764 0.55795
vt 0.93089 0.54086
vt 0.94781 0.52982
vt 0.99764 0.55795
vt 0.83434 0.56899
vt 0.84327 0.51841
vt 0.85359 0.53210
vt 0.90539 0.54787
vt 0.93089 0.54086
vt 0.99764 0.55795
vt 0.83434 0.56899
vt 0.85359 0.53210
vt 0.86688 0.54138
vt 0.83434 0.56899
vt 0.86688 0.54138
vt 0.88302 0.54692
vt 0.96125 0.49869
vt 0.95533 0.50934
vt 0.96123 0.49194
vt 0.95533 0.50934
vt 0.94110 0.51964
vt 0.95653 0.47914
vt 0.94110 0.51964
vt 0.92370 0.52600
vt 0.93635 0.44389
vt 0.92370 0.52600
vt 0.90425 0.52894
vt 0.92510 0.43206
vt 0.90425 0.52894
vt 0.87869 0.52522
vt 0.89744 0.42259
vt 0.89744 0.42259
vt 0.87869 0.52522
vt 0.88299 0.42619
vt 0.87869 0.52522
vt 0.86034 0.51677
vt 0.86994 0.43259
vt 0.86994 0.43259
vt 0.86034 0.51677
vt 0.85758 0.44268
vt 0.86034 0.51677
vt 0.85081 0.50701
vt 0.85758 0.44268
vt 0.85081 0.50701
vt 0.84526 0.49538
vt 0.84832 0.45625
vt 0.84832 0.45625
vt 0.84526 0.49538
vt 0.84430 0.46786
vt 0.84325 0.48151
vt 0.84430 0.46786
vt 0.84526 0.49538
vt 0.84832 0.45625
vt 0.85758 0.44268
vt 0.85081 0.50701
vt 0.86994 0.43259
vt 0.88299 0.42619
vt 0.87869 0.52522
vt 0.89744 0.42259
vt 0.91124 0.42409
vt 0.90425 0.52894
vt 0.91124 0.42409
vt 0.92510 0.43206
vt 0.90425 0.52894
vt 0.92510 0.43206
vt 0.93635 0.44389
vt 0.92370 0.52600
vt 0.93635 0.44389
vt 0.94551 0.45745
vt 0.94110 0.51964
vt 0.94551 0.45745
vt 0.95653 0.47914
vt 0.94110 0.51964
vt 0.84115 0.48581
vt 0.84324 0.49736
vt 0.84121 0.49924
vt 0.84324 0.49736
vt 0.84923 0.51056
vt 0.84769 0.51412
vt 0.84923 0.51056
vt 0.85909 0.52102
vt 0.85794 0.52529
vt 0.85909 0.52102
vt 0.87205 0.52829
vt 0.87113 0.53286
vt 0.87205 0.52829
vt 0.88731 0.53254
vt 0.88716 0.53738
vt 0.90238 0.53402
vt 0.90936 0.53816
vt 0.88716 0.53738
vt 0.90238 0.53402
vt 0.91605 0.53261
vt 0.90936 0.53816
vt 0.93368 0.52787
vt 0.93467 0.53244
vt 0.90936 0.53816
vt 0.95028 0.51916
vt 0.95146 0.52343
vt 0.93467 0.53244
vt 0.95852 0.51144
vt 0.95966 0.51561
vt 0.95146 0.52343
vt 0.96233 0.50470
vt 0.96405 0.50785
vt 0.95966 0.51561
vt 0.96384 0.49794
vt 0.96610 0.49867
vt 0.96405 0.50785
vt 0.96384 0.49794
vt 0.96326 0.49003
vt 0.96530 0.48800
vt 0.96326 0.49003
vt 0.95810 0.47590
vt 0.96110 0.47557
vt 0.95810 0.47590
vt 0.94659 0.44444
vt 0.96110 0.47557
vt 0.93688 0.43907
vt 0.93648 0.43291
vt 0.95025 0.45375
vt 0.92521 0.42707
vt 0.92543 0.42201
vt 0.93648 0.43291
vt 0.91155 0.41936
vt 0.91185 0.41448
vt 0.92543 0.42201
vt 0.91155 0.41936
vt 0.89735 0.41782
vt 0.89492 0.41343
vt 0.88202 0.42171
vt 0.87446 0.42003
vt 0.89492 0.41343
vt 0.86872 0.42840
vt 0.86095 0.42893
vt 0.87446 0.42003
vt 0.85609 0.43898
vt 0.84915 0.44230
vt 0.86095 0.42893
vt 0.84497 0.45672
vt 0.84153 0.45963
vt 0.84915 0.44230
vt 0.84232 0.46592
vt 0.84105 0.47635
vt 0.83892 0.47998
vt 0.84105 0.47635
vt 0.84115 0.48581
vt 0.83892 0.47998
vt 0.84325 0.48151
vt 0.84526 0.49538
vt 0.84324 0.49736
vt 0.84526 0.49538
vt 0.85081 0.50701
vt 0.84923 0.51056
vt 0.85081 0.50701
vt 0.86034 0.51677
vt 0.85909 0.52102
vt 0.86034 0.51677
vt 0.87869 0.52522
vt 0.87205 0.52829
vt 0.90425 0.52894
vt 0.90238 0.53402
vt 0.88731 0.53254
vt 0.92370 0.52600
vt 0.93368 0.52787
vt 0.91605 0.53261
vt 0.94110 0.51964
vt 0.95028 0.51916
vt 0.93368 0.52787
vt 0.95533 0.50934
vt 0.95852 0.51144
vt 0.95028 0.51916
vt 0.96125 0.49869
vt 0.96233 0.50470
vt 0.95852 0.51144
vt 0.96125 0.49869
vt 0.96384 0.49794
vt 0.96233 0.50470
vt 0.96125 0.49869
vt 0.96123 0.49194
vt 0.96326 0.49003
vt 0.96123 0.49194
vt 0.95653 0.47914
vt 0.95810 0.47590
vt 0.94551 0.45745
vt 0.94638 0.45295
vt 0.95810 0.47590
vt 0.93635 0.44389
vt 0.93688 0.43907
vt 0.94638 0.45295
vt 0.92510 0.43206
vt 0.92521 0.42707
vt 0.93688 0.43907
vt 0.91124 0.42409
vt 0.91155 0.41936
vt 0.92521 0.42707
vt 0.91124 0.42409
vt 0.89744 0.42259
vt 0.89735 0.41782
vt 0.88299 0.42619
vt 0.88202 0.42171
vt 0.89735 0.41782
vt 0.86994 0.43259
vt 0.86872 0.42840
vt 0.88202 0.42171
vt 0.85758 0.44268
vt 0.85609 0.43898
vt 0.86872 0.42840
vt 0.84832 0.45625
vt 0.84890 0.44850
vt 0.85609 0.43898
vt 0.84832 0.45625
vt 0.84497 0.45672
vt 0.84890 0.44850
vt 0.84430 0.46786
vt 0.84232 0.46592
vt 0.84497 0.45672
vt 0.84430 0.46786
vt 0.84325 0.48151
vt 0.84105 0.47635
vt 0.94331 0.98625
vt 0.94930 0.98870
vt 0.89064 0.98854
vt 0.94331 0.98625
vt 0.94331 0.94737
vt 0.94930 0.94774
vt 0.76845 0.99239
vt 0.75600 0.98102
vt 0.96694 0.98102
vt 0.83812 0.98596
vt 0.89072 0.98610
vt 0.89064 0.98854
vt 0.36020 0.37818
vt 0.36020 0.08545
vt 0.36907 0.06856
vt 0.31000 0.34941
vt 0.31449 0.42382
vt 0.27101 0.42382
vt 0.27101 0.42382
vt 0.26950 0.42912
vt 0.23109 0.42912
vt 0.23109 0.42912
vt 0.22626 0.34941
vt 0.27101 0.42382
vt 0.75100 0.66256
vt 0.73963 0.68602
vt 0.89303 0.68602
vt 0.68686 0.08715
vt 0.68686 0.38318
vt 0.67536 0.38876
vt 0.85563 0.38344
vt 0.90791 0.24663
vt 0.91328 0.24861
vt 0.82179 0.98275
vt 0.94980 0.97954
vt 0.95747 0.98198
vt 0.94980 0.97954
vt 0.94980 0.95300
vt 0.95747 0.95133
vt 0.94098 0.81715
vt 0.94542 0.81281
vt 0.94534 0.81766
vt 0.36908 0.39507
vt 0.45259 0.38868
vt 0.42419 0.07500
vt 0.45259 0.38868
vt 0.56684 0.38872
vt 0.48868 0.07436
vt 0.36908 0.39507
vt 0.42419 0.07500
vt 0.36907 0.06856
vt 0.56684 0.38872
vt 0.67536 0.38876
vt 0.65151 0.07508
vt 0.67536 0.38876
vt 0.67536 0.07509
vt 0.65151 0.07508
vt 0.65151 0.07508
vt 0.64026 0.03204
vt 0.55135 0.00498
vt 0.45260 0.07567
vt 0.45259 0.38868
vt 0.48868 0.07436
vt 0.45260 0.07567
vt 0.42419 0.07500
vt 0.45259 0.38868
vt 0.65151 0.07508
vt 0.55135 0.00498
vt 0.48868 0.07436
vt 0.96255 0.49949
vt 0.99669 0.52587
vt 0.97527 0.44339
vt 0.99669 0.52587
vt 0.99679 0.46684
vt 0.97527 0.44339
vt 0.96175 0.48640
vt 0.96255 0.49949
vt 0.97527 0.44339
vt 0.97527 0.44339
vt 0.97052 0.42640
vt 0.95752 0.47118
vt 0.97052 0.42640
vt 0.96597 0.41139
vt 0.94659 0.44444
vt 0.95752 0.47118
vt 0.96175 0.48640
vt 0.97527 0.44339
vt 0.97052 0.42640
vt 0.94659 0.44444
vt 0.95752 0.47118
vt 0.96597 0.41139
vt 0.96153 0.39823
vt 0.94659 0.44444
vt 0.95604 0.38139
vt 0.94831 0.35540
vt 0.93271 0.41890
vt 0.95604 0.38139
vt 0.94659 0.44444
vt 0.96153 0.39823
vt 0.94659 0.44444
vt 0.95604 0.38139
vt 0.93271 0.41890
vt 0.94831 0.35540
vt 0.94329 0.34519
vt 0.93271 0.41890
vt 0.94329 0.34519
vt 0.93671 0.32408
vt 0.92158 0.40554
vt 0.93271 0.41890
vt 0.94329 0.34519
vt 0.92158 0.40554
vt 0.93671 0.32408
vt 0.93406 0.30297
vt 0.90790 0.39632
vt 0.92158 0.40554
vt 0.93671 0.32408
vt 0.90790 0.39632
vt 0.93406 0.30297
vt 0.93522 0.27819
vt 0.89085 0.39503
vt 0.90790 0.39632
vt 0.93406 0.30297
vt 0.89085 0.39503
vt 0.93522 0.27819
vt 0.93924 0.25940
vt 0.90141 0.23320
vt 0.93522 0.27819
vt 0.90141 0.23320
vt 0.89085 0.39503
vt 0.93924 0.25940
vt 0.94542 0.24400
vt 0.90141 0.23320
vt 0.87023 0.40312
vt 0.89085 0.39503
vt 0.90141 0.23320
vt 0.85662 0.41402
vt 0.87023 0.40312
vt 0.84923 0.36155
vt 0.87023 0.40312
vt 0.90141 0.23320
vt 0.84923 0.36155
vt 0.84473 0.43041
vt 0.85662 0.41402
vt 0.84923 0.36155
vt 0.99867 0.17972
vt 0.90141 0.23320
vt 0.96835 0.21389
vt 0.96835 0.21389
vt 0.90141 0.23320
vt 0.95449 0.22856
vt 0.84923 0.36155
vt 0.81676 0.50077
vt 0.83706 0.45165
vt 0.81676 0.50077
vt 0.83443 0.47658
vt 0.83706 0.45165
vt 0.99413 0.20166
vt 0.99872 0.20118
vt 0.99867 0.17972
vt 0.98504 0.20421
vt 0.99413 0.20166
vt 0.99867 0.17972
vt 0.84923 0.36155
vt 0.83706 0.45165
vt 0.84473 0.43041
vt 0.97642 0.20833
vt 0.98504 0.20421
vt 0.99867 0.17972
vt 0.96835 0.21389
vt 0.97642 0.20833
vt 0.99867 0.17972
vt 0.94542 0.24400
vt 0.95449 0.22856
vt 0.90141 0.23320
vt 0.99685 0.99604
vt 0.99685 0.93922
vt 0.93539 0.99604
vt 0.99685 0.93922
vt 0.99683 0.78098
vt 0.93539 0.99604
vt 0.93538 0.78098
vt 0.93539 0.99604
vt 0.99683 0.78098
vt 0.96053 0.99654
vt 0.96053 0.93813
vt 0.93215 0.99632
vt 0.96053 0.93813
vt 0.90377 0.93769
vt 0.93215 0.99632
vt 0.76225 0.86709
vt 0.75970 0.84662
vt 0.91566 0.86709
vt 0.75970 0.84662
vt 0.74940 0.76425
vt 0.91566 0.86709
vt 0.74940 0.76425
vt 0.73963 0.68602
vt 0.89303 0.68602
vt 0.96119 0.34926
vt 0.98242 0.35689
vt 0.99864 0.35834
vt 0.95323 0.34416
vt 0.96119 0.34926
vt 0.96461 0.22890
vt 0.94032 0.33178
vt 0.94636 0.33837
vt 0.94678 0.24108
vt 0.94636 0.33837
vt 0.95323 0.34416
vt 0.94678 0.24108
vt 0.93290 0.32015
vt 0.94032 0.33178
vt 0.93553 0.25482
vt 0.93103 0.26323
vt 0.93290 0.32015
vt 0.93553 0.25482
vt 0.92607 0.29920
vt 0.92797 0.30812
vt 0.92797 0.27169
vt 0.92797 0.30812
vt 0.93290 0.32015
vt 0.93103 0.26323
vt 0.92607 0.28060
vt 0.92541 0.28990
vt 0.92607 0.29920
vt 0.93103 0.26323
vt 0.92797 0.27169
vt 0.92797 0.30812
vt 0.92797 0.27169
vt 0.92607 0.28060
vt 0.92607 0.29920
vt 0.94678 0.24108
vt 0.93553 0.25482
vt 0.94032 0.33178
vt 0.96461 0.22890
vt 0.94678 0.24108
vt 0.95323 0.34416
vt 0.99864 0.35834
vt 0.96461 0.22890
vt 0.96119 0.34926
vt 0.98244 0.22292
vt 0.96461 0.22890
vt 0.99864 0.35834
vt 0.98428 0.20352
vt 0.97256 0.20591
vt 0.94678 0.24108
vt 0.97256 0.20591
vt 0.96145 0.20975
vt 0.93553 0.25482
vt 0.94678 0.24108
vt 0.97256 0.20591
vt 0.93553 0.25482
vt 0.96145 0.20975
vt 0.95105 0.21495
vt 0.93103 0.26323
vt 0.95105 0.21495
vt 0.93318 0.22865
vt 0.92797 0.27169
vt 0.96145 0.20975
vt 0.93103 0.26323
vt 0.93553 0.25482
vt 0.93318 0.22865
vt 0.92148 0.24307
vt 0.92607 0.28060
vt 0.92797 0.27169
vt 0.93318 0.22865
vt 0.92607 0.28060
vt 0.92148 0.24307
vt 0.91352 0.25746
vt 0.92607 0.28060
vt 0.91352 0.25746
vt 0.90833 0.27501
vt 0.92541 0.28990
vt 0.90833 0.27501
vt 0.90684 0.29816
vt 0.92541 0.28990
vt 0.90684 0.29816
vt 0.91025 0.31788
vt 0.92541 0.28990
vt 0.92541 0.28990
vt 0.91025 0.31788
vt 0.92607 0.29920
vt 0.91025 0.31788
vt 0.91874 0.33760
vt 0.92607 0.29920
vt 0.91874 0.33760
vt 0.92521 0.34713
vt 0.92797 0.30812
vt 0.93518 0.37141
vt 0.94225 0.38715
vt 0.94032 0.33178
vt 0.94225 0.38715
vt 0.94797 0.39944
vt 0.94636 0.33837
vt 0.92797 0.30812
vt 0.92521 0.34713
vt 0.93290 0.32015
vt 0.92521 0.34713
vt 0.93518 0.37141
vt 0.93290 0.32015
vt 0.99864 0.22147
vt 0.99872 0.20118
vt 0.98428 0.20352
vt 0.92607 0.29920
vt 0.91874 0.33760
vt 0.92797 0.30812
vt 0.94797 0.39944
vt 0.95385 0.41346
vt 0.95323 0.34416
vt 0.95385 0.41346
vt 0.95996 0.42934
vt 0.96119 0.34926
vt 0.95996 0.42934
vt 0.99872 0.45192
vt 0.96119 0.34926
vt 0.99872 0.45192
vt 0.99864 0.35834
vt 0.98242 0.35689
vt 0.99872 0.45192
vt 0.98242 0.35689
vt 0.96119 0.34926
vt 0.96119 0.34926
vt 0.95323 0.34416
vt 0.95385 0.41346
vt 0.95323 0.34416
vt 0.94636 0.33837
vt 0.94797 0.39944
vt 0.94636 0.33837
vt 0.94032 0.33178
vt 0.94225 0.38715
vt 0.94032 0.33178
vt 0.93290 0.32015
vt 0.93518 0.37141
vt 0.91352 0.25746
vt 0.92541 0.28990
vt 0.92607 0.28060
vt 0.92797 0.27169
vt 0.93103 0.26323
vt 0.95105 0.21495
vt 0.94678 0.24108
vt 0.96461 0.22890
vt 0.98428 0.20352
vt 0.98428 0.20352
vt 0.96461 0.22890
vt 0.98244 0.22292
vt 0.98428 0.20352
vt 0.98244 0.22292
vt 0.99864 0.22147
vt 0.99589 0.02463
vt 0.97776 0.02267
vt 0.97882 0.04968
vt 0.99486 0.00635
vt 0.97681 0.00607
vt 0.97776 0.02267
vt 0.97949 0.04412
vt 0.99620 0.04602
vt 0.99486 0.01490
vt 0.98023 0.07542
vt 0.99690 0.07710
vt 0.99620 0.04602
vt 0.98023 0.10207
vt 0.99686 0.10334
vt 0.99690 0.07710
vt 0.97936 0.03224
vt 0.99655 0.03778
vt 0.99633 0.01280
vt 0.97936 0.03224
vt 0.97906 0.05578
vt 0.99655 0.03778
vt 0.97906 0.05578
vt 0.97828 0.08042
vt 0.99601 0.06678
vt 0.97828 0.08042
vt 0.97711 0.10254
vt 0.99504 0.09072
vt 0.97774 0.00709
vt 0.97758 0.02479
vt 0.99679 0.01216
vt 0.97758 0.02479
vt 0.97747 0.05177
vt 0.99661 0.03673
vt 0.97747 0.05177
vt 0.97748 0.07951
vt 0.99656 0.06449
vt 0.97748 0.07951
vt 0.97762 0.10372
vt 0.99662 0.09114
vt 0.99740 0.10811
vt 0.99754 0.09149
vt 0.97942 0.10253
vt 0.99754 0.09149
vt 0.97940 0.07737
vt 0.97942 0.10253
vt 0.40168 0.78352
vt 0.40720 0.78924
vt 0.40718 0.75383
vt 0.40720 0.78924
vt 0.41437 0.79226
vt 0.41434 0.75076
vt 0.40720 0.78924
vt 0.41434 0.75076
vt 0.40718 0.75383
vt 0.41437 0.79226
vt 0.42208 0.79208
vt 0.42205 0.75088
vt 0.42208 0.79208
vt 0.42914 0.78874
vt 0.42912 0.75416
vt 0.42208 0.79208
vt 0.42912 0.75416
vt 0.42205 0.75088
vt 0.42914 0.78874
vt 0.43536 0.78076
vt 0.43445 0.76009
vt 0.43730 0.76948
vt 0.43445 0.76009
vt 0.43536 0.78076
vt 0.43445 0.76009
vt 0.42912 0.75416
vt 0.42914 0.78874
vt 0.42205 0.75088
vt 0.41434 0.75076
vt 0.41437 0.79226
vt 0.40718 0.75383
vt 0.40168 0.75957
vt 0.40168 0.78352
vt 0.40168 0.75957
vt 0.39858 0.76745
vt 0.39864 0.77599
vt 0.99693 0.05191
vt 0.97882 0.04968
vt 0.97940 0.07737
vt 0.84374 0.09979
vt 0.84716 0.10137
vt 0.85229 0.08482
vt 0.90345 0.02248
vt 0.90566 0.03441
vt 0.97307 0.03556
vt 0.86579 0.07817
vt 0.87458 0.08680
vt 0.87716 0.08234
vt 0.78908 0.06300
vt 0.79083 0.07243
vt 0.81876 0.06721
vt 0.92916 0.07687
vt 0.92988 0.09655
vt 0.95016 0.07935
vt 0.85990 0.08331
vt 0.86244 0.09762
vt 0.86923 0.09275
vt 0.82078 0.04530
vt 0.79924 0.02705
vt 0.79426 0.03506
vt 0.81304 0.10136
vt 0.82529 0.10585
vt 0.83062 0.07979
vt 0.84716 0.10137
vt 0.85007 0.10160
vt 0.85495 0.08501
vt 0.83468 0.03536
vt 0.83013 0.00926
vt 0.82133 0.01116
vt 0.79083 0.07243
vt 0.79426 0.08130
vt 0.81876 0.06721
vt 0.82078 0.04530
vt 0.79426 0.03506
vt 0.79083 0.04395
vt 0.85495 0.08501
vt 0.85007 0.10160
vt 0.85334 0.10122
vt 0.83468 0.03536
vt 0.82133 0.01116
vt 0.81304 0.01487
vt 0.79426 0.08130
vt 0.79924 0.08927
vt 0.82350 0.07476
vt 0.92988 0.09655
vt 0.93105 0.11112
vt 0.95076 0.08861
vt 0.86318 0.08101
vt 0.86923 0.09275
vt 0.87458 0.08680
vt 0.81794 0.05148
vt 0.79083 0.04395
vt 0.78908 0.05339
vt 0.92924 0.06339
vt 0.92916 0.07687
vt 0.95003 0.07010
vt 0.85495 0.08501
vt 0.85334 0.10122
vt 0.85686 0.10025
vt 0.82678 0.03886
vt 0.81304 0.01487
vt 0.80558 0.02023
vt 0.79924 0.08927
vt 0.80558 0.09605
vt 0.82350 0.07476
vt 0.78908 0.05339
vt 0.78908 0.06300
vt 0.81710 0.05825
vt 0.85742 0.08446
vt 0.85686 0.10025
vt 0.86244 0.09762
vt 0.82678 0.03886
vt 0.80558 0.02023
vt 0.79924 0.02705
vt 0.80558 0.09605
vt 0.81304 0.10136
vt 0.83062 0.07979
vt 0.87414 0.04519
vt 0.87599 0.05955
vt 0.88527 0.05071
vt 0.95496 0.06503
vt 0.90679 0.05723
vt 0.90421 0.07180
vt 0.97363 0.01517
vt 0.97541 0.00394
vt 0.92493 0.00396
vt 0.90566 0.03441
vt 0.90697 0.04740
vt 0.97438 0.04856
vt 0.95496 0.06503
vt 0.90421 0.07180
vt 0.90243 0.08591
vt 0.92287 0.00543
vt 0.91829 0.01636
vt 0.96786 0.01627
vt 0.90697 0.04740
vt 0.90733 0.06097
vt 0.97474 0.06212
vt 0.95151 0.09295
vt 0.90243 0.08591
vt 0.90153 0.09903
vt 0.96786 0.01627
vt 0.91829 0.01636
vt 0.91397 0.02897
vt 0.90733 0.06097
vt 0.90672 0.07458
vt 0.97413 0.07573
vt 0.95151 0.09295
vt 0.90153 0.09903
vt 0.90154 0.11065
vt 0.96354 0.02888
vt 0.91397 0.02897
vt 0.91009 0.04277
vt 0.90672 0.07458
vt 0.90517 0.08771
vt 0.97258 0.08887
vt 0.91643 0.09477
vt 0.96921 0.10502
vt 0.96427 0.09121
vt 0.95966 0.04268
vt 0.91009 0.04277
vt 0.90679 0.05723
vt 0.90517 0.08771
vt 0.90274 0.09986
vt 0.97015 0.10102
vt 0.91643 0.09477
vt 0.96427 0.09121
vt 0.96010 0.07654
vt 0.90274 0.09986
vt 0.89952 0.11057
vt 0.96693 0.11173
vt 0.91003 0.07387
vt 0.96010 0.07654
vt 0.95688 0.06158
vt 0.95331 0.10954
vt 0.95626 0.09814
vt 0.90416 0.10443
vt 0.90681 0.05891
vt 0.95688 0.06158
vt 0.95472 0.04689
vt 0.95626 0.09814
vt 0.95940 0.08516
vt 0.91039 0.07878
vt 0.90465 0.04422
vt 0.95472 0.04689
vt 0.95371 0.03305
vt 0.95940 0.08516
vt 0.96261 0.07111
vt 0.91039 0.07878
vt 0.90363 0.03038
vt 0.95371 0.03305
vt 0.95388 0.02058
vt 0.96261 0.07111
vt 0.96574 0.05653
vt 0.91663 0.04987
vt 0.90381 0.01791
vt 0.95388 0.02058
vt 0.95524 0.00997
vt 0.96574 0.05653
vt 0.96870 0.04198
vt 0.91663 0.04987
vt 0.96410 0.00475
vt 0.89669 0.00360
vt 0.90042 0.01207
vt 0.96870 0.04198
vt 0.97136 0.02801
vt 0.92192 0.02218
vt 0.96783 0.01323
vt 0.90042 0.01207
vt 0.90345 0.02248
vt 0.97136 0.02801
vt 0.97363 0.01517
vt 0.92192 0.02218
vt 0.88046 0.03031
vt 0.86763 0.01889
vt 0.81103 0.02495
vt 0.81103 0.02495
vt 0.86763 0.01889
vt 0.82635 0.01573
vt 0.86763 0.01889
vt 0.85192 0.01325
vt 0.82635 0.01573
vt 0.82635 0.01573
vt 0.85192 0.01325
vt 0.83851 0.01265
vt 0.81103 0.02495
vt 0.80038 0.03895
vt 0.88046 0.03031
vt 0.80038 0.03895
vt 0.79615 0.05557
vt 0.88750 0.04569
vt 0.79615 0.05557
vt 0.79902 0.07223
vt 0.88760 0.06265
vt 0.79902 0.07223
vt 0.80854 0.08633
vt 0.88071 0.07855
vt 0.80854 0.08633
vt 0.82319 0.09572
vt 0.86794 0.09091
vt 0.82319 0.09572
vt 0.83696 0.09908
vt 0.85130 0.09789
vt 0.85130 0.09789
vt 0.86794 0.09091
vt 0.82319 0.09572
vt 0.86794 0.09091
vt 0.88071 0.07855
vt 0.80854 0.08633
vt 0.88071 0.07855
vt 0.88760 0.06265
vt 0.79902 0.07223
vt 0.88760 0.06265
vt 0.88750 0.04569
vt 0.79615 0.05557
vt 0.80038 0.04093
vt 0.80744 0.05147
vt 0.81284 0.03797
vt 0.87599 0.05955
vt 0.87244 0.07372
vt 0.88362 0.06846
vt 0.80926 0.02564
vt 0.81284 0.03797
vt 0.82266 0.02764
vt 0.87244 0.07372
vt 0.86412 0.08546
vt 0.87558 0.08453
vt 0.82285 0.01489
vt 0.82266 0.02764
vt 0.83527 0.02204
vt 0.86412 0.08546
vt 0.85255 0.09300
vt 0.86211 0.09649
vt 0.83900 0.01023
vt 0.83527 0.02204
vt 0.84605 0.02134
vt 0.84605 0.02134
vt 0.85632 0.02451
vt 0.85533 0.01211
vt 0.81134 0.09053
vt 0.82202 0.08944
vt 0.81254 0.07940
vt 0.85255 0.09300
vt 0.84352 0.09538
vt 0.84492 0.10231
vt 0.84352 0.09538
vt 0.83362 0.09460
vt 0.83555 0.10240
vt 0.85632 0.02451
vt 0.86719 0.03287
vt 0.86989 0.02031
vt 0.80133 0.07590
vt 0.81254 0.07940
vt 0.80735 0.06605
vt 0.82649 0.10013
vt 0.83362 0.09460
vt 0.82202 0.08944
vt 0.86719 0.03287
vt 0.87414 0.04519
vt 0.88043 0.03384
vt 0.79756 0.05852
vt 0.80735 0.06605
vt 0.80744 0.05147
vt 0.78348 0.99354
vt 0.91098 0.99354
vt 0.91098 0.98069
vt 0.88041 0.85313
vt 0.88072 0.79493
vt 0.99685 0.79493
vt 0.99685 0.79493
vt 0.99650 0.93897
vt 0.88041 0.85313
vt 0.75479 0.99548
vt 0.75456 0.89679
vt 0.87573 0.99548
vt 0.75456 0.89679
vt 0.88041 0.85313
vt 0.87573 0.99548
vt 0.99650 0.93897
vt 0.99667 0.99548
vt 0.87573 0.99548
vt 0.67536 0.38876
vt 0.56684 0.38872
vt 0.67543 0.39518
vt 0.67543 0.39518
vt 0.56684 0.38872
vt 0.45259 0.38868
vt 0.36907 0.06856
vt 0.42419 0.07500
vt 0.41397 0.06857
vt 0.91098 0.98069
vt 0.91096 0.97773
vt 0.79165 0.97773
vt 0.99661 0.86902
vt 0.94534 0.81766
vt 0.94091 0.82200
vt 0.98958 0.86068
vt 0.94837 0.81544
vt 0.93983 0.81989
vt 0.81676 0.50077
vt 0.83434 0.56899
vt 0.84327 0.51841
vt 0.83443 0.47658
vt 0.81676 0.50077
vt 0.83673 0.50018
vt 0.83434 0.56899
vt 0.99764 0.55795
vt 0.90539 0.54787
vt 0.99764 0.55795
vt 0.99669 0.52587
vt 0.96049 0.51073
vt 0.90539 0.54787
vt 0.99764 0.55795
vt 0.93089 0.54086
vt 0.99669 0.52587
vt 0.96255 0.49949
vt 0.96049 0.51073
vt 0.96049 0.51073
vt 0.95607 0.52024
vt 0.99764 0.55795
vt 0.83673 0.50018
vt 0.81676 0.50077
vt 0.84327 0.51841
vt 0.95607 0.52024
vt 0.94781 0.52982
vt 0.99764 0.55795
vt 0.94781 0.52982
vt 0.93089 0.54086
vt 0.99764 0.55795
vt 0.85359 0.53210
vt 0.84327 0.51841
vt 0.83434 0.56899
vt 0.86688 0.54138
vt 0.85359 0.53210
vt 0.83434 0.56899
vt 0.88302 0.54692
vt 0.86688 0.54138
vt 0.83434 0.56899
vt 0.95533 0.50934
vt 0.96125 0.49869
vt 0.96123 0.49194
vt 0.96123 0.49194
vt 0.95653 0.47914
vt 0.95533 0.50934
vt 0.95653 0.47914
vt 0.94551 0.45745
vt 0.94110 0.51964
vt 0.95653 0.47914
vt 0.94110 0.51964
vt 0.95533 0.50934
vt 0.94551 0.45745
vt 0.93635 0.44389
vt 0.94110 0.51964
vt 0.94110 0.51964
vt 0.93635 0.44389
vt 0.92370 0.52600
vt 0.93635 0.44389
vt 0.92510 0.43206
vt 0.92370 0.52600
vt 0.92510 0.43206
vt 0.91124 0.42409
vt 0.90425 0.52894
vt 0.91124 0.42409
vt 0.89744 0.42259
vt 0.90425 0.52894
vt 0.89744 0.42259
vt 0.88299 0.42619
vt 0.87869 0.52522
vt 0.88299 0.42619
vt 0.86994 0.43259
vt 0.87869 0.52522
vt 0.86994 0.43259
vt 0.85758 0.44268
vt 0.86034 0.51677
vt 0.86994 0.43259
vt 0.86034 0.51677
vt 0.87869 0.52522
vt 0.85758 0.44268
vt 0.84832 0.45625
vt 0.85081 0.50701
vt 0.84832 0.45625
vt 0.84430 0.46786
vt 0.84526 0.49538
vt 0.84430 0.46786
vt 0.84325 0.48151
vt 0.84526 0.49538
vt 0.84526 0.49538
vt 0.85081 0.50701
vt 0.84832 0.45625
vt 0.85081 0.50701
vt 0.86034 0.51677
vt 0.85758 0.44268
vt 0.87869 0.52522
vt 0.90425 0.52894
vt 0.89744 0.42259
vt 0.90425 0.52894
vt 0.92370 0.52600
vt 0.92510 0.43206
vt 0.84115 0.48581
vt 0.83892 0.47998
vt 0.84121 0.49924
vt 0.84324 0.49736
vt 0.84121 0.49924
vt 0.84769 0.51412
vt 0.84923 0.51056
vt 0.84769 0.51412
vt 0.85794 0.52529
vt 0.85909 0.52102
vt 0.85794 0.52529
vt 0.87113 0.53286
vt 0.87205 0.52829
vt 0.87113 0.53286
vt 0.88716 0.53738
vt 0.88716 0.53738
vt 0.90936 0.53816
vt 0.90238 0.53402
vt 0.90936 0.53816
vt 0.93467 0.53244
vt 0.93368 0.52787
vt 0.93467 0.53244
vt 0.95146 0.52343
vt 0.95028 0.51916
vt 0.95146 0.52343
vt 0.95966 0.51561
vt 0.95852 0.51144
vt 0.95966 0.51561
vt 0.96405 0.50785
vt 0.96233 0.50470
vt 0.96405 0.50785
vt 0.96610 0.49867
vt 0.96384 0.49794
vt 0.96384 0.49794
vt 0.96610 0.49867
vt 0.96530 0.48800
vt 0.96326 0.49003
vt 0.96530 0.48800
vt 0.96110 0.47557
vt 0.96110 0.47557
vt 0.94659 0.44444
vt 0.95810 0.47590
vt 0.95025 0.45375
vt 0.93648 0.43291
vt 0.93688 0.43907
vt 0.93648 0.43291
vt 0.92543 0.42201
vt 0.92521 0.42707
vt 0.92543 0.42201
vt 0.91185 0.41448
vt 0.91155 0.41936
vt 0.91155 0.41936
vt 0.91185 0.41448
vt 0.89492 0.41343
vt 0.89492 0.41343
vt 0.87446 0.42003
vt 0.88202 0.42171
vt 0.87446 0.42003
vt 0.86095 0.42893
vt 0.86872 0.42840
vt 0.86095 0.42893
vt 0.84915 0.44230
vt 0.85609 0.43898
vt 0.84915 0.44230
vt 0.84153 0.45963
vt 0.84497 0.45672
vt 0.84232 0.46592
vt 0.84153 0.45963
vt 0.83892 0.47998
vt 0.84325 0.48151
vt 0.84115 0.48581
vt 0.84324 0.49736
vt 0.84526 0.49538
vt 0.84324 0.49736
vt 0.84923 0.51056
vt 0.85081 0.50701
vt 0.84923 0.51056
vt 0.85909 0.52102
vt 0.86034 0.51677
vt 0.85909 0.52102
vt 0.87205 0.52829
vt 0.87869 0.52522
vt 0.87205 0.52829
vt 0.88731 0.53254
vt 0.88731 0.53254
vt 0.90238 0.53402
vt 0.90425 0.52894
vt 0.90425 0.52894
vt 0.90238 0.53402
vt 0.91605 0.53261
vt 0.91605 0.53261
vt 0.93368 0.52787
vt 0.92370 0.52600
vt 0.93368 0.52787
vt 0.95028 0.51916
vt 0.94110 0.51964
vt 0.95028 0.51916
vt 0.95852 0.51144
vt 0.95533 0.50934
vt 0.95852 0.51144
vt 0.96233 0.50470
vt 0.96125 0.49869
vt 0.96233 0.50470
vt 0.96384 0.49794
vt 0.96125 0.49869
vt 0.96125 0.49869
vt 0.96384 0.49794
vt 0.96326 0.49003
vt 0.96123 0.49194
vt 0.96326 0.49003
vt 0.95810 0.47590
vt 0.95810 0.47590
vt 0.94638 0.45295
vt 0.94551 0.45745
vt 0.94638 0.45295
vt 0.93688 0.43907
vt 0.93635 0.44389
vt 0.93688 0.43907
vt 0.92521 0.42707
vt 0.92510 0.43206
vt 0.92521 0.42707
vt 0.91155 0.41936
vt 0.91124 0.42409
vt 0.91124 0.42409
vt 0.91155 0.41936
vt 0.89735 0.41782
vt 0.89735 0.41782
vt 0.88202 0.42171
vt 0.88299 0.42619
vt 0.88202 0.42171
vt 0.86872 0.42840
vt 0.86994 0.43259
vt 0.86872 0.42840
vt 0.85609 0.43898
vt 0.85758 0.44268
vt 0.85609 0.43898
vt 0.84890 0.44850
vt 0.84832 0.45625
vt 0.84890 0.44850
vt 0.84497 0.45672
vt 0.84832 0.45625
vt 0.84497 0.45672
vt 0.84232 0.46592
vt 0.84430 0.46786
vt 0.84430 0.46786
vt 0.84232 0.46592
vt 0.84105 0.47635
vt 0.84325 0.48151
vt 0.84105 0.47635
vt 0.84115 0.48581
vt 0.89064 0.98854
vt 0.94930 0.98870
vt 0.94331 0.98625
vt 0.94331 0.98625
vt 0.94930 0.98870
vt 0.94930 0.94774
vt 0.96694 0.98102
vt 0.75600 0.98102
vt 0.76845 0.99239
vt 0.83812 0.98596
vt 0.83198 0.98837
vt 0.89064 0.98854
vt 0.36020 0.37818
vt 0.36908 0.39507
vt 0.36907 0.06856
vt 0.22626 0.34941
vt 0.23109 0.42912
vt 0.27101 0.42382
vt 0.23109 0.42912
vt 0.26950 0.42912
vt 0.27101 0.42382
vt 0.27101 0.42382
vt 0.31449 0.42382
vt 0.31000 0.34941
vt 0.89303 0.68602
vt 0.73963 0.68602
vt 0.75100 0.66256
vt 0.68686 0.08715
vt 0.67536 0.07509
vt 0.67536 0.38876
vt 0.85563 0.38344
vt 0.85888 0.39095
vt 0.91328 0.24861
vt 0.82179 0.98275
vt 0.81949 0.98544
vt 0.95747 0.98198
vt 0.94980 0.97954
vt 0.95747 0.98198
vt 0.95747 0.95133
vt 0.78768 0.91165
vt 0.79595 0.91959
vt 0.79592 0.91942
vt 0.94098 0.81715
vt 0.94091 0.82200
vt 0.94534 0.81766
vn 1.00000 0.00020 -0.00070
vn 1.00000 0.00020 -0.00070
vn 1.00000 0.00020 -0.00070
vn 0.00000 0.00000 -1.00000
vn 0.00000 0.00000 -1.00000
vn 0.00000 0.00000 -1.00000
vn 0.00000 -1.00000 0.00000
vn 0.00000 -1.00000 0.00000
vn 0.00000 -1.00000 0.00000
vn -1.00000 -0.00000 -0.00000
vn -1.00000 -0.00000 -0.00000
vn -1.00000 -0.00000 -0.00000
vn -0.24689 0.31309 0.91707
vn -0.24689 0.31309 0.91707
vn -0.24689 0.31309 0.91707
vn -0.10030 0.64130 0.76070
vn -0.10030 0.64130 0.76070
vn -0.10030 0.64130 0.76070
vn 0.06160 0.87118 0.48709
vn 0.06160 0.87118 0.48709
vn 0.06160 0.87118 0.48709
vn 0.21370 0.96702 0.13860
vn 0.21370 0.96702 0.13860
vn 0.21370 0.96702 0.13860
vn 0.33240 0.91451 -0.23060
vn 0.33240 0.91451 -0.23060
vn 0.33240 0.91451 -0.23060
vn 0.38879 0.74527 -0.54168
vn 0.38879 0.74527 -0.54168
vn 0.38879 0.74527 -0.54168
vn 0.42369 0.55498 -0.71588
vn 0.42369 0.55498 -0.71588
vn 0.42369 0.55498 -0.71588
vn 0.37760 0.23710 -0.89510
vn 0.37760 0.23710 -0.89510
vn 0.37760 0.23710 -0.89510
vn 0.29231 -0.13860 -0.94623
vn 0.29231 -0.13860 -0.94623
vn 0.29231 -0.13860 -0.94623
vn 0.16070 -0.49570 -0.85350
vn 0.16070 -0.49570 -0.85350
vn 0.16070 -0.49570 -0.85350
vn 0.00290 -0.77668 -0.62989
vn 0.00290 -0.77668 -0.62989
vn 0.00290 -0.77668 -0.62989
vn -0.15670 -0.93780 -0.30980
vn -0.15670 -0.93780 -0.30980
vn -0.15670 -0.93780 -0.30980
vn -0.29331 -0.95432 0.05690
vn -0.29331 -0.95432 0.05690
vn -0.29331 -0.95432 0.05690
vn -0.38601 -0.82452 0.41371
vn -0.38601 -0.82452 0.41371
vn -0.38601 -0.82452 0.41371
vn -0.42199 -0.56989 0.70509
vn -0.42199 -0.56989 0.70509
vn -0.42199 -0.56989 0.70509
vn 0.91086 -0.25039 0.32809
vn 0.91086 -0.25039 0.32809
vn 0.91086 -0.25039 0.32809
vn -0.39768 -0.27529 0.87525
vn -0.39768 -0.27529 0.87525
vn -0.39768 -0.27529 0.87525
vn -0.34050 -0.02590 0.93989
vn -0.34050 -0.02590 0.93989
vn -0.34050 -0.02590 0.93989
vn 0.40741 0.41791 -0.81202
vn 0.40741 0.41791 -0.81202
vn 0.40741 0.41791 -0.81202
vn 0.85065 0.13249 0.50877
vn 0.85065 0.13249 0.50877
vn 0.85065 0.13249 0.50877
vn 0.98948 -0.12700 -0.06930
vn 0.98948 -0.12700 -0.06930
vn 0.98948 -0.12700 -0.06930
vn 0.72701 -0.08850 0.68090
vn 0.72701 -0.08850 0.68090
vn 0.72701 -0.08850 0.68090
vn 0.98431 0.12310 0.12640
vn 0.98431 0.12310 0.12640
vn 0.98431 0.12310 0.12640
vn 0.65719 -0.46779 0.59099
vn 0.65719 -0.46779 0.59099
vn 0.65719 -0.46779 0.59099
vn 0.88711 0.16750 0.43010
vn 0.88711 0.16750 0.43010
vn 0.88711 0.16750 0.43010
vn 0.71519 -0.61929 0.32400
vn 0.71519 -0.61929 0.32400
vn 0.71519 -0.61929 0.32400
vn 0.99544 0.07060 0.06420
vn 0.99544 0.07060 0.06420
vn 0.99544 0.07060 0.06420
vn 0.83620 -0.54670 0.04350
vn 0.83620 -0.54670 0.04350
vn 0.83620 -0.54670 0.04350
vn 0.65467 -0.40308 0.63947
vn 0.65467 -0.40308 0.63947
vn 0.65467 -0.40308 0.63947
vn 0.91894 0.17261 0.35462
vn 0.91894 0.17261 0.35462
vn 0.91894 0.17261 0.35462
vn 0.95368 -0.28619 -0.09270
vn 0.95368 -0.28619 -0.09270
vn 0.95368 -0.28619 -0.09270
vn 0.78865 0.04710 0.61304
vn 0.78865 0.04710 0.61304
vn 0.78865 0.04710 0.61304
vn 0.99988 0.01470 0.00490
vn 0.99988 0.01470 0.00490
vn 0.99988 0.01470 0.00490
vn 0.66833 -0.32721 0.66803
vn 0.66833 -0.32721 0.66803
vn 0.66833 -0.32721 0.66803
vn 0.94470 0.17600 0.27670
vn 0.94470 0.17600 0.27670
vn 0.94470 0.17600 0.27670
vn 0.67728 -0.56629 0.46969
vn 0.67728 -0.56629 0.46969
vn 0.67728 -0.56629 0.46969
vn 0.77102 -0.61252 0.17420
vn 0.77102 -0.61252 0.17420
vn 0.77102 -0.61252 0.17420
vn 0.68341 -0.23400 0.69151
vn 0.68341 -0.23400 0.69151
vn 0.68341 -0.23400 0.69151
vn 0.96774 0.15041 0.20211
vn 0.96774 0.15041 0.20211
vn 0.96774 0.15041 0.20211
vn 0.89908 -0.43439 -0.05440
vn 0.89908 -0.43439 -0.05440
vn 0.89908 -0.43439 -0.05440
vn -0.63098 -0.22979 -0.74098
vn -0.63098 -0.22979 -0.74098
vn -0.63098 -0.22979 -0.74098
vn -0.31071 0.14010 0.94012
vn -0.31071 0.14010 0.94012
vn -0.31071 0.14010 0.94012
vn -0.39011 -0.74752 0.53761
vn -0.39011 -0.74752 0.53761
vn -0.39011 -0.74752 0.53761
vn 0.38660 0.23950 -0.89061
vn 0.38660 0.23950 -0.89061
vn 0.38660 0.23950 -0.89061
vn -0.23330 0.31989 0.91828
vn -0.23330 0.31989 0.91828
vn -0.23330 0.31989 0.91828
vn -0.41250 -0.58020 0.70230
vn -0.41250 -0.58020 0.70230
vn -0.41250 -0.58020 0.70230
vn 0.35101 0.05190 -0.93493
vn 0.35101 0.05190 -0.93493
vn 0.35101 0.05190 -0.93493
vn -0.18010 0.49640 0.84920
vn -0.18010 0.49640 0.84920
vn -0.18010 0.49640 0.84920
vn -0.40741 -0.41791 0.81202
vn -0.40741 -0.41791 0.81202
vn -0.40741 -0.41791 0.81202
vn 0.30191 -0.13771 -0.94334
vn 0.30191 -0.13771 -0.94334
vn 0.30191 -0.13771 -0.94334
vn -0.08680 0.64470 0.75950
vn -0.08680 0.64470 0.75950
vn -0.08680 0.64470 0.75950
vn -0.38660 -0.23950 0.89061
vn -0.38660 -0.23950 0.89061
vn -0.38660 -0.23950 0.89061
vn 0.24120 -0.32200 -0.91550
vn 0.24120 -0.32200 -0.91550
vn 0.24120 -0.32200 -0.91550
vn -0.02340 0.77739 0.62859
vn -0.02340 0.77739 0.62859
vn -0.02340 0.77739 0.62859
vn -0.35101 -0.05190 0.93493
vn -0.35101 -0.05190 0.93493
vn -0.35101 -0.05190 0.93493
vn 0.17119 -0.49397 -0.85246
vn 0.17119 -0.49397 -0.85246
vn 0.17119 -0.49397 -0.85246
vn 0.07410 0.87109 0.48550
vn 0.07410 0.87109 0.48550
vn 0.07410 0.87109 0.48550
vn 0.08310 -0.66737 -0.74007
vn 0.08310 -0.66737 -0.74007
vn 0.08310 -0.66737 -0.74007
vn 0.14450 0.93802 0.31501
vn 0.14450 0.93802 0.31501
vn 0.14450 0.93802 0.31501
vn 0.21711 0.96674 0.13521
vn 0.21711 0.96674 0.13521
vn 0.21711 0.96674 0.13521
vn -0.05190 -0.87213 -0.48652
vn -0.05190 -0.87213 -0.48652
vn -0.05190 -0.87213 -0.48652
vn 0.28140 0.95830 -0.04980
vn 0.28140 0.95830 -0.04980
vn 0.28140 0.95830 -0.04980
vn 0.33491 0.91301 -0.23290
vn 0.33491 0.91301 -0.23290
vn 0.33491 0.91301 -0.23290
vn -0.20330 -0.96901 -0.14030
vn -0.20330 -0.96901 -0.14030
vn -0.20330 -0.96901 -0.14030
vn 0.37552 0.83265 -0.40703
vn 0.37552 0.83265 -0.40703
vn 0.37552 0.83265 -0.40703
vn 0.40170 0.72031 -0.56550
vn 0.40170 0.72031 -0.56550
vn 0.40170 0.72031 -0.56550
vn -0.32199 -0.91898 0.22759
vn -0.32199 -0.91898 0.22759
vn -0.32199 -0.91898 0.22759
vn 0.41250 0.58020 -0.70230
vn 0.41250 0.58020 -0.70230
vn 0.41250 0.58020 -0.70230
vn -0.91079 0.25050 -0.32820
vn -0.91079 0.25050 -0.32820
vn -0.91079 0.25050 -0.32820
vn -0.61708 0.78578 -0.04200
vn -0.61708 0.78578 -0.04200
vn -0.61708 0.78578 -0.04200
vn -0.64960 -0.35310 -0.67330
vn -0.64960 -0.35310 -0.67330
vn -0.64960 -0.35310 -0.67330
vn -0.73516 -0.37748 -0.56307
vn -0.73516 -0.37748 -0.56307
vn -0.73516 -0.37748 -0.56307
vn -0.52849 0.80368 -0.27349
vn -0.52849 0.80368 -0.27349
vn -0.52849 0.80368 -0.27349
vn -0.75931 -0.46541 -0.45481
vn -0.75931 -0.46541 -0.45481
vn -0.75931 -0.46541 -0.45481
vn -0.83297 -0.43878 -0.33709
vn -0.83297 -0.43878 -0.33709
vn -0.83297 -0.43878 -0.33709
vn -0.46668 0.72817 -0.50198
vn -0.46668 0.72817 -0.50198
vn -0.46668 0.72817 -0.50198
vn -0.85383 -0.47921 -0.20331
vn -0.85383 -0.47921 -0.20331
vn -0.85383 -0.47921 -0.20331
vn -0.90956 -0.40398 -0.09750
vn -0.90956 -0.40398 -0.09750
vn -0.90956 -0.40398 -0.09750
vn -0.43338 0.58648 -0.68427
vn -0.43338 0.58648 -0.68427
vn -0.43338 0.58648 -0.68427
vn -0.91871 -0.39260 0.04290
vn -0.91871 -0.39260 0.04290
vn -0.91871 -0.39260 0.04290
vn -0.40809 0.46509 -0.78559
vn -0.40809 0.46509 -0.78559
vn -0.40809 0.46509 -0.78559
vn -0.89962 0.26691 0.34561
vn -0.89962 0.26691 0.34561
vn -0.89962 0.26691 0.34561
vn -0.95330 -0.27790 0.11830
vn -0.95330 -0.27790 0.11830
vn -0.95330 -0.27790 0.11830
vn -0.39258 0.34648 -0.85196
vn -0.39258 0.34648 -0.85196
vn -0.39258 0.34648 -0.85196
vn -0.95412 -0.19970 0.22310
vn -0.95412 -0.19970 0.22310
vn -0.95412 -0.19970 0.22310
vn -0.46541 0.22421 -0.85623
vn -0.46541 0.22421 -0.85623
vn -0.46541 0.22421 -0.85623
vn -0.81820 0.49480 0.29280
vn -0.81820 0.49480 0.29280
vn -0.81820 0.49480 0.29280
vn -0.45110 0.08630 -0.88829
vn -0.45110 0.08630 -0.88829
vn -0.45110 0.08630 -0.88829
vn -0.94925 0.02990 0.31308
vn -0.94925 0.02990 0.31308
vn -0.94925 0.02990 0.31308
vn -0.53631 -0.01860 -0.84382
vn -0.53631 -0.01860 -0.84382
vn -0.53631 -0.01860 -0.84382
vn -0.71889 0.67719 0.15690
vn -0.71889 0.67719 0.15690
vn -0.71889 0.67719 0.15690
vn -0.54141 -0.15940 -0.82551
vn -0.54141 -0.15940 -0.82551
vn -0.54141 -0.15940 -0.82551
vn 0.00000 0.00000 -1.00000
vn 0.00000 0.00000 -1.00000
vn 0.00000 0.00000 -1.00000
vn -1.00000 -0.00000 -0.00000
vn -1.00000 -0.00000 -0.00000
vn -1.00000 -0.00000 -0.00000
vn 0.99999 -0.00000 -0.00510
vn 0.99999 -0.00000 -0.00510
vn 0.99999 -0.00000 -0.00510
vn -0.00000 0.53190 -0.84681
vn -0.00000 0.53190 -0.84681
vn -0.00000 0.53190 -0.84681
vn -0.33489 -0.00000 -0.94226
vn -0.33489 -0.00000 -0.94226
vn -0.33489 -0.00000 -0.94226
vn -0.36200 0.86470 -0.34820
vn -0.36200 0.86470 -0.34820
vn -0.36200 0.86470 -0.34820
vn 0.00000 0.00000 -1.00000
vn 0.00000 0.00000 -1.00000
vn 0.00000 0.00000 -1.00000
vn -0.00020 -0.00000 -1.00000
vn -0.00020 -0.00000 -1.00000
vn -0.00020 -0.00000 -1.00000
vn -0.93582 -0.12880 -0.32811
vn -0.93582 -0.12880 -0.32811
vn -0.93582 -0.12880 -0.32811
vn -0.80230 -0.40130 -0.44190
vn -0.80230 -0.40130 -0.44190
vn -0.80230 -0.40130 -0.44190
vn -0.58189 -0.61059 -0.53719
vn -0.58189 -0.61059 -0.53719
vn -0.58189 -0.61059 -0.53719
vn -0.36071 -0.71772 -0.59562
vn -0.36071 -0.71772 -0.59562
vn -0.36071 -0.71772 -0.59562
vn -0.18939 -0.76036 -0.62127
vn -0.18939 -0.76036 -0.62127
vn -0.18939 -0.76036 -0.62127
vn -0.06670 -0.76539 -0.64010
vn -0.06670 -0.76539 -0.64010
vn -0.06670 -0.76539 -0.64010
vn 0.18270 -0.78802 -0.58791
vn 0.18270 -0.78802 -0.58791
vn 0.18270 -0.78802 -0.58791
vn 0.32550 -0.71820 -0.61500
vn 0.32550 -0.71820 -0.61500
vn 0.32550 -0.71820 -0.61500
vn 0.54589 -0.61889 -0.56479
vn 0.54589 -0.61889 -0.56479
vn 0.54589 -0.61889 -0.56479
vn 0.73403 -0.46872 -0.49142
vn 0.73403 -0.46872 -0.49142
vn 0.73403 -0.46872 -0.49142
vn 0.88483 -0.22311 -0.40902
vn 0.88483 -0.22311 -0.40902
vn 0.88483 -0.22311 -0.40902
vn 0.91972 0.07720 -0.38491
vn 0.91972 0.07720 -0.38491
vn 0.91972 0.07720 -0.38491
vn 0.84109 0.31999 -0.43609
vn 0.84109 0.31999 -0.43609
vn 0.84109 0.31999 -0.43609
vn 0.73571 0.42741 -0.52541
vn 0.73571 0.42741 -0.52541
vn 0.73571 0.42741 -0.52541
vn 0.69388 0.53228 -0.48498
vn 0.69388 0.53228 -0.48498
vn 0.69388 0.53228 -0.48498
vn 0.55350 0.60250 -0.57500
vn 0.55350 0.60250 -0.57500
vn 0.55350 0.60250 -0.57500
vn 0.36002 0.70544 -0.61053
vn 0.36002 0.70544 -0.61053
vn 0.36002 0.70544 -0.61053
vn 0.05780 0.78040 -0.62260
vn 0.05780 0.78040 -0.62260
vn 0.05780 0.78040 -0.62260
vn -0.16740 0.72490 -0.66820
vn -0.16740 0.72490 -0.66820
vn -0.16740 0.72490 -0.66820
vn -0.30800 0.70249 -0.64159
vn -0.30800 0.70249 -0.64159
vn -0.30800 0.70249 -0.64159
vn -0.46040 0.63030 -0.62510
vn -0.46040 0.63030 -0.62510
vn -0.46040 0.63030 -0.62510
vn -0.64250 0.52230 -0.56070
vn -0.64250 0.52230 -0.56070
vn -0.64250 0.52230 -0.56070
vn -0.78660 0.42440 -0.44850
vn -0.78660 0.42440 -0.44850
vn -0.78660 0.42440 -0.44850
vn -0.83961 0.27350 -0.46931
vn -0.83961 0.27350 -0.46931
vn -0.83961 0.27350 -0.46931
vn -0.93258 0.13640 -0.33419
vn -0.93258 0.13640 -0.33419
vn -0.93258 0.13640 -0.33419
vn 0.92797 0.16709 -0.33309
vn 0.92797 0.16709 -0.33309
vn 0.92797 0.16709 -0.33309
vn 0.83248 0.43209 -0.34679
vn 0.83248 0.43209 -0.34679
vn 0.83248 0.43209 -0.34679
vn 0.61482 0.66222 -0.42832
vn 0.61482 0.66222 -0.42832
vn 0.61482 0.66222 -0.42832
vn 0.38597 0.78715 -0.48107
vn 0.38597 0.78715 -0.48107
vn 0.38597 0.78715 -0.48107
vn 0.21200 0.86630 -0.45230
vn 0.21200 0.86630 -0.45230
vn 0.21200 0.86630 -0.45230
vn 0.08990 0.82026 -0.56488
vn 0.08990 0.82026 -0.56488
vn 0.08990 0.82026 -0.56488
vn -0.07470 0.86419 -0.49759
vn -0.07470 0.86419 -0.49759
vn -0.07470 0.86419 -0.49759
vn -0.11610 0.82652 -0.55081
vn -0.11610 0.82652 -0.55081
vn -0.11610 0.82652 -0.55081
vn -0.25350 0.80029 -0.54339
vn -0.25350 0.80029 -0.54339
vn -0.25350 0.80029 -0.54339
vn -0.44588 0.71447 -0.53918
vn -0.44588 0.71447 -0.53918
vn -0.44588 0.71447 -0.53918
vn -0.76413 0.48472 -0.42562
vn -0.76413 0.48472 -0.42562
vn -0.76413 0.48472 -0.42562
vn -0.94383 -0.07920 -0.32081
vn -0.94383 -0.07920 -0.32081
vn -0.94383 -0.07920 -0.32081
vn -0.87554 -0.34571 -0.33751
vn -0.87554 -0.34571 -0.33751
vn -0.87554 -0.34571 -0.33751
vn -0.80102 -0.46371 -0.37861
vn -0.80102 -0.46371 -0.37861
vn -0.80102 -0.46371 -0.37861
vn -0.72827 -0.55128 -0.40708
vn -0.72827 -0.55128 -0.40708
vn -0.72827 -0.55128 -0.40708
vn -0.61201 -0.65241 -0.44700
vn -0.61201 -0.65241 -0.44700
vn -0.61201 -0.65241 -0.44700
vn -0.40100 -0.76941 -0.49720
vn -0.40100 -0.76941 -0.49720
vn -0.40100 -0.76941 -0.49720
vn -0.08180 -0.85889 -0.50559
vn -0.08180 -0.85889 -0.50559
vn -0.08180 -0.85889 -0.50559
vn 0.18999 -0.83416 -0.51777
vn 0.18999 -0.83416 -0.51777
vn 0.18999 -0.83416 -0.51777
vn 0.34049 -0.79548 -0.50128
vn 0.34049 -0.79548 -0.50128
vn 0.34049 -0.79548 -0.50128
vn 0.51119 -0.71768 -0.47289
vn 0.51119 -0.71768 -0.47289
vn 0.51119 -0.71768 -0.47289
vn 0.71549 -0.56059 -0.41690
vn 0.71549 -0.56059 -0.41690
vn 0.71549 -0.56059 -0.41690
vn 0.87642 -0.31711 -0.36241
vn 0.87642 -0.31711 -0.36241
vn 0.87642 -0.31711 -0.36241
vn 0.94568 -0.12970 -0.29809
vn 0.94568 -0.12970 -0.29809
vn 0.94568 -0.12970 -0.29809
vn 0.96524 0.01180 -0.26108
vn 0.96524 0.01180 -0.26108
vn 0.96524 0.01180 -0.26108
vn -0.51650 -0.85600 0.02220
vn -0.51650 -0.85600 0.02220
vn -0.51650 -0.85600 0.02220
vn -0.00000 -0.88531 0.46500
vn -0.00000 -0.88531 0.46500
vn -0.00000 -0.88531 0.46500
vn -0.00010 -0.88493 -0.46572
vn -0.00010 -0.88493 -0.46572
vn -0.00010 -0.88493 -0.46572
vn -0.51661 -0.85622 -0.00000
vn -0.51661 -0.85622 -0.00000
vn -0.51661 -0.85622 -0.00000
vn 0.99962 -0.02770 0.00000
vn 0.99962 -0.02770 0.00000
vn 0.99962 -0.02770 0.00000
vn -0.00010 1.00000 -0.00010
vn -0.00010 1.00000 -0.00010
vn -0.00010 1.00000 -0.00010
vn -0.88604 0.46362 0.00000
vn -0.88604 0.46362 0.00000
vn -0.88604 0.46362 0.00000
vn 0.99998 0.00560 -0.00000
vn 0.99998 0.00560 -0.00000
vn 0.99998 0.00560 -0.00000
vn 0.00000 0.72297 -0.69088
vn 0.00000 0.72297 -0.69088
vn 0.00000 0.72297 -0.69088
vn 0.00000 0.72332 0.69052
vn 0.00000 0.72332 0.69052
vn 0.00000 0.72332 0.69052
vn -0.88595 0.46378 -0.00000
vn -0.88595 0.46378 -0.00000
vn -0.88595 0.46378 -0.00000
vn 0.99998 0.00310 -0.00520
vn 0.99998 0.00310 -0.00520
vn 0.99998 0.00310 -0.00520
vn -0.37430 0.68320 -0.62700
vn -0.37430 0.68320 -0.62700
vn -0.37430 0.68320 -0.62700
vn -1.00000 0.00010 0.00010
vn -1.00000 0.00010 0.00010
vn -1.00000 0.00010 0.00010
vn 0.00000 -1.00000 0.00000
vn 0.00000 -1.00000 0.00000
vn 0.00000 -1.00000 0.00000
vn 0.99876 -0.04100 0.02840
vn 0.99876 -0.04100 0.02840
vn 0.99876 -0.04100 0.02840
vn 0.00010 0.29061 -0.95684
vn 0.00010 0.29061 -0.95684
vn 0.00010 0.29061 -0.95684
vn 0.24689 0.31309 0.91707
vn 0.24689 0.31309 0.91707
vn 0.24689 0.31309 0.91707
vn 0.10030 0.64130 0.76070
vn 0.10030 0.64130 0.76070
vn 0.10030 0.64130 0.76070
vn -0.06160 0.87118 0.48709
vn -0.06160 0.87118 0.48709
vn -0.06160 0.87118 0.48709
vn -0.21370 0.96702 0.13860
vn -0.21370 0.96702 0.13860
vn -0.21370 0.96702 0.13860
vn -0.33240 0.91451 -0.23060
vn -0.33240 0.91451 -0.23060
vn -0.33240 0.91451 -0.23060
vn -0.38879 0.74527 -0.54168
vn -0.38879 0.74527 -0.54168
vn -0.38879 0.74527 -0.54168
vn -0.42369 0.55498 -0.71588
vn -0.42369 0.55498 -0.71588
vn -0.42369 0.55498 -0.71588
vn -0.37232 0.09590 -0.92314
vn -0.37232 0.09590 -0.92314
vn -0.37232 0.09590 -0.92314
vn -0.25619 -0.30729 -0.91648
vn -0.25619 -0.30729 -0.91648
vn -0.25619 -0.30729 -0.91648
vn -0.11070 -0.63617 -0.76357
vn -0.11070 -0.63617 -0.76357
vn -0.11070 -0.63617 -0.76357
vn 0.05050 -0.86839 -0.49330
vn 0.05050 -0.86839 -0.49330
vn 0.05050 -0.86839 -0.49330
vn 0.20260 -0.96810 -0.14740
vn 0.20260 -0.96810 -0.14740
vn 0.20260 -0.96810 -0.14740
vn 0.32229 -0.92048 0.22100
vn 0.32229 -0.92048 0.22100
vn 0.32229 -0.92048 0.22100
vn 0.39141 -0.73081 0.55921
vn 0.39141 -0.73081 0.55921
vn 0.39141 -0.73081 0.55921
vn -0.91086 -0.25039 0.32809
vn -0.91086 -0.25039 0.32809
vn -0.91086 -0.25039 0.32809
vn 0.39768 -0.27529 0.87525
vn 0.39768 -0.27529 0.87525
vn 0.39768 -0.27529 0.87525
vn 0.34050 -0.02590 0.93989
vn 0.34050 -0.02590 0.93989
vn 0.34050 -0.02590 0.93989
vn -0.40741 0.41791 -0.81202
vn -0.40741 0.41791 -0.81202
vn -0.40741 0.41791 -0.81202
vn -0.85516 0.13349 0.50088
vn -0.85516 0.13349 0.50088
vn -0.85516 0.13349 0.50088
vn -0.98948 -0.12700 -0.06930
vn -0.98948 -0.12700 -0.06930
vn -0.98948 -0.12700 -0.06930
vn -0.72143 -0.09440 0.68603
vn -0.72143 -0.09440 0.68603
vn -0.72143 -0.09440 0.68603
vn -0.65719 -0.46779 0.59099
vn -0.65719 -0.46779 0.59099
vn -0.65719 -0.46779 0.59099
vn -0.71519 -0.61929 0.32400
vn -0.71519 -0.61929 0.32400
vn -0.71519 -0.61929 0.32400
vn -0.99393 0.08330 0.07190
vn -0.99393 0.08330 0.07190
vn -0.99393 0.08330 0.07190
vn -0.83620 -0.54670 0.04350
vn -0.83620 -0.54670 0.04350
vn -0.83620 -0.54670 0.04350
vn -0.91825 0.17309 0.35618
vn -0.91825 0.17309 0.35618
vn -0.91825 0.17309 0.35618
vn -0.95368 -0.28619 -0.09270
vn -0.95368 -0.28619 -0.09270
vn -0.95368 -0.28619 -0.09270
vn -0.78368 0.04440 0.61958
vn -0.78368 0.04440 0.61958
vn -0.78368 0.04440 0.61958
vn -1.00000 -0.00050 -0.00220
vn -1.00000 -0.00050 -0.00220
vn -1.00000 -0.00050 -0.00220
vn -0.66371 -0.33870 0.66691
vn -0.66371 -0.33870 0.66691
vn -0.66371 -0.33870 0.66691
vn -0.67728 -0.56629 0.46969
vn -0.67728 -0.56629 0.46969
vn -0.67728 -0.56629 0.46969
vn -0.77102 -0.61252 0.17420
vn -0.77102 -0.61252 0.17420
vn -0.77102 -0.61252 0.17420
vn -0.68071 -0.23890 0.69251
vn -0.68071 -0.23890 0.69251
vn -0.68071 -0.23890 0.69251
vn -0.96743 0.15121 0.20301
vn -0.96743 0.15121 0.20301
vn -0.96743 0.15121 0.20301
vn -0.89908 -0.43439 -0.05440
vn -0.89908 -0.43439 -0.05440
vn -0.89908 -0.43439 -0.05440
vn 0.63098 -0.22979 -0.74098
vn 0.63098 -0.22979 -0.74098
vn 0.63098 -0.22979 -0.74098
vn 0.39011 -0.74752 0.53761
vn 0.39011 -0.74752 0.53761
vn 0.39011 -0.74752 0.53761
vn -0.38660 0.23950 -0.89061
vn -0.38660 0.23950 -0.89061
vn -0.38660 0.23950 -0.89061
vn 0.22750 0.32790 0.91691
vn 0.22750 0.32790 0.91691
vn 0.22750 0.32790 0.91691
vn 0.41250 -0.58020 0.70230
vn 0.41250 -0.58020 0.70230
vn 0.41250 -0.58020 0.70230
vn -0.35101 0.05190 -0.93493
vn -0.35101 0.05190 -0.93493
vn -0.35101 0.05190 -0.93493
vn 0.40741 -0.41791 0.81202
vn 0.40741 -0.41791 0.81202
vn 0.40741 -0.41791 0.81202
vn -0.30191 -0.13771 -0.94334
vn -0.30191 -0.13771 -0.94334
vn -0.30191 -0.13771 -0.94334
vn 0.08040 0.65079 0.75499
vn 0.08040 0.65079 0.75499
vn 0.08040 0.65079 0.75499
vn 0.38660 -0.23950 0.89061
vn 0.38660 -0.23950 0.89061
vn 0.38660 -0.23950 0.89061
vn -0.24120 -0.32200 -0.91550
vn -0.24120 -0.32200 -0.91550
vn -0.24120 -0.32200 -0.91550
vn 0.33470 -0.01570 0.94219
vn 0.33470 -0.01570 0.94219
vn 0.33470 -0.01570 0.94219
vn -0.17119 -0.49397 -0.85246
vn -0.17119 -0.49397 -0.85246
vn -0.17119 -0.49397 -0.85246
vn -0.05450 0.86088 0.50589
vn -0.05450 0.86088 0.50589
vn -0.05450 0.86088 0.50589
vn -0.08310 -0.66737 -0.74007
vn -0.08310 -0.66737 -0.74007
vn -0.08310 -0.66737 -0.74007
vn -0.14450 0.93802 0.31501
vn -0.14450 0.93802 0.31501
vn -0.14450 0.93802 0.31501
vn -0.21711 0.96674 0.13521
vn -0.21711 0.96674 0.13521
vn -0.21711 0.96674 0.13521
vn 0.05190 -0.87213 -0.48652
vn 0.05190 -0.87213 -0.48652
vn 0.05190 -0.87213 -0.48652
vn -0.28140 0.95830 -0.04980
vn -0.28140 0.95830 -0.04980
vn -0.28140 0.95830 -0.04980
vn -0.33491 0.91301 -0.23290
vn -0.33491 0.91301 -0.23290
vn -0.33491 0.91301 -0.23290
vn 0.20330 -0.96901 -0.14030
vn 0.20330 -0.96901 -0.14030
vn 0.20330 -0.96901 -0.14030
vn -0.37552 0.83265 -0.40703
vn -0.37552 0.83265 -0.40703
vn -0.37552 0.83265 -0.40703
vn -0.40170 0.72031 -0.56550
vn -0.40170 0.72031 -0.56550
vn -0.40170 0.72031 -0.56550
vn 0.32199 -0.91898 0.22759
vn 0.32199 -0.91898 0.22759
vn 0.32199 -0.91898 0.22759
vn -0.41250 0.58020 -0.70230
vn -0.41250 0.58020 -0.70230
vn -0.41250 0.58020 -0.70230
vn 0.91084 0.25041 -0.32812
vn 0.91084 0.25041 -0.32812
vn 0.91084 0.25041 -0.32812
vn 0.59882 0.79962 -0.04490
vn 0.59882 0.79962 -0.04490
vn 0.59882 0.79962 -0.04490
vn 0.64960 -0.35310 -0.67330
vn 0.64960 -0.35310 -0.67330
vn 0.64960 -0.35310 -0.67330
vn 0.50968 0.84817 -0.14430
vn 0.50968 0.84817 -0.14430
vn 0.50968 0.84817 -0.14430
vn 0.73516 -0.37748 -0.56307
vn 0.73516 -0.37748 -0.56307
vn 0.73516 -0.37748 -0.56307
vn 0.51029 0.81249 -0.28190
vn 0.51029 0.81249 -0.28190
vn 0.51029 0.81249 -0.28190
vn 0.75931 -0.46541 -0.45481
vn 0.75931 -0.46541 -0.45481
vn 0.75931 -0.46541 -0.45481
vn 0.42829 0.81118 -0.39819
vn 0.42829 0.81118 -0.39819
vn 0.42829 0.81118 -0.39819
vn 0.83297 -0.43878 -0.33709
vn 0.83297 -0.43878 -0.33709
vn 0.83297 -0.43878 -0.33709
vn 0.44961 0.73072 -0.51371
vn 0.44961 0.73072 -0.51371
vn 0.44961 0.73072 -0.51371
vn 0.85383 -0.47921 -0.20331
vn 0.85383 -0.47921 -0.20331
vn 0.85383 -0.47921 -0.20331
vn 0.38211 0.67821 -0.62771
vn 0.38211 0.67821 -0.62771
vn 0.38211 0.67821 -0.62771
vn 0.90956 -0.40398 -0.09750
vn 0.90956 -0.40398 -0.09750
vn 0.90956 -0.40398 -0.09750
vn 0.40468 0.57327 -0.71246
vn 0.40468 0.57327 -0.71246
vn 0.40468 0.57327 -0.71246
vn 0.91871 -0.39260 0.04290
vn 0.91871 -0.39260 0.04290
vn 0.91871 -0.39260 0.04290
vn 0.40809 0.46509 -0.78559
vn 0.40809 0.46509 -0.78559
vn 0.40809 0.46509 -0.78559
vn 0.88806 0.27979 0.36478
vn 0.88806 0.27979 0.36478
vn 0.88806 0.27979 0.36478
vn 0.95330 -0.27790 0.11830
vn 0.95330 -0.27790 0.11830
vn 0.95330 -0.27790 0.11830
vn 0.39258 0.34648 -0.85196
vn 0.39258 0.34648 -0.85196
vn 0.39258 0.34648 -0.85196
vn 0.82609 0.40340 0.39350
vn 0.82609 0.40340 0.39350
vn 0.82609 0.40340 0.39350
vn 0.95412 -0.19970 0.22310
vn 0.95412 -0.19970 0.22310
vn 0.95412 -0.19970 0.22310
vn 0.46541 0.22421 -0.85623
vn 0.46541 0.22421 -0.85623
vn 0.46541 0.22421 -0.85623
vn 0.80321 0.51151 0.30530
vn 0.80321 0.51151 0.30530
vn 0.80321 0.51151 0.30530
vn 0.94222 -0.10440 0.31831
vn 0.94222 -0.10440 0.31831
vn 0.94222 -0.10440 0.31831
vn 0.45110 0.08630 -0.88829
vn 0.45110 0.08630 -0.88829
vn 0.45110 0.08630 -0.88829
vn 0.72499 0.62739 0.28420
vn 0.72499 0.62739 0.28420
vn 0.72499 0.62739 0.28420
vn 0.94334 0.03450 0.33002
vn 0.94334 0.03450 0.33002
vn 0.94334 0.03450 0.33002
vn 0.53631 -0.01860 -0.84382
vn 0.53631 -0.01860 -0.84382
vn 0.53631 -0.01860 -0.84382
vn 0.70164 0.69404 0.16131
vn 0.70164 0.69404 0.16131
vn 0.70164 0.69404 0.16131
vn 0.90182 0.14570 0.40681
vn 0.90182 0.14570 0.40681
vn 0.90182 0.14570 0.40681
vn 0.54141 -0.15940 -0.82551
vn 0.54141 -0.15940 -0.82551
vn 0.54141 -0.15940 -0.82551
vn 0.61390 0.78361 0.09530
vn 0.61390 0.78361 0.09530
vn 0.61390 0.78361 0.09530
vn 0.00000 0.00000 -1.00000
vn 0.00000 0.00000 -1.00000
vn 0.00000 0.00000 -1.00000
vn 0.98631 -0.16150 -0.03330
vn 0.98631 -0.16150 -0.03330
vn 0.98631 -0.16150 -0.03330
vn -0.99999 -0.00000 -0.00450
vn -0.99999 -0.00000 -0.00450
vn -0.99999 -0.00000 -0.00450
vn -0.00000 0.53190 -0.84681
vn -0.00000 0.53190 -0.84681
vn -0.00000 0.53190 -0.84681
vn 0.33489 -0.00000 -0.94226
vn 0.33489 -0.00000 -0.94226
vn 0.33489 -0.00000 -0.94226
vn 0.36200 0.86470 -0.34820
vn 0.36200 0.86470 -0.34820
vn 0.36200 0.86470 -0.34820
vn 0.00000 0.00000 -1.00000
vn 0.00000 0.00000 -1.00000
vn 0.00000 0.00000 -1.00000
vn 0.90106 -0.16129 -0.40258
vn 0.90106 -0.16129 -0.40258
vn 0.90106 -0.16129 -0.40258
vn 0.78241 -0.40591 -0.47231
vn 0.78241 -0.40591 -0.47231
vn 0.78241 -0.40591 -0.47231
vn 0.56338 -0.60738 -0.56008
vn 0.56338 -0.60738 -0.56008
vn 0.56338 -0.60738 -0.56008
vn 0.34832 -0.71103 -0.61083
vn 0.34832 -0.71103 -0.61083
vn 0.34832 -0.71103 -0.61083
vn 0.18119 -0.75267 -0.63297
vn 0.18119 -0.75267 -0.63297
vn 0.18119 -0.75267 -0.63297
vn 0.06670 -0.76539 -0.64010
vn 0.06670 -0.76539 -0.64010
vn 0.06670 -0.76539 -0.64010
vn -0.06800 -0.73272 -0.67712
vn -0.06800 -0.73272 -0.67712
vn -0.06800 -0.73272 -0.67712
vn -0.18270 -0.78802 -0.58791
vn -0.18270 -0.78802 -0.58791
vn -0.18270 -0.78802 -0.58791
vn -0.32550 -0.71820 -0.61500
vn -0.32550 -0.71820 -0.61500
vn -0.32550 -0.71820 -0.61500
vn -0.54589 -0.61889 -0.56479
vn -0.54589 -0.61889 -0.56479
vn -0.54589 -0.61889 -0.56479
vn -0.73403 -0.46872 -0.49142
vn -0.73403 -0.46872 -0.49142
vn -0.73403 -0.46872 -0.49142
vn -0.88483 -0.22311 -0.40902
vn -0.88483 -0.22311 -0.40902
vn -0.88483 -0.22311 -0.40902
vn -0.91972 0.07720 -0.38491
vn -0.91972 0.07720 -0.38491
vn -0.91972 0.07720 -0.38491
vn -0.82274 0.32831 -0.46402
vn -0.82274 0.32831 -0.46402
vn -0.82274 0.32831 -0.46402
vn -0.73571 0.42741 -0.52541
vn -0.73571 0.42741 -0.52541
vn -0.73571 0.42741 -0.52541
vn -0.69388 0.53228 -0.48498
vn -0.69388 0.53228 -0.48498
vn -0.69388 0.53228 -0.48498
vn -0.55350 0.60250 -0.57500
vn -0.55350 0.60250 -0.57500
vn -0.55350 0.60250 -0.57500
vn -0.36002 0.70544 -0.61053
vn -0.36002 0.70544 -0.61053
vn -0.36002 0.70544 -0.61053
vn -0.06430 0.78901 -0.61101
vn -0.06430 0.78901 -0.61101
vn -0.06430 0.78901 -0.61101
vn 0.16740 0.72490 -0.66820
vn 0.16740 0.72490 -0.66820
vn 0.16740 0.72490 -0.66820
vn 0.30800 0.70249 -0.64159
vn 0.30800 0.70249 -0.64159
vn 0.30800 0.70249 -0.64159
vn 0.46040 0.63030 -0.62510
vn 0.46040 0.63030 -0.62510
vn 0.46040 0.63030 -0.62510
vn 0.64250 0.52230 -0.56070
vn 0.64250 0.52230 -0.56070
vn 0.64250 0.52230 -0.56070
vn 0.78660 0.42440 -0.44850
vn 0.78660 0.42440 -0.44850
vn 0.78660 0.42440 -0.44850
vn 0.83961 0.27350 -0.46931
vn 0.83961 0.27350 -0.46931
vn 0.83961 0.27350 -0.46931
vn 0.92713 0.12710 -0.35251
vn 0.92713 0.12710 -0.35251
vn 0.92713 0.12710 -0.35251
vn 0.90390 -0.01100 -0.42760
vn 0.90390 -0.01100 -0.42760
vn 0.90390 -0.01100 -0.42760
vn -0.93803 0.15550 -0.30971
vn -0.93803 0.15550 -0.30971
vn -0.93803 0.15550 -0.30971
vn -0.81398 0.44229 -0.37659
vn -0.81398 0.44229 -0.37659
vn -0.81398 0.44229 -0.37659
vn -0.59531 0.66341 -0.45331
vn -0.59531 0.66341 -0.45331
vn -0.59531 0.66341 -0.45331
vn -0.33631 0.77112 -0.54062
vn -0.33631 0.77112 -0.54062
vn -0.33631 0.77112 -0.54062
vn -0.08990 0.82026 -0.56488
vn -0.08990 0.82026 -0.56488
vn -0.08990 0.82026 -0.56488
vn 0.11610 0.82652 -0.55081
vn 0.11610 0.82652 -0.55081
vn 0.11610 0.82652 -0.55081
vn 0.25350 0.80029 -0.54339
vn 0.25350 0.80029 -0.54339
vn 0.25350 0.80029 -0.54339
vn 0.44588 0.71447 -0.53918
vn 0.44588 0.71447 -0.53918
vn 0.44588 0.71447 -0.53918
vn 0.76413 0.48472 -0.42562
vn 0.76413 0.48472 -0.42562
vn 0.76413 0.48472 -0.42562
vn 0.95701 -0.04590 -0.28640
vn 0.95701 -0.04590 -0.28640
vn 0.95701 -0.04590 -0.28640
vn 0.87119 -0.34870 -0.34560
vn 0.87119 -0.34870 -0.34560
vn 0.87119 -0.34870 -0.34560
vn 0.80102 -0.46371 -0.37861
vn 0.80102 -0.46371 -0.37861
vn 0.80102 -0.46371 -0.37861
vn 0.72827 -0.55128 -0.40708
vn 0.72827 -0.55128 -0.40708
vn 0.72827 -0.55128 -0.40708
vn 0.61201 -0.65241 -0.44700
vn 0.61201 -0.65241 -0.44700
vn 0.61201 -0.65241 -0.44700
vn 0.40100 -0.76941 -0.49720
vn 0.40100 -0.76941 -0.49720
vn 0.40100 -0.76941 -0.49720
vn 0.06890 -0.84911 -0.52371
vn 0.06890 -0.84911 -0.52371
vn 0.06890 -0.84911 -0.52371
vn -0.18989 -0.83417 -0.51778
vn -0.18989 -0.83417 -0.51778
vn -0.18989 -0.83417 -0.51778
vn -0.34049 -0.79548 -0.50128
vn -0.34049 -0.79548 -0.50128
vn -0.34049 -0.79548 -0.50128
vn -0.51119 -0.71768 -0.47289
vn -0.51119 -0.71768 -0.47289
vn -0.51119 -0.71768 -0.47289
vn -0.71546 -0.56057 -0.41698
vn -0.71546 -0.56057 -0.41698
vn -0.71546 -0.56057 -0.41698
vn -0.87642 -0.31711 -0.36241
vn -0.87642 -0.31711 -0.36241
vn -0.87642 -0.31711 -0.36241
vn -0.93972 -0.09960 -0.32711
vn -0.93972 -0.09960 -0.32711
vn -0.93972 -0.09960 -0.32711
vn 0.51650 -0.85600 0.02220
vn 0.51650 -0.85600 0.02220
vn 0.51650 -0.85600 0.02220
vn 0.00010 -0.88493 0.46572
vn 0.00010 -0.88493 0.46572
vn 0.00010 -0.88493 0.46572
vn 0.00010 -0.88493 -0.46572
vn 0.00010 -0.88493 -0.46572
vn 0.00010 -0.88493 -0.46572
vn 0.51661 -0.85622 -0.00000
vn 0.51661 -0.85622 -0.00000
vn 0.51661 -0.85622 -0.00000
vn -0.99957 -0.02920 -0.00000
vn -0.99957 -0.02920 -0.00000
vn -0.99957 -0.02920 -0.00000
vn 0.00010 1.00000 -0.00010
vn 0.00010 1.00000 -0.00010
vn 0.00010 1.00000 -0.00010
vn 0.88604 0.46362 0.00000
vn 0.88604 0.46362 0.00000
vn 0.88604 0.46362 0.00000
vn -0.99998 0.00560 0.00000
vn -0.99998 0.00560 0.00000
vn -0.99998 0.00560 0.00000
vn 0.00000 0.72288 -0.69098
vn 0.00000 0.72288 -0.69098
vn 0.00000 0.72288 -0.69098
vn -0.00000 0.72312 0.69072
vn -0.00000 0.72312 0.69072
vn -0.00000 0.72312 0.69072
vn 0.88604 0.46362 0.00000
vn 0.88604 0.46362 0.00000
vn 0.88604 0.46362 0.00000
vn 0.37430 0.68320 -0.62700
vn 0.37430 0.68320 -0.62700
vn 0.37430 0.68320 -0.62700
vn 1.00000 -0.00000 0.00020
vn 1.00000 -0.00000 0.00020
vn 1.00000 -0.00000 0.00020
vn 1.00000 0.00030 -0.00000
vn 1.00000 0.00030 -0.00000
vn 1.00000 0.00030 -0.00000
vn 1.00000 0.00090 -0.00010
vn 1.00000 0.00090 -0.00010
vn 1.00000 0.00090 -0.00010
vn 1.00000 0.00050 0.00000
vn 1.00000 0.00050 0.00000
vn 1.00000 0.00050 0.00000
vn 1.00000 0.00140 -0.00000
vn 1.00000 0.00140 -0.00000
vn 1.00000 0.00140 -0.00000
vn 1.00000 -0.00000 0.00010
vn 1.00000 -0.00000 0.00010
vn 1.00000 -0.00000 0.00010
vn 1.00000 -0.00230 -0.00010
vn 1.00000 -0.00230 -0.00010
vn 1.00000 -0.00230 -0.00010
vn 1.00000 0.00030 -0.00090
vn 1.00000 0.00030 -0.00090
vn 1.00000 0.00030 -0.00090
vn 1.00000 0.00010 0.00010
vn 1.00000 0.00010 0.00010
vn 1.00000 0.00010 0.00010
vn 0.01870 -0.03650 -0.99916
vn 0.01870 -0.03650 -0.99916
vn 0.01870 -0.03650 -0.99916
vn -0.00360 -0.04760 -0.99886
vn -0.00360 -0.04760 -0.99886
vn -0.00360 -0.04760 -0.99886
vn -0.12240 -0.01030 -0.99243
vn -0.12240 -0.01030 -0.99243
vn -0.12240 -0.01030 -0.99243
vn -0.07800 -0.02970 -0.99651
vn -0.07800 -0.02970 -0.99651
vn -0.07800 -0.02970 -0.99651
vn -0.06450 -0.02690 -0.99756
vn -0.06450 -0.02690 -0.99756
vn -0.06450 -0.02690 -0.99756
vn -0.08470 -0.02370 -0.99612
vn -0.08470 -0.02370 -0.99612
vn -0.08470 -0.02370 -0.99612
vn -0.06220 -0.02880 -0.99765
vn -0.06220 -0.02880 -0.99765
vn -0.06220 -0.02880 -0.99765
vn -0.13600 0.04640 -0.98962
vn -0.13600 0.04640 -0.98962
vn -0.13600 0.04640 -0.98962
vn -0.04290 -0.03400 -0.99850
vn -0.04290 -0.03400 -0.99850
vn -0.04290 -0.03400 -0.99850
vn -0.05710 -0.03110 -0.99788
vn -0.05710 -0.03110 -0.99788
vn -0.05710 -0.03110 -0.99788
vn -0.06120 -0.03320 -0.99757
vn -0.06120 -0.03320 -0.99757
vn -0.06120 -0.03320 -0.99757
vn 0.00050 0.00030 -1.00000
vn 0.00050 0.00030 -1.00000
vn 0.00050 0.00030 -1.00000
vn 0.00020 -0.00010 -1.00000
vn 0.00020 -0.00010 -1.00000
vn 0.00020 -0.00010 -1.00000
vn -0.00150 0.00070 -1.00000
vn -0.00150 0.00070 -1.00000
vn -0.00150 0.00070 -1.00000
vn -0.00010 -0.00000 -1.00000
vn -0.00010 -0.00000 -1.00000
vn -0.00010 -0.00000 -1.00000
vn -0.00000 -0.00010 -1.00000
vn -0.00000 -0.00010 -1.00000
vn -0.00000 -0.00010 -1.00000
vn -0.00010 -0.00000 -1.00000
vn -0.00010 -0.00000 -1.00000
vn -0.00010 -0.00000 -1.00000
vn 0.00000 0.00000 -1.00000
vn 0.00000 0.00000 -1.00000
vn 0.00000 0.00000 -1.00000
vn 0.00010 0.00020 -1.00000
vn 0.00010 0.00020 -1.00000
vn 0.00010 0.00020 -1.00000
vn 0.00000 0.00000 -1.00000
vn 0.00000 0.00000 -1.00000
vn 0.00000 0.00000 -1.00000
vn -0.00010 -0.00010 -1.00000
vn -0.00010 -0.00010 -1.00000
vn -0.00010 -0.00010 -1.00000
vn 0.00000 0.00000 -1.00000
vn 0.00000 0.00000 -1.00000
vn 0.00000 0.00000 -1.00000
vn 0.00000 0.00000 -1.00000
vn 0.00000 0.00000 -1.00000
vn 0.00000 0.00000 -1.00000
vn 0.00000 0.00000 -1.00000
vn 0.00000 0.00000 -1.00000
vn 0.00000 0.00000 -1.00000
vn 0.00010 0.00010 -1.00000
vn 0.00010 0.00010 -1.00000
vn 0.00010 0.00010 -1.00000
vn -0.00150 0.00040 -1.00000
vn -0.00150 0.00040 -1.00000
vn -0.00150 0.00040 -1.00000
vn 0.00000 0.00000 -1.00000
vn 0.00000 0.00000 -1.00000
vn 0.00000 0.00000 -1.00000
vn -0.00040 -0.00000 -1.00000
vn -0.00040 -0.00000 -1.00000
vn -0.00040 -0.00000 -1.00000
vn 0.00000 0.00000 -1.00000
vn 0.00000 0.00000 -1.00000
vn 0.00000 0.00000 -1.00000
vn 0.00030 0.00020 -1.00000
vn 0.00030 0.00020 -1.00000
vn 0.00030 0.00020 -1.00000
vn 0.00000 0.00000 -1.00000
vn 0.00000 0.00000 -1.00000
vn 0.00000 0.00000 -1.00000
vn 0.00000 0.00000 -1.00000
vn 0.00000 0.00000 -1.00000
vn 0.00000 0.00000 -1.00000
vn 0.00000 0.00010 -1.00000
vn 0.00000 0.00010 -1.00000
vn 0.00000 0.00010 -1.00000
vn 0.00000 0.00000 -1.00000
vn 0.00000 0.00000 -1.00000
vn 0.00000 0.00000 -1.00000
vn 0.00000 -0.00000 1.00000
vn 0.00000 -0.00000 1.00000
vn 0.00000 -0.00000 1.00000
vn 0.00000 -0.00000 1.00000
vn 0.00000 -0.00000 1.00000
vn 0.00000 -0.00000 1.00000
vn 0.00000 -0.00000 1.00000
vn 0.00000 -0.00000 1.00000
vn 0.00000 -0.00000 1.00000
vn 0.00000 -1.00000 0.00000
vn 0.00000 -1.00000 0.00000
vn 0.00000 -1.00000 0.00000
vn 0.00000 -1.00000 0.00000
vn 0.00000 -1.00000 0.00000
vn 0.00000 -1.00000 0.00000
vn -0.99886 -0.00000 0.04780
vn -0.99886 -0.00000 0.04780
vn -0.99886 -0.00000 0.04780
vn -0.96091 -0.25380 0.11060
vn -0.96091 -0.25380 0.11060
vn -0.96091 -0.25380 0.11060
vn -0.99876 -0.04100 0.02840
vn -0.99876 -0.04100 0.02840
vn -0.99876 -0.04100 0.02840
vn -0.00010 0.28949 -0.95718
vn -0.00010 0.28949 -0.95718
vn -0.00010 0.28949 -0.95718
vn -0.00080 0.29070 -0.95681
vn -0.00080 0.29070 -0.95681
vn -0.00080 0.29070 -0.95681
vn 0.00020 0.29070 -0.95681
vn 0.00020 0.29070 -0.95681
vn 0.00020 0.29070 -0.95681
vn 0.00000 0.29070 -0.95681
vn 0.00000 0.29070 -0.95681
vn 0.00000 0.29070 -0.95681
vn 0.00010 0.29070 -0.95681
vn 0.00010 0.29070 -0.95681
vn 0.00010 0.29070 -0.95681
vn 0.00070 0.29080 -0.95678
vn 0.00070 0.29080 -0.95678
vn 0.00070 0.29080 -0.95678
vn -0.00050 0.29070 -0.95681
vn -0.00050 0.29070 -0.95681
vn -0.00050 0.29070 -0.95681
vn 0.00000 0.29061 -0.95684
vn 0.00000 0.29061 -0.95684
vn 0.00000 0.29061 -0.95684
vn 0.00000 0.29061 -0.95684
vn 0.00000 0.29061 -0.95684
vn 0.00000 0.29061 -0.95684
vn 0.00000 0.29061 -0.95684
vn 0.00000 0.29061 -0.95684
vn 0.00000 0.29061 -0.95684
vn 0.00000 0.29061 -0.95684
vn 0.00000 0.29061 -0.95684
vn 0.00000 0.29061 -0.95684
vn 0.00250 0.29079 -0.95678
vn 0.00250 0.29079 -0.95678
vn 0.00250 0.29079 -0.95678
vn -0.00070 0.29070 -0.95681
vn -0.00070 0.29070 -0.95681
vn -0.00070 0.29070 -0.95681
vn -0.00030 0.29070 -0.95681
vn -0.00030 0.29070 -0.95681
vn -0.00030 0.29070 -0.95681
vn 0.00000 0.29070 -0.95681
vn 0.00000 0.29070 -0.95681
vn 0.00000 0.29070 -0.95681
vn -0.00010 0.29061 -0.95684
vn -0.00010 0.29061 -0.95684
vn -0.00010 0.29061 -0.95684
vn -0.39762 -0.71324 -0.57723
vn -0.39762 -0.71324 -0.57723
vn -0.39762 -0.71324 -0.57723
vn -0.89329 -0.34560 -0.28740
vn -0.89329 -0.34560 -0.28740
vn -0.89329 -0.34560 -0.28740
vn -0.07060 -0.74052 -0.66832
vn -0.07060 -0.74052 -0.66832
vn -0.07060 -0.74052 -0.66832
vn -0.89130 -0.37210 -0.25910
vn -0.89130 -0.37210 -0.25910
vn -0.89130 -0.37210 -0.25910
vn -0.64762 -0.64642 -0.40341
vn -0.64762 -0.64642 -0.40341
vn -0.64762 -0.64642 -0.40341
vn -0.88835 -0.40238 -0.22119
vn -0.88835 -0.40238 -0.22119
vn -0.88835 -0.40238 -0.22119
vn -0.87931 -0.40750 -0.24650
vn -0.87931 -0.40750 -0.24650
vn -0.87931 -0.40750 -0.24650
vn -0.74241 -0.58241 -0.33110
vn -0.74241 -0.58241 -0.33110
vn -0.74241 -0.58241 -0.33110
vn -0.32519 -0.72127 -0.61157
vn -0.32519 -0.72127 -0.61157
vn -0.32519 -0.72127 -0.61157
vn -0.84070 -0.47930 -0.25200
vn -0.84070 -0.47930 -0.25200
vn -0.84070 -0.47930 -0.25200
vn -0.79915 -0.53987 -0.26438
vn -0.79915 -0.53987 -0.26438
vn -0.79915 -0.53987 -0.26438
vn -0.88121 -0.39970 -0.25240
vn -0.88121 -0.39970 -0.25240
vn -0.88121 -0.39970 -0.25240
vn -0.93349 -0.31640 -0.16880
vn -0.93349 -0.31640 -0.16880
vn -0.93349 -0.31640 -0.16880
vn -0.91753 -0.35501 -0.17921
vn -0.91753 -0.35501 -0.17921
vn -0.91753 -0.35501 -0.17921
vn -0.55891 -0.67731 -0.47841
vn -0.55891 -0.67731 -0.47841
vn -0.55891 -0.67731 -0.47841
vn -0.95895 -0.16711 -0.22911
vn -0.95895 -0.16711 -0.22911
vn -0.95895 -0.16711 -0.22911
vn -0.98354 -0.01440 -0.18011
vn -0.98354 -0.01440 -0.18011
vn -0.98354 -0.01440 -0.18011
vn -0.97653 0.06390 -0.20571
vn -0.97653 0.06390 -0.20571
vn -0.97653 0.06390 -0.20571
vn -0.92687 0.29559 -0.23139
vn -0.92687 0.29559 -0.23139
vn -0.92687 0.29559 -0.23139
vn -0.85903 0.45052 -0.24311
vn -0.85903 0.45052 -0.24311
vn -0.85903 0.45052 -0.24311
vn -0.73991 0.60131 -0.30160
vn -0.73991 0.60131 -0.30160
vn -0.73991 0.60131 -0.30160
vn -0.55850 0.75120 -0.35180
vn -0.55850 0.75120 -0.35180
vn -0.55850 0.75120 -0.35180
vn -0.41402 0.82483 -0.38502
vn -0.41402 0.82483 -0.38502
vn -0.41402 0.82483 -0.38502
vn -0.89543 0.44191 0.05400
vn -0.89543 0.44191 0.05400
vn -0.89543 0.44191 0.05400
vn -0.30191 0.86883 -0.39241
vn -0.30191 0.86883 -0.39241
vn -0.30191 0.86883 -0.39241
vn -0.18691 0.91423 -0.35951
vn -0.18691 0.91423 -0.35951
vn -0.18691 0.91423 -0.35951
vn -0.04530 0.96664 -0.25209
vn -0.04530 0.96664 -0.25209
vn -0.04530 0.96664 -0.25209
vn -0.76802 0.64002 -0.02290
vn -0.76802 0.64002 -0.02290
vn -0.76802 0.64002 -0.02290
vn -0.97301 0.22430 -0.05420
vn -0.97301 0.22430 -0.05420
vn -0.97301 0.22430 -0.05420
vn -0.97492 -0.16190 -0.15270
vn -0.97492 -0.16190 -0.15270
vn -0.97492 -0.16190 -0.15270
vn -0.97658 0.12250 -0.17690
vn -0.97658 0.12250 -0.17690
vn -0.97658 0.12250 -0.17690
vn -0.94326 0.32909 0.04430
vn -0.94326 0.32909 0.04430
vn -0.94326 0.32909 0.04430
vn -0.54261 0.82961 -0.13160
vn -0.54261 0.82961 -0.13160
vn -0.54261 0.82961 -0.13160
vn -0.28610 0.92771 -0.23980
vn -0.28610 0.92771 -0.23980
vn -0.28610 0.92771 -0.23980
vn -0.06510 0.96453 -0.25581
vn -0.06510 0.96453 -0.25581
vn -0.06510 0.96453 -0.25581
vn -0.23349 0.33628 0.91236
vn -0.23349 0.33628 0.91236
vn -0.23349 0.33628 0.91236
vn -0.08570 0.65849 0.74769
vn -0.08570 0.65849 0.74769
vn -0.08570 0.65849 0.74769
vn 0.07560 0.88007 0.46878
vn 0.07560 0.88007 0.46878
vn 0.07560 0.88007 0.46878
vn 0.22560 0.96700 0.11840
vn 0.22560 0.96700 0.11840
vn 0.22560 0.96700 0.11840
vn 0.35631 0.89102 -0.28131
vn 0.35631 0.89102 -0.28131
vn 0.35631 0.89102 -0.28131
vn 0.42130 0.56440 -0.70990
vn 0.42130 0.56440 -0.70990
vn 0.42130 0.56440 -0.70990
vn 0.37232 0.09590 -0.92314
vn 0.37232 0.09590 -0.92314
vn 0.37232 0.09590 -0.92314
vn 0.25619 -0.30729 -0.91648
vn 0.25619 -0.30729 -0.91648
vn 0.25619 -0.30729 -0.91648
vn 0.11070 -0.63617 -0.76357
vn 0.11070 -0.63617 -0.76357
vn 0.11070 -0.63617 -0.76357
vn -0.05050 -0.86839 -0.49330
vn -0.05050 -0.86839 -0.49330
vn -0.05050 -0.86839 -0.49330
vn -0.20260 -0.96810 -0.14740
vn -0.20260 -0.96810 -0.14740
vn -0.20260 -0.96810 -0.14740
vn -0.32229 -0.92048 0.22100
vn -0.32229 -0.92048 0.22100
vn -0.32229 -0.92048 0.22100
vn -0.39141 -0.73081 0.55921
vn -0.39141 -0.73081 0.55921
vn -0.39141 -0.73081 0.55921
vn -0.39809 -0.40909 0.82108
vn -0.39809 -0.40909 0.82108
vn -0.39809 -0.40909 0.82108
vn 0.91086 -0.25039 0.32809
vn 0.91086 -0.25039 0.32809
vn 0.91086 -0.25039 0.32809
vn 0.91086 -0.25039 0.32809
vn 0.91086 -0.25039 0.32809
vn 0.91086 -0.25039 0.32809
vn 0.91086 -0.25039 0.32809
vn 0.91086 -0.25039 0.32809
vn 0.91086 -0.25039 0.32809
vn 0.91086 -0.25039 0.32809
vn 0.91086 -0.25039 0.32809
vn 0.91086 -0.25039 0.32809
vn 0.91086 -0.25039 0.32809
vn 0.91086 -0.25039 0.32809
vn 0.91086 -0.25039 0.32809
vn 0.91086 -0.25039 0.32809
vn 0.91086 -0.25039 0.32809
vn 0.91086 -0.25039 0.32809
vn 0.91086 -0.25039 0.32809
vn 0.91086 -0.25039 0.32809
vn 0.91086 -0.25039 0.32809
vn 0.91086 -0.25039 0.32809
vn 0.91086 -0.25039 0.32809
vn 0.91086 -0.25039 0.32809
vn 0.91086 -0.25039 0.32809
vn 0.91086 -0.25039 0.32809
vn 0.91086 -0.25039 0.32809
vn 0.91086 -0.25039 0.32809
vn 0.91086 -0.25039 0.32809
vn 0.91086 -0.25039 0.32809
vn 0.91086 -0.25039 0.32809
vn 0.91086 -0.25039 0.32809
vn 0.91086 -0.25039 0.32809
vn 0.91086 -0.25039 0.32809
vn 0.91086 -0.25039 0.32809
vn 0.91086 -0.25039 0.32809
vn -0.34508 -0.03670 0.93785
vn -0.34508 -0.03670 0.93785
vn -0.34508 -0.03670 0.93785
vn 0.65679 -0.54179 0.52449
vn 0.65679 -0.54179 0.52449
vn 0.65679 -0.54179 0.52449
vn 0.40741 0.41791 -0.81202
vn 0.40741 0.41791 -0.81202
vn 0.40741 0.41791 -0.81202
vn 0.85516 0.13349 0.50088
vn 0.85516 0.13349 0.50088
vn 0.85516 0.13349 0.50088
vn 0.98917 -0.12870 -0.07050
vn 0.98917 -0.12870 -0.07050
vn 0.98917 -0.12870 -0.07050
vn 0.73232 -0.63912 0.23501
vn 0.73232 -0.63912 0.23501
vn 0.73232 -0.63912 0.23501
vn 0.72143 -0.09440 0.68603
vn 0.72143 -0.09440 0.68603
vn 0.72143 -0.09440 0.68603
vn 0.86091 -0.50851 -0.01600
vn 0.86091 -0.50851 -0.01600
vn 0.86091 -0.50851 -0.01600
vn 0.65760 -0.46860 0.58990
vn 0.65760 -0.46860 0.58990
vn 0.65760 -0.46860 0.58990
vn 0.97399 -0.20540 -0.09570
vn 0.97399 -0.20540 -0.09570
vn 0.97399 -0.20540 -0.09570
vn 0.99393 0.08330 0.07190
vn 0.99393 0.08330 0.07190
vn 0.99393 0.08330 0.07190
vn 0.91825 0.17309 0.35618
vn 0.91825 0.17309 0.35618
vn 0.91825 0.17309 0.35618
vn 0.95408 -0.28499 -0.09230
vn 0.95408 -0.28499 -0.09230
vn 0.95408 -0.28499 -0.09230
vn 0.68170 -0.61770 0.39210
vn 0.68170 -0.61770 0.39210
vn 0.68170 -0.61770 0.39210
vn 0.78368 0.04440 0.61958
vn 0.78368 0.04440 0.61958
vn 0.78368 0.04440 0.61958
vn 1.00000 -0.00050 -0.00220
vn 1.00000 -0.00050 -0.00220
vn 1.00000 -0.00050 -0.00220
vn 0.79695 -0.59774 0.08711
vn 0.79695 -0.59774 0.08711
vn 0.79695 -0.59774 0.08711
vn 0.66371 -0.33870 0.66691
vn 0.66371 -0.33870 0.66691
vn 0.66371 -0.33870 0.66691
vn 0.92779 -0.36270 -0.08750
vn 0.92779 -0.36270 -0.08750
vn 0.92779 -0.36270 -0.08750
vn 0.99772 -0.05180 -0.04330
vn 0.99772 -0.05180 -0.04330
vn 0.99772 -0.05180 -0.04330
vn 0.68071 -0.23890 0.69251
vn 0.68071 -0.23890 0.69251
vn 0.68071 -0.23890 0.69251
vn 0.96743 0.15121 0.20301
vn 0.96743 0.15121 0.20301
vn 0.96743 0.15121 0.20301
vn 0.89994 -0.43257 -0.05460
vn 0.89994 -0.43257 -0.05460
vn 0.89994 -0.43257 -0.05460
vn -0.64909 -0.22659 -0.72618
vn -0.64909 -0.22659 -0.72618
vn -0.64909 -0.22659 -0.72618
vn -0.40170 -0.72031 0.56550
vn -0.40170 -0.72031 0.56550
vn -0.40170 -0.72031 0.56550
vn 0.38660 0.23950 -0.89061
vn 0.38660 0.23950 -0.89061
vn 0.38660 0.23950 -0.89061
vn -0.22750 0.32790 0.91691
vn -0.22750 0.32790 0.91691
vn -0.22750 0.32790 0.91691
vn -0.41250 -0.58020 0.70230
vn -0.41250 -0.58020 0.70230
vn -0.41250 -0.58020 0.70230
vn 0.35101 0.05190 -0.93493
vn 0.35101 0.05190 -0.93493
vn 0.35101 0.05190 -0.93493
vn -0.40741 -0.41791 0.81202
vn -0.40741 -0.41791 0.81202
vn -0.40741 -0.41791 0.81202
vn 0.30191 -0.13771 -0.94334
vn 0.30191 -0.13771 -0.94334
vn 0.30191 -0.13771 -0.94334
vn -0.08040 0.65079 0.75499
vn -0.08040 0.65079 0.75499
vn -0.08040 0.65079 0.75499
vn -0.38660 -0.23950 0.89061
vn -0.38660 -0.23950 0.89061
vn -0.38660 -0.23950 0.89061
vn 0.24120 -0.32200 -0.91550
vn 0.24120 -0.32200 -0.91550
vn 0.24120 -0.32200 -0.91550
vn -0.33470 -0.01570 0.94219
vn -0.33470 -0.01570 0.94219
vn -0.33470 -0.01570 0.94219
vn 0.17119 -0.49397 -0.85246
vn 0.17119 -0.49397 -0.85246
vn 0.17119 -0.49397 -0.85246
vn 0.05450 0.86088 0.50589
vn 0.05450 0.86088 0.50589
vn 0.05450 0.86088 0.50589
vn 0.10260 -0.64902 -0.75382
vn 0.10260 -0.64902 -0.75382
vn 0.10260 -0.64902 -0.75382
vn 0.14450 0.93802 0.31501
vn 0.14450 0.93802 0.31501
vn 0.14450 0.93802 0.31501
vn 0.00560 -0.77250 -0.63500
vn 0.00560 -0.77250 -0.63500
vn 0.00560 -0.77250 -0.63500
vn 0.21711 0.96674 0.13521
vn 0.21711 0.96674 0.13521
vn 0.21711 0.96674 0.13521
vn -0.05840 -0.87542 -0.47981
vn -0.05840 -0.87542 -0.47981
vn -0.05840 -0.87542 -0.47981
vn 0.28140 0.95830 -0.04980
vn 0.28140 0.95830 -0.04980
vn 0.28140 0.95830 -0.04980
vn -0.15330 -0.93558 -0.31809
vn -0.15330 -0.93558 -0.31809
vn -0.15330 -0.93558 -0.31809
vn 0.33491 0.91301 -0.23290
vn 0.33491 0.91301 -0.23290
vn 0.33491 0.91301 -0.23290
vn -0.20920 -0.96888 -0.13230
vn -0.20920 -0.96888 -0.13230
vn -0.20920 -0.96888 -0.13230
vn 0.37552 0.83265 -0.40703
vn 0.37552 0.83265 -0.40703
vn 0.37552 0.83265 -0.40703
vn -0.29021 -0.95582 0.04670
vn -0.29021 -0.95582 0.04670
vn -0.29021 -0.95582 0.04670
vn 0.40170 0.72031 -0.56550
vn 0.40170 0.72031 -0.56550
vn 0.40170 0.72031 -0.56550
vn -0.32711 -0.91512 0.23571
vn -0.32711 -0.91512 0.23571
vn -0.32711 -0.91512 0.23571
vn 0.41250 0.58020 -0.70230
vn 0.41250 0.58020 -0.70230
vn 0.41250 0.58020 -0.70230
vn -0.38429 -0.83018 0.40389
vn -0.38429 -0.83018 0.40389
vn -0.38429 -0.83018 0.40389
vn -0.91084 0.25041 -0.32812
vn -0.91084 0.25041 -0.32812
vn -0.91084 0.25041 -0.32812
vn -0.91084 0.25041 -0.32812
vn -0.91084 0.25041 -0.32812
vn -0.91084 0.25041 -0.32812
vn -0.91086 0.25039 -0.32809
vn -0.91086 0.25039 -0.32809
vn -0.91086 0.25039 -0.32809
vn -0.91086 0.25039 -0.32809
vn -0.91086 0.25039 -0.32809
vn -0.91086 0.25039 -0.32809
vn -0.91086 0.25039 -0.32809
vn -0.91086 0.25039 -0.32809
vn -0.91086 0.25039 -0.32809
vn -0.91086 0.25039 -0.32809
vn -0.91086 0.25039 -0.32809
vn -0.91086 0.25039 -0.32809
vn -0.91069 0.25060 -0.32840
vn -0.91069 0.25060 -0.32840
vn -0.91069 0.25060 -0.32840
vn -0.91086 0.25039 -0.32809
vn -0.91086 0.25039 -0.32809
vn -0.91086 0.25039 -0.32809
vn -0.91086 0.25039 -0.32809
vn -0.91086 0.25039 -0.32809
vn -0.91086 0.25039 -0.32809
vn -0.91086 0.25039 -0.32809
vn -0.91086 0.25039 -0.32809
vn -0.91086 0.25039 -0.32809
vn -0.91084 0.25041 -0.32812
vn -0.91084 0.25041 -0.32812
vn -0.91084 0.25041 -0.32812
vn -0.91084 0.25041 -0.32812
vn -0.91084 0.25041 -0.32812
vn -0.91084 0.25041 -0.32812
vn -0.91084 0.25041 -0.32812
vn -0.91084 0.25041 -0.32812
vn -0.91084 0.25041 -0.32812
vn -0.91149 0.24940 -0.32710
vn -0.91149 0.24940 -0.32710
vn -0.91149 0.24940 -0.32710
vn -0.59882 0.79962 -0.04490
vn -0.59882 0.79962 -0.04490
vn -0.59882 0.79962 -0.04490
vn -0.50968 0.84817 -0.14430
vn -0.50968 0.84817 -0.14430
vn -0.50968 0.84817 -0.14430
vn -0.75182 -0.36621 -0.54832
vn -0.75182 -0.36621 -0.54832
vn -0.75182 -0.36621 -0.54832
vn -0.51029 0.81249 -0.28190
vn -0.51029 0.81249 -0.28190
vn -0.51029 0.81249 -0.28190
vn -0.42829 0.81118 -0.39819
vn -0.42829 0.81118 -0.39819
vn -0.42829 0.81118 -0.39819
vn -0.84698 -0.42019 -0.32569
vn -0.84698 -0.42019 -0.32569
vn -0.84698 -0.42019 -0.32569
vn -0.44961 0.73072 -0.51371
vn -0.44961 0.73072 -0.51371
vn -0.44961 0.73072 -0.51371
vn -0.38211 0.67821 -0.62771
vn -0.38211 0.67821 -0.62771
vn -0.38211 0.67821 -0.62771
vn -0.91981 -0.38130 -0.09250
vn -0.91981 -0.38130 -0.09250
vn -0.91981 -0.38130 -0.09250
vn -0.40468 0.57327 -0.71246
vn -0.40468 0.57327 -0.71246
vn -0.40468 0.57327 -0.71246
vn -0.43820 0.43520 -0.78650
vn -0.43820 0.43520 -0.78650
vn -0.43820 0.43520 -0.78650
vn -0.88806 0.27979 0.36478
vn -0.88806 0.27979 0.36478
vn -0.88806 0.27979 0.36478
vn -0.94508 -0.30359 0.12110
vn -0.94508 -0.30359 0.12110
vn -0.94508 -0.30359 0.12110
vn -0.82609 0.40340 0.39350
vn -0.82609 0.40340 0.39350
vn -0.82609 0.40340 0.39350
vn -0.96207 -0.16360 0.21829
vn -0.96207 -0.16360 0.21829
vn -0.96207 -0.16360 0.21829
vn -0.48290 0.21490 -0.84890
vn -0.48290 0.21490 -0.84890
vn -0.48290 0.21490 -0.84890
vn -0.80321 0.51151 0.30530
vn -0.80321 0.51151 0.30530
vn -0.80321 0.51151 0.30530
vn -0.94222 -0.10440 0.31831
vn -0.94222 -0.10440 0.31831
vn -0.94222 -0.10440 0.31831
vn -0.72499 0.62739 0.28420
vn -0.72499 0.62739 0.28420
vn -0.72499 0.62739 0.28420
vn -0.94334 0.03450 0.33002
vn -0.94334 0.03450 0.33002
vn -0.94334 0.03450 0.33002
vn -0.55461 -0.02240 -0.83181
vn -0.55461 -0.02240 -0.83181
vn -0.55461 -0.02240 -0.83181
vn -0.70164 0.69404 0.16131
vn -0.70164 0.69404 0.16131
vn -0.70164 0.69404 0.16131
vn -0.90182 0.14570 0.40681
vn -0.90182 0.14570 0.40681
vn -0.90182 0.14570 0.40681
vn -0.61390 0.78361 0.09530
vn -0.61390 0.78361 0.09530
vn -0.61390 0.78361 0.09530
vn 0.00000 0.00000 -1.00000
vn 0.00000 0.00000 -1.00000
vn 0.00000 0.00000 -1.00000
vn -0.98368 -0.16690 0.06720
vn -0.98368 -0.16690 0.06720
vn -0.98368 -0.16690 0.06720
vn -0.92267 -0.38559 -0.00000
vn -0.92267 -0.38559 -0.00000
vn -0.92267 -0.38559 -0.00000
vn -0.97418 -0.22579 -0.00000
vn -0.97418 -0.22579 -0.00000
vn -0.97418 -0.22579 -0.00000
vn -1.00000 -0.00000 -0.00000
vn -1.00000 -0.00000 -0.00000
vn -1.00000 -0.00000 -0.00000
vn -0.98631 -0.16150 -0.03330
vn -0.98631 -0.16150 -0.03330
vn -0.98631 -0.16150 -0.03330
vn 0.99999 -0.00000 -0.00510
vn 0.99999 -0.00000 -0.00510
vn 0.99999 -0.00000 -0.00510
vn 0.99999 -0.00000 -0.00450
vn 0.99999 -0.00000 -0.00450
vn 0.99999 -0.00000 -0.00450
vn 0.99999 -0.00010 0.00530
vn 0.99999 -0.00010 0.00530
vn 0.99999 -0.00010 0.00530
vn -0.00000 0.53190 -0.84681
vn -0.00000 0.53190 -0.84681
vn -0.00000 0.53190 -0.84681
vn -0.51670 -0.02120 -0.85590
vn -0.51670 -0.02120 -0.85590
vn -0.51670 -0.02120 -0.85590
vn -0.54839 0.76658 -0.33409
vn -0.54839 0.76658 -0.33409
vn -0.54839 0.76658 -0.33409
vn -0.00010 -0.00000 -1.00000
vn -0.00010 -0.00000 -1.00000
vn -0.00010 -0.00000 -1.00000
vn -0.00010 -0.00020 -1.00000
vn -0.00010 -0.00020 -1.00000
vn -0.00010 -0.00020 -1.00000
vn 0.02350 0.02320 -0.99945
vn 0.02350 0.02320 -0.99945
vn 0.02350 0.02320 -0.99945
vn 0.00000 0.00000 -1.00000
vn 0.00000 0.00000 -1.00000
vn 0.00000 0.00000 -1.00000
vn 0.01650 -0.00420 -0.99986
vn 0.01650 -0.00420 -0.99986
vn 0.01650 -0.00420 -0.99986
vn 0.00000 0.00000 -1.00000
vn 0.00000 0.00000 -1.00000
vn 0.00000 0.00000 -1.00000
vn 0.00000 -0.00040 -1.00000
vn 0.00000 -0.00040 -1.00000
vn 0.00000 -0.00040 -1.00000
vn 0.00000 0.00010 -1.00000
vn 0.00000 0.00010 -1.00000
vn 0.00000 0.00010 -1.00000
vn 0.00000 0.00000 -1.00000
vn 0.00000 0.00000 -1.00000
vn 0.00000 0.00000 -1.00000
vn -0.00000 -0.00010 -1.00000
vn -0.00000 -0.00010 -1.00000
vn -0.00000 -0.00010 -1.00000
vn 0.00000 0.00000 -1.00000
vn 0.00000 0.00000 -1.00000
vn 0.00000 0.00000 -1.00000
vn 0.00000 0.00000 -1.00000
vn 0.00000 0.00000 -1.00000
vn 0.00000 0.00000 -1.00000
vn 0.00000 0.00000 -1.00000
vn 0.00000 0.00000 -1.00000
vn 0.00000 0.00000 -1.00000
vn 0.01640 -0.00610 -0.99985
vn 0.01640 -0.00610 -0.99985
vn 0.01640 -0.00610 -0.99985
vn 0.00010 -0.00010 -1.00000
vn 0.00010 -0.00010 -1.00000
vn 0.00010 -0.00010 -1.00000
vn 0.00000 0.00000 -1.00000
vn 0.00000 0.00000 -1.00000
vn 0.00000 0.00000 -1.00000
vn 0.00000 0.00000 -1.00000
vn 0.00000 0.00000 -1.00000
vn 0.00000 0.00000 -1.00000
vn 0.00000 0.00000 -1.00000
vn 0.00000 0.00000 -1.00000
vn 0.00000 0.00000 -1.00000
vn 0.00000 0.00000 -1.00000
vn 0.00000 0.00000 -1.00000
vn 0.00000 0.00000 -1.00000
vn 0.00000 0.00000 -1.00000
vn 0.00000 0.00000 -1.00000
vn 0.00000 0.00000 -1.00000
vn 0.00000 0.00000 -1.00000
vn 0.00000 0.00000 -1.00000
vn 0.00000 0.00000 -1.00000
vn -0.00010 -0.00000 -1.00000
vn -0.00010 -0.00000 -1.00000
vn -0.00010 -0.00000 -1.00000
vn -0.00030 0.00000 -1.00000
vn -0.00030 0.00000 -1.00000
vn -0.00030 0.00000 -1.00000
vn 0.00090 -0.00010 -1.00000
vn 0.00090 -0.00010 -1.00000
vn 0.00090 -0.00010 -1.00000
vn -0.00310 -0.00020 -1.00000
vn -0.00310 -0.00020 -1.00000
vn -0.00310 -0.00020 -1.00000
vn -0.00020 -0.00000 -1.00000
vn -0.00020 -0.00000 -1.00000
vn -0.00020 -0.00000 -1.00000
vn 0.00000 0.00000 -1.00000
vn 0.00000 0.00000 -1.00000
vn 0.00000 0.00000 -1.00000
vn 0.00000 0.00000 -1.00000
vn 0.00000 0.00000 -1.00000
vn 0.00000 0.00000 -1.00000
vn 0.00000 0.00000 -1.00000
vn 0.00000 0.00000 -1.00000
vn 0.00000 0.00000 -1.00000
vn 0.00000 0.00000 -1.00000
vn 0.00000 0.00000 -1.00000
vn 0.00000 0.00000 -1.00000
vn 0.00000 0.00000 -1.00000
vn 0.00000 0.00000 -1.00000
vn 0.00000 0.00000 -1.00000
vn 0.00000 0.00000 -1.00000
vn 0.00000 0.00000 -1.00000
vn 0.00000 0.00000 -1.00000
vn -0.90106 -0.16129 -0.40258
vn -0.90106 -0.16129 -0.40258
vn -0.90106 -0.16129 -0.40258
vn -0.78241 -0.40591 -0.47231
vn -0.78241 -0.40591 -0.47231
vn -0.78241 -0.40591 -0.47231
vn -0.56338 -0.60738 -0.56008
vn -0.56338 -0.60738 -0.56008
vn -0.56338 -0.60738 -0.56008
vn -0.34832 -0.71103 -0.61083
vn -0.34832 -0.71103 -0.61083
vn -0.34832 -0.71103 -0.61083
vn -0.18119 -0.75267 -0.63297
vn -0.18119 -0.75267 -0.63297
vn -0.18119 -0.75267 -0.63297
vn -0.04140 -0.80590 -0.59060
vn -0.04140 -0.80590 -0.59060
vn -0.04140 -0.80590 -0.59060
vn 0.06800 -0.73272 -0.67712
vn 0.06800 -0.73272 -0.67712
vn 0.06800 -0.73272 -0.67712
vn 0.16651 -0.76533 -0.62173
vn 0.16651 -0.76533 -0.62173
vn 0.16651 -0.76533 -0.62173
vn 0.33890 -0.72771 -0.59631
vn 0.33890 -0.72771 -0.59631
vn 0.33890 -0.72771 -0.59631
vn 0.55128 -0.61947 -0.55888
vn 0.55128 -0.61947 -0.55888
vn 0.55128 -0.61947 -0.55888
vn 0.73403 -0.46872 -0.49142
vn 0.73403 -0.46872 -0.49142
vn 0.73403 -0.46872 -0.49142
vn 0.88483 -0.22311 -0.40902
vn 0.88483 -0.22311 -0.40902
vn 0.88483 -0.22311 -0.40902
vn 0.91972 0.07720 -0.38491
vn 0.91972 0.07720 -0.38491
vn 0.91972 0.07720 -0.38491
vn 0.82274 0.32831 -0.46402
vn 0.82274 0.32831 -0.46402
vn 0.82274 0.32831 -0.46402
vn 0.78732 0.42661 -0.44511
vn 0.78732 0.42661 -0.44511
vn 0.78732 0.42661 -0.44511
vn 0.69301 0.52981 -0.48891
vn 0.69301 0.52981 -0.48891
vn 0.69301 0.52981 -0.48891
vn 0.55301 0.62521 -0.55071
vn 0.55301 0.62521 -0.55071
vn 0.55301 0.62521 -0.55071
vn 0.35621 0.72212 -0.59301
vn 0.35621 0.72212 -0.59301
vn 0.35621 0.72212 -0.59301
vn 0.06430 0.78901 -0.61101
vn 0.06430 0.78901 -0.61101
vn 0.06430 0.78901 -0.61101
vn -0.24310 0.78420 -0.57090
vn -0.24310 0.78420 -0.57090
vn -0.24310 0.78420 -0.57090
vn -0.41629 0.72288 -0.55149
vn -0.41629 0.72288 -0.55149
vn -0.41629 0.72288 -0.55149
vn -0.61961 0.62721 -0.47191
vn -0.61961 0.62721 -0.47191
vn -0.61961 0.62721 -0.47191
vn -0.82057 0.41339 -0.39469
vn -0.82057 0.41339 -0.39469
vn -0.82057 0.41339 -0.39469
vn -0.92713 0.12710 -0.35251
vn -0.92713 0.12710 -0.35251
vn -0.92713 0.12710 -0.35251
vn -0.90390 -0.01100 -0.42760
vn -0.90390 -0.01100 -0.42760
vn -0.90390 -0.01100 -0.42760
vn 0.93803 0.15550 -0.30971
vn 0.93803 0.15550 -0.30971
vn 0.93803 0.15550 -0.30971
vn 0.81398 0.44229 -0.37659
vn 0.81398 0.44229 -0.37659
vn 0.81398 0.44229 -0.37659
vn 0.59531 0.66341 -0.45331
vn 0.59531 0.66341 -0.45331
vn 0.59531 0.66341 -0.45331
vn 0.33631 0.77112 -0.54062
vn 0.33631 0.77112 -0.54062
vn 0.33631 0.77112 -0.54062
vn 0.06880 0.84789 -0.52569
vn 0.06880 0.84789 -0.52569
vn 0.06880 0.84789 -0.52569
vn -0.20060 0.85351 -0.48091
vn -0.20060 0.85351 -0.48091
vn -0.20060 0.85351 -0.48091
vn -0.37211 0.81861 -0.43751
vn -0.37211 0.81861 -0.43751
vn -0.37211 0.81861 -0.43751
vn -0.60600 0.69040 -0.39510
vn -0.60600 0.69040 -0.39510
vn -0.60600 0.69040 -0.39510
vn -0.76130 0.48620 -0.42900
vn -0.76130 0.48620 -0.42900
vn -0.76130 0.48620 -0.42900
vn -0.93288 0.23530 -0.27270
vn -0.93288 0.23530 -0.27270
vn -0.93288 0.23530 -0.27270
vn -0.95701 -0.04590 -0.28640
vn -0.95701 -0.04590 -0.28640
vn -0.95701 -0.04590 -0.28640
vn -0.87119 -0.34870 -0.34560
vn -0.87119 -0.34870 -0.34560
vn -0.87119 -0.34870 -0.34560
vn -0.80241 -0.46901 -0.36901
vn -0.80241 -0.46901 -0.36901
vn -0.80241 -0.46901 -0.36901
vn -0.72773 -0.55842 -0.39822
vn -0.72773 -0.55842 -0.39822
vn -0.72773 -0.55842 -0.39822
vn -0.60969 -0.66379 -0.43319
vn -0.60969 -0.66379 -0.43319
vn -0.60969 -0.66379 -0.43319
vn -0.39369 -0.78629 -0.47619
vn -0.39369 -0.78629 -0.47619
vn -0.39369 -0.78629 -0.47619
vn -0.06890 -0.84911 -0.52371
vn -0.06890 -0.84911 -0.52371
vn -0.06890 -0.84911 -0.52371
vn 0.19801 -0.83913 -0.50662
vn 0.19801 -0.83913 -0.50662
vn 0.19801 -0.83913 -0.50662
vn 0.35071 -0.79892 -0.48861
vn 0.35071 -0.79892 -0.48861
vn 0.35071 -0.79892 -0.48861
vn 0.52651 -0.71981 -0.45240
vn 0.52651 -0.71981 -0.45240
vn 0.52651 -0.71981 -0.45240
vn 0.69160 -0.56410 -0.45110
vn 0.69160 -0.56410 -0.45110
vn 0.69160 -0.56410 -0.45110
vn 0.83117 -0.44839 -0.32879
vn 0.83117 -0.44839 -0.32879
vn 0.83117 -0.44839 -0.32879
vn 0.89884 -0.29281 -0.32611
vn 0.89884 -0.29281 -0.32611
vn 0.89884 -0.29281 -0.32611
vn 0.93972 -0.09960 -0.32711
vn 0.93972 -0.09960 -0.32711
vn 0.93972 -0.09960 -0.32711
vn -0.38939 -0.92107 -0.00000
vn -0.38939 -0.92107 -0.00000
vn -0.38939 -0.92107 -0.00000
vn -0.00010 -0.88493 0.46572
vn -0.00010 -0.88493 0.46572
vn -0.00010 -0.88493 0.46572
vn -0.00000 -0.88531 -0.46500
vn -0.00000 -0.88531 -0.46500
vn -0.00000 -0.88531 -0.46500
vn -0.51661 -0.85622 -0.00000
vn -0.51661 -0.85622 -0.00000
vn -0.51661 -0.85622 -0.00000
vn 0.99957 -0.02920 -0.00000
vn 0.99957 -0.02920 -0.00000
vn 0.99957 -0.02920 -0.00000
vn -0.00000 1.00000 0.00000
vn -0.00000 1.00000 0.00000
vn -0.00000 1.00000 0.00000
vn 0.00620 0.99998 0.00000
vn 0.00620 0.99998 0.00000
vn 0.00620 0.99998 0.00000
vn 0.00020 1.00000 -0.00040
vn 0.00020 1.00000 -0.00040
vn 0.00020 1.00000 -0.00040
vn -0.88604 0.46362 0.00000
vn -0.88604 0.46362 0.00000
vn -0.88604 0.46362 0.00000
vn 0.99998 0.00560 -0.00000
vn 0.99998 0.00560 -0.00000
vn 0.99998 0.00560 -0.00000
vn 0.00000 0.72288 -0.69098
vn 0.00000 0.72288 -0.69098
vn 0.00000 0.72288 -0.69098
vn -0.00000 0.72312 0.69072
vn -0.00000 0.72312 0.69072
vn -0.00000 0.72312 0.69072
vn -0.88604 0.46362 0.00000
vn -0.88604 0.46362 0.00000
vn -0.88604 0.46362 0.00000
vn -0.37430 0.68320 -0.62700
vn -0.37430 0.68320 -0.62700
vn -0.37430 0.68320 -0.62700
vn -1.00000 0.00030 -0.00000
vn -1.00000 0.00030 -0.00000
vn -1.00000 0.00030 -0.00000
vn -1.00000 -0.00000 0.00020
vn -1.00000 -0.00000 0.00020
vn -1.00000 -0.00000 0.00020
vn -1.00000 0.00050 0.00000
vn -1.00000 0.00050 0.00000
vn -1.00000 0.00050 0.00000
vn -1.00000 -0.00000 0.00010
vn -1.00000 -0.00000 0.00010
vn -1.00000 -0.00000 0.00010
vn -1.00000 0.00140 -0.00000
vn -1.00000 0.00140 -0.00000
vn -1.00000 0.00140 -0.00000
vn -1.00000 0.00030 -0.00090
vn -1.00000 0.00030 -0.00090
vn -1.00000 0.00030 -0.00090
vn -1.00000 -0.00230 -0.00010
vn -1.00000 -0.00230 -0.00010
vn -1.00000 -0.00230 -0.00010
vn -1.00000 0.00090 -0.00010
vn -1.00000 0.00090 -0.00010
vn -1.00000 0.00090 -0.00010
vn -1.00000 0.00020 -0.00070
vn -1.00000 0.00020 -0.00070
vn -1.00000 0.00020 -0.00070
vn 0.00360 -0.04760 -0.99886
vn 0.00360 -0.04760 -0.99886
vn 0.00360 -0.04760 -0.99886
vn -0.01870 -0.03650 -0.99916
vn -0.01870 -0.03650 -0.99916
vn -0.01870 -0.03650 -0.99916
vn 0.12240 -0.01030 -0.99243
vn 0.12240 -0.01030 -0.99243
vn 0.12240 -0.01030 -0.99243
vn 0.08470 -0.02370 -0.99612
vn 0.08470 -0.02370 -0.99612
vn 0.08470 -0.02370 -0.99612
vn 0.06450 -0.02690 -0.99756
vn 0.06450 -0.02690 -0.99756
vn 0.06450 -0.02690 -0.99756
vn 0.07800 -0.02970 -0.99651
vn 0.07800 -0.02970 -0.99651
vn 0.07800 -0.02970 -0.99651
vn 0.06120 -0.03320 -0.99757
vn 0.06120 -0.03320 -0.99757
vn 0.06120 -0.03320 -0.99757
vn 0.06220 -0.02880 -0.99765
vn 0.06220 -0.02880 -0.99765
vn 0.06220 -0.02880 -0.99765
vn 0.13600 0.04640 -0.98962
vn 0.13600 0.04640 -0.98962
vn 0.13600 0.04640 -0.98962
vn 0.05710 -0.03110 -0.99788
vn 0.05710 -0.03110 -0.99788
vn 0.05710 -0.03110 -0.99788
vn 0.04290 -0.03400 -0.99850
vn 0.04290 -0.03400 -0.99850
vn 0.04290 -0.03400 -0.99850
vn -0.00050 0.00030 -1.00000
vn -0.00050 0.00030 -1.00000
vn -0.00050 0.00030 -1.00000
vn -0.00020 -0.00010 -1.00000
vn -0.00020 -0.00010 -1.00000
vn -0.00020 -0.00010 -1.00000
vn 0.00150 0.00070 -1.00000
vn 0.00150 0.00070 -1.00000
vn 0.00150 0.00070 -1.00000
vn 0.00010 -0.00000 -1.00000
vn 0.00010 -0.00000 -1.00000
vn 0.00010 -0.00000 -1.00000
vn -0.00000 -0.00010 -1.00000
vn -0.00000 -0.00010 -1.00000
vn -0.00000 -0.00010 -1.00000
vn 0.00010 -0.00000 -1.00000
vn 0.00010 -0.00000 -1.00000
vn 0.00010 -0.00000 -1.00000
vn 0.00000 0.00000 -1.00000
vn 0.00000 0.00000 -1.00000
vn 0.00000 0.00000 -1.00000
vn -0.00010 0.00020 -1.00000
vn -0.00010 0.00020 -1.00000
vn -0.00010 0.00020 -1.00000
vn 0.00000 0.00000 -1.00000
vn 0.00000 0.00000 -1.00000
vn 0.00000 0.00000 -1.00000
vn 0.00010 -0.00010 -1.00000
vn 0.00010 -0.00010 -1.00000
vn 0.00010 -0.00010 -1.00000
vn 0.00000 0.00000 -1.00000
vn 0.00000 0.00000 -1.00000
vn 0.00000 0.00000 -1.00000
vn 0.00000 0.00000 -1.00000
vn 0.00000 0.00000 -1.00000
vn 0.00000 0.00000 -1.00000
vn 0.00000 0.00000 -1.00000
vn 0.00000 0.00000 -1.00000
vn 0.00000 0.00000 -1.00000
vn -0.00010 0.00010 -1.00000
vn -0.00010 0.00010 -1.00000
vn -0.00010 0.00010 -1.00000
vn 0.00000 0.00000 -1.00000
vn 0.00000 0.00000 -1.00000
vn 0.00000 0.00000 -1.00000
vn 0.00000 0.00000 -1.00000
vn 0.00000 0.00000 -1.00000
vn 0.00000 0.00000 -1.00000
vn 0.00040 -0.00000 -1.00000
vn 0.00040 -0.00000 -1.00000
vn 0.00040 -0.00000 -1.00000
vn 0.00150 0.00040 -1.00000
vn 0.00150 0.00040 -1.00000
vn 0.00150 0.00040 -1.00000
vn 0.00000 0.00000 -1.00000
vn 0.00000 0.00000 -1.00000
vn 0.00000 0.00000 -1.00000
vn 0.00000 0.00000 -1.00000
vn 0.00000 0.00000 -1.00000
vn 0.00000 0.00000 -1.00000
vn -0.00030 0.00020 -1.00000
vn -0.00030 0.00020 -1.00000
vn -0.00030 0.00020 -1.00000
vn 0.00000 0.00000 -1.00000
vn 0.00000 0.00000 -1.00000
vn 0.00000 0.00000 -1.00000
vn 0.00000 0.00000 -1.00000
vn 0.00000 0.00000 -1.00000
vn 0.00000 0.00000 -1.00000
vn 0.00000 0.00010 -1.00000
vn 0.00000 0.00010 -1.00000
vn 0.00000 0.00010 -1.00000
vn 0.00000 -0.00000 1.00000
vn 0.00000 -0.00000 1.00000
vn 0.00000 -0.00000 1.00000
vn 0.00000 -0.00000 1.00000
vn 0.00000 -0.00000 1.00000
vn 0.00000 -0.00000 1.00000
vn 0.00000 -0.00000 1.00000
vn 0.00000 -0.00000 1.00000
vn 0.00000 -0.00000 1.00000
vn -0.00000 -1.00000 -0.00000
vn -0.00000 -1.00000 -0.00000
vn -0.00000 -1.00000 -0.00000
vn 0.00000 -1.00000 0.00000
vn 0.00000 -1.00000 0.00000
vn 0.00000 -1.00000 0.00000
vn 0.96091 -0.25380 0.11060
vn 0.96091 -0.25380 0.11060
vn 0.96091 -0.25380 0.11060
vn 0.99886 -0.00000 0.04780
vn 0.99886 -0.00000 0.04780
vn 0.99886 -0.00000 0.04780
vn 1.00000 -0.00000 -0.00000
vn 1.00000 -0.00000 -0.00000
vn 1.00000 -0.00000 -0.00000
vn 0.00020 0.28931 -0.95724
vn 0.00020 0.28931 -0.95724
vn 0.00020 0.28931 -0.95724
vn 0.00090 0.29070 -0.95681
vn 0.00090 0.29070 -0.95681
vn 0.00090 0.29070 -0.95681
vn -0.00010 0.29070 -0.95681
vn -0.00010 0.29070 -0.95681
vn -0.00010 0.29070 -0.95681
vn -0.00010 0.29070 -0.95681
vn -0.00010 0.29070 -0.95681
vn -0.00010 0.29070 -0.95681
vn -0.00070 0.29080 -0.95678
vn -0.00070 0.29080 -0.95678
vn -0.00070 0.29080 -0.95678
vn -0.00250 0.29079 -0.95678
vn -0.00250 0.29079 -0.95678
vn -0.00250 0.29079 -0.95678
vn 0.00000 0.29061 -0.95684
vn 0.00000 0.29061 -0.95684
vn 0.00000 0.29061 -0.95684
vn 0.00050 0.29070 -0.95681
vn 0.00050 0.29070 -0.95681
vn 0.00050 0.29070 -0.95681
vn 0.00000 0.29061 -0.95684
vn 0.00000 0.29061 -0.95684
vn 0.00000 0.29061 -0.95684
vn 0.00000 0.29061 -0.95684
vn 0.00000 0.29061 -0.95684
vn 0.00000 0.29061 -0.95684
vn 0.00000 0.29061 -0.95684
vn 0.00000 0.29061 -0.95684
vn 0.00000 0.29061 -0.95684
vn 0.00060 0.29080 -0.95679
vn 0.00060 0.29080 -0.95679
vn 0.00060 0.29080 -0.95679
vn 0.00030 0.29070 -0.95681
vn 0.00030 0.29070 -0.95681
vn 0.00030 0.29070 -0.95681
vn -0.00020 0.29070 -0.95681
vn -0.00020 0.29070 -0.95681
vn -0.00020 0.29070 -0.95681
vn 0.00000 0.29070 -0.95681
vn 0.00000 0.29070 -0.95681
vn 0.00000 0.29070 -0.95681
vn 0.18691 0.91423 -0.35951
vn 0.18691 0.91423 -0.35951
vn 0.18691 0.91423 -0.35951
vn 0.30191 0.86883 -0.39241
vn 0.30191 0.86883 -0.39241
vn 0.30191 0.86883 -0.39241
vn 0.76802 0.64002 -0.02290
vn 0.76802 0.64002 -0.02290
vn 0.76802 0.64002 -0.02290
vn 0.41402 0.82483 -0.38502
vn 0.41402 0.82483 -0.38502
vn 0.41402 0.82483 -0.38502
vn 0.55850 0.75120 -0.35180
vn 0.55850 0.75120 -0.35180
vn 0.55850 0.75120 -0.35180
vn 0.89543 0.44191 0.05400
vn 0.89543 0.44191 0.05400
vn 0.89543 0.44191 0.05400
vn 0.73991 0.60131 -0.30160
vn 0.73991 0.60131 -0.30160
vn 0.73991 0.60131 -0.30160
vn 0.97301 0.22430 -0.05420
vn 0.97301 0.22430 -0.05420
vn 0.97301 0.22430 -0.05420
vn 0.85903 0.45052 -0.24311
vn 0.85903 0.45052 -0.24311
vn 0.85903 0.45052 -0.24311
vn 0.92687 0.29559 -0.23139
vn 0.92687 0.29559 -0.23139
vn 0.92687 0.29559 -0.23139
vn 0.97653 0.06390 -0.20571
vn 0.97653 0.06390 -0.20571
vn 0.97653 0.06390 -0.20571
vn 0.95895 -0.16711 -0.22911
vn 0.95895 -0.16711 -0.22911
vn 0.95895 -0.16711 -0.22911
vn 0.98354 -0.01440 -0.18011
vn 0.98354 -0.01440 -0.18011
vn 0.98354 -0.01440 -0.18011
vn 0.88121 -0.39970 -0.25240
vn 0.88121 -0.39970 -0.25240
vn 0.88121 -0.39970 -0.25240
vn 0.79915 -0.53987 -0.26438
vn 0.79915 -0.53987 -0.26438
vn 0.79915 -0.53987 -0.26438
vn 0.88835 -0.40238 -0.22119
vn 0.88835 -0.40238 -0.22119
vn 0.88835 -0.40238 -0.22119
vn 0.87931 -0.40750 -0.24650
vn 0.87931 -0.40750 -0.24650
vn 0.87931 -0.40750 -0.24650
vn 0.93349 -0.31640 -0.16880
vn 0.93349 -0.31640 -0.16880
vn 0.93349 -0.31640 -0.16880
vn 0.91753 -0.35501 -0.17921
vn 0.91753 -0.35501 -0.17921
vn 0.91753 -0.35501 -0.17921
vn 0.04530 0.96664 -0.25209
vn 0.04530 0.96664 -0.25209
vn 0.04530 0.96664 -0.25209
vn 0.97492 -0.16190 -0.15270
vn 0.97492 -0.16190 -0.15270
vn 0.97492 -0.16190 -0.15270
vn 0.89130 -0.37210 -0.25910
vn 0.89130 -0.37210 -0.25910
vn 0.89130 -0.37210 -0.25910
vn 0.89326 -0.34568 -0.28739
vn 0.89326 -0.34568 -0.28739
vn 0.89326 -0.34568 -0.28739
vn 0.39762 -0.71324 -0.57723
vn 0.39762 -0.71324 -0.57723
vn 0.39762 -0.71324 -0.57723
vn 0.07060 -0.74052 -0.66832
vn 0.07060 -0.74052 -0.66832
vn 0.07060 -0.74052 -0.66832
vn 0.32519 -0.72127 -0.61157
vn 0.32519 -0.72127 -0.61157
vn 0.32519 -0.72127 -0.61157
vn 0.55891 -0.67731 -0.47841
vn 0.55891 -0.67731 -0.47841
vn 0.55891 -0.67731 -0.47841
vn 0.64762 -0.64642 -0.40341
vn 0.64762 -0.64642 -0.40341
vn 0.64762 -0.64642 -0.40341
vn 0.74241 -0.58241 -0.33110
vn 0.74241 -0.58241 -0.33110
vn 0.74241 -0.58241 -0.33110
vn 0.84070 -0.47930 -0.25200
vn 0.84070 -0.47930 -0.25200
vn 0.84070 -0.47930 -0.25200
vn 0.97658 0.12250 -0.17690
vn 0.97658 0.12250 -0.17690
vn 0.97658 0.12250 -0.17690
vn 0.94326 0.32909 0.04430
vn 0.94326 0.32909 0.04430
vn 0.94326 0.32909 0.04430
vn 0.54261 0.82961 -0.13160
vn 0.54261 0.82961 -0.13160
vn 0.54261 0.82961 -0.13160
vn 0.28610 0.92771 -0.23980
vn 0.28610 0.92771 -0.23980
vn 0.28610 0.92771 -0.23980
vn 0.06510 0.96453 -0.25581
vn 0.06510 0.96453 -0.25581
vn 0.06510 0.96453 -0.25581
vn 0.23349 0.33628 0.91236
vn 0.23349 0.33628 0.91236
vn 0.23349 0.33628 0.91236
vn 0.08570 0.65849 0.74769
vn 0.08570 0.65849 0.74769
vn 0.08570 0.65849 0.74769
vn -0.07560 0.88007 0.46878
vn -0.07560 0.88007 0.46878
vn -0.07560 0.88007 0.46878
vn -0.22560 0.96700 0.11840
vn -0.22560 0.96700 0.11840
vn -0.22560 0.96700 0.11840
vn -0.35631 0.89102 -0.28131
vn -0.35631 0.89102 -0.28131
vn -0.35631 0.89102 -0.28131
vn -0.42130 0.56440 -0.70990
vn -0.42130 0.56440 -0.70990
vn -0.42130 0.56440 -0.70990
vn -0.37760 0.23710 -0.89510
vn -0.37760 0.23710 -0.89510
vn -0.37760 0.23710 -0.89510
vn -0.29231 -0.13860 -0.94623
vn -0.29231 -0.13860 -0.94623
vn -0.29231 -0.13860 -0.94623
vn -0.16070 -0.49570 -0.85350
vn -0.16070 -0.49570 -0.85350
vn -0.16070 -0.49570 -0.85350
vn -0.00290 -0.77668 -0.62989
vn -0.00290 -0.77668 -0.62989
vn -0.00290 -0.77668 -0.62989
vn 0.15670 -0.93780 -0.30980
vn 0.15670 -0.93780 -0.30980
vn 0.15670 -0.93780 -0.30980
vn 0.29331 -0.95432 0.05690
vn 0.29331 -0.95432 0.05690
vn 0.29331 -0.95432 0.05690
vn 0.38601 -0.82452 0.41371
vn 0.38601 -0.82452 0.41371
vn 0.38601 -0.82452 0.41371
vn 0.42199 -0.56989 0.70509
vn 0.42199 -0.56989 0.70509
vn 0.42199 -0.56989 0.70509
vn 0.39809 -0.40909 0.82108
vn 0.39809 -0.40909 0.82108
vn 0.39809 -0.40909 0.82108
vn -0.91086 -0.25039 0.32809
vn -0.91086 -0.25039 0.32809
vn -0.91086 -0.25039 0.32809
vn -0.91086 -0.25039 0.32809
vn -0.91086 -0.25039 0.32809
vn -0.91086 -0.25039 0.32809
vn -0.91086 -0.25039 0.32809
vn -0.91086 -0.25039 0.32809
vn -0.91086 -0.25039 0.32809
vn -0.91086 -0.25039 0.32809
vn -0.91086 -0.25039 0.32809
vn -0.91086 -0.25039 0.32809
vn -0.91086 -0.25039 0.32809
vn -0.91086 -0.25039 0.32809
vn -0.91086 -0.25039 0.32809
vn -0.91086 -0.25039 0.32809
vn -0.91086 -0.25039 0.32809
vn -0.91086 -0.25039 0.32809
vn -0.91086 -0.25039 0.32809
vn -0.91086 -0.25039 0.32809
vn -0.91086 -0.25039 0.32809
vn -0.91086 -0.25039 0.32809
vn -0.91086 -0.25039 0.32809
vn -0.91086 -0.25039 0.32809
vn -0.91086 -0.25039 0.32809
vn -0.91086 -0.25039 0.32809
vn -0.91086 -0.25039 0.32809
vn -0.91086 -0.25039 0.32809
vn -0.91086 -0.25039 0.32809
vn -0.91086 -0.25039 0.32809
vn -0.91086 -0.25039 0.32809
vn -0.91086 -0.25039 0.32809
vn -0.91086 -0.25039 0.32809
vn -0.91086 -0.25039 0.32809
vn -0.91086 -0.25039 0.32809
vn -0.91086 -0.25039 0.32809
vn 0.34508 -0.03670 0.93785
vn 0.34508 -0.03670 0.93785
vn 0.34508 -0.03670 0.93785
vn -0.65679 -0.54179 0.52449
vn -0.65679 -0.54179 0.52449
vn -0.65679 -0.54179 0.52449
vn -0.40741 0.41791 -0.81202
vn -0.40741 0.41791 -0.81202
vn -0.40741 0.41791 -0.81202
vn -0.85065 0.13249 0.50877
vn -0.85065 0.13249 0.50877
vn -0.85065 0.13249 0.50877
vn -0.98917 -0.12870 -0.07050
vn -0.98917 -0.12870 -0.07050
vn -0.98917 -0.12870 -0.07050
vn -0.73232 -0.63912 0.23501
vn -0.73232 -0.63912 0.23501
vn -0.73232 -0.63912 0.23501
vn -0.72701 -0.08850 0.68090
vn -0.72701 -0.08850 0.68090
vn -0.72701 -0.08850 0.68090
vn -0.98431 0.12310 0.12640
vn -0.98431 0.12310 0.12640
vn -0.98431 0.12310 0.12640
vn -0.86091 -0.50851 -0.01600
vn -0.86091 -0.50851 -0.01600
vn -0.86091 -0.50851 -0.01600
vn -0.65760 -0.46860 0.58990
vn -0.65760 -0.46860 0.58990
vn -0.65760 -0.46860 0.58990
vn -0.88711 0.16750 0.43010
vn -0.88711 0.16750 0.43010
vn -0.88711 0.16750 0.43010
vn -0.97399 -0.20540 -0.09570
vn -0.97399 -0.20540 -0.09570
vn -0.97399 -0.20540 -0.09570
vn -0.99544 0.07060 0.06420
vn -0.99544 0.07060 0.06420
vn -0.99544 0.07060 0.06420
vn -0.65467 -0.40308 0.63947
vn -0.65467 -0.40308 0.63947
vn -0.65467 -0.40308 0.63947
vn -0.91894 0.17261 0.35462
vn -0.91894 0.17261 0.35462
vn -0.91894 0.17261 0.35462
vn -0.95408 -0.28499 -0.09230
vn -0.95408 -0.28499 -0.09230
vn -0.95408 -0.28499 -0.09230
vn -0.68170 -0.61770 0.39210
vn -0.68170 -0.61770 0.39210
vn -0.68170 -0.61770 0.39210
vn -0.78865 0.04710 0.61304
vn -0.78865 0.04710 0.61304
vn -0.78865 0.04710 0.61304
vn -0.99988 0.01470 0.00490
vn -0.99988 0.01470 0.00490
vn -0.99988 0.01470 0.00490
vn -0.79695 -0.59774 0.08711
vn -0.79695 -0.59774 0.08711
vn -0.79695 -0.59774 0.08711
vn -0.66833 -0.32721 0.66803
vn -0.66833 -0.32721 0.66803
vn -0.66833 -0.32721 0.66803
vn -0.94470 0.17600 0.27670
vn -0.94470 0.17600 0.27670
vn -0.94470 0.17600 0.27670
vn -0.92779 -0.36270 -0.08750
vn -0.92779 -0.36270 -0.08750
vn -0.92779 -0.36270 -0.08750
vn -0.99772 -0.05180 -0.04330
vn -0.99772 -0.05180 -0.04330
vn -0.99772 -0.05180 -0.04330
vn -0.68341 -0.23400 0.69151
vn -0.68341 -0.23400 0.69151
vn -0.68341 -0.23400 0.69151
vn -0.96774 0.15041 0.20211
vn -0.96774 0.15041 0.20211
vn -0.96774 0.15041 0.20211
vn -0.89994 -0.43257 -0.05460
vn -0.89994 -0.43257 -0.05460
vn -0.89994 -0.43257 -0.05460
vn 0.64909 -0.22659 -0.72618
vn 0.64909 -0.22659 -0.72618
vn 0.64909 -0.22659 -0.72618
vn 0.31071 0.14010 0.94012
vn 0.31071 0.14010 0.94012
vn 0.31071 0.14010 0.94012
vn 0.40170 -0.72031 0.56550
vn 0.40170 -0.72031 0.56550
vn 0.40170 -0.72031 0.56550
vn -0.38660 0.23950 -0.89061
vn -0.38660 0.23950 -0.89061
vn -0.38660 0.23950 -0.89061
vn 0.23330 0.31989 0.91828
vn 0.23330 0.31989 0.91828
vn 0.23330 0.31989 0.91828
vn 0.41250 -0.58020 0.70230
vn 0.41250 -0.58020 0.70230
vn 0.41250 -0.58020 0.70230
vn -0.35101 0.05190 -0.93493
vn -0.35101 0.05190 -0.93493
vn -0.35101 0.05190 -0.93493
vn 0.18010 0.49640 0.84920
vn 0.18010 0.49640 0.84920
vn 0.18010 0.49640 0.84920
vn 0.40741 -0.41791 0.81202
vn 0.40741 -0.41791 0.81202
vn 0.40741 -0.41791 0.81202
vn -0.30191 -0.13771 -0.94334
vn -0.30191 -0.13771 -0.94334
vn -0.30191 -0.13771 -0.94334
vn 0.08680 0.64470 0.75950
vn 0.08680 0.64470 0.75950
vn 0.08680 0.64470 0.75950
vn 0.38660 -0.23950 0.89061
vn 0.38660 -0.23950 0.89061
vn 0.38660 -0.23950 0.89061
vn -0.24120 -0.32200 -0.91550
vn -0.24120 -0.32200 -0.91550
vn -0.24120 -0.32200 -0.91550
vn 0.02340 0.77739 0.62859
vn 0.02340 0.77739 0.62859
vn 0.02340 0.77739 0.62859
vn 0.35101 -0.05190 0.93493
vn 0.35101 -0.05190 0.93493
vn 0.35101 -0.05190 0.93493
vn -0.17119 -0.49397 -0.85246
vn -0.17119 -0.49397 -0.85246
vn -0.17119 -0.49397 -0.85246
vn -0.07410 0.87109 0.48550
vn -0.07410 0.87109 0.48550
vn -0.07410 0.87109 0.48550
vn -0.10260 -0.64902 -0.75382
vn -0.10260 -0.64902 -0.75382
vn -0.10260 -0.64902 -0.75382
vn -0.14450 0.93802 0.31501
vn -0.14450 0.93802 0.31501
vn -0.14450 0.93802 0.31501
vn -0.00560 -0.77250 -0.63500
vn -0.00560 -0.77250 -0.63500
vn -0.00560 -0.77250 -0.63500
vn -0.21711 0.96674 0.13521
vn -0.21711 0.96674 0.13521
vn -0.21711 0.96674 0.13521
vn 0.05840 -0.87542 -0.47981
vn 0.05840 -0.87542 -0.47981
vn 0.05840 -0.87542 -0.47981
vn -0.28140 0.95830 -0.04980
vn -0.28140 0.95830 -0.04980
vn -0.28140 0.95830 -0.04980
vn 0.15330 -0.93558 -0.31809
vn 0.15330 -0.93558 -0.31809
vn 0.15330 -0.93558 -0.31809
vn -0.33491 0.91301 -0.23290
vn -0.33491 0.91301 -0.23290
vn -0.33491 0.91301 -0.23290
vn 0.20920 -0.96888 -0.13230
vn 0.20920 -0.96888 -0.13230
vn 0.20920 -0.96888 -0.13230
vn -0.37552 0.83265 -0.40703
vn -0.37552 0.83265 -0.40703
vn -0.37552 0.83265 -0.40703
vn 0.29021 -0.95582 0.04670
vn 0.29021 -0.95582 0.04670
vn 0.29021 -0.95582 0.04670
vn -0.40170 0.72031 -0.56550
vn -0.40170 0.72031 -0.56550
vn -0.40170 0.72031 -0.56550
vn 0.32711 -0.91512 0.23571
vn 0.32711 -0.91512 0.23571
vn 0.32711 -0.91512 0.23571
vn -0.41250 0.58020 -0.70230
vn -0.41250 0.58020 -0.70230
vn -0.41250 0.58020 -0.70230
vn 0.38429 -0.83018 0.40389
vn 0.38429 -0.83018 0.40389
vn 0.38429 -0.83018 0.40389
vn 0.91084 0.25041 -0.32812
vn 0.91084 0.25041 -0.32812
vn 0.91084 0.25041 -0.32812
vn 0.91084 0.25041 -0.32812
vn 0.91084 0.25041 -0.32812
vn 0.91084 0.25041 -0.32812
vn 0.91079 0.25050 -0.32820
vn 0.91079 0.25050 -0.32820
vn 0.91079 0.25050 -0.32820
vn 0.91149 0.24940 -0.32710
vn 0.91149 0.24940 -0.32710
vn 0.91149 0.24940 -0.32710
vn 0.91084 0.25041 -0.32812
vn 0.91084 0.25041 -0.32812
vn 0.91084 0.25041 -0.32812
vn 0.91084 0.25041 -0.32812
vn 0.91084 0.25041 -0.32812
vn 0.91084 0.25041 -0.32812
vn 0.91086 0.25039 -0.32809
vn 0.91086 0.25039 -0.32809
vn 0.91086 0.25039 -0.32809
vn 0.91086 0.25039 -0.32809
vn 0.91086 0.25039 -0.32809
vn 0.91086 0.25039 -0.32809
vn 0.91086 0.25039 -0.32809
vn 0.91086 0.25039 -0.32809
vn 0.91086 0.25039 -0.32809
vn 0.91067 0.25069 -0.32839
vn 0.91067 0.25069 -0.32839
vn 0.91067 0.25069 -0.32839
vn 0.91086 0.25039 -0.32809
vn 0.91086 0.25039 -0.32809
vn 0.91086 0.25039 -0.32809
vn 0.91086 0.25039 -0.32809
vn 0.91086 0.25039 -0.32809
vn 0.91086 0.25039 -0.32809
vn 0.91086 0.25039 -0.32809
vn 0.91086 0.25039 -0.32809
vn 0.91086 0.25039 -0.32809
vn 0.91086 0.25039 -0.32809
vn 0.91086 0.25039 -0.32809
vn 0.91086 0.25039 -0.32809
vn 0.61708 0.78578 -0.04200
vn 0.61708 0.78578 -0.04200
vn 0.61708 0.78578 -0.04200
vn 0.75182 -0.36621 -0.54832
vn 0.75182 -0.36621 -0.54832
vn 0.75182 -0.36621 -0.54832
vn 0.52849 0.80368 -0.27349
vn 0.52849 0.80368 -0.27349
vn 0.52849 0.80368 -0.27349
vn 0.84698 -0.42019 -0.32569
vn 0.84698 -0.42019 -0.32569
vn 0.84698 -0.42019 -0.32569
vn 0.46668 0.72817 -0.50198
vn 0.46668 0.72817 -0.50198
vn 0.46668 0.72817 -0.50198
vn 0.91981 -0.38130 -0.09250
vn 0.91981 -0.38130 -0.09250
vn 0.91981 -0.38130 -0.09250
vn 0.43338 0.58648 -0.68427
vn 0.43338 0.58648 -0.68427
vn 0.43338 0.58648 -0.68427
vn 0.43820 0.43520 -0.78650
vn 0.43820 0.43520 -0.78650
vn 0.43820 0.43520 -0.78650
vn 0.89962 0.26691 0.34561
vn 0.89962 0.26691 0.34561
vn 0.89962 0.26691 0.34561
vn 0.94508 -0.30359 0.12110
vn 0.94508 -0.30359 0.12110
vn 0.94508 -0.30359 0.12110
vn 0.96207 -0.16360 0.21829
vn 0.96207 -0.16360 0.21829
vn 0.96207 -0.16360 0.21829
vn 0.48290 0.21490 -0.84890
vn 0.48290 0.21490 -0.84890
vn 0.48290 0.21490 -0.84890
vn 0.81820 0.49480 0.29280
vn 0.81820 0.49480 0.29280
vn 0.81820 0.49480 0.29280
vn 0.94925 0.02990 0.31308
vn 0.94925 0.02990 0.31308
vn 0.94925 0.02990 0.31308
vn 0.55461 -0.02240 -0.83181
vn 0.55461 -0.02240 -0.83181
vn 0.55461 -0.02240 -0.83181
vn 0.71889 0.67719 0.15690
vn 0.71889 0.67719 0.15690
vn 0.71889 0.67719 0.15690
vn 0.00000 0.00000 -1.00000
vn 0.00000 0.00000 -1.00000
vn 0.00000 0.00000 -1.00000
vn 1.00000 -0.00000 -0.00000
vn 1.00000 -0.00000 -0.00000
vn 1.00000 -0.00000 -0.00000
vn 1.00000 -0.00000 -0.00000
vn 1.00000 -0.00000 -0.00000
vn 1.00000 -0.00000 -0.00000
vn 0.92267 -0.38559 -0.00000
vn 0.92267 -0.38559 -0.00000
vn 0.92267 -0.38559 -0.00000
vn 0.98368 -0.16690 0.06720
vn 0.98368 -0.16690 0.06720
vn 0.98368 -0.16690 0.06720
vn 0.97418 -0.22579 -0.00000
vn 0.97418 -0.22579 -0.00000
vn 0.97418 -0.22579 -0.00000
vn -0.99999 -0.00000 -0.00510
vn -0.99999 -0.00000 -0.00510
vn -0.99999 -0.00000 -0.00510
vn -0.99999 -0.00000 -0.00510
vn -0.99999 -0.00000 -0.00510
vn -0.99999 -0.00000 -0.00510
vn -0.99999 -0.00010 0.00530
vn -0.99999 -0.00010 0.00530
vn -0.99999 -0.00010 0.00530
vn -0.00000 0.53190 -0.84681
vn -0.00000 0.53190 -0.84681
vn -0.00000 0.53190 -0.84681
vn 0.51670 -0.02120 -0.85590
vn 0.51670 -0.02120 -0.85590
vn 0.51670 -0.02120 -0.85590
vn 0.54839 0.76658 -0.33409
vn 0.54839 0.76658 -0.33409
vn 0.54839 0.76658 -0.33409
vn 0.00010 -0.00000 -1.00000
vn 0.00010 -0.00000 -1.00000
vn 0.00010 -0.00000 -1.00000
vn 0.00010 -0.00020 -1.00000
vn 0.00010 -0.00020 -1.00000
vn 0.00010 -0.00020 -1.00000
vn 0.00000 0.00000 -1.00000
vn 0.00000 0.00000 -1.00000
vn 0.00000 0.00000 -1.00000
vn -0.02350 0.02320 -0.99945
vn -0.02350 0.02320 -0.99945
vn -0.02350 0.02320 -0.99945
vn 0.00000 0.00000 -1.00000
vn 0.00000 0.00000 -1.00000
vn 0.00000 0.00000 -1.00000
vn -0.01650 -0.00420 -0.99986
vn -0.01650 -0.00420 -0.99986
vn -0.01650 -0.00420 -0.99986
vn 0.00000 0.00000 -1.00000
vn 0.00000 0.00000 -1.00000
vn 0.00000 0.00000 -1.00000
vn 0.00000 -0.00040 -1.00000
vn 0.00000 -0.00040 -1.00000
vn 0.00000 -0.00040 -1.00000
vn 0.00000 0.00010 -1.00000
vn 0.00000 0.00010 -1.00000
vn 0.00000 0.00010 -1.00000
vn 0.00000 0.00000 -1.00000
vn 0.00000 0.00000 -1.00000
vn 0.00000 0.00000 -1.00000
vn -0.00000 -0.00010 -1.00000
vn -0.00000 -0.00010 -1.00000
vn -0.00000 -0.00010 -1.00000
vn 0.00000 0.00000 -1.00000
vn 0.00000 0.00000 -1.00000
vn 0.00000 0.00000 -1.00000
vn 0.00000 0.00000 -1.00000
vn 0.00000 0.00000 -1.00000
vn 0.00000 0.00000 -1.00000
vn -0.01640 -0.00610 -0.99985
vn -0.01640 -0.00610 -0.99985
vn -0.01640 -0.00610 -0.99985
vn 0.00020 -0.00000 -1.00000
vn 0.00020 -0.00000 -1.00000
vn 0.00020 -0.00000 -1.00000
vn 0.00000 0.00000 -1.00000
vn 0.00000 0.00000 -1.00000
vn 0.00000 0.00000 -1.00000
vn -0.00010 -0.00010 -1.00000
vn -0.00010 -0.00010 -1.00000
vn -0.00010 -0.00010 -1.00000
vn 0.00000 0.00000 -1.00000
vn 0.00000 0.00000 -1.00000
vn 0.00000 0.00000 -1.00000
vn 0.00000 0.00000 -1.00000
vn 0.00000 0.00000 -1.00000
vn 0.00000 0.00000 -1.00000
vn 0.00000 0.00000 -1.00000
vn 0.00000 0.00000 -1.00000
vn 0.00000 0.00000 -1.00000
vn 0.00000 0.00000 -1.00000
vn 0.00000 0.00000 -1.00000
vn 0.00000 0.00000 -1.00000
vn 0.00000 0.00000 -1.00000
vn 0.00000 0.00000 -1.00000
vn 0.00000 0.00000 -1.00000
vn 0.00000 0.00000 -1.00000
vn 0.00000 0.00000 -1.00000
vn 0.00000 0.00000 -1.00000
vn 0.00000 0.00000 -1.00000
vn 0.00000 0.00000 -1.00000
vn 0.00000 0.00000 -1.00000
vn 0.00000 0.00000 -1.00000
vn 0.00000 0.00000 -1.00000
vn 0.00000 0.00000 -1.00000
vn 0.00000 0.00000 -1.00000
vn 0.00000 0.00000 -1.00000
vn 0.00000 0.00000 -1.00000
vn 0.00020 -0.00000 -1.00000
vn 0.00020 -0.00000 -1.00000
vn 0.00020 -0.00000 -1.00000
vn -0.00090 -0.00010 -1.00000
vn -0.00090 -0.00010 -1.00000
vn -0.00090 -0.00010 -1.00000
vn 0.00310 -0.00020 -1.00000
vn 0.00310 -0.00020 -1.00000
vn 0.00310 -0.00020 -1.00000
vn 0.00030 0.00000 -1.00000
vn 0.00030 0.00000 -1.00000
vn 0.00030 0.00000 -1.00000
vn 0.00010 -0.00000 -1.00000
vn 0.00010 -0.00000 -1.00000
vn 0.00010 -0.00000 -1.00000
vn 0.00000 0.00000 -1.00000
vn 0.00000 0.00000 -1.00000
vn 0.00000 0.00000 -1.00000
vn 0.00000 0.00000 -1.00000
vn 0.00000 0.00000 -1.00000
vn 0.00000 0.00000 -1.00000
vn 0.93582 -0.12880 -0.32811
vn 0.93582 -0.12880 -0.32811
vn 0.93582 -0.12880 -0.32811
vn 0.80230 -0.40130 -0.44190
vn 0.80230 -0.40130 -0.44190
vn 0.80230 -0.40130 -0.44190
vn 0.58189 -0.61059 -0.53719
vn 0.58189 -0.61059 -0.53719
vn 0.58189 -0.61059 -0.53719
vn 0.36071 -0.71772 -0.59562
vn 0.36071 -0.71772 -0.59562
vn 0.36071 -0.71772 -0.59562
vn 0.18939 -0.76036 -0.62127
vn 0.18939 -0.76036 -0.62127
vn 0.18939 -0.76036 -0.62127
vn 0.04140 -0.80590 -0.59060
vn 0.04140 -0.80590 -0.59060
vn 0.04140 -0.80590 -0.59060
vn -0.16651 -0.76533 -0.62173
vn -0.16651 -0.76533 -0.62173
vn -0.16651 -0.76533 -0.62173
vn -0.33890 -0.72771 -0.59631
vn -0.33890 -0.72771 -0.59631
vn -0.33890 -0.72771 -0.59631
vn -0.55128 -0.61947 -0.55888
vn -0.55128 -0.61947 -0.55888
vn -0.55128 -0.61947 -0.55888
vn -0.73403 -0.46872 -0.49142
vn -0.73403 -0.46872 -0.49142
vn -0.73403 -0.46872 -0.49142
vn -0.88483 -0.22311 -0.40902
vn -0.88483 -0.22311 -0.40902
vn -0.88483 -0.22311 -0.40902
vn -0.91972 0.07720 -0.38491
vn -0.91972 0.07720 -0.38491
vn -0.91972 0.07720 -0.38491
vn -0.84109 0.31999 -0.43609
vn -0.84109 0.31999 -0.43609
vn -0.84109 0.31999 -0.43609
vn -0.78732 0.42661 -0.44511
vn -0.78732 0.42661 -0.44511
vn -0.78732 0.42661 -0.44511
vn -0.69301 0.52981 -0.48891
vn -0.69301 0.52981 -0.48891
vn -0.69301 0.52981 -0.48891
vn -0.55301 0.62521 -0.55071
vn -0.55301 0.62521 -0.55071
vn -0.55301 0.62521 -0.55071
vn -0.35621 0.72212 -0.59301
vn -0.35621 0.72212 -0.59301
vn -0.35621 0.72212 -0.59301
vn -0.05780 0.78040 -0.62260
vn -0.05780 0.78040 -0.62260
vn -0.05780 0.78040 -0.62260
vn 0.24310 0.78420 -0.57090
vn 0.24310 0.78420 -0.57090
vn 0.24310 0.78420 -0.57090
vn 0.41629 0.72288 -0.55149
vn 0.41629 0.72288 -0.55149
vn 0.41629 0.72288 -0.55149
vn 0.61961 0.62721 -0.47191
vn 0.61961 0.62721 -0.47191
vn 0.61961 0.62721 -0.47191
vn 0.82057 0.41339 -0.39469
vn 0.82057 0.41339 -0.39469
vn 0.82057 0.41339 -0.39469
vn 0.93258 0.13640 -0.33419
vn 0.93258 0.13640 -0.33419
vn 0.93258 0.13640 -0.33419
vn -0.92797 0.16709 -0.33309
vn -0.92797 0.16709 -0.33309
vn -0.92797 0.16709 -0.33309
vn -0.83248 0.43209 -0.34679
vn -0.83248 0.43209 -0.34679
vn -0.83248 0.43209 -0.34679
vn -0.61482 0.66222 -0.42832
vn -0.61482 0.66222 -0.42832
vn -0.61482 0.66222 -0.42832
vn -0.38597 0.78715 -0.48107
vn -0.38597 0.78715 -0.48107
vn -0.38597 0.78715 -0.48107
vn -0.21200 0.86630 -0.45230
vn -0.21200 0.86630 -0.45230
vn -0.21200 0.86630 -0.45230
vn -0.06880 0.84789 -0.52569
vn -0.06880 0.84789 -0.52569
vn -0.06880 0.84789 -0.52569
vn 0.07470 0.86419 -0.49759
vn 0.07470 0.86419 -0.49759
vn 0.07470 0.86419 -0.49759
vn 0.20060 0.85351 -0.48091
vn 0.20060 0.85351 -0.48091
vn 0.20060 0.85351 -0.48091
vn 0.37211 0.81861 -0.43751
vn 0.37211 0.81861 -0.43751
vn 0.37211 0.81861 -0.43751
vn 0.60600 0.69040 -0.39510
vn 0.60600 0.69040 -0.39510
vn 0.60600 0.69040 -0.39510
vn 0.76130 0.48620 -0.42900
vn 0.76130 0.48620 -0.42900
vn 0.76130 0.48620 -0.42900
vn 0.93286 0.23529 -0.27279
vn 0.93286 0.23529 -0.27279
vn 0.93286 0.23529 -0.27279
vn 0.94383 -0.07920 -0.32081
vn 0.94383 -0.07920 -0.32081
vn 0.94383 -0.07920 -0.32081
vn 0.87554 -0.34571 -0.33751
vn 0.87554 -0.34571 -0.33751
vn 0.87554 -0.34571 -0.33751
vn 0.80241 -0.46901 -0.36901
vn 0.80241 -0.46901 -0.36901
vn 0.80241 -0.46901 -0.36901
vn 0.72773 -0.55842 -0.39822
vn 0.72773 -0.55842 -0.39822
vn 0.72773 -0.55842 -0.39822
vn 0.60969 -0.66379 -0.43319
vn 0.60969 -0.66379 -0.43319
vn 0.60969 -0.66379 -0.43319
vn 0.39369 -0.78629 -0.47619
vn 0.39369 -0.78629 -0.47619
vn 0.39369 -0.78629 -0.47619
vn 0.08180 -0.85889 -0.50559
vn 0.08180 -0.85889 -0.50559
vn 0.08180 -0.85889 -0.50559
vn -0.19801 -0.83913 -0.50662
vn -0.19801 -0.83913 -0.50662
vn -0.19801 -0.83913 -0.50662
vn -0.35071 -0.79892 -0.48861
vn -0.35071 -0.79892 -0.48861
vn -0.35071 -0.79892 -0.48861
vn -0.52651 -0.71981 -0.45240
vn -0.52651 -0.71981 -0.45240
vn -0.52651 -0.71981 -0.45240
vn -0.69160 -0.56410 -0.45110
vn -0.69160 -0.56410 -0.45110
vn -0.69160 -0.56410 -0.45110
vn -0.83117 -0.44839 -0.32879
vn -0.83117 -0.44839 -0.32879
vn -0.83117 -0.44839 -0.32879
vn -0.89884 -0.29281 -0.32611
vn -0.89884 -0.29281 -0.32611
vn -0.89884 -0.29281 -0.32611
vn -0.94568 -0.12970 -0.29809
vn -0.94568 -0.12970 -0.29809
vn -0.94568 -0.12970 -0.29809
vn -0.96524 0.01180 -0.26108
vn -0.96524 0.01180 -0.26108
vn -0.96524 0.01180 -0.26108
vn 0.38939 -0.92107 -0.00000
vn 0.38939 -0.92107 -0.00000
vn 0.38939 -0.92107 -0.00000
vn -0.00000 -0.88531 0.46500
vn -0.00000 -0.88531 0.46500
vn -0.00000 -0.88531 0.46500
vn -0.00000 -0.88531 -0.46500
vn -0.00000 -0.88531 -0.46500
vn -0.00000 -0.88531 -0.46500
vn 0.51661 -0.85622 -0.00000
vn 0.51661 -0.85622 -0.00000
vn 0.51661 -0.85622 -0.00000
vn -0.99962 -0.02770 0.00000
vn -0.99962 -0.02770 0.00000
vn -0.99962 -0.02770 0.00000
vn -0.00020 1.00000 -0.00040
vn -0.00020 1.00000 -0.00040
vn -0.00020 1.00000 -0.00040
vn -0.00620 0.99998 0.00000
vn -0.00620 0.99998 0.00000
vn -0.00620 0.99998 0.00000
vn -0.00000 1.00000 0.00000
vn -0.00000 1.00000 0.00000
vn -0.00000 1.00000 0.00000
vn 0.88604 0.46362 0.00000
vn 0.88604 0.46362 0.00000
vn 0.88604 0.46362 0.00000
vn -0.99998 0.00560 0.00000
vn -0.99998 0.00560 0.00000
vn -0.99998 0.00560 0.00000
vn 0.00000 0.72297 -0.69088
vn 0.00000 0.72297 -0.69088
vn 0.00000 0.72297 -0.69088
vn 0.00000 0.72332 0.69052
vn 0.00000 0.72332 0.69052
vn 0.00000 0.72332 0.69052
vn 0.88595 0.46378 -0.00000
vn 0.88595 0.46378 -0.00000
vn 0.88595 0.46378 -0.00000
vn -0.99998 0.00310 -0.00520
vn -0.99998 0.00310 -0.00520
vn -0.99998 0.00310 -0.00520
vn 0.37430 0.68320 -0.62700
vn 0.37430 0.68320 -0.62700
vn 0.37430 0.68320 -0.62700
f 1/1/1 2/2/2 3/3/3
f 4/4/4 5/5/5 6/6/6
f 7/7/7 8/8/8 9/9/9
f 10/10/10 11/11/11 12/12/12
f 13/13/13 14/14/14 15/15/15
f 16/16/16 17/17/17 18/18/18
f 19/19/19 20/20/20 21/21/21
f 22/22/22 23/23/23 24/24/24
f 25/25/25 26/26/26 27/27/27
f 28/28/28 29/29/29 30/30/30
f 31/31/31 32/32/32 33/33/33
f 34/34/34 35/35/35 36/36/36
f 37/37/37 38/38/38 39/39/39
f 40/40/40 41/41/41 42/42/42
f 43/43/43 44/44/44 45/45/45
f 46/46/46 47/47/47 48/48/48
f 49/49/49 50/50/50 51/51/51
f 52/52/52 53/53/53 54/54/54
f 55/55/55 56/56/56 57/57/57
f 58/58/58 59/59/59 60/60/60
f 61/61/61 62/62/62 63/63/63
f 64/64/64 65/65/65 66/66/66
f 67/67/67 68/68/68 69/69/69
f 70/70/70 71/71/71 72/72/72
f 73/73/73 74/74/74 75/75/75
f 76/76/76 77/77/77 78/78/78
f 79/79/79 80/80/80 81/81/81
f 82/82/82 83/83/83 84/84/84
f 85/85/85 86/86/86 87/87/87
f 88/88/88 89/89/89 90/90/90
f 91/91/91 92/92/92 93/93/93
f 94/94/94 95/95/95 96/96/96
f 97/97/97 98/98/98 99/99/99
f 100/100/100 101/101/101 102/102/102
f 103/103/103 104/104/104 105/105/105
f 106/106/106 107/107/107 108/108/108
f 109/109/109 110/110/110 111/111/111
f 112/112/112 113/113/113 114/114/114
f 115/115/115 116/116/116 117/117/117
f 118/118/118 119/119/119 120/120/120
f 121/121/121 122/122/122 123/123/123
f 124/124/124 125/125/125 126/126/126
f 127/127/127 128/128/128 129/129/129
f 130/130/130 131/131/131 132/132/132
f 133/133/133 134/134/134 135/135/135
f 136/136/136 137/137/137 138/138/138
f 139/139/139 140/140/140 141/141/141
f 142/142/142 143/143/143 144/144/144
f 145/145/145 146/146/146 147/147/147
f 148/148/148 149/149/149 150/150/150
f 151/151/151 152/152/152 153/153/153
f 154/154/154 155/155/155 156/156/156
f 157/157/157 158/158/158 159/159/159
f 160/160/160 161/161/161 162/162/162
f 163/163/163 164/164/164 165/165/165
f 166/166/166 167/167/167 168/168/168
f 169/169/169 170/170/170 171/171/171
f 172/172/172 173/173/173 174/174/174
f 175/175/175 176/176/176 177/177/177
f 178/178/178 179/179/179 180/180/180
f 181/181/181 182/182/182 183/183/183
f 184/184/184 185/185/185 186/186/186
f 187/187/187 188/188/188 189/189/189
f 190/190/190 191/191/191 192/192/192
f 193/193/193 194/194/194 195/195/195
f 196/196/196 197/197/197 198/198/198
f 199/199/199 200/200/200 201/201/201
f 202/202/202 203/203/203 204/204/204
f 205/205/205 206/206/206 207/207/207
f 208/208/208 209/209/209 210/210/210
f 211/211/211 212/212/212 213/213/213
f 214/214/214 215/215/215 216/216/216
f 217/217/217 218/218/218 219/219/219
f 220/220/220 221/221/221 222/222/222
f 223/223/223 224/224/224 225/225/225
f 226/226/226 227/227/227 228/228/228
f 229/229/229 230/230/230 231/231/231
f 232/232/232 233/233/233 234/234/234
f 235/235/235 236/236/236 237/237/237
f 238/238/238 239/239/239 240/240/240
f 241/241/241 242/242/242 243/243/243
f 244/244/244 245/245/245 246/246/246
f 247/247/247 248/248/248 249/249/249
f 250/250/250 251/251/251 252/252/252
f 253/253/253 254/254/254 255/255/255
f 256/256/256 257/257/257 258/258/258
f 259/259/259 260/260/260 261/261/261
f 262/262/262 263/263/263 264/264/264
f 265/265/265 266/266/266 267/267/267
f 268/268/268 269/269/269 270/270/270
f 271/271/271 272/272/272 273/273/273
f 274/274/274 275/275/275 276/276/276
f 277/277/277 278/278/278 279/279/279
f 280/280/280 281/281/281 282/282/282
f 283/283/283 284/284/284 285/285/285
f 286/286/286 287/287/287 288/288/288
f 289/289/289 290/290/290 291/291/291
f 292/292/292 293/293/293 294/294/294
f 295/295/295 296/296/296 297/297/297
f 298/298/298 299/299/299 300/300/300
f 301/301/301 302/302/302 303/303/303
f 304/304/304 305/305/305 306/306/306
f 307/307/307 308/308/308 309/309/309
f 310/310/310 311/311/311 312/312/312
f 313/313/313 314/314/314 315/315/315
f 316/316/316 317/317/317 318/318/318
f 319/319/319 320/320/320 321/321/321
f 322/322/322 323/323/323 324/324/324
f 325/325/325 326/326/326 327/327/327
f 328/328/328 329/329/329 330/330/330
f 331/331/331 332/332/332 333/333/333
f 334/334/334 335/335/335 336/336/336
f 337/337/337 338/338/338 339/339/339
f 340/340/340 341/341/341 342/342/342
f 343/343/343 344/344/344 345/345/345
f 346/346/346 347/347/347 348/348/348
f 349/349/349 350/350/350 351/351/351
f 352/352/352 353/353/353 354/354/354
f 355/355/355 356/356/356 357/357/357
f 358/358/358 359/359/359 360/360/360
f 361/361/361 362/362/362 363/363/363
f 364/364/364 365/365/365 366/366/366
f 367/367/367 368/368/368 369/369/369
f 370/370/370 371/371/371 372/372/372
f 373/373/373 374/374/374 375/375/375
f 376/376/376 377/377/377 378/378/378
f 379/379/379 380/380/380 381/381/381
f 382/382/382 383/383/383 384/384/384
f 385/385/385 386/386/386 387/387/387
f 388/388/388 389/389/389 390/390/390
f 391/391/391 392/392/392 393/393/393
f 394/394/394 395/395/395 396/396/396
f 397/397/397 398/398/398 399/399/399
f 400/400/400 401/401/401 402/402/402
f 403/403/403 404/404/404 405/405/405
f 406/406/406 407/407/407 408/408/408
f 409/409/409 410/410/410 411/411/411
f 412/412/412 413/413/413 414/414/414
f 415/415/415 416/416/416 417/417/417
f 418/418/418 419/419/419 420/420/420
f 421/421/421 422/422/422 423/423/423
f 424/424/424 425/425/425 426/426/426
f 427/427/427 428/428/428 429/429/429
f 430/430/430 431/431/431 432/432/432
f 433/433/433 434/434/434 435/435/435
f 436/436/436 437/437/437 438/438/438
f 439/439/439 440/440/440 441/441/441
f 442/442/442 443/443/443 444/444/444
f 445/445/445 446/446/446 447/447/447
f 448/448/448 449/449/449 450/450/450
f 451/451/451 452/452/452 453/453/453
f 454/454/454 455/455/455 456/456/456
f 457/457/457 458/458/458 459/459/459
f 460/460/460 461/461/461 462/462/462
f 463/463/463 464/464/464 465/465/465
f 466/466/466 467/467/467 468/468/468
f 469/469/469 470/470/470 471/471/471
f 472/472/472 473/473/473 474/474/474
f 475/475/475 476/476/476 477/477/477
f 478/478/478 479/479/479 480/480/480
f 481/481/481 482/482/482 483/483/483
f 484/484/484 485/485/485 486/486/486
f 487/487/487 488/488/488 489/489/489
f 490/490/490 491/491/491 492/492/492
f 493/493/493 494/494/494 495/495/495
f 496/496/496 497/497/497 498/498/498
f 499/499/499 500/500/500 501/501/501
f 502/502/502 503/503/503 504/504/504
f 505/505/505 506/506/506 507/507/507
f 508/508/508 509/509/509 510/510/510
f 511/511/511 512/512/512 513/513/513
f 514/514/514 515/515/515 516/516/516
f 517/517/517 518/518/518 519/519/519
f 520/520/520 521/521/521 522/522/522
f 523/523/523 524/524/524 525/525/525
f 526/526/526 527/527/527 528/528/528
f 529/529/529 530/530/530 531/531/531
f 532/532/532 533/533/533 534/534/534
f 535/535/535 536/536/536 537/537/537
f 538/538/538 539/539/539 540/540/540
f 541/541/541 542/542/542 543/543/543
f 544/544/544 545/545/545 546/546/546
f 547/547/547 548/548/548 549/549/549
f 550/550/550 551/551/551 552/552/552
f 553/553/553 554/554/554 555/555/555
f 556/556/556 557/557/557 558/558/558
f 559/559/559 560/560/560 561/561/561
f 562/562/562 563/563/563 564/564/564
f 565/565/565 566/566/566 567/567/567
f 568/568/568 569/569/569 570/570/570
f 571/571/571 572/572/572 573/573/573
f 574/574/574 575/575/575 576/576/576
f 577/577/577 578/578/578 579/579/579
f 580/580/580 581/581/581 582/582/582
f 583/583/583 584/584/584 585/585/585
f 586/586/586 587/587/587 588/588/588
f 589/589/589 590/590/590 591/591/591
f 592/592/592 593/593/593 594/594/594
f 595/595/595 596/596/596 597/597/597
f 598/598/598 599/599/599 600/600/600
f 601/601/601 602/602/602 603/603/603
f 604/604/604 605/605/605 606/606/606
f 607/607/607 608/608/608 609/609/609
f 610/610/610 611/611/611 612/612/612
f 613/613/613 614/614/614 615/615/615
f 616/616/616 617/617/617 618/618/618
f 619/619/619 620/620/620 621/621/621
f 622/622/622 623/623/623 624/624/624
f 625/625/625 626/626/626 627/627/627
f 628/628/628 629/629/629 630/630/630
f 631/631/631 632/632/632 633/633/633
f 634/634/634 635/635/635 636/636/636
f 637/637/637 638/638/638 639/639/639
f 640/640/640 641/641/641 642/642/642
f 643/643/643 644/644/644 645/645/645
f 646/646/646 647/647/647 648/648/648
f 649/649/649 650/650/650 651/651/651
f 652/652/652 653/653/653 654/654/654
f 655/655/655 656/656/656 657/657/657
f 658/658/658 659/659/659 660/660/660
f 661/661/661 662/662/662 663/663/663
f 664/664/664 665/665/665 666/666/666
f 667/667/667 668/668/668 669/669/669
f 670/670/670 671/671/671 672/672/672
f 673/673/673 674/674/674 675/675/675
f 676/676/676 677/677/677 678/678/678
f 679/679/679 680/680/680 681/681/681
f 682/682/682 683/683/683 684/684/684
f 685/685/685 686/686/686 687/687/687
f 688/688/688 689/689/689 690/690/690
f 691/691/691 692/692/692 693/693/693
f 694/694/694 695/695/695 696/696/696
f 697/697/697 698/698/698 699/699/699
f 700/700/700 701/701/701 702/702/702
f 703/703/703 704/704/704 705/705/705
f 706/706/706 707/707/707 708/708/708
f 709/709/709 710/710/710 711/711/711
f 712/712/712 713/713/713 714/714/714
f 715/715/715 716/716/716 717/717/717
f 718/718/718 719/719/719 720/720/720
f 721/721/721 722/722/722 723/723/723
f 724/724/724 725/725/725 726/726/726
f 727/727/727 728/728/728 729/729/729
f 730/730/730 731/731/731 732/732/732
f 733/733/733 734/734/734 735/735/735
f 736/736/736 737/737/737 738/738/738
f 739/739/739 740/740/740 741/741/741
f 742/742/742 743/743/743 744/744/744
f 745/745/745 746/746/746 747/747/747
f 748/748/748 749/749/749 750/750/750
f 751/751/751 752/752/752 753/753/753
f 754/754/754 755/755/755 756/756/756
f 757/757/757 758/758/758 759/759/759
f 760/760/760 761/761/761 762/762/762
f 763/763/763 764/764/764 765/765/765
f 766/766/766 767/767/767 768/768/768
f 769/769/769 770/770/770 771/771/771
f 772/772/772 773/773/773 774/774/774
f 775/775/775 776/776/776 777/777/777
f 778/778/778 779/779/779 780/780/780
f 781/781/781 782/782/782 783/783/783
f 784/784/784 785/785/785 786/786/786
f 787/787/787 788/788/788 789/789/789
f 790/790/790 791/791/791 792/792/792
f 793/793/793 794/794/794 795/795/795
f 796/796/796 797/797/797 798/798/798
f 799/799/799 800/800/800 801/801/801
f 802/802/802 803/803/803 804/804/804
f 805/805/805 806/806/806 807/807/807
f 808/808/808 809/809/809 810/810/810
f 811/811/811 812/812/812 813/813/813
f 814/814/814 815/815/815 816/816/816
f 817/817/817 818/818/818 819/819/819
f 820/820/820 821/821/821 822/822/822
f 823/823/823 824/824/824 825/825/825
f 826/826/826 827/827/827 828/828/828
f 829/829/829 830/830/830 831/831/831
f 832/832/832 833/833/833 834/834/834
f 835/835/835 836/836/836 837/837/837
f 838/838/838 839/839/839 840/840/840
f 841/841/841 842/842/842 843/843/843
f 844/844/844 845/845/845 846/846/846
f 847/847/847 848/848/848 849/849/849
f 850/850/850 851/851/851 852/852/852
f 853/853/853 854/854/854 855/855/855
f 856/856/856 857/857/857 858/858/858
f 859/859/859 860/860/860 861/861/861
f 862/862/862 863/863/863 864/864/864
f 865/865/865 866/866/866 867/867/867
f 868/868/868 869/869/869 870/870/870
f 871/871/871 872/872/872 873/873/873
f 874/874/874 875/875/875 876/876/876
f 877/877/877 878/878/878 879/879/879
f 880/880/880 881/881/881 882/882/882
f 883/883/883 884/884/884 885/885/885
f 886/886/886 887/887/887 888/888/888
f 889/889/889 890/890/890 891/891/891
f 892/892/892 893/893/893 894/894/894
f 895/895/895 896/896/896 897/897/897
f 898/898/898 899/899/899 900/900/900
f 901/901/901 902/902/902 903/903/903
f 904/904/904 905/905/905 906/906/906
f 907/907/907 908/908/908 909/909/909
f 910/910/910 911/911/911 912/912/912
f 913/913/913 914/914/914 915/915/915
f 916/916/916 917/917/917 918/918/918
f 919/919/919 920/920/920 921/921/921
f 922/922/922 923/923/923 924/924/924
f 925/925/925 926/926/926 927/927/927
f 928/928/928 929/929/929 930/930/930
f 931/931/931 932/932/932 933/933/933
f 934/934/934 935/935/935 936/936/936
f 937/937/937 938/938/938 939/939/939
f 940/940/940 941/941/941 942/942/942
f 943/943/943 944/944/944 945/945/945
f 946/946/946 947/947/947 948/948/948
f 949/949/949 950/950/950 951/951/951
f 952/952/952 953/953/953 954/954/954
f 955/955/955 956/956/956 957/957/957
f 958/958/958 959/959/959 960/960/960
f 961/961/961 962/962/962 963/963/963
f 964/964/964 965/965/965 966/966/966
f 967/967/967 968/968/968 969/969/969
f 970/970/970 971/971/971 972/972/972
f 973/973/973 974/974/974 975/975/975
f 976/976/976 977/977/977 978/978/978
f 979/979/979 980/980/980 981/981/981
f 982/982/982 983/983/983 984/984/984
f 985/985/985 986/986/986 987/987/987
f 988/988/988 989/989/989 990/990/990
f 991/991/991 992/992/992 993/993/993
f 994/994/994 995/995/995 996/996/996
f 997/997/997 998/998/998 999/999/999
f 1000/1000/1000 1001/1001/1001 1002/1002/1002
f 1003/1003/1003 1004/1004/1004 1005/1005/1005
f 1006/1006/1006 1007/1007/1007 1008/1008/1008
f 1009/1009/1009 1010/1010/1010 1011/1011/1011
f 1012/1012/1012 1013/1013/1013 1014/1014/1014
f 1015/1015/1015 1016/1016/1016 1017/1017/1017
f 1018/1018/1018 1019/1019/1019 1020/1020/1020
f 1021/1021/1021 1022/1022/1022 1023/1023/1023
f 1024/1024/1024 1025/1025/1025 1026/1026/1026
f 1027/1027/1027 1028/1028/1028 1029/1029/1029
f 1030/1030/1030 1031/1031/1031 1032/1032/1032
f 1033/1033/1033 1034/1034/1034 1035/1035/1035
f 1036/1036/1036 1037/1037/1037 1038/1038/1038
f 1039/1039/1039 1040/1040/1040 1041/1041/1041
f 1042/1042/1042 1043/1043/1043 1044/1044/1044
f 1045/1045/1045 1046/1046/1046 1047/1047/1047
f 1048/1048/1048 1049/1049/1049 1050/1050/1050
f 1051/1051/1051 1052/1052/1052 1053/1053/1053
f 1054/1054/1054 1055/1055/1055 1056/1056/1056
f 1057/1057/1057 1058/1058/1058 1059/1059/1059
f 1060/1060/1060 1061/1061/1061 1062/1062/1062
f 1063/1063/1063 1064/1064/1064 1065/1065/1065
f 1066/1066/1066 1067/1067/1067 1068/1068/1068
f 1069/1069/1069 1070/1070/1070 1071/1071/1071
f 1072/1072/1072 1073/1073/1073 1074/1074/1074
f 1075/1075/1075 1076/1076/1076 1077/1077/1077
f 1078/1078/1078 1079/1079/1079 1080/1080/1080
f 1081/1081/1081 1082/1082/1082 1083/1083/1083
f 1084/1084/1084 1085/1085/1085 1086/1086/1086
f 1087/1087/1087 1088/1088/1088 1089/1089/1089
f 1090/1090/1090 1091/1091/1091 1092/1092/1092
f 1093/1093/1093 1094/1094/1094 1095/1095/1095
f 1096/1096/1096 1097/1097/1097 1098/1098/1098
f 1099/1099/1099 1100/1100/1100 1101/1101/1101
f 1102/1102/1102 1103/1103/1103 1104/1104/1104
f 1105/1105/1105 1106/1106/1106 1107/1107/1107
f 1108/1108/1108 1109/1109/1109 1110/1110/1110
f 1111/1111/1111 1112/1112/1112 1113/1113/1113
f 1114/1114/1114 1115/1115/1115 1116/1116/1116
f 1117/1117/1117 1118/1118/1118 1119/1119/1119
f 1120/1120/1120 1121/1121/1121 1122/1122/1122
f 1123/1123/1123 1124/1124/1124 1125/1125/1125
f 1126/1126/1126 1127/1127/1127 1128/1128/1128
f 1129/1129/1129 1130/1130/1130 1131/1131/1131
f 1132/1132/1132 1133/1133/1133 1134/1134/1134
f 1135/1135/1135 1136/1136/1136 1137/1137/1137
f 1138/1138/1138 1139/1139/1139 1140/1140/1140
f 1141/1141/1141 1142/1142/1142 1143/1143/1143
f 1144/1144/1144 1145/1145/1145 1146/1146/1146
f 1147/1147/1147 1148/1148/1148 1149/1149/1149
f 1150/1150/1150 1151/1151/1151 1152/1152/1152
f 1153/1153/1153 1154/1154/1154 1155/1155/1155
f 1156/1156/1156 1157/1157/1157 1158/1158/1158
f 1159/1159/1159 1160/1160/1160 1161/1161/1161
f 1162/1162/1162 1163/1163/1163 1164/1164/1164
f 1165/1165/1165 1166/1166/1166 1167/1167/1167
f 1168/1168/1168 1169/1169/1169 1170/1170/1170
f 1171/1171/1171 1172/1172/1172 1173/1173/1173
f 1174/1174/1174 1175/1175/1175 1176/1176/1176
f 1177/1177/1177 1178/1178/1178 1179/1179/1179
f 1180/1180/1180 1181/1181/1181 1182/1182/1182
f 1183/1183/1183 1184/1184/1184 1185/1185/1185
f 1186/1186/1186 1187/1187/1187 1188/1188/1188
f 1189/1189/1189 1190/1190/1190 1191/1191/1191
f 1192/1192/1192 1193/1193/1193 1194/1194/1194
f 1195/1195/1195 1196/1196/1196 1197/1197/1197
f 1198/1198/1198 1199/1199/1199 1200/1200/1200
f 1201/1201/1201 1202/1202/1202 1203/1203/1203
f 1204/1204/1204 1205/1205/1205 1206/1206/1206
f 1207/1207/1207 1208/1208/1208 1209/1209/1209
f 1210/1210/1210 1211/1211/1211 1212/1212/1212
f 1213/1213/1213 1214/1214/1214 1215/1215/1215
f 1216/1216/1216 1217/1217/1217 1218/1218/1218
f 1219/1219/1219 1220/1220/1220 1221/1221/1221
f 1222/1222/1222 1223/1223/1223 1224/1224/1224
f 1225/1225/1225 1226/1226/1226 1227/1227/1227
f 1228/1228/1228 1229/1229/1229 1230/1230/1230
f 1231/1231/1231 1232/1232/1232 1233/1233/1233
f 1234/1234/1234 1235/1235/1235 1236/1236/1236
f 1237/1237/1237 1238/1238/1238 1239/1239/1239
f 1240/1240/1240 1241/1241/1241 1242/1242/1242
f 1243/1243/1243 1244/1244/1244 1245/1245/1245
f 1246/1246/1246 1247/1247/1247 1248/1248/1248
f 1249/1249/1249 1250/1250/1250 1251/1251/1251
f 1252/1252/1252 1253/1253/1253 1254/1254/1254
f 1255/1255/1255 1256/1256/1256 1257/1257/1257
f 1258/1258/1258 1259/1259/1259 1260/1260/1260
f 1261/1261/1261 1262/1262/1262 1263/1263/1263
f 1264/1264/1264 1265/1265/1265 1266/1266/1266
f 1267/1267/1267 1268/1268/1268 1269/1269/1269
f 1270/1270/1270 1271/1271/1271 1272/1272/1272
f 1273/1273/1273 1274/1274/1274 1275/1275/1275
f 1276/1276/1276 1277/1277/1277 1278/1278/1278
f 1279/1279/1279 1280/1280/1280 1281/1281/1281
f 1282/1282/1282 1283/1283/1283 1284/1284/1284
f 1285/1285/1285 1286/1286/1286 1287/1287/1287
f 1288/1288/1288 1289/1289/1289 1290/1290/1290
f 1291/1291/1291 1292/1292/1292 1293/1293/1293
f 1294/1294/1294 1295/1295/1295 1296/1296/1296
f 1297/1297/1297 1298/1298/1298 1299/1299/1299
f 1300/1300/1300 1301/1301/1301 1302/1302/1302
f 1303/1303/1303 1304/1304/1304 1305/1305/1305
f 1306/1306/1306 1307/1307/1307 1308/1308/1308
f 1309/1309/1309 1310/1310/1310 1311/1311/1311
f 1312/1312/1312 1313/1313/1313 1314/1314/1314
f 1315/1315/1315 1316/1316/1316 1317/1317/1317
f 1318/1318/1318 1319/1319/1319 1320/1320/1320
f 1321/1321/1321 1322/1322/1322 1323/1323/1323
f 1324/1324/1324 1325/1325/1325 1326/1326/1326
f 1327/1327/1327 1328/1328/1328 1329/1329/1329
f 1330/1330/1330 1331/1331/1331 1332/1332/1332
f 1333/1333/1333 1334/1334/1334 1335/1335/1335
f 1336/1336/1336 1337/1337/1337 1338/1338/1338
f 1339/1339/1339 1340/1340/1340 1341/1341/1341
f 1342/1342/1342 1343/1343/1343 1344/1344/1344
f 1345/1345/1345 1346/1346/1346 1347/1347/1347
f 1348/1348/1348 1349/1349/1349 1350/1350/1350
f 1351/1351/1351 1352/1352/1352 1353/1353/1353
f 1354/1354/1354 1355/1355/1355 1356/1356/1356
f 1357/1357/1357 1358/1358/1358 1359/1359/1359
f 1360/1360/1360 1361/1361/1361 1362/1362/1362
f 1363/1363/1363 1364/1364/1364 1365/1365/1365
f 1366/1366/1366 1367/1367/1367 1368/1368/1368
f 1369/1369/1369 1370/1370/1370 1371/1371/1371
f 1372/1372/1372 1373/1373/1373 1374/1374/1374
f 1375/1375/1375 1376/1376/1376 1377/1377/1377
f 1378/1378/1378 1379/1379/1379 1380/1380/1380
f 1381/1381/1381 1382/1382/1382 1383/1383/1383
f 1384/1384/1384 1385/1385/1385 1386/1386/1386
f 1387/1387/1387 1388/1388/1388 1389/1389/1389
f 1390/1390/1390 1391/1391/1391 1392/1392/1392
f 1393/1393/1393 1394/1394/1394 1395/1395/1395
f 1396/1396/1396 1397/1397/1397 1398/1398/1398
f 1399/1399/1399 1400/1400/1400 1401/1401/1401
f 1402/1402/1402 1403/1403/1403 1404/1404/1404
f 1405/1405/1405 1406/1406/1406 1407/1407/1407
f 1408/1408/1408 1409/1409/1409 1410/1410/1410
f 1411/1411/1411 1412/1412/1412 1413/1413/1413
f 1414/1414/1414 1415/1415/1415 1416/1416/1416
f 1417/1417/1417 1418/1418/1418 1419/1419/1419
f 1420/1420/1420 1421/1421/1421 1422/1422/1422
f 1423/1423/1423 1424/1424/1424 1425/1425/1425
f 1426/1426/1426 1427/1427/1427 1428/1428/1428
f 1429/1429/1429 1430/1430/1430 1431/1431/1431
f 1432/1432/1432 1433/1433/1433 1434/1434/1434
f 1435/1435/1435 1436/1436/1436 1437/1437/1437
f 1438/1438/1438 1439/1439/1439 1440/1440/1440
f 1441/1441/1441 1442/1442/1442 1443/1443/1443
f 1444/1444/1444 1445/1445/1445 1446/1446/1446
f 1447/1447/1447 1448/1448/1448 1449/1449/1449
f 1450/1450/1450 1451/1451/1451 1452/1452/1452
f 1453/1453/1453 1454/1454/1454 1455/1455/1455
f 1456/1456/1456 1457/1457/1457 1458/1458/1458
f 1459/1459/1459 1460/1460/1460 1461/1461/1461
f 1462/1462/1462 1463/1463/1463 1464/1464/1464
f 1465/1465/1465 1466/1466/1466 1467/1467/1467
f 1468/1468/1468 1469/1469/1469 1470/1470/1470
f 1471/1471/1471 1472/1472/1472 1473/1473/1473
f 1474/1474/1474 1475/1475/1475 1476/1476/1476
f 1477/1477/1477 1478/1478/1478 1479/1479/1479
f 1480/1480/1480 1481/1481/1481 1482/1482/1482
f 1483/1483/1483 1484/1484/1484 1485/1485/1485
f 1486/1486/1486 1487/1487/1487 1488/1488/1488
f 1489/1489/1489 1490/1490/1490 1491/1491/1491
f 1492/1492/1492 1493/1493/1493 1494/1494/1494
f 1495/1495/1495 1496/1496/1496 1497/1497/1497
f 1498/1498/1498 1499/1499/1499 1500/1500/1500
f 1501/1501/1501 1502/1502/1502 1503/1503/1503
f 1504/1504/1504 1505/1505/1505 1506/1506/1506
f 1507/1507/1507 1508/1508/1508 1509/1509/1509
f 1510/1510/1510 1511/1511/1511 1512/1512/1512
f 1513/1513/1513 1514/1514/1514 1515/1515/1515
f 1516/1516/1516 1517/1517/1517 1518/1518/1518
f 1519/1519/1519 1520/1520/1520 1521/1521/1521
f 1522/1522/1522 1523/1523/1523 1524/1524/1524
f 1525/1525/1525 1526/1526/1526 1527/1527/1527
f 1528/1528/1528 1529/1529/1529 1530/1530/1530
f 1531/1531/1531 1532/1532/1532 1533/1533/1533
f 1534/1534/1534 1535/1535/1535 1536/1536/1536
f 1537/1537/1537 1538/1538/1538 1539/1539/1539
f 1540/1540/1540 1541/1541/1541 1542/1542/1542
f 1543/1543/1543 1544/1544/1544 1545/1545/1545
f 1546/1546/1546 1547/1547/1547 1548/1548/1548
f 1549/1549/1549 1550/1550/1550 1551/1551/1551
f 1552/1552/1552 1553/1553/1553 1554/1554/1554
f 1555/1555/1555 1556/1556/1556 1557/1557/1557
f 1558/1558/1558 1559/1559/1559 1560/1560/1560
f 1561/1561/1561 1562/1562/1562 1563/1563/1563
f 1564/1564/1564 1565/1565/1565 1566/1566/1566
f 1567/1567/1567 1568/1568/1568 1569/1569/1569
f 1570/1570/1570 1571/1571/1571 1572/1572/1572
f 1573/1573/1573 1574/1574/1574 1575/1575/1575
f 1576/1576/1576 1577/1577/1577 1578/1578/1578
f 1579/1579/1579 1580/1580/1580 1581/1581/1581
f 1582/1582/1582 1583/1583/1583 1584/1584/1584
f 1585/1585/1585 1586/1586/1586 1587/1587/1587
f 1588/1588/1588 1589/1589/1589 1590/1590/1590
f 1591/1591/1591 1592/1592/1592 1593/1593/1593
f 1594/1594/1594 1595/1595/1595 1596/1596/1596
f 1597/1597/1597 1598/1598/1598 1599/1599/1599
f 1600/1600/1600 1601/1601/1601 1602/1602/1602
f 1603/1603/1603 1604/1604/1604 1605/1605/1605
f 1606/1606/1606 1607/1607/1607 1608/1608/1608
f 1609/1609/1609 1610/1610/1610 1611/1611/1611
f 1612/1612/1612 1613/1613/1613 1614/1614/1614
f 1615/1615/1615 1616/1616/1616 1617/1617/1617
f 1618/1618/1618 1619/1619/1619 1620/1620/1620
f 1621/1621/1621 1622/1622/1622 1623/1623/1623
f 1624/1624/1624 1625/1625/1625 1626/1626/1626
f 1627/1627/1627 1628/1628/1628 1629/1629/1629
f 1630/1630/1630 1631/1631/1631 1632/1632/1632
f 1633/1633/1633 1634/1634/1634 1635/1635/1635
f 1636/1636/1636 1637/1637/1637 1638/1638/1638
f 1639/1639/1639 1640/1640/1640 1641/1641/1641
f 1642/1642/1642 1643/1643/1643 1644/1644/1644
f 1645/1645/1645 1646/1646/1646 1647/1647/1647
f 1648/1648/1648 1649/1649/1649 1650/1650/1650
f 1651/1651/1651 1652/1652/1652 1653/1653/1653
f 1654/1654/1654 1655/1655/1655 1656/1656/1656
f 1657/1657/1657 1658/1658/1658 1659/1659/1659
f 1660/1660/1660 1661/1661/1661 1662/1662/1662
f 1663/1663/1663 1664/1664/1664 1665/1665/1665
f 1666/1666/1666 1667/1667/1667 1668/1668/1668
f 1669/1669/1669 1670/1670/1670 1671/1671/1671
f 1672/1672/1672 1673/1673/1673 1674/1674/1674
f 1675/1675/1675 1676/1676/1676 1677/1677/1677
f 1678/1678/1678 1679/1679/1679 1680/1680/1680
f 1681/1681/1681 1682/1682/1682 1683/1683/1683
f 1684/1684/1684 1685/1685/1685 1686/1686/1686
f 1687/1687/1687 1688/1688/1688 1689/1689/1689
f 1690/1690/1690 1691/1691/1691 1692/1692/1692
f 1693/1693/1693 1694/1694/1694 1695/1695/1695
f 1696/1696/1696 1697/1697/1697 1698/1698/1698
f 1699/1699/1699 1700/1700/1700 1701/1701/1701
f 1702/1702/1702 1703/1703/1703 1704/1704/1704
f 1705/1705/1705 1706/1706/1706 1707/1707/1707
f 1708/1708/1708 1709/1709/1709 1710/1710/1710
f 1711/1711/1711 1712/1712/1712 1713/1713/1713
f 1714/1714/1714 1715/1715/1715 1716/1716/1716
f 1717/1717/1717 1718/1718/1718 1719/1719/1719
f 1720/1720/1720 1721/1721/1721 1722/1722/1722
f 1723/1723/1723 1724/1724/1724 1725/1725/1725
f 1726/1726/1726 1727/1727/1727 1728/1728/1728
f 1729/1729/1729 1730/1730/1730 1731/1731/1731
f 1732/1732/1732 1733/1733/1733 1734/1734/1734
f 1735/1735/1735 1736/1736/1736 1737/1737/1737
f 1738/1738/1738 1739/1739/1739 1740/1740/1740
f 1741/1741/1741 1742/1742/1742 1743/1743/1743
f 1744/1744/1744 1745/1745/1745 1746/1746/1746
f 1747/1747/1747 1748/1748/1748 1749/1749/1749
f 1750/1750/1750 1751/1751/1751 1752/1752/1752
f 1753/1753/1753 1754/1754/1754 1755/1755/1755
f 1756/1756/1756 1757/1757/1757 1758/1758/1758
f 1759/1759/1759 1760/1760/1760 1761/1761/1761
f 1762/1762/1762 1763/1763/1763 1764/1764/1764
f 1765/1765/1765 1766/1766/1766 1767/1767/1767
f 1768/1768/1768 1769/1769/1769 1770/1770/1770
f 1771/1771/1771 1772/1772/1772 1773/1773/1773
f 1774/1774/1774 1775/1775/1775 1776/1776/1776
f 1777/1777/1777 1778/1778/1778 1779/1779/1779
f 1780/1780/1780 1781/1781/1781 1782/1782/1782
f 1783/1783/1783 1784/1784/1784 1785/1785/1785
f 1786/1786/1786 1787/1787/1787 1788/1788/1788
f 1789/1789/1789 1790/1790/1790 1791/1791/1791
f 1792/1792/1792 1793/1793/1793 1794/1794/1794
f 1795/1795/1795 1796/1796/1796 1797/1797/1797
f 1798/1798/1798 1799/1799/1799 1800/1800/1800
f 1801/1801/1801 1802/1802/1802 1803/1803/1803
f 1804/1804/1804 1805/1805/1805 1806/1806/1806
f 1807/1807/1807 1808/1808/1808 1809/1809/1809
f 1810/1810/1810 1811/1811/1811 1812/1812/1812
f 1813/1813/1813 1814/1814/1814 1815/1815/1815
f 1816/1816/1816 1817/1817/1817 1818/1818/1818
f 1819/1819/1819 1820/1820/1820 1821/1821/1821
f 1822/1822/1822 1823/1823/1823 1824/1824/1824
f 1825/1825/1825 1826/1826/1826 1827/1827/1827
f 1828/1828/1828 1829/1829/1829 1830/1830/1830
f 1831/1831/1831 1832/1832/1832 1833/1833/1833
f 1834/1834/1834 1835/1835/1835 1836/1836/1836
f 1837/1837/1837 1838/1838/1838 1839/1839/1839
f 1840/1840/1840 1841/1841/1841 1842/1842/1842
f 1843/1843/1843 1844/1844/1844 1845/1845/1845
f 1846/1846/1846 1847/1847/1847 1848/1848/1848
f 1849/1849/1849 1850/1850/1850 1851/1851/1851
f 1852/1852/1852 1853/1853/1853 1854/1854/1854
f 1855/1855/1855 1856/1856/1856 1857/1857/1857
f 1858/1858/1858 1859/1859/1859 1860/1860/1860
f 1861/1861/1861 1862/1862/1862 1863/1863/1863
f 1864/1864/1864 1865/1865/1865 1866/1866/1866
f 1867/1867/1867 1868/1868/1868 1869/1869/1869
f 1870/1870/1870 1871/1871/1871 1872/1872/1872
f 1873/1873/1873 1874/1874/1874 1875/1875/1875
f 1876/1876/1876 1877/1877/1877 1878/1878/1878
f 1879/1879/1879 1880/1880/1880 1881/1881/1881
f 1882/1882/1882 1883/1883/1883 1884/1884/1884
f 1885/1885/1885 1886/1886/1886 1887/1887/1887
f 1888/1888/1888 1889/1889/1889 1890/1890/1890
f 1891/1891/1891 1892/1892/1892 1893/1893/1893
f 1894/1894/1894 1895/1895/1895 1896/1896/1896
f 1897/1897/1897 1898/1898/1898 1899/1899/1899
f 1900/1900/1900 1901/1901/1901 1902/1902/1902
f 1903/1903/1903 1904/1904/1904 1905/1905/1905
f 1906/1906/1906 1907/1907/1907 1908/1908/1908
f 1909/1909/1909 1910/1910/1910 1911/1911/1911
f 1912/1912/1912 1913/1913/1913 1914/1914/1914
f 1915/1915/1915 1916/1916/1916 1917/1917/1917
f 1918/1918/1918 1919/1919/1919 1920/1920/1920
f 1921/1921/1921 1922/1922/1922 1923/1923/1923
f 1924/1924/1924 1925/1925/1925 1926/1926/1926
f 1927/1927/1927 1928/1928/1928 1929/1929/1929
f 1930/1930/1930 1931/1931/1931 1932/1932/1932
f 1933/1933/1933 1934/1934/1934 1935/1935/1935
f 1936/1936/1936 1937/1937/1937 1938/1938/1938
f 1939/1939/1939 1940/1940/1940 1941/1941/1941
f 1942/1942/1942 1943/1943/1943 1944/1944/1944
f 1945/1945/1945 1946/1946/1946 1947/1947/1947
f 1948/1948/1948 1949/1949/1949 1950/1950/1950
f 1951/1951/1951 1952/1952/1952 1953/1953/1953
f 1954/1954/1954 1955/1955/1955 1956/1956/1956
f 1957/1957/1957 1958/1958/1958 1959/1959/1959
f 1960/1960/1960 1961/1961/1961 1962/1962/1962
f 1963/1963/1963 1964/1964/1964 1965/1965/1965
f 1966/1966/1966 1967/1967/1967 1968/1968/1968
f 1969/1969/1969 1970/1970/1970 1971/1971/1971
f 1972/1972/1972 1973/1973/1973 1974/1974/1974
f 1975/1975/1975 1976/1976/1976 1977/1977/1977
f 1978/1978/1978 1979/1979/1979 1980/1980/1980
f 1981/1981/1981 1982/1982/1982 1983/1983/1983
f 1984/1984/1984 1985/1985/1985 1986/1986/1986
f 1987/1987/1987 1988/1988/1988 1989/1989/1989
f 1990/1990/1990 1991/1991/1991 1992/1992/1992
f 1993/1993/1993 1994/1994/1994 1995/1995/1995
f 1996/1996/1996 1997/1997/1997 1998/1998/1998
f 1999/1999/1999 2000/2000/2000 2001/2001/2001
f 2002/2002/2002 2003/2003/2003 2004/2004/2004
f 2005/2005/2005 2006/2006/2006 2007/2007/2007
f 2008/2008/2008 2009/2009/2009 2010/2010/2010
f 2011/2011/2011 2012/2012/2012 2013/2013/2013
f 2014/2014/2014 2015/2015/2015 2016/2016/2016
f 2017/2017/2017 2018/2018/2018 2019/2019/2019
f 2020/2020/2020 2021/2021/2021 2022/2022/2022
f 2023/2023/2023 2024/2024/2024 2025/2025/2025
f 2026/2026/2026 2027/2027/2027 2028/2028/2028
f 2029/2029/2029 2030/2030/2030 2031/2031/2031
f 2032/2032/2032 2033/2033/2033 2034/2034/2034
f 2035/2035/2035 2036/2036/2036 2037/2037/2037
f 2038/2038/2038 2039/2039/2039 2040/2040/2040
f 2041/2041/2041 2042/2042/2042 2043/2043/2043
f 2044/2044/2044 2045/2045/2045 2046/2046/2046
f 2047/2047/2047 2048/2048/2048 2049/2049/2049
f 2050/2050/2050 2051/2051/2051 2052/2052/2052
f 2053/2053/2053 2054/2054/2054 2055/2055/2055
f 2056/2056/2056 2057/2057/2057 2058/2058/2058
f 2059/2059/2059 2060/2060/2060 2061/2061/2061
f 2062/2062/2062 2063/2063/2063 2064/2064/2064
f 2065/2065/2065 2066/2066/2066 2067/2067/2067
f 2068/2068/2068 2069/2069/2069 2070/2070/2070
f 2071/2071/2071 2072/2072/2072 2073/2073/2073
f 2074/2074/2074 2075/2075/2075 2076/2076/2076
f 2077/2077/2077 2078/2078/2078 2079/2079/2079
f 2080/2080/2080 2081/2081/2081 2082/2082/2082
f 2083/2083/2083 2084/2084/2084 2085/2085/2085
f 2086/2086/2086 2087/2087/2087 2088/2088/2088
f 2089/2089/2089 2090/2090/2090 2091/2091/2091
f 2092/2092/2092 2093/2093/2093 2094/2094/2094
f 2095/2095/2095 2096/2096/2096 2097/2097/2097
f 2098/2098/2098 2099/2099/2099 2100/2100/2100
f 2101/2101/2101 2102/2102/2102 2103/2103/2103
f 2104/2104/2104 2105/2105/2105 2106/2106/2106
f 2107/2107/2107 2108/2108/2108 2109/2109/2109
f 2110/2110/2110 2111/2111/2111 2112/2112/2112
f 2113/2113/2113 2114/2114/2114 2115/2115/2115
f 2116/2116/2116 2117/2117/2117 2118/2118/2118
f 2119/2119/2119 2120/2120/2120 2121/2121/2121
f 2122/2122/2122 2123/2123/2123 2124/2124/2124
f 2125/2125/2125 2126/2126/2126 2127/2127/2127
f 2128/2128/2128 2129/2129/2129 2130/2130/2130
f 2131/2131/2131 2132/2132/2132 2133/2133/2133
f 2134/2134/2134 2135/2135/2135 2136/2136/2136
f 2137/2137/2137 2138/2138/2138 2139/2139/2139
f 2140/2140/2140 2141/2141/2141 2142/2142/2142
f 2143/2143/2143 2144/2144/2144 2145/2145/2145
f 2146/2146/2146 2147/2147/2147 2148/2148/2148
f 2149/2149/2149 2150/2150/2150 2151/2151/2151
f 2152/2152/2152 2153/2153/2153 2154/2154/2154
f 2155/2155/2155 2156/2156/2156 2157/2157/2157
f 2158/2158/2158 2159/2159/2159 2160/2160/2160
f 2161/2161/2161 2162/2162/2162 2163/2163/2163
f 2164/2164/2164 2165/2165/2165 2166/2166/2166
f 2167/2167/2167 2168/2168/2168 2169/2169/2169
f 2170/2170/2170 2171/2171/2171 2172/2172/2172
f 2173/2173/2173 2174/2174/2174 2175/2175/2175
f 2176/2176/2176 2177/2177/2177 2178/2178/2178
f 2179/2179/2179 2180/2180/2180 2181/2181/2181
f 2182/2182/2182 2183/2183/2183 2184/2184/2184
f 2185/2185/2185 2186/2186/2186 2187/2187/2187
f 2188/2188/2188 2189/2189/2189 2190/2190/2190
f 2191/2191/2191 2192/2192/2192 2193/2193/2193
f 2194/2194/2194 2195/2195/2195 2196/2196/2196
f 2197/2197/2197 2198/2198/2198 2199/2199/2199
f 2200/2200/2200 2201/2201/2201 2202/2202/2202
f 2203/2203/2203 2204/2204/2204 2205/2205/2205
f 2206/2206/2206 2207/2207/2207 2208/2208/2208
f 2209/2209/2209 2210/2210/2210 2211/2211/2211
f 2212/2212/2212 2213/2213/2213 2214/2214/2214
f 2215/2215/2215 2216/2216/2216 2217/2217/2217
f 2218/2218/2218 2219/2219/2219 2220/2220/2220
f 2221/2221/2221 2222/2222/2222 2223/2223/2223
f 2224/2224/2224 2225/2225/2225 2226/2226/2226
f 2227/2227/2227 2228/2228/2228 2229/2229/2229
f 2230/2230/2230 2231/2231/2231 2232/2232/2232
f 2233/2233/2233 2234/2234/2234 2235/2235/2235
f 2236/2236/2236 2237/2237/2237 2238/2238/2238
f 2239/2239/2239 2240/2240/2240 2241/2241/2241
f 2242/2242/2242 2243/2243/2243 2244/2244/2244
f 2245/2245/2245 2246/2246/2246 2247/2247/2247
f 2248/2248/2248 2249/2249/2249 2250/2250/2250
f 2251/2251/2251 2252/2252/2252 2253/2253/2253
f 2254/2254/2254 2255/2255/2255 2256/2256/2256
f 2257/2257/2257 2258/2258/2258 2259/2259/2259
f 2260/2260/2260 2261/2261/2261 2262/2262/2262
f 2263/2263/2263 2264/2264/2264 2265/2265/2265
f 2266/2266/2266 2267/2267/2267 2268/2268/2268
f 2269/2269/2269 2270/2270/2270 2271/2271/2271
f 2272/2272/2272 2273/2273/2273 2274/2274/2274
f 2275/2275/2275 2276/2276/2276 2277/2277/2277
f 2278/2278/2278 2279/2279/2279 2280/2280/2280
f 2281/2281/2281 2282/2282/2282 2283/2283/2283
f 2284/2284/2284 2285/2285/2285 2286/2286/2286
f 2287/2287/2287 2288/2288/2288 2289/2289/2289
f 2290/2290/2290 2291/2291/2291 2292/2292/2292
f 2293/2293/2293 2294/2294/2294 2295/2295/2295
f 2296/2296/2296 2297/2297/2297 2298/2298/2298
f 2299/2299/2299 2300/2300/2300 2301/2301/2301
f 2302/2302/2302 2303/2303/2303 2304/2304/2304
f 2305/2305/2305 2306/2306/2306 2307/2307/2307
f 2308/2308/2308 2309/2309/2309 2310/2310/2310
f 2311/2311/2311 2312/2312/2312 2313/2313/2313
f 2314/2314/2314 2315/2315/2315 2316/2316/2316
f 2317/2317/2317 2318/2318/2318 2319/2319/2319
f 2320/2320/2320 2321/2321/2321 2322/2322/2322
f 2323/2323/2323 2324/2324/2324 2325/2325/2325
f 2326/2326/2326 2327/2327/2327 2328/2328/2328
f 2329/2329/2329 2330/2330/2330 2331/2331/2331
f 2332/2332/2332 2333/2333/2333 2334/2334/2334
f 2335/2335/2335 2336/2336/2336 2337/2337/2337
f 2338/2338/2338 2339/2339/2339 2340/2340/2340
f 2341/2341/2341 2342/2342/2342 2343/2343/2343
f 2344/2344/2344 2345/2345/2345 2346/2346/2346
f 2347/2347/2347 2348/2348/2348 2349/2349/2349
f 2350/2350/2350 2351/2351/2351 2352/2352/2352
f 2353/2353/2353 2354/2354/2354 2355/2355/2355
f 2356/2356/2356 2357/2357/2357 2358/2358/2358
f 2359/2359/2359 2360/2360/2360 2361/2361/2361
f 2362/2362/2362 2363/2363/2363 2364/2364/2364
f 2365/2365/2365 2366/2366/2366 2367/2367/2367
f 2368/2368/2368 2369/2369/2369 2370/2370/2370
f 2371/2371/2371 2372/2372/2372 2373/2373/2373
f 2374/2374/2374 2375/2375/2375 2376/2376/2376
f 2377/2377/2377 2378/2378/2378 2379/2379/2379
f 2380/2380/2380 2381/2381/2381 2382/2382/2382
f 2383/2383/2383 2384/2384/2384 2385/2385/2385
f 2386/2386/2386 2387/2387/2387 2388/2388/2388
f 2389/2389/2389 2390/2390/2390 2391/2391/2391
f 2392/2392/2392 2393/2393/2393 2394/2394/2394
f 2395/2395/2395 2396/2396/2396 2397/2397/2397
f 2398/2398/2398 2399/2399/2399 2400/2400/2400
f 2401/2401/2401 2402/2402/2402 2403/2403/2403
f 2404/2404/2404 2405/2405/2405 2406/2406/2406
f 2407/2407/2407 2408/2408/2408 2409/2409/2409
f 2410/2410/2410 2411/2411/2411 2412/2412/2412
f 2413/2413/2413 2414/2414/2414 2415/2415/2415
f 2416/2416/2416 2417/2417/2417 2418/2418/2418
f 2419/2419/2419 2420/2420/2420 2421/2421/2421
f 2422/2422/2422 2423/2423/2423 2424/2424/2424
f 2425/2425/2425 2426/2426/2426 2427/2427/2427
f 2428/2428/2428 2429/2429/2429 2430/2430/2430
f 2431/2431/2431 2432/2432/2432 2433/2433/2433
f 2434/2434/2434 2435/2435/2435 2436/2436/2436
f 2437/2437/2437 2438/2438/2438 2439/2439/2439
f 2440/2440/2440 2441/2441/2441 2442/2442/2442
f 2443/2443/2443 2444/2444/2444 2445/2445/2445
f 2446/2446/2446 2447/2447/2447 2448/2448/2448
f 2449/2449/2449 2450/2450/2450 2451/2451/2451
f 2452/2452/2452 2453/2453/2453 2454/2454/2454
f 2455/2455/2455 2456/2456/2456 2457/2457/2457
f 2458/2458/2458 2459/2459/2459 2460/2460/2460
f 2461/2461/2461 2462/2462/2462 2463/2463/2463
f 2464/2464/2464 2465/2465/2465 2466/2466/2466
f 2467/2467/2467 2468/2468/2468 2469/2469/2469
f 2470/2470/2470 2471/2471/2471 2472/2472/2472
f 2473/2473/2473 2474/2474/2474 2475/2475/2475
f 2476/2476/2476 2477/2477/2477 2478/2478/2478
f 2479/2479/2479 2480/2480/2480 2481/2481/2481
f 2482/2482/2482 2483/2483/2483 2484/2484/2484
f 2485/2485/2485 2486/2486/2486 2487/2487/2487
f 2488/2488/2488 2489/2489/2489 2490/2490/2490
f 2491/2491/2491 2492/2492/2492 2493/2493/2493
f 2494/2494/2494 2495/2495/2495 2496/2496/2496
f 2497/2497/2497 2498/2498/2498 2499/2499/2499
f 2500/2500/2500 2501/2501/2501 2502/2502/2502
f 2503/2503/2503 2504/2504/2504 2505/2505/2505
f 2506/2506/2506 2507/2507/2507 2508/2508/2508
f 2509/2509/2509 2510/2510/2510 2511/2511/2511
f 2512/2512/2512 2513/2513/2513 2514/2514/2514
f 2515/2515/2515 2516/2516/2516 2517/2517/2517
f 2518/2518/2518 2519/2519/2519 2520/2520/2520
f 2521/2521/2521 2522/2522/2522 2523/2523/2523
f 2524/2524/2524 2525/2525/2525 2526/2526/2526
f 2527/2527/2527 2528/2528/2528 2529/2529/2529
f 2530/2530/2530 2531/2531/2531 2532/2532/2532
f 2533/2533/2533 2534/2534/2534 2535/2535/2535
f 2536/2536/2536 2537/2537/2537 2538/2538/2538
f 2539/2539/2539 2540/2540/2540 2541/2541/2541
f 2542/2542/2542 2543/2543/2543 2544/2544/2544
f 2545/2545/2545 2546/2546/2546 2547/2547/2547
f 2548/2548/2548 2549/2549/2549 2550/2550/2550
f 2551/2551/2551 2552/2552/2552 2553/2553/2553
f 2554/2554/2554 2555/2555/2555 2556/2556/2556
f 2557/2557/2557 2558/2558/2558 2559/2559/2559
f 2560/2560/2560 2561/2561/2561 2562/2562/2562
f 2563/2563/2563 2564/2564/2564 2565/2565/2565
f 2566/2566/2566 2567/2567/2567 2568/2568/2568
f 2569/2569/2569 2570/2570/2570 2571/2571/2571
f 2572/2572/2572 2573/2573/2573 2574/2574/2574
f 2575/2575/2575 2576/2576/2576 2577/2577/2577
f 2578/2578/2578 2579/2579/2579 2580/2580/2580
f 2581/2581/2581 2582/2582/2582 2583/2583/2583
f 2584/2584/2584 2585/2585/2585 2586/2586/2586
f 2587/2587/2587 2588/2588/2588 2589/2589/2589
f 2590/2590/2590 2591/2591/2591 2592/2592/2592
f 2593/2593/2593 2594/2594/2594 2595/2595/2595
f 2596/2596/2596 2597/2597/2597 2598/2598/2598
f 2599/2599/2599 2600/2600/2600 2601/2601/2601
f 2602/2602/2602 2603/2603/2603 2604/2604/2604
f 2605/2605/2605 2606/2606/2606 2607/2607/2607
f 2608/2608/2608 2609/2609/2609 2610/2610/2610
f 2611/2611/2611 2612/2612/2612 2613/2613/2613
f 2614/2614/2614 2615/2615/2615 2616/2616/2616
f 2617/2617/2617 2618/2618/2618 2619/2619/2619
f 2620/2620/2620 2621/2621/2621 2622/2622/2622
f 2623/2623/2623 2624/2624/2624 2625/2625/2625
f 2626/2626/2626 2627/2627/2627 2628/2628/2628
f 2629/2629/2629 2630/2630/2630 2631/2631/2631
f 2632/2632/2632 2633/2633/2633 2634/2634/2634
f 2635/2635/2635 2636/2636/2636 2637/2637/2637
f 2638/2638/2638 2639/2639/2639 2640/2640/2640
f 2641/2641/2641 2642/2642/2642 2643/2643/2643
f 2644/2644/2644 2645/2645/2645 2646/2646/2646
f 2647/2647/2647 2648/2648/2648 2649/2649/2649
f 2650/2650/2650 2651/2651/2651 2652/2652/2652
f 2653/2653/2653 2654/2654/2654 2655/2655/2655
f 2656/2656/2656 2657/2657/2657 2658/2658/2658
f 2659/2659/2659 2660/2660/2660 2661/2661/2661
f 2662/2662/2662 2663/2663/2663 2664/2664/2664
f 2665/2665/2665 2666/2666/2666 2667/2667/2667
f 2668/2668/2668 2669/2669/2669 2670/2670/2670
f 2671/2671/2671 2672/2672/2672 2673/2673/2673
f 2674/2674/2674 2675/2675/2675 2676/2676/2676
f 2677/2677/2677 2678/2678/2678 2679/2679/2679
f 2680/2680/2680 2681/2681/2681 2682/2682/2682
f 2683/2683/2683 2684/2684/2684 2685/2685/2685
f 2686/2686/2686 2687/2687/2687 2688/2688/2688
f 2689/2689/2689 2690/2690/2690 2691/2691/2691
f 2692/2692/2692 2693/2693/2693 2694/2694/2694
f 2695/2695/2695 2696/2696/2696 2697/2697/2697
f 2698/2698/2698 2699/2699/2699 2700/2700/2700
f 2701/2701/2701 2702/2702/2702 2703/2703/2703
f 2704/2704/2704 2705/2705/2705 2706/2706/2706
f 2707/2707/2707 2708/2708/2708 2709/2709/2709
f 2710/2710/2710 2711/2711/2711 2712/2712/2712
f 2713/2713/2713 2714/2714/2714 2715/2715/2715
f 2716/2716/2716 2717/2717/2717 2718/2718/2718
f 2719/2719/2719 2720/2720/2720 2721/2721/2721
f 2722/2722/2722 2723/2723/2723 2724/2724/2724
f 2725/2725/2725 2726/2726/2726 2727/2727/2727
f 2728/2728/2728 2729/2729/2729 2730/2730/2730
f 2731/2731/2731 2732/2732/2732 2733/2733/2733
f 2734/2734/2734 2735/2735/2735 2736/2736/2736
f 2737/2737/2737 2738/2738/2738 2739/2739/2739
f 2740/2740/2740 2741/2741/2741 2742/2742/2742
f 2743/2743/2743 2744/2744/2744 2745/2745/2745
f 2746/2746/2746 2747/2747/2747 2748/2748/2748
f 2749/2749/2749 2750/2750/2750 2751/2751/2751
f 2752/2752/2752 2753/2753/2753 2754/2754/2754
f 2755/2755/2755 2756/2756/2756 2757/2757/2757
f 2758/2758/2758 2759/2759/2759 2760/2760/2760
f 2761/2761/2761 2762/2762/2762 2763/2763/2763
f 2764/2764/2764 2765/2765/2765 2766/2766/2766
f 2767/2767/2767 2768/2768/2768 2769/2769/2769
f 2770/2770/2770 2771/2771/2771 2772/2772/2772
f 2773/2773/2773 2774/2774/2774 2775/2775/2775
f 2776/2776/2776 2777/2777/2777 2778/2778/2778
f 2779/2779/2779 2780/2780/2780 2781/2781/2781
f 2782/2782/2782 2783/2783/2783 2784/2784/2784
f 2785/2785/2785 2786/2786/2786 2787/2787/2787
f 2788/2788/2788 2789/2789/2789 2790/2790/2790
f 2791/2791/2791 2792/2792/2792 2793/2793/2793
f 2794/2794/2794 2795/2795/2795 2796/2796/2796
f 2797/2797/2797 2798/2798/2798 2799/2799/2799
f 2800/2800/2800 2801/2801/2801 2802/2802/2802
f 2803/2803/2803 2804/2804/2804 2805/2805/2805
f 2806/2806/2806 2807/2807/2807 2808/2808/2808
f 2809/2809/2809 2810/2810/2810 2811/2811/2811
f 2812/2812/2812 2813/2813/2813 2814/2814/2814
f 2815/2815/2815 2816/2816/2816 2817/2817/2817
f 2818/2818/2818 2819/2819/2819 2820/2820/2820
f 2821/2821/2821 2822/2822/2822 2823/2823/2823
f 2824/2824/2824 2825/2825/2825 2826/2826/2826
f 2827/2827/2827 2828/2828/2828 2829/2829/2829
f 2830/2830/2830 2831/2831/2831 2832/2832/2832
f 2833/2833/2833 2834/2834/2834 2835/2835/2835
f 2836/2836/2836 2837/2837/2837 2838/2838/2838
f 2839/2839/2839 2840/2840/2840 2841/2841/2841
f 2842/2842/2842 2843/2843/2843 2844/2844/2844
f 2845/2845/2845 2846/2846/2846 2847/2847/2847
f 2848/2848/2848 2849/2849/2849 2850/2850/2850
f 2851/2851/2851 2852/2852/2852 2853/2853/2853
f 2854/2854/2854 2855/2855/2855 2856/2856/2856
f 2857/2857/2857 2858/2858/2858 2859/2859/2859
f 2860/2860/2860 2861/2861/2861 2862/2862/2862
f 2863/2863/2863 2864/2864/2864 2865/2865/2865
f 2866/2866/2866 2867/2867/2867 2868/2868/2868
f 2869/2869/2869 2870/2870/2870 2871/2871/2871
f 2872/2872/2872 2873/2873/2873 2874/2874/2874
f 2875/2875/2875 2876/2876/2876 2877/2877/2877
f 2878/2878/2878 2879/2879/2879 2880/2880/2880
f 2881/2881/2881 2882/2882/2882 2883/2883/2883
f 2884/2884/2884 2885/2885/2885 2886/2886/2886
f 2887/2887/2887 2888/2888/2888 2889/2889/2889
f 2890/2890/2890 2891/2891/2891 2892/2892/2892
f 2893/2893/2893 2894/2894/2894 2895/2895/2895
f 2896/2896/2896 2897/2897/2897 2898/2898/2898
f 2899/2899/2899 2900/2900/2900 2901/2901/2901
f 2902/2902/2902 2903/2903/2903 2904/2904/2904
f 2905/2905/2905 2906/2906/2906 2907/2907/2907
f 2908/2908/2908 2909/2909/2909 2910/2910/2910
f 2911/2911/2911 2912/2912/2912 2913/2913/2913
f 2914/2914/2914 2915/2915/2915 2916/2916/2916
f 2917/2917/2917 2918/2918/2918 2919/2919/2919
f 2920/2920/2920 2921/2921/2921 2922/2922/2922
f 2923/2923/2923 2924/2924/2924 2925/2925/2925
f 2926/2926/2926 2927/2927/2927 2928/2928/2928
f 2929/2929/2929 2930/2930/2930 2931/2931/2931
f 2932/2932/2932 2933/2933/2933 2934/2934/2934
f 2935/2935/2935 2936/2936/2936 2937/2937/2937
f 2938/2938/2938 2939/2939/2939 2940/2940/2940
f 2941/2941/2941 2942/2942/2942 2943/2943/2943
f 2944/2944/2944 2945/2945/2945 2946/2946/2946
f 2947/2947/2947 2948/2948/2948 2949/2949/2949
f 2950/2950/2950 2951/2951/2951 2952/2952/2952
