# STALKER Armor converted geometry (MC model units, pivot-relative)
v -5.00782 5.90378 3.37628
v -4.69864 3.70528 -2.38242
v -4.36070 1.30232 3.37628
v 0.04935 0.48091 3.37628
v 0.04935 9.78051 3.37628
v -5.00782 5.90378 3.37628
v 0.04935 0.48091 3.37628
v 0.04935 0.48091 -2.38242
v 0.04935 5.16029 -2.38242
v 0.04935 7.47732 -2.38242
v -0.43803 9.79515 -2.38242
v 0.04935 9.78051 -2.38242
v -0.43803 9.79515 -2.38242
v -2.87767 9.79515 -2.38242
v 0.04935 9.78051 3.37628
v -3.69803 0.48091 0.49693
v -3.69803 0.48091 1.93661
v -4.36070 1.30232 3.37628
v -2.03378 0.48091 1.93661
v -2.03441 0.23461 3.37628
v -2.03441 -0.12821 1.93661
v -2.03378 0.48091 -0.94274
v -2.03378 0.48091 -2.38242
v 0.04935 0.48091 -2.38242
v -2.03378 0.48091 -0.94274
v -2.03441 0.23461 -2.38242
v -2.03378 0.48091 -2.38242
v -2.03378 0.48091 -2.38242
v -3.69740 0.29782 -2.38242
v -3.69803 0.48091 -2.38242
v -3.69803 0.48091 1.93661
v -3.69740 0.29782 3.37628
v -3.69803 0.48091 3.37628
v -3.69740 -0.06500 -0.94274
v -2.03441 0.23461 -2.38242
v -2.03441 -0.12821 -0.94274
v -3.69740 -0.06500 1.93661
v -2.03441 -0.12821 0.49693
v -2.03441 -0.12821 1.93661
v -2.03441 0.23461 3.37628
v -3.69740 -0.06500 1.93661
v -2.03441 -0.12821 1.93661
v -3.69740 -0.06500 0.49693
v -2.03441 -0.12821 -0.94274
v -2.03441 -0.12821 0.49693
v -3.69803 0.48091 -0.94274
v -3.69740 0.29782 -2.38242
v -3.69740 -0.06500 -0.94274
v -3.69803 0.48091 -0.94274
v -3.69740 -0.06500 0.49693
v -3.69803 0.48091 0.49693
v -3.69803 0.48091 0.49693
v -3.69740 -0.06500 1.93661
v -3.69803 0.48091 1.93661
v -2.03378 0.48091 3.37628
v -3.69740 0.29782 3.37628
v -2.03441 0.23461 3.37628
v -2.03378 0.48091 0.49693
v -2.03441 -0.12821 -0.94274
v -2.03378 0.48091 -0.94274
v -2.03378 0.48091 1.93661
v -2.03441 -0.12821 0.49693
v -2.03378 0.48091 0.49693
v -4.87119 7.47732 -2.38242
v -5.00782 5.90378 3.37628
v -4.65693 9.94466 3.37628
v -2.03378 0.48091 -2.38242
v -1.88482 1.20190 -2.54756
v -2.03378 0.48091 -2.54756
v -2.03378 0.48091 -2.54756
v -3.69740 0.29782 -2.38242
v -3.69803 0.48091 -2.54756
v -3.69803 0.48091 -2.54756
v -3.69740 0.29782 -2.38242
v -3.69803 0.48091 -2.38242
v -2.03378 0.48091 -2.38242
v -2.03378 0.48091 -2.54756
v -2.03441 0.23461 -2.38242
v -3.06878 1.63418 -2.38242
v -1.88482 1.20190 -2.54756
v -1.88482 1.20190 -2.38242
v -3.69803 0.48091 -2.54756
v -3.06878 1.63418 -2.38242
v -3.69803 0.48091 -2.38242
v -2.03378 0.48091 -2.54756
v -3.06878 1.63418 -2.54756
v -3.69803 0.48091 -2.54756
v -2.03378 0.48091 -2.38242
v -3.06878 1.63418 -2.38242
v -1.88482 1.20190 -2.38242
v -4.81753 11.08299 -1.84833
v -4.81753 12.93036 2.81956
v -4.81753 12.93036 -1.84833
v -4.81753 11.08299 2.81956
v 0.12257 12.93036 2.81956
v -4.81753 12.93036 2.81956
v 0.12257 12.93036 2.81956
v 0.12257 11.08299 -1.84833
v 0.12257 12.93036 -1.84833
v 0.12257 11.08299 -1.84833
v -4.81753 12.93036 -1.84833
v 0.12257 12.93036 -1.84833
v 0.12257 12.93036 2.81956
v -4.81753 12.93036 -1.84833
v -4.81753 12.93036 2.81956
v -4.81753 0.91970 2.81956
v 0.12257 0.91970 -1.84833
v 0.12257 0.91970 2.81956
v -2.87767 5.01078 -2.38242
v -0.63309 3.49718 -2.38242
v -4.69864 3.70528 -2.38242
v -1.65784 7.32780 -2.63638
v -2.16796 7.23530 -2.63638
v -2.36206 9.35946 -2.64868
v -3.87469 8.06564 -2.66434
v -4.29980 7.97889 -2.66434
v -4.31625 9.61012 -2.70284
v -0.43803 7.32780 -2.38242
v 0.04935 5.16029 -2.38242
v -0.43803 5.01078 -2.38242
v -0.63762 5.20694 -2.63638
v -0.80834 6.47723 -2.92758
v -0.66676 6.71838 -2.68180
v -3.18701 5.46431 -2.90678
v -4.63373 5.46431 -2.90678
v -4.69666 5.91177 -2.90678
v -1.19317 9.29276 -2.70933
v -2.87767 9.79515 -2.38242
v -0.43803 9.79515 -2.38242
v -0.63762 5.20694 -2.63638
v -2.87767 5.01078 -2.38242
v -2.67807 5.20694 -2.63638
v -1.19317 9.29276 -2.70933
v -0.43803 7.32780 -2.38242
v -0.66676 6.71838 -2.68180
v -2.36206 9.35946 -2.64868
v -2.87767 7.32780 -2.38242
v -2.87767 9.79515 -2.38242
v -0.66676 6.71838 -2.68180
v -0.43803 5.01078 -2.38242
v -0.63762 5.20694 -2.63638
v -2.67842 6.85373 -2.64141
v -2.87767 5.01078 -2.38242
v -2.87767 7.32780 -2.38242
v -4.86016 5.90757 -2.66434
v -4.87119 7.47732 -2.38242
v -4.67925 7.54257 -2.67901
v -4.77536 5.30457 -2.66434
v -5.00782 5.90378 -2.38242
v -4.86016 5.90757 -2.66434
v -4.77536 5.30457 -2.66434
v -2.87767 5.01078 -2.38242
v -4.90326 5.16029 -2.38242
v -3.26246 9.63553 -2.65996
v -4.65693 9.94466 -2.38242
v -2.87767 9.79515 -2.38242
v -3.00737 7.66062 -2.65996
v -2.87767 9.79515 -2.38242
v -2.87767 7.32780 -2.38242
v -4.31625 9.61012 -2.70284
v -4.87119 7.47732 -2.38242
v -4.65693 9.94466 -2.38242
v -3.02447 5.30457 -2.66434
v -2.87767 7.32780 -2.38242
v -2.87767 5.01078 -2.38242
v -4.22842 7.81965 -2.90678
v -4.67925 7.54257 -2.67901
v -4.29980 7.97889 -2.66434
v -4.57556 7.30638 -2.90678
v -4.86016 5.90757 -2.66434
v -4.67925 7.54257 -2.67901
v -4.63373 5.46431 -2.90678
v -4.86016 5.90757 -2.66434
v -4.69666 5.91177 -2.90678
v -3.18701 5.46431 -2.90678
v -4.77536 5.30457 -2.66434
v -4.63373 5.46431 -2.90678
v -3.18701 7.31640 -2.90678
v -3.02447 5.30457 -2.66434
v -3.18701 5.46431 -2.90678
v -3.53415 7.82466 -2.90678
v -3.87469 8.06564 -2.66434
v -3.44958 7.98502 -2.66434
v -3.53415 7.82466 -2.90678
v -3.00737 7.66062 -2.65996
v -3.18701 7.31640 -2.90678
v -3.88129 7.90585 -2.90678
v -4.29980 7.97889 -2.66434
v -3.87469 8.06564 -2.66434
v -0.80834 6.47723 -2.92758
v -2.50735 6.47723 -2.92758
v -1.65784 7.15036 -2.92758
v -0.66676 6.71838 -2.68180
v -1.23309 7.05785 -2.92758
v -1.14773 7.23530 -2.63638
v -2.67807 5.20694 -2.63638
v -2.50735 6.47723 -2.92758
v -2.50735 5.38439 -2.92758
v -2.67807 5.20694 -2.63638
v -0.80834 5.38439 -2.92758
v -0.63762 5.20694 -2.63638
v -1.65784 7.32780 -2.63638
v -2.08260 7.05785 -2.92758
v -2.16796 7.23530 -2.63638
v -2.67842 6.85373 -2.64141
v -2.08260 7.05785 -2.92758
v -2.50735 6.47723 -2.92758
v -1.65784 7.32780 -2.63638
v -1.23309 7.05785 -2.92758
v -1.65784 7.15036 -2.92758
v 0.12257 11.08299 -1.84833
v -4.81753 9.99702 -1.84833
v -4.81753 11.08299 -1.84833
v 0.12257 9.99702 -1.84833
v -4.81753 0.91970 -1.84833
v -4.81753 9.99702 -1.84833
v -4.81753 11.08299 -1.84833
v -4.81753 9.99702 2.81956
v -4.81753 11.08299 2.81956
v -4.81753 9.99702 2.81956
v -4.81753 0.91970 -1.84833
v -4.81753 0.91970 2.81956
v -4.81753 11.08299 2.81956
v 0.12257 9.99702 2.81956
v 0.12257 11.08299 2.81956
v -4.81753 9.99702 2.81956
v 0.12257 0.91970 2.81956
v 0.12257 9.99702 2.81956
v 0.12257 11.08299 -1.84833
v 0.12257 9.99702 2.81956
v 0.12257 9.99702 -1.84833
v 0.12257 9.99702 2.81956
v 0.12257 0.91970 -1.84833
v 0.12257 9.99702 -1.84833
v 4.70966 4.04953 -2.38242
v 4.90326 5.16029 -2.38242
v 5.00782 5.90378 3.37628
v 4.36070 1.30232 3.37628
v 5.00782 5.90378 3.37628
v 2.03378 0.48091 3.37628
v -0.04935 5.16029 -2.38242
v -0.04935 0.48091 -2.38242
v -0.04935 0.48091 3.37628
v 0.43803 9.79515 -2.38242
v -0.04935 7.47732 -2.38242
v -0.04935 9.78051 -2.38242
v 0.43803 9.79515 -2.38242
v -0.04935 9.78051 -2.38242
v -0.04935 9.78051 3.37628
v 4.36070 1.30232 3.37628
v 3.69803 0.48091 1.93661
v 3.69803 0.48091 0.49693
v 2.03378 0.48091 1.93661
v 2.03441 0.23461 3.37628
v 2.03378 0.48091 3.37628
v -0.04935 0.48091 -2.38242
v 2.03378 0.48091 -0.94274
v 2.03378 0.48091 0.49693
v 2.03441 0.23461 -2.38242
v 2.03378 0.48091 -0.94274
v 2.03378 0.48091 -2.38242
v 3.69740 0.29782 -2.38242
v 2.03378 0.48091 -2.38242
v 3.69803 0.48091 -2.38242
v 3.69740 0.29782 3.37628
v 3.69803 0.48091 1.93661
v 3.69803 0.48091 3.37628
v 2.03441 0.23461 -2.38242
v 3.69740 -0.06500 -0.94274
v 2.03441 -0.12821 -0.94274
v 2.03441 -0.12821 0.49693
v 3.69740 -0.06500 1.93661
v 2.03441 -0.12821 1.93661
v 2.03441 0.23461 3.37628
v 3.69740 -0.06500 1.93661
v 3.69740 0.29782 3.37628
v 2.03441 -0.12821 -0.94274
v 3.69740 -0.06500 0.49693
v 2.03441 -0.12821 0.49693
v 3.69803 0.48091 -0.94274
v 3.69740 0.29782 -2.38242
v 3.69803 0.48091 -2.38242
v 3.69740 -0.06500 0.49693
v 3.69803 0.48091 -0.94274
v 3.69803 0.48091 0.49693
v 3.69740 -0.06500 1.93661
v 3.69803 0.48091 0.49693
v 3.69803 0.48091 1.93661
v 2.03378 0.48091 3.37628
v 3.69740 0.29782 3.37628
v 3.69803 0.48091 3.37628
v 2.03441 -0.12821 -0.94274
v 2.03378 0.48091 0.49693
v 2.03378 0.48091 -0.94274
v 2.03441 -0.12821 0.49693
v 2.03378 0.48091 1.93661
v 2.03378 0.48091 0.49693
v 5.00782 5.90378 3.37628
v 5.00782 5.90378 -2.38242
v 4.87119 7.47732 -2.38242
v 1.88482 1.20190 -2.54756
v 2.03378 0.48091 -2.38242
v 2.03378 0.48091 -2.54756
v 2.03378 0.48091 -2.54756
v 3.69740 0.29782 -2.38242
v 2.03441 0.23461 -2.38242
v 3.69803 0.48091 -2.54756
v 3.69803 0.48091 -2.38242
v 3.69740 0.29782 -2.38242
v 2.03378 0.48091 -2.38242
v 2.03441 0.23461 -2.38242
v 2.03378 0.48091 -2.54756
v 1.88482 1.20190 -2.54756
v 3.06878 1.63418 -2.38242
v 1.88482 1.20190 -2.38242
v 3.06878 1.63418 -2.38242
v 3.69803 0.48091 -2.54756
v 3.69803 0.48091 -2.38242
v 3.06878 1.63418 -2.54756
v 2.03378 0.48091 -2.54756
v 3.69803 0.48091 -2.54756
v 2.03378 0.48091 -2.38242
v 3.06878 1.63418 -2.38242
v 3.69803 0.48091 -2.38242
v 4.81753 12.93036 2.81956
v 4.81753 11.08299 -1.84833
v 4.81753 12.93036 -1.84833
v -0.12257 12.93036 2.81956
v 4.81753 11.08299 2.81956
v 4.81753 12.93036 2.81956
v -0.12257 12.93036 2.81956
v -0.12257 11.08299 -1.84833
v -0.12257 11.08299 2.81956
v 4.81753 12.93036 -1.84833
v -0.12257 11.08299 -1.84833
v -0.12257 12.93036 -1.84833
v 4.81753 12.93036 -1.84833
v -0.12257 12.93036 2.81956
v 4.81753 12.93036 2.81956
v -0.12257 0.91970 -1.84833
v 4.81753 0.91970 2.81956
v -0.12257 0.91970 2.81956
v -0.04935 0.48091 -2.38242
v -0.04935 5.16029 -2.38242
v 0.42787 2.18072 -2.38242
v 2.36206 9.35946 -2.64868
v 2.16796 7.23530 -2.63638
v 1.65784 7.32780 -2.63638
v 4.31625 9.61012 -2.70284
v 4.29980 7.97889 -2.66434
v 3.87469 8.06564 -2.66434
v 0.43803 7.32780 -2.38242
v -0.04935 5.16029 -2.38242
v -0.04935 7.47732 -2.38242
v 0.80834 6.47723 -2.92758
v 0.63762 5.20694 -2.63638
v 0.66676 6.71838 -2.68180
v 3.18701 7.31640 -2.90678
v 3.88129 7.90585 -2.90678
v 4.57556 7.30638 -2.90678
v 1.19317 9.29276 -2.70933
v 2.87767 9.79515 -2.38242
v 2.36206 9.35946 -2.64868
v 2.87767 5.01078 -2.38242
v 0.63762 5.20694 -2.63638
v 2.67807 5.20694 -2.63638
v 0.43803 7.32780 -2.38242
v 1.19317 9.29276 -2.70933
v 0.66676 6.71838 -2.68180
v 2.36206 9.35946 -2.64868
v 2.87767 7.32780 -2.38242
v 2.67842 6.85373 -2.64141
v 0.43803 5.01078 -2.38242
v 0.66676 6.71838 -2.68180
v 0.63762 5.20694 -2.63638
v 2.67842 6.85373 -2.64141
v 2.87767 5.01078 -2.38242
v 2.67807 5.20694 -2.63638
v 4.87119 7.47732 -2.38242
v 4.86016 5.90757 -2.66434
v 4.67925 7.54257 -2.67901
v 5.00782 5.90378 -2.38242
v 4.77536 5.30457 -2.66434
v 4.86016 5.90757 -2.66434
v 4.77536 5.30457 -2.66434
v 2.87767 5.01078 -2.38242
v 3.02447 5.30457 -2.66434
v 3.26246 9.63553 -2.65996
v 4.65693 9.94466 -2.38242
v 4.31625 9.61012 -2.70284
v 3.00737 7.66062 -2.65996
v 2.87767 9.79515 -2.38242
v 3.26246 9.63553 -2.65996
v 4.31625 9.61012 -2.70284
v 4.87119 7.47732 -2.38242
v 4.67925 7.54257 -2.67901
v 3.02447 5.30457 -2.66434
v 2.87767 7.32780 -2.38242
v 3.00737 7.66062 -2.65996
v 4.22842 7.81965 -2.90678
v 4.67925 7.54257 -2.67901
v 4.57556 7.30638 -2.90678
v 4.57556 7.30638 -2.90678
v 4.86016 5.90757 -2.66434
v 4.69666 5.91177 -2.90678
v 4.86016 5.90757 -2.66434
v 4.63373 5.46431 -2.90678
v 4.69666 5.91177 -2.90678
v 4.77536 5.30457 -2.66434
v 3.18701 5.46431 -2.90678
v 4.63373 5.46431 -2.90678
v 3.02447 5.30457 -2.66434
v 3.18701 7.31640 -2.90678
v 3.18701 5.46431 -2.90678
v 3.53415 7.82466 -2.90678
v 3.87469 8.06564 -2.66434
v 3.88129 7.90585 -2.90678
v 3.00737 7.66062 -2.65996
v 3.53415 7.82466 -2.90678
v 3.18701 7.31640 -2.90678
v 3.88129 7.90585 -2.90678
v 4.29980 7.97889 -2.66434
v 4.22842 7.81965 -2.90678
v 0.80834 6.47723 -2.92758
v 1.23309 7.05785 -2.92758
v 1.65784 7.15036 -2.92758
v 1.23309 7.05785 -2.92758
v 0.66676 6.71838 -2.68180
v 1.14773 7.23530 -2.63638
v 2.67807 5.20694 -2.63638
v 2.50735 6.47723 -2.92758
v 2.67842 6.85373 -2.64141
v 0.80834 5.38439 -2.92758
v 2.67807 5.20694 -2.63638
v 0.63762 5.20694 -2.63638
v 2.08260 7.05785 -2.92758
v 1.65784 7.32780 -2.63638
v 2.16796 7.23530 -2.63638
v 2.67842 6.85373 -2.64141
v 2.08260 7.05785 -2.92758
v 2.16796 7.23530 -2.63638
v 1.65784 7.32780 -2.63638
v 1.23309 7.05785 -2.92758
v 1.14773 7.23530 -2.63638
v 4.81753 9.99702 -1.84833
v -0.12257 11.08299 -1.84833
v 4.81753 11.08299 -1.84833
v 4.81753 0.91970 -1.84833
v -0.12257 9.99702 -1.84833
v 4.81753 9.99702 -1.84833
v 4.81753 9.99702 2.81956
v 4.81753 11.08299 -1.84833
v 4.81753 11.08299 2.81956
v 4.81753 9.99702 2.81956
v 4.81753 0.91970 -1.84833
v 4.81753 9.99702 -1.84833
v -0.12257 9.99702 2.81956
v 4.81753 11.08299 2.81956
v -0.12257 11.08299 2.81956
v -0.12257 0.91970 2.81956
v 4.81753 9.99702 2.81956
v -0.12257 9.99702 2.81956
v -0.12257 9.99702 -1.84833
v -0.12257 11.08299 2.81956
v -0.12257 11.08299 -1.84833
v -0.12257 0.91970 -1.84833
v -0.12257 9.99702 2.81956
v -0.12257 9.99702 -1.84833
v 4.70966 4.04953 -2.38242
v 4.13805 2.48760 -2.79829
v 4.33341 3.87673 -2.79829
v 4.35795 4.56322 -2.38242
v 4.33341 3.87673 -2.79829
v 4.02861 4.32190 -2.79829
v 0.62276 4.64036 -2.79829
v 3.55641 4.64036 -2.79829
v 0.62276 2.48760 -2.79829
v 0.42787 4.93070 -2.38242
v 3.55641 4.64036 -2.79829
v 0.62276 4.64036 -2.79829
v -0.52046 3.70019 -2.38242
v -0.19907 2.48760 -2.79829
v -0.52046 2.18072 -2.38242
v 0.42787 4.93070 -2.38242
v -0.17939 4.56526 -2.38242
v -0.52046 3.70019 -2.38242
v -0.17939 4.56526 -2.38242
v -0.19908 3.80439 -2.79829
v -0.52046 3.70019 -2.38242
v 4.13805 2.48760 -2.79829
v 4.48423 2.18072 -2.38242
v 0.42787 2.18072 -2.38242
v 3.81307 4.93070 -2.38242
v 4.02861 4.32190 -2.79829
v 3.55641 4.64036 -2.79829
v 0.42787 4.93070 -2.38242
v 0.09650 4.32367 -2.79829
v -0.17939 4.56526 -2.38242
v -0.63309 3.49718 -2.38242
v 0.04935 5.16029 -2.38242
v 0.04935 0.48091 -2.38242
v -5.00782 5.90378 3.37628
v -5.00782 5.90378 -2.38242
v -4.90326 5.16029 -2.38242
v -4.90326 5.16029 -2.38242
v -4.69864 3.70528 -2.38242
v -5.00782 5.90378 3.37628
v -4.69864 3.70528 -2.38242
v -4.36070 1.30232 -2.38242
v -4.36070 1.30232 3.37628
v 0.04935 9.78051 3.37628
v -4.65693 9.94466 3.37628
v -5.00782 5.90378 3.37628
v -5.00782 5.90378 3.37628
v -4.36070 1.30232 3.37628
v -2.03378 0.48091 3.37628
v -4.36070 1.30232 3.37628
v -3.69803 0.48091 3.37628
v -2.03378 0.48091 3.37628
v -2.03378 0.48091 3.37628
v 0.04935 0.48091 3.37628
v -5.00782 5.90378 3.37628
v 0.04935 9.78051 -2.38242
v 0.04935 9.78051 3.37628
v 0.04935 7.47732 -2.38242
v 0.04935 9.78051 3.37628
v 0.04935 0.48091 3.37628
v 0.04935 5.16029 -2.38242
v 0.04935 7.47732 -2.38242
v 0.04935 9.78051 3.37628
v 0.04935 5.16029 -2.38242
v 0.04935 7.47732 -2.38242
v -0.43803 7.32780 -2.38242
v -0.43803 9.79515 -2.38242
v -4.65693 9.94466 -2.38242
v -4.65693 9.94466 3.37628
v -2.87767 9.79515 -2.38242
v -4.65693 9.94466 3.37628
v 0.04935 9.78051 3.37628
v -2.87767 9.79515 -2.38242
v 0.04935 9.78051 3.37628
v 0.04935 9.78051 -2.38242
v -0.43803 9.79515 -2.38242
v -3.69803 0.48091 1.93661
v -3.69803 0.48091 3.37628
v -4.36070 1.30232 3.37628
v -4.36070 1.30232 3.37628
v -4.36070 1.30232 -2.38242
v -3.69803 0.48091 0.49693
v -4.36070 1.30232 -2.38242
v -3.69803 0.48091 -2.38242
v -3.69803 0.48091 -0.94274
v -3.69803 0.48091 -0.94274
v -3.69803 0.48091 0.49693
v -4.36070 1.30232 -2.38242
v -2.03378 0.48091 1.93661
v -2.03378 0.48091 3.37628
v -2.03441 0.23461 3.37628
v 0.04935 0.48091 -2.38242
v 0.04935 0.48091 3.37628
v -2.03378 0.48091 0.49693
v 0.04935 0.48091 3.37628
v -2.03378 0.48091 3.37628
v -2.03378 0.48091 1.93661
v -2.03378 0.48091 1.93661
v -2.03378 0.48091 0.49693
v 0.04935 0.48091 3.37628
v -2.03378 0.48091 0.49693
v -2.03378 0.48091 -0.94274
v 0.04935 0.48091 -2.38242
v -2.03378 0.48091 -0.94274
v -2.03441 -0.12821 -0.94274
v -2.03441 0.23461 -2.38242
v -2.03378 0.48091 -2.38242
v -2.03441 0.23461 -2.38242
v -3.69740 0.29782 -2.38242
v -3.69803 0.48091 1.93661
v -3.69740 -0.06500 1.93661
v -3.69740 0.29782 3.37628
v -3.69740 -0.06500 -0.94274
v -3.69740 0.29782 -2.38242
v -2.03441 0.23461 -2.38242
v -3.69740 -0.06500 1.93661
v -3.69740 -0.06500 0.49693
v -2.03441 -0.12821 0.49693
v -2.03441 0.23461 3.37628
v -3.69740 0.29782 3.37628
v -3.69740 -0.06500 1.93661
v -3.69740 -0.06500 0.49693
v -3.69740 -0.06500 -0.94274
v -2.03441 -0.12821 -0.94274
v -3.69803 0.48091 -0.94274
v -3.69803 0.48091 -2.38242
v -3.69740 0.29782 -2.38242
v -3.69803 0.48091 -0.94274
v -3.69740 -0.06500 -0.94274
v -3.69740 -0.06500 0.49693
v -3.69803 0.48091 0.49693
v -3.69740 -0.06500 0.49693
v -3.69740 -0.06500 1.93661
v -2.03378 0.48091 3.37628
v -3.69803 0.48091 3.37628
v -3.69740 0.29782 3.37628
v -2.03378 0.48091 0.49693
v -2.03441 -0.12821 0.49693
v -2.03441 -0.12821 -0.94274
v -2.03378 0.48091 1.93661
v -2.03441 -0.12821 1.93661
v -2.03441 -0.12821 0.49693
v -4.65693 9.94466 3.37628
v -4.65693 9.94466 -2.38242
v -4.87119 7.47732 -2.38242
v -4.87119 7.47732 -2.38242
v -5.00782 5.90378 -2.38242
v -5.00782 5.90378 3.37628
v -2.03378 0.48091 -2.38242
v -1.88482 1.20190 -2.38242
v -1.88482 1.20190 -2.54756
v -2.03378 0.48091 -2.54756
v -2.03441 0.23461 -2.38242
v -3.69740 0.29782 -2.38242
v -3.06878 1.63418 -2.38242
v -3.06878 1.63418 -2.54756
v -1.88482 1.20190 -2.54756
v -3.69803 0.48091 -2.54756
v -3.06878 1.63418 -2.54756
v -3.06878 1.63418 -2.38242
v -2.03378 0.48091 -2.54756
v -1.88482 1.20190 -2.54756
v -3.06878 1.63418 -2.54756
v -2.03378 0.48091 -2.38242
v -3.69803 0.48091 -2.38242
v -3.06878 1.63418 -2.38242
v -4.81753 11.08299 -1.84833
v -4.81753 11.08299 2.81956
v -4.81753 12.93036 2.81956
v -4.81753 11.08299 2.81956
v 0.12257 11.08299 2.81956
v 0.12257 12.93036 2.81956
v 0.12257 12.93036 2.81956
v 0.12257 11.08299 2.81956
v 0.12257 11.08299 -1.84833
v 0.12257 11.08299 -1.84833
v -4.81753 11.08299 -1.84833
v -4.81753 12.93036 -1.84833
v 0.12257 12.93036 2.81956
v 0.12257 12.93036 -1.84833
v -4.81753 12.93036 -1.84833
v -4.81753 0.91970 2.81956
v -4.81753 0.91970 -1.84833
v 0.12257 0.91970 -1.84833
v -4.69864 3.70528 -2.38242
v -4.90326 5.16029 -2.38242
v -2.87767 5.01078 -2.38242
v -2.87767 5.01078 -2.38242
v -0.43803 5.01078 -2.38242
v -0.63309 3.49718 -2.38242
v -2.36206 9.35946 -2.64868
v -1.19317 9.29276 -2.70933
v -1.65784 7.32780 -2.63638
v -1.19317 9.29276 -2.70933
v -0.66676 6.71838 -2.68180
v -1.14773 7.23530 -2.63638
v -1.19317 9.29276 -2.70933
v -1.14773 7.23530 -2.63638
v -1.65784 7.32780 -2.63638
v -2.16796 7.23530 -2.63638
v -2.67842 6.85373 -2.64141
v -2.36206 9.35946 -2.64868
v -4.31625 9.61012 -2.70284
v -3.26246 9.63553 -2.65996
v -3.87469 8.06564 -2.66434
v -3.26246 9.63553 -2.65996
v -3.00737 7.66062 -2.65996
v -3.44958 7.98502 -2.66434
v -3.26246 9.63553 -2.65996
v -3.44958 7.98502 -2.66434
v -3.87469 8.06564 -2.66434
v -4.29980 7.97889 -2.66434
v -4.67925 7.54257 -2.67901
v -4.31625 9.61012 -2.70284
v -0.43803 7.32780 -2.38242
v 0.04935 7.47732 -2.38242
v 0.04935 5.16029 -2.38242
v -0.63762 5.20694 -2.63638
v -0.80834 5.38439 -2.92758
v -0.80834 6.47723 -2.92758
v -4.69666 5.91177 -2.90678
v -4.57556 7.30638 -2.90678
v -3.18701 7.31640 -2.90678
v -4.57556 7.30638 -2.90678
v -4.22842 7.81965 -2.90678
v -3.88129 7.90585 -2.90678
v -3.18701 7.31640 -2.90678
v -3.88129 7.90585 -2.90678
v -3.53415 7.82466 -2.90678
v -4.57556 7.30638 -2.90678
v -3.88129 7.90585 -2.90678
v -3.18701 7.31640 -2.90678
v -3.18701 7.31640 -2.90678
v -3.18701 5.46431 -2.90678
v -4.69666 5.91177 -2.90678
v -1.19317 9.29276 -2.70933
v -2.36206 9.35946 -2.64868
v -2.87767 9.79515 -2.38242
v -0.63762 5.20694 -2.63638
v -0.43803 5.01078 -2.38242
v -2.87767 5.01078 -2.38242
v -1.19317 9.29276 -2.70933
v -0.43803 9.79515 -2.38242
v -0.43803 7.32780 -2.38242
v -2.36206 9.35946 -2.64868
v -2.67842 6.85373 -2.64141
v -2.87767 7.32780 -2.38242
v -0.66676 6.71838 -2.68180
v -0.43803 7.32780 -2.38242
v -0.43803 5.01078 -2.38242
v -2.67842 6.85373 -2.64141
v -2.67807 5.20694 -2.63638
v -2.87767 5.01078 -2.38242
v -4.86016 5.90757 -2.66434
v -5.00782 5.90378 -2.38242
v -4.87119 7.47732 -2.38242
v -4.77536 5.30457 -2.66434
v -4.90326 5.16029 -2.38242
v -5.00782 5.90378 -2.38242
v -4.77536 5.30457 -2.66434
v -3.02447 5.30457 -2.66434
v -2.87767 5.01078 -2.38242
v -3.26246 9.63553 -2.65996
v -4.31625 9.61012 -2.70284
v -4.65693 9.94466 -2.38242
v -3.00737 7.66062 -2.65996
v -3.26246 9.63553 -2.65996
v -2.87767 9.79515 -2.38242
v -4.31625 9.61012 -2.70284
v -4.67925 7.54257 -2.67901
v -4.87119 7.47732 -2.38242
v -3.02447 5.30457 -2.66434
v -3.00737 7.66062 -2.65996
v -2.87767 7.32780 -2.38242
v -4.22842 7.81965 -2.90678
v -4.57556 7.30638 -2.90678
v -4.67925 7.54257 -2.67901
v -4.57556 7.30638 -2.90678
v -4.69666 5.91177 -2.90678
v -4.86016 5.90757 -2.66434
v -4.63373 5.46431 -2.90678
v -4.77536 5.30457 -2.66434
v -4.86016 5.90757 -2.66434
v -3.18701 5.46431 -2.90678
v -3.02447 5.30457 -2.66434
v -4.77536 5.30457 -2.66434
v -3.18701 7.31640 -2.90678
v -3.00737 7.66062 -2.65996
v -3.02447 5.30457 -2.66434
v -3.53415 7.82466 -2.90678
v -3.88129 7.90585 -2.90678
v -3.87469 8.06564 -2.66434
v -3.53415 7.82466 -2.90678
v -3.44958 7.98502 -2.66434
v -3.00737 7.66062 -2.65996
v -3.88129 7.90585 -2.90678
v -4.22842 7.81965 -2.90678
v -4.29980 7.97889 -2.66434
v -2.50735 5.38439 -2.92758
v -2.50735 6.47723 -2.92758
v -0.80834 5.38439 -2.92758
v -2.50735 6.47723 -2.92758
v -2.08260 7.05785 -2.92758
v -1.65784 7.15036 -2.92758
v -0.80834 5.38439 -2.92758
v -2.50735 6.47723 -2.92758
v -0.80834 6.47723 -2.92758
v -1.65784 7.15036 -2.92758
v -1.23309 7.05785 -2.92758
v -0.80834 6.47723 -2.92758
v -0.66676 6.71838 -2.68180
v -0.80834 6.47723 -2.92758
v -1.23309 7.05785 -2.92758
v -2.67807 5.20694 -2.63638
v -2.67842 6.85373 -2.64141
v -2.50735 6.47723 -2.92758
v -2.67807 5.20694 -2.63638
v -2.50735 5.38439 -2.92758
v -0.80834 5.38439 -2.92758
v -1.65784 7.32780 -2.63638
v -1.65784 7.15036 -2.92758
v -2.08260 7.05785 -2.92758
v -2.67842 6.85373 -2.64141
v -2.16796 7.23530 -2.63638
v -2.08260 7.05785 -2.92758
v -1.65784 7.32780 -2.63638
v -1.14773 7.23530 -2.63638
v -1.23309 7.05785 -2.92758
v 0.12257 11.08299 -1.84833
v 0.12257 9.99702 -1.84833
v -4.81753 9.99702 -1.84833
v 0.12257 9.99702 -1.84833
v 0.12257 0.91970 -1.84833
v -4.81753 0.91970 -1.84833
v -4.81753 11.08299 -1.84833
v -4.81753 9.99702 -1.84833
v -4.81753 9.99702 2.81956
v -4.81753 9.99702 2.81956
v -4.81753 9.99702 -1.84833
v -4.81753 0.91970 -1.84833
v -4.81753 11.08299 2.81956
v -4.81753 9.99702 2.81956
v 0.12257 9.99702 2.81956
v -4.81753 9.99702 2.81956
v -4.81753 0.91970 2.81956
v 0.12257 0.91970 2.81956
v 0.12257 11.08299 -1.84833
v 0.12257 11.08299 2.81956
v 0.12257 9.99702 2.81956
v 0.12257 9.99702 2.81956
v 0.12257 0.91970 2.81956
v 0.12257 0.91970 -1.84833
v 4.90326 5.16029 -2.38242
v 5.00782 5.90378 -2.38242
v 5.00782 5.90378 3.37628
v 5.00782 5.90378 3.37628
v 4.36070 1.30232 3.37628
v 4.70966 4.04953 -2.38242
v 4.36070 1.30232 3.37628
v 4.36070 1.30232 -2.38242
v 4.48423 2.18072 -2.38242
v 4.48423 2.18072 -2.38242
v 4.70966 4.04953 -2.38242
v 4.36070 1.30232 3.37628
v 5.00782 5.90378 3.37628
v 4.65693 9.94466 3.37628
v -0.04935 9.78051 3.37628
v -0.04935 9.78051 3.37628
v -0.04935 0.48091 3.37628
v 5.00782 5.90378 3.37628
v -0.04935 0.48091 3.37628
v 2.03378 0.48091 3.37628
v 5.00782 5.90378 3.37628
v 2.03378 0.48091 3.37628
v 3.69803 0.48091 3.37628
v 4.36070 1.30232 3.37628
v -0.04935 0.48091 3.37628
v -0.04935 9.78051 3.37628
v -0.04935 5.16029 -2.38242
v -0.04935 9.78051 3.37628
v -0.04935 9.78051 -2.38242
v -0.04935 7.47732 -2.38242
v -0.04935 7.47732 -2.38242
v -0.04935 5.16029 -2.38242
v -0.04935 9.78051 3.37628
v 0.43803 9.79515 -2.38242
v 0.43803 7.32780 -2.38242
v -0.04935 7.47732 -2.38242
v -0.04935 9.78051 3.37628
v 4.65693 9.94466 3.37628
v 2.87767 9.79515 -2.38242
v 4.65693 9.94466 3.37628
v 4.65693 9.94466 -2.38242
v 2.87767 9.79515 -2.38242
v 2.87767 9.79515 -2.38242
v 0.43803 9.79515 -2.38242
v -0.04935 9.78051 3.37628
v 4.36070 1.30232 3.37628
v 3.69803 0.48091 3.37628
v 3.69803 0.48091 1.93661
v 3.69803 0.48091 0.49693
v 3.69803 0.48091 -0.94274
v 4.36070 1.30232 -2.38242
v 3.69803 0.48091 -0.94274
v 3.69803 0.48091 -2.38242
v 4.36070 1.30232 -2.38242
v 3.69803 0.48091 0.49693
v 4.36070 1.30232 -2.38242
v 4.36070 1.30232 3.37628
v 2.03378 0.48091 1.93661
v 2.03441 -0.12821 1.93661
v 2.03441 0.23461 3.37628
v 2.03378 0.48091 3.37628
v -0.04935 0.48091 3.37628
v 2.03378 0.48091 1.93661
v -0.04935 0.48091 3.37628
v -0.04935 0.48091 -2.38242
v 2.03378 0.48091 0.49693
v 2.03378 0.48091 1.93661
v -0.04935 0.48091 3.37628
v 2.03378 0.48091 0.49693
v -0.04935 0.48091 -2.38242
v 2.03378 0.48091 -2.38242
v 2.03378 0.48091 -0.94274
v 2.03441 0.23461 -2.38242
v 2.03441 -0.12821 -0.94274
v 2.03378 0.48091 -0.94274
v 3.69740 0.29782 -2.38242
v 2.03441 0.23461 -2.38242
v 2.03378 0.48091 -2.38242
v 3.69740 0.29782 3.37628
v 3.69740 -0.06500 1.93661
v 3.69803 0.48091 1.93661
v 2.03441 0.23461 -2.38242
v 3.69740 0.29782 -2.38242
v 3.69740 -0.06500 -0.94274
v 2.03441 -0.12821 0.49693
v 3.69740 -0.06500 0.49693
v 3.69740 -0.06500 1.93661
v 2.03441 0.23461 3.37628
v 2.03441 -0.12821 1.93661
v 3.69740 -0.06500 1.93661
v 2.03441 -0.12821 -0.94274
v 3.69740 -0.06500 -0.94274
v 3.69740 -0.06500 0.49693
v 3.69803 0.48091 -0.94274
v 3.69740 -0.06500 -0.94274
v 3.69740 0.29782 -2.38242
v 3.69740 -0.06500 0.49693
v 3.69740 -0.06500 -0.94274
v 3.69803 0.48091 -0.94274
v 3.69740 -0.06500 1.93661
v 3.69740 -0.06500 0.49693
v 3.69803 0.48091 0.49693
v 2.03378 0.48091 3.37628
v 2.03441 0.23461 3.37628
v 3.69740 0.29782 3.37628
v 2.03441 -0.12821 -0.94274
v 2.03441 -0.12821 0.49693
v 2.03378 0.48091 0.49693
v 2.03441 -0.12821 0.49693
v 2.03441 -0.12821 1.93661
v 2.03378 0.48091 1.93661
v 4.87119 7.47732 -2.38242
v 4.65693 9.94466 -2.38242
v 4.65693 9.94466 3.37628
v 4.65693 9.94466 3.37628
v 5.00782 5.90378 3.37628
v 4.87119 7.47732 -2.38242
v 1.88482 1.20190 -2.54756
v 1.88482 1.20190 -2.38242
v 2.03378 0.48091 -2.38242
v 2.03378 0.48091 -2.54756
v 3.69803 0.48091 -2.54756
v 3.69740 0.29782 -2.38242
v 1.88482 1.20190 -2.54756
v 3.06878 1.63418 -2.54756
v 3.06878 1.63418 -2.38242
v 3.06878 1.63418 -2.38242
v 3.06878 1.63418 -2.54756
v 3.69803 0.48091 -2.54756
v 3.06878 1.63418 -2.54756
v 1.88482 1.20190 -2.54756
v 2.03378 0.48091 -2.54756
v 2.03378 0.48091 -2.38242
v 1.88482 1.20190 -2.38242
v 3.06878 1.63418 -2.38242
v 4.81753 12.93036 2.81956
v 4.81753 11.08299 2.81956
v 4.81753 11.08299 -1.84833
v -0.12257 12.93036 2.81956
v -0.12257 11.08299 2.81956
v 4.81753 11.08299 2.81956
v -0.12257 12.93036 2.81956
v -0.12257 12.93036 -1.84833
v -0.12257 11.08299 -1.84833
v 4.81753 12.93036 -1.84833
v 4.81753 11.08299 -1.84833
v -0.12257 11.08299 -1.84833
v 4.81753 12.93036 -1.84833
v -0.12257 12.93036 -1.84833
v -0.12257 12.93036 2.81956
v -0.12257 0.91970 -1.84833
v 4.81753 0.91970 -1.84833
v 4.81753 0.91970 2.81956
v 4.90326 5.16029 -2.38242
v 4.70966 4.04953 -2.38242
v 4.35795 4.56322 -2.38242
v 4.90326 5.16029 -2.38242
v 4.35795 4.56322 -2.38242
v 3.81307 4.93070 -2.38242
v 2.87767 5.01078 -2.38242
v 4.90326 5.16029 -2.38242
v 3.81307 4.93070 -2.38242
v 2.87767 5.01078 -2.38242
v 3.81307 4.93070 -2.38242
v 0.42787 4.93070 -2.38242
v 0.43803 5.01078 -2.38242
v 2.87767 5.01078 -2.38242
v 0.42787 4.93070 -2.38242
v 0.42787 2.18072 -2.38242
v 4.48423 2.18072 -2.38242
v 2.03378 0.48091 -2.38242
v 4.48423 2.18072 -2.38242
v 4.36070 1.30232 -2.38242
v 2.03378 0.48091 -2.38242
v -0.04935 5.16029 -2.38242
v 0.43803 5.01078 -2.38242
v 0.42787 4.93070 -2.38242
v 4.36070 1.30232 -2.38242
v 3.69803 0.48091 -2.38242
v 2.03378 0.48091 -2.38242
v -0.04935 5.16029 -2.38242
v 0.42787 4.93070 -2.38242
v 0.42787 2.18072 -2.38242
v 2.03378 0.48091 -2.38242
v -0.04935 0.48091 -2.38242
v 0.42787 2.18072 -2.38242
v 0.66676 6.71838 -2.68180
v 1.19317 9.29276 -2.70933
v 1.14773 7.23530 -2.63638
v 1.19317 9.29276 -2.70933
v 2.36206 9.35946 -2.64868
v 1.65784 7.32780 -2.63638
v 1.14773 7.23530 -2.63638
v 1.19317 9.29276 -2.70933
v 1.65784 7.32780 -2.63638
v 2.36206 9.35946 -2.64868
v 2.67842 6.85373 -2.64141
v 2.16796 7.23530 -2.63638
v 3.00737 7.66062 -2.65996
v 3.26246 9.63553 -2.65996
v 3.44958 7.98502 -2.66434
v 3.26246 9.63553 -2.65996
v 4.31625 9.61012 -2.70284
v 3.87469 8.06564 -2.66434
v 3.44958 7.98502 -2.66434
v 3.26246 9.63553 -2.65996
v 3.87469 8.06564 -2.66434
v 4.31625 9.61012 -2.70284
v 4.67925 7.54257 -2.67901
v 4.29980 7.97889 -2.66434
v 0.43803 7.32780 -2.38242
v 0.43803 5.01078 -2.38242
v -0.04935 5.16029 -2.38242
v 0.80834 6.47723 -2.92758
v 0.80834 5.38439 -2.92758
v 0.63762 5.20694 -2.63638
v 4.22842 7.81965 -2.90678
v 4.57556 7.30638 -2.90678
v 3.88129 7.90585 -2.90678
v 4.57556 7.30638 -2.90678
v 4.69666 5.91177 -2.90678
v 3.18701 7.31640 -2.90678
v 4.69666 5.91177 -2.90678
v 4.63373 5.46431 -2.90678
v 3.18701 5.46431 -2.90678
v 3.18701 5.46431 -2.90678
v 3.18701 7.31640 -2.90678
v 4.69666 5.91177 -2.90678
v 3.18701 7.31640 -2.90678
v 3.53415 7.82466 -2.90678
v 3.88129 7.90585 -2.90678
v 1.19317 9.29276 -2.70933
v 0.43803 9.79515 -2.38242
v 2.87767 9.79515 -2.38242
v 2.87767 5.01078 -2.38242
v 0.43803 5.01078 -2.38242
v 0.63762 5.20694 -2.63638
v 0.43803 7.32780 -2.38242
v 0.43803 9.79515 -2.38242
v 1.19317 9.29276 -2.70933
v 2.36206 9.35946 -2.64868
v 2.87767 9.79515 -2.38242
v 2.87767 7.32780 -2.38242
v 0.43803 5.01078 -2.38242
v 0.43803 7.32780 -2.38242
v 0.66676 6.71838 -2.68180
v 2.67842 6.85373 -2.64141
v 2.87767 7.32780 -2.38242
v 2.87767 5.01078 -2.38242
v 4.87119 7.47732 -2.38242
v 5.00782 5.90378 -2.38242
v 4.86016 5.90757 -2.66434
v 5.00782 5.90378 -2.38242
v 4.90326 5.16029 -2.38242
v 4.77536 5.30457 -2.66434
v 4.77536 5.30457 -2.66434
v 4.90326 5.16029 -2.38242
v 2.87767 5.01078 -2.38242
v 3.26246 9.63553 -2.65996
v 2.87767 9.79515 -2.38242
v 4.65693 9.94466 -2.38242
v 3.00737 7.66062 -2.65996
v 2.87767 7.32780 -2.38242
v 2.87767 9.79515 -2.38242
v 4.31625 9.61012 -2.70284
v 4.65693 9.94466 -2.38242
v 4.87119 7.47732 -2.38242
v 3.02447 5.30457 -2.66434
v 2.87767 5.01078 -2.38242
v 2.87767 7.32780 -2.38242
v 4.22842 7.81965 -2.90678
v 4.29980 7.97889 -2.66434
v 4.67925 7.54257 -2.67901
v 4.57556 7.30638 -2.90678
v 4.67925 7.54257 -2.67901
v 4.86016 5.90757 -2.66434
v 4.86016 5.90757 -2.66434
v 4.77536 5.30457 -2.66434
v 4.63373 5.46431 -2.90678
v 4.77536 5.30457 -2.66434
v 3.02447 5.30457 -2.66434
v 3.18701 5.46431 -2.90678
v 3.02447 5.30457 -2.66434
v 3.00737 7.66062 -2.65996
v 3.18701 7.31640 -2.90678
v 3.53415 7.82466 -2.90678
v 3.44958 7.98502 -2.66434
v 3.87469 8.06564 -2.66434
v 3.00737 7.66062 -2.65996
v 3.44958 7.98502 -2.66434
v 3.53415 7.82466 -2.90678
v 3.88129 7.90585 -2.90678
v 3.87469 8.06564 -2.66434
v 4.29980 7.97889 -2.66434
v 2.08260 7.05785 -2.92758
v 2.50735 6.47723 -2.92758
v 1.65784 7.15036 -2.92758
v 2.50735 6.47723 -2.92758
v 2.50735 5.38439 -2.92758
v 0.80834 6.47723 -2.92758
v 1.65784 7.15036 -2.92758
v 2.50735 6.47723 -2.92758
v 0.80834 6.47723 -2.92758
v 2.50735 5.38439 -2.92758
v 0.80834 5.38439 -2.92758
v 0.80834 6.47723 -2.92758
v 1.23309 7.05785 -2.92758
v 0.80834 6.47723 -2.92758
v 0.66676 6.71838 -2.68180
v 2.67807 5.20694 -2.63638
v 2.50735 5.38439 -2.92758
v 2.50735 6.47723 -2.92758
v 0.80834 5.38439 -2.92758
v 2.50735 5.38439 -2.92758
v 2.67807 5.20694 -2.63638
v 2.08260 7.05785 -2.92758
v 1.65784 7.15036 -2.92758
v 1.65784 7.32780 -2.63638
v 2.67842 6.85373 -2.64141
v 2.50735 6.47723 -2.92758
v 2.08260 7.05785 -2.92758
v 1.65784 7.32780 -2.63638
v 1.65784 7.15036 -2.92758
v 1.23309 7.05785 -2.92758
v 4.81753 9.99702 -1.84833
v -0.12257 9.99702 -1.84833
v -0.12257 11.08299 -1.84833
v 4.81753 0.91970 -1.84833
v -0.12257 0.91970 -1.84833
v -0.12257 9.99702 -1.84833
v 4.81753 9.99702 2.81956
v 4.81753 9.99702 -1.84833
v 4.81753 11.08299 -1.84833
v 4.81753 9.99702 2.81956
v 4.81753 0.91970 2.81956
v 4.81753 0.91970 -1.84833
v -0.12257 9.99702 2.81956
v 4.81753 9.99702 2.81956
v 4.81753 11.08299 2.81956
v -0.12257 0.91970 2.81956
v 4.81753 0.91970 2.81956
v 4.81753 9.99702 2.81956
v -0.12257 9.99702 -1.84833
v -0.12257 9.99702 2.81956
v -0.12257 11.08299 2.81956
v -0.12257 0.91970 -1.84833
v -0.12257 0.91970 2.81956
v -0.12257 9.99702 2.81956
v 4.70966 4.04953 -2.38242
v 4.48423 2.18072 -2.38242
v 4.13805 2.48760 -2.79829
v 4.35795 4.56322 -2.38242
v 4.70966 4.04953 -2.38242
v 4.33341 3.87673 -2.79829
v 4.33341 3.87673 -2.79829
v 4.13805 2.48760 -2.79829
v 4.02861 4.32190 -2.79829
v 4.13805 2.48760 -2.79829
v 0.62276 2.48760 -2.79829
v 3.55641 4.64036 -2.79829
v 4.02861 4.32190 -2.79829
v 4.13805 2.48760 -2.79829
v 3.55641 4.64036 -2.79829
v 0.62276 2.48760 -2.79829
v -0.19907 2.48760 -2.79829
v -0.19908 3.80439 -2.79829
v -0.19908 3.80439 -2.79829
v 0.09650 4.32367 -2.79829
v 0.62276 2.48760 -2.79829
v 0.09650 4.32367 -2.79829
v 0.62276 4.64036 -2.79829
v 0.62276 2.48760 -2.79829
v 0.42787 4.93070 -2.38242
v 3.81307 4.93070 -2.38242
v 3.55641 4.64036 -2.79829
v -0.52046 3.70019 -2.38242
v -0.19908 3.80439 -2.79829
v -0.19907 2.48760 -2.79829
v -0.52046 2.18072 -2.38242
v 0.42787 2.18072 -2.38242
v -0.52046 3.70019 -2.38242
v 0.42787 2.18072 -2.38242
v 0.42787 4.93070 -2.38242
v -0.52046 3.70019 -2.38242
v -0.17939 4.56526 -2.38242
v 0.09650 4.32367 -2.79829
v -0.19908 3.80439 -2.79829
v 0.42787 2.18072 -2.38242
v -0.52046 2.18072 -2.38242
v -0.19907 2.48760 -2.79829
v -0.19907 2.48760 -2.79829
v 0.62276 2.48760 -2.79829
v 0.42787 2.18072 -2.38242
v 0.62276 2.48760 -2.79829
v 4.13805 2.48760 -2.79829
v 0.42787 2.18072 -2.38242
v 3.81307 4.93070 -2.38242
v 4.35795 4.56322 -2.38242
v 4.02861 4.32190 -2.79829
v 0.42787 4.93070 -2.38242
v 0.62276 4.64036 -2.79829
v 0.09650 4.32367 -2.79829
v -4.36070 1.30232 -2.38242
v -4.69864 3.70528 -2.38242
v -0.63309 3.49718 -2.38242
v -0.63309 3.49718 -2.38242
v -0.43803 5.01078 -2.38242
v 0.04935 5.16029 -2.38242
v 0.04935 0.48091 -2.38242
v -2.03378 0.48091 -2.38242
v -0.63309 3.49718 -2.38242
v -2.03378 0.48091 -2.38242
v -3.69803 0.48091 -2.38242
v -4.36070 1.30232 -2.38242
v -0.63309 3.49718 -2.38242
v -2.03378 0.48091 -2.38242
v -4.36070 1.30232 -2.38242
vt 0.09221 0.31230
vt 0.19708 0.35522
vt 0.09330 0.40212
vt 0.19720 0.42433
vt 0.19720 0.20404
vt 0.07947 0.29587
vt 0.20936 0.67529
vt 0.00825 0.67529
vt 0.00825 0.53574
vt 0.10822 0.34124
vt 0.12851 0.43945
vt 0.10822 0.43880
vt 0.18784 0.31434
vt 0.14320 0.31435
vt 0.19677 0.21361
vt 0.14693 0.41855
vt 0.12084 0.41855
vt 0.09330 0.40212
vt 0.16862 0.27107
vt 0.17597 0.22079
vt 0.18680 0.27107
vt 0.18720 0.36939
vt 0.18720 0.41967
vt 0.14174 0.41967
vt 0.16862 0.37163
vt 0.17597 0.42190
vt 0.16862 0.42190
vt 0.74496 0.83674
vt 0.68422 0.84343
vt 0.68419 0.83663
vt 0.15568 0.36953
vt 0.16248 0.41947
vt 0.15568 0.41944
vt 0.30272 0.47167
vt 0.19082 0.53522
vt 0.21760 0.47167
vt 0.30272 0.34458
vt 0.21760 0.40812
vt 0.21760 0.34458
vt 0.19082 0.28103
vt 0.30272 0.34458
vt 0.21760 0.34458
vt 0.30272 0.40812
vt 0.21760 0.47167
vt 0.21760 0.40812
vt 0.15568 0.26971
vt 0.16248 0.21983
vt 0.17597 0.26980
vt 0.15568 0.26971
vt 0.17597 0.31971
vt 0.15568 0.31962
vt 0.15568 0.31962
vt 0.17597 0.36962
vt 0.15568 0.36953
vt 0.19199 0.41894
vt 0.13120 0.41213
vt 0.19197 0.40978
vt 0.16862 0.32135
vt 0.18680 0.37163
vt 0.16862 0.37163
vt 0.16862 0.27107
vt 0.18680 0.32135
vt 0.16862 0.32135
vt 0.19701 0.28184
vt 0.09221 0.31230
vt 0.09337 0.23408
vt 0.14649 0.36460
vt 0.14105 0.38105
vt 0.14077 0.36445
vt 0.19490 0.53551
vt 0.27777 0.52537
vt 0.27812 0.53568
vt 0.21848 0.36117
vt 0.21272 0.36797
vt 0.21275 0.36117
vt 0.14649 0.36460
vt 0.14077 0.36445
vt 0.14677 0.35546
vt 0.14653 0.26586
vt 0.14077 0.24585
vt 0.14653 0.24585
vt 0.14077 0.29141
vt 0.14653 0.26586
vt 0.14653 0.29141
vt 0.28401 0.50830
vt 0.21110 0.56562
vt 0.18668 0.50830
vt 0.74496 0.83674
vt 0.69944 0.81619
vt 0.73849 0.82040
vt 0.33616 0.95603
vt 0.41579 0.98944
vt 0.33616 0.98980
vt 0.41384 0.79066
vt 0.32683 0.75755
vt 0.41384 0.75755
vt 0.80321 0.00825
vt 0.64019 0.06334
vt 0.64019 0.00825
vt 0.41645 0.79201
vt 0.32951 0.75879
vt 0.41645 0.75894
vt 0.30643 0.79769
vt 0.41996 0.92339
vt 0.30643 0.92338
vt 0.40970 0.81597
vt 0.31300 0.96221
vt 0.31300 0.81597
vt 0.25571 0.28785
vt 0.19526 0.26226
vt 0.30476 0.26589
vt 0.10369 0.68747
vt 0.13167 0.69158
vt 0.14234 0.59630
vt 0.21789 0.64717
vt 0.23533 0.64966
vt 0.23768 0.60129
vt 0.12851 0.33495
vt 0.10822 0.24310
vt 0.12851 0.23681
vt 0.06863 0.79225
vt 0.05498 0.72799
vt 0.07226 0.71036
vt 0.18479 0.76924
vt 0.25634 0.77244
vt 0.26062 0.75241
vt 0.12393 0.61108
vt 0.05449 0.59180
vt 0.15581 0.59196
vt 0.16214 0.79918
vt 0.04828 0.80213
vt 0.05848 0.79311
vt 0.12393 0.61108
vt 0.15581 0.68361
vt 0.14584 0.70669
vt 0.07548 0.60843
vt 0.05449 0.68345
vt 0.05449 0.59180
vt 0.04799 0.72589
vt 0.05084 0.78940
vt 0.04388 0.78182
vt 0.15473 0.72643
vt 0.15086 0.79528
vt 0.14336 0.70952
vt 0.25567 0.75125
vt 0.25812 0.69219
vt 0.24680 0.69138
vt 0.25812 0.77364
vt 0.26602 0.74993
vt 0.25567 0.75125
vt 0.26250 0.77948
vt 0.16739 0.78796
vt 0.26795 0.78570
vt 0.22946 0.61001
vt 0.18663 0.59934
vt 0.24173 0.60245
vt 0.18809 0.66764
vt 0.18443 0.60396
vt 0.18199 0.67720
vt 0.23483 0.61596
vt 0.25812 0.69219
vt 0.24574 0.60164
vt 0.18429 0.76163
vt 0.17945 0.69751
vt 0.17404 0.76640
vt 0.23578 0.68297
vt 0.24680 0.69138
vt 0.24368 0.67595
vt 0.23962 0.70124
vt 0.25567 0.75125
vt 0.24680 0.69138
vt 0.24844 0.76903
vt 0.25567 0.75125
vt 0.24662 0.75242
vt 0.18479 0.76924
vt 0.26250 0.77948
vt 0.25634 0.77244
vt 0.19715 0.70601
vt 0.18429 0.76163
vt 0.19282 0.76108
vt 0.20866 0.65312
vt 0.22512 0.66423
vt 0.20402 0.66323
vt 0.20810 0.66363
vt 0.18118 0.66937
vt 0.18961 0.68577
vt 0.22591 0.65394
vt 0.24608 0.66519
vt 0.22512 0.66423
vt 0.15734 0.73445
vt 0.05819 0.73427
vt 0.10777 0.69440
vt 0.16615 0.71954
vt 0.13255 0.69994
vt 0.13818 0.68868
vt 0.15989 0.78740
vt 0.16660 0.73962
vt 0.17014 0.78007
vt 0.05848 0.79311
vt 0.15339 0.79010
vt 0.16214 0.79918
vt 0.11017 0.70162
vt 0.13474 0.68539
vt 0.13986 0.70170
vt 0.04885 0.71119
vt 0.08298 0.69985
vt 0.05819 0.73427
vt 0.11017 0.70162
vt 0.08514 0.68522
vt 0.11004 0.68532
vt 0.29979 0.49103
vt 0.53230 0.54261
vt 0.53230 0.49062
vt 0.41645 0.81146
vt 0.32951 0.97381
vt 0.32951 0.81130
vt 0.38813 0.38963
vt 0.49859 0.36159
vt 0.49859 0.38913
vt 0.41579 0.93582
vt 0.33616 0.77022
vt 0.41579 0.76986
vt 0.50669 0.36149
vt 0.38018 0.38978
vt 0.38018 0.36149
vt 0.41384 0.81012
vt 0.32683 0.97280
vt 0.32683 0.81012
vt 0.37354 0.36187
vt 0.51377 0.38973
vt 0.37354 0.38973
vt 0.80321 0.09573
vt 0.64019 0.36645
vt 0.64019 0.09573
vt 0.19706 0.35369
vt 0.19674 0.32681
vt 0.09221 0.31230
vt 0.09454 0.40487
vt 0.07947 0.29587
vt 0.14871 0.42433
vt 0.00825 0.53574
vt 0.00825 0.67529
vt 0.20936 0.67529
vt 0.12851 0.43945
vt 0.10822 0.34124
vt 0.10822 0.43880
vt 0.18784 0.31434
vt 0.19677 0.31434
vt 0.19677 0.21361
vt 0.09330 0.40212
vt 0.12084 0.41855
vt 0.14693 0.41855
vt 0.16862 0.27107
vt 0.17597 0.22079
vt 0.16862 0.22079
vt 0.14174 0.41967
vt 0.18720 0.36939
vt 0.18720 0.31911
vt 0.17597 0.42190
vt 0.16862 0.37163
vt 0.16862 0.42190
vt 0.68422 0.84343
vt 0.74496 0.83674
vt 0.68419 0.83663
vt 0.16248 0.41947
vt 0.15568 0.36953
vt 0.15568 0.41944
vt 0.19082 0.53522
vt 0.30272 0.47167
vt 0.21760 0.47167
vt 0.21760 0.40812
vt 0.30272 0.34458
vt 0.21760 0.34458
vt 0.19082 0.28103
vt 0.30272 0.34458
vt 0.27594 0.28103
vt 0.21760 0.47167
vt 0.30272 0.40812
vt 0.21760 0.40812
vt 0.15568 0.26971
vt 0.16248 0.21983
vt 0.15568 0.21980
vt 0.17597 0.31971
vt 0.15568 0.26971
vt 0.15568 0.31962
vt 0.17597 0.36962
vt 0.15568 0.31962
vt 0.15568 0.36953
vt 0.19199 0.41894
vt 0.13120 0.41213
vt 0.13118 0.41894
vt 0.18680 0.37163
vt 0.16862 0.32135
vt 0.16862 0.37163
vt 0.18680 0.32135
vt 0.16862 0.27107
vt 0.16862 0.32135
vt 0.09221 0.31230
vt 0.19656 0.31230
vt 0.19701 0.28184
vt 0.14105 0.38105
vt 0.14649 0.36460
vt 0.14077 0.36445
vt 0.19490 0.53551
vt 0.27777 0.52537
vt 0.19461 0.52150
vt 0.21848 0.36117
vt 0.21275 0.36117
vt 0.21272 0.36797
vt 0.14649 0.36460
vt 0.14677 0.35546
vt 0.14077 0.36445
vt 0.14077 0.24585
vt 0.14653 0.26586
vt 0.14653 0.24585
vt 0.14653 0.26586
vt 0.14077 0.29141
vt 0.14653 0.29141
vt 0.21110 0.56562
vt 0.28401 0.50830
vt 0.18668 0.50830
vt 0.74496 0.83674
vt 0.69944 0.81619
vt 0.68419 0.83663
vt 0.41579 0.98944
vt 0.33616 0.95603
vt 0.33616 0.98980
vt 0.32683 0.75755
vt 0.41384 0.79066
vt 0.41384 0.75755
vt 0.80321 0.00825
vt 0.64019 0.06334
vt 0.80321 0.06334
vt 0.32951 0.75879
vt 0.41645 0.79201
vt 0.41645 0.75894
vt 0.41996 0.92339
vt 0.30643 0.79769
vt 0.30643 0.92338
vt 0.31300 0.96221
vt 0.40970 0.81597
vt 0.31300 0.81597
vt 0.17687 0.17020
vt 0.17687 0.31700
vt 0.18973 0.22356
vt 0.14234 0.59630
vt 0.13167 0.69158
vt 0.10369 0.68747
vt 0.23768 0.60129
vt 0.23533 0.64966
vt 0.21789 0.64717
vt 0.12851 0.33495
vt 0.10822 0.24310
vt 0.10822 0.34124
vt 0.05498 0.72799
vt 0.06863 0.79225
vt 0.07226 0.71036
vt 0.18961 0.68577
vt 0.22548 0.66074
vt 0.25826 0.68929
vt 0.12393 0.61108
vt 0.05449 0.59180
vt 0.07548 0.60843
vt 0.04828 0.80213
vt 0.16214 0.79918
vt 0.05848 0.79311
vt 0.15581 0.68361
vt 0.12393 0.61108
vt 0.14584 0.70669
vt 0.07548 0.60843
vt 0.05449 0.68345
vt 0.06235 0.70147
vt 0.05084 0.78940
vt 0.04799 0.72589
vt 0.04388 0.78182
vt 0.15473 0.72643
vt 0.15086 0.79528
vt 0.15989 0.78740
vt 0.25812 0.69219
vt 0.25567 0.75125
vt 0.24680 0.69138
vt 0.26602 0.74993
vt 0.25812 0.77364
vt 0.25567 0.75125
vt 0.26250 0.77948
vt 0.16739 0.78796
vt 0.17591 0.77560
vt 0.22946 0.61001
vt 0.18663 0.59934
vt 0.19681 0.60945
vt 0.18809 0.66764
vt 0.18443 0.60396
vt 0.20055 0.60898
vt 0.23483 0.61596
vt 0.25812 0.69219
vt 0.24680 0.69138
vt 0.18429 0.76163
vt 0.17945 0.69751
vt 0.18967 0.69120
vt 0.23578 0.68297
vt 0.24680 0.69138
vt 0.23962 0.70124
vt 0.23962 0.70124
vt 0.25567 0.75125
vt 0.24662 0.75242
vt 0.25567 0.75125
vt 0.24844 0.76903
vt 0.24662 0.75242
vt 0.26250 0.77948
vt 0.18479 0.76924
vt 0.25634 0.77244
vt 0.18429 0.76163
vt 0.19715 0.70601
vt 0.19282 0.76108
vt 0.20866 0.65312
vt 0.22512 0.66423
vt 0.22591 0.65394
vt 0.18118 0.66937
vt 0.20810 0.66363
vt 0.18961 0.68577
vt 0.22591 0.65394
vt 0.24608 0.66519
vt 0.24301 0.65472
vt 0.15734 0.73445
vt 0.13255 0.69994
vt 0.10777 0.69440
vt 0.13255 0.69994
vt 0.16615 0.71954
vt 0.13818 0.68868
vt 0.15989 0.78740
vt 0.16660 0.73962
vt 0.15473 0.72643
vt 0.15339 0.79010
vt 0.05848 0.79311
vt 0.16214 0.79918
vt 0.13474 0.68539
vt 0.11017 0.70162
vt 0.13986 0.70170
vt 0.04885 0.71119
vt 0.08298 0.69985
vt 0.07865 0.68858
vt 0.11017 0.70162
vt 0.08514 0.68522
vt 0.08028 0.70149
vt 0.53230 0.54261
vt 0.29979 0.49103
vt 0.53230 0.49062
vt 0.32951 0.97381
vt 0.41645 0.81146
vt 0.32951 0.81130
vt 0.49859 0.36159
vt 0.38813 0.38963
vt 0.49859 0.38913
vt 0.41579 0.93582
vt 0.33616 0.77022
vt 0.33616 0.93617
vt 0.38018 0.38978
vt 0.50669 0.36149
vt 0.38018 0.36149
vt 0.32683 0.97280
vt 0.41384 0.81012
vt 0.32683 0.81012
vt 0.37354 0.38973
vt 0.51377 0.36187
vt 0.37354 0.36187
vt 0.64019 0.36645
vt 0.80321 0.09573
vt 0.64019 0.09573
vt 0.22329 0.83286
vt 0.20179 0.88448
vt 0.20831 0.83876
vt 0.20863 0.81621
vt 0.20831 0.83876
vt 0.19561 0.82434
vt 0.05820 0.81595
vt 0.17629 0.81417
vt 0.06028 0.88662
vt 0.05007 0.80654
vt 0.17629 0.81417
vt 0.05820 0.81595
vt 0.01309 0.84751
vt 0.02720 0.88712
vt 0.01456 0.89739
vt 0.09614 0.33330
vt 0.09614 0.33330
vt 0.09614 0.33330
vt 0.02598 0.81890
vt 0.02592 0.84389
vt 0.01309 0.84751
vt 0.20179 0.88448
vt 0.21603 0.89435
vt 0.05274 0.89681
vt 0.18634 0.80448
vt 0.19561 0.82434
vt 0.17629 0.81417
vt 0.05007 0.80654
vt 0.03732 0.82667
vt 0.02598 0.81890
vt 0.19526 0.26487
vt 0.17687 0.31700
vt 0.17687 0.17020
vt 0.09221 0.31230
vt 0.19656 0.31230
vt 0.19674 0.32681
vt 0.19674 0.32681
vt 0.19708 0.35522
vt 0.09221 0.31230
vt 0.19708 0.35522
vt 0.19765 0.40212
vt 0.09330 0.40212
vt 0.19720 0.20404
vt 0.08764 0.20015
vt 0.07947 0.29587
vt 0.07947 0.29587
vt 0.09454 0.40487
vt 0.14871 0.42433
vt 0.09454 0.40487
vt 0.10996 0.42433
vt 0.14871 0.42433
vt 0.14871 0.42433
vt 0.19720 0.42433
vt 0.07947 0.29587
vt 0.00825 0.39795
vt 0.20936 0.39795
vt 0.00825 0.46664
vt 0.20936 0.39795
vt 0.20936 0.67529
vt 0.00825 0.53574
vt 0.00825 0.46664
vt 0.20936 0.39795
vt 0.00825 0.53574
vt 0.10822 0.34124
vt 0.12851 0.33495
vt 0.12851 0.43945
vt 0.11059 0.31434
vt 0.11059 0.21361
vt 0.14320 0.31435
vt 0.11059 0.21361
vt 0.19677 0.21361
vt 0.14320 0.31435
vt 0.19677 0.21361
vt 0.19677 0.31434
vt 0.18784 0.31434
vt 0.12084 0.41855
vt 0.09475 0.41855
vt 0.09330 0.40212
vt 0.09330 0.40212
vt 0.19765 0.40212
vt 0.14693 0.41855
vt 0.19765 0.40212
vt 0.19910 0.41855
vt 0.17302 0.41855
vt 0.17302 0.41855
vt 0.14693 0.41855
vt 0.19765 0.40212
vt 0.16862 0.27107
vt 0.16862 0.22079
vt 0.17597 0.22079
vt 0.14174 0.41967
vt 0.14174 0.21856
vt 0.18720 0.31911
vt 0.14174 0.21856
vt 0.18720 0.21856
vt 0.18720 0.26884
vt 0.18720 0.26884
vt 0.18720 0.31911
vt 0.14174 0.21856
vt 0.18720 0.31911
vt 0.18720 0.36939
vt 0.14174 0.41967
vt 0.16862 0.37163
vt 0.18680 0.37163
vt 0.17597 0.42190
vt 0.74496 0.83674
vt 0.74494 0.84589
vt 0.68422 0.84343
vt 0.15568 0.36953
vt 0.17597 0.36962
vt 0.16248 0.41947
vt 0.30272 0.47167
vt 0.27594 0.53522
vt 0.19082 0.53522
vt 0.30272 0.34458
vt 0.30272 0.40812
vt 0.21760 0.40812
vt 0.19082 0.28103
vt 0.27594 0.28103
vt 0.30272 0.34458
vt 0.30272 0.40812
vt 0.30272 0.47167
vt 0.21760 0.47167
vt 0.15568 0.26971
vt 0.15568 0.21980
vt 0.16248 0.21983
vt 0.15568 0.26971
vt 0.17597 0.26980
vt 0.17597 0.31971
vt 0.15568 0.31962
vt 0.17597 0.31971
vt 0.17597 0.36962
vt 0.19199 0.41894
vt 0.13118 0.41894
vt 0.13120 0.41213
vt 0.16862 0.32135
vt 0.18680 0.32135
vt 0.18680 0.37163
vt 0.16862 0.27107
vt 0.18680 0.27107
vt 0.18680 0.32135
vt 0.09337 0.23408
vt 0.19773 0.23408
vt 0.19701 0.28184
vt 0.19701 0.28184
vt 0.19656 0.31230
vt 0.09221 0.31230
vt 0.14649 0.36460
vt 0.14677 0.38119
vt 0.14105 0.38105
vt 0.19490 0.53551
vt 0.19461 0.52150
vt 0.27777 0.52537
vt 0.14653 0.26586
vt 0.14077 0.26586
vt 0.14077 0.24585
vt 0.14077 0.29141
vt 0.14077 0.26586
vt 0.14653 0.26586
vt 0.28401 0.50830
vt 0.27365 0.55403
vt 0.21110 0.56562
vt 0.74496 0.83674
vt 0.68419 0.83663
vt 0.69944 0.81619
vt 0.33616 0.95603
vt 0.41579 0.95567
vt 0.41579 0.98944
vt 0.41384 0.79066
vt 0.32683 0.79066
vt 0.32683 0.75755
vt 0.80321 0.00825
vt 0.80321 0.06334
vt 0.64019 0.06334
vt 0.41645 0.79201
vt 0.32951 0.79186
vt 0.32951 0.75879
vt 0.30643 0.79769
vt 0.41996 0.79770
vt 0.41996 0.92339
vt 0.40970 0.81597
vt 0.40970 0.96221
vt 0.31300 0.96221
vt 0.30476 0.26589
vt 0.31027 0.29043
vt 0.25571 0.28785
vt 0.25571 0.28785
vt 0.19000 0.28778
vt 0.19526 0.26226
vt 0.14234 0.59630
vt 0.07835 0.59950
vt 0.10369 0.68747
vt 0.07835 0.59950
vt 0.04943 0.71498
vt 0.07571 0.69166
vt 0.07835 0.59950
vt 0.07571 0.69166
vt 0.10369 0.68747
vt 0.13167 0.69158
vt 0.15967 0.70867
vt 0.14234 0.59630
vt 0.23768 0.60129
vt 0.19420 0.60068
vt 0.21789 0.64717
vt 0.19420 0.60068
vt 0.18174 0.65934
vt 0.20029 0.64964
vt 0.19420 0.60068
vt 0.20029 0.64964
vt 0.21789 0.64717
vt 0.23533 0.64966
vt 0.25056 0.66256
vt 0.23768 0.60129
vt 0.12851 0.33495
vt 0.10822 0.34124
vt 0.10822 0.24310
vt 0.06863 0.79225
vt 0.05017 0.78787
vt 0.05498 0.72799
vt 0.26062 0.75241
vt 0.25826 0.68929
vt 0.18961 0.68577
vt 0.25826 0.68929
vt 0.24242 0.66539
vt 0.22548 0.66074
vt 0.18961 0.68577
vt 0.22548 0.66074
vt 0.20810 0.66363
vt 0.25826 0.68929
vt 0.22548 0.66074
vt 0.18961 0.68577
vt 0.18961 0.68577
vt 0.18479 0.76924
vt 0.26062 0.75241
vt 0.12393 0.61108
vt 0.07548 0.60843
vt 0.05449 0.59180
vt 0.16214 0.79918
vt 0.17222 0.80939
vt 0.04828 0.80213
vt 0.12393 0.61108
vt 0.15581 0.59196
vt 0.15581 0.68361
vt 0.07548 0.60843
vt 0.06235 0.70147
vt 0.05449 0.68345
vt 0.04799 0.72589
vt 0.05888 0.70372
vt 0.05084 0.78940
vt 0.15473 0.72643
vt 0.15989 0.78740
vt 0.15086 0.79528
vt 0.25567 0.75125
vt 0.26602 0.74993
vt 0.25812 0.69219
vt 0.25812 0.77364
vt 0.26904 0.77753
vt 0.26602 0.74993
vt 0.26250 0.77948
vt 0.17591 0.77560
vt 0.16739 0.78796
vt 0.22946 0.61001
vt 0.19681 0.60945
vt 0.18663 0.59934
vt 0.18809 0.66764
vt 0.20055 0.60898
vt 0.18443 0.60396
vt 0.23483 0.61596
vt 0.24680 0.69138
vt 0.25812 0.69219
vt 0.18429 0.76163
vt 0.18967 0.69120
vt 0.17945 0.69751
vt 0.23578 0.68297
vt 0.23962 0.70124
vt 0.24680 0.69138
vt 0.23962 0.70124
vt 0.24662 0.75242
vt 0.25567 0.75125
vt 0.24844 0.76903
vt 0.25812 0.77364
vt 0.25567 0.75125
vt 0.18479 0.76924
vt 0.17591 0.77560
vt 0.26250 0.77948
vt 0.19715 0.70601
vt 0.18967 0.69120
vt 0.18429 0.76163
vt 0.20866 0.65312
vt 0.22591 0.65394
vt 0.22512 0.66423
vt 0.20810 0.66363
vt 0.20391 0.65573
vt 0.18118 0.66937
vt 0.22591 0.65394
vt 0.24301 0.65472
vt 0.24608 0.66519
vt 0.05819 0.79915
vt 0.05819 0.73427
vt 0.15734 0.79932
vt 0.05819 0.73427
vt 0.08298 0.69985
vt 0.10777 0.69440
vt 0.15734 0.79932
vt 0.05819 0.73427
vt 0.15734 0.73445
vt 0.10777 0.69440
vt 0.13255 0.69994
vt 0.15734 0.73445
vt 0.16615 0.71954
vt 0.15734 0.73445
vt 0.13255 0.69994
vt 0.15989 0.78740
vt 0.15473 0.72643
vt 0.16660 0.73962
vt 0.05848 0.79311
vt 0.06707 0.78505
vt 0.15339 0.79010
vt 0.11017 0.70162
vt 0.11004 0.68532
vt 0.13474 0.68539
vt 0.04885 0.71119
vt 0.07865 0.68858
vt 0.08298 0.69985
vt 0.11017 0.70162
vt 0.08028 0.70149
vt 0.08514 0.68522
vt 0.29979 0.49103
vt 0.29979 0.54303
vt 0.53230 0.54261
vt 0.41645 0.81146
vt 0.41645 0.97397
vt 0.32951 0.97381
vt 0.38813 0.38963
vt 0.38813 0.36209
vt 0.49859 0.36159
vt 0.41579 0.93582
vt 0.33616 0.93617
vt 0.33616 0.77022
vt 0.50669 0.36149
vt 0.50669 0.38978
vt 0.38018 0.38978
vt 0.41384 0.81012
vt 0.41384 0.97280
vt 0.32683 0.97280
vt 0.37354 0.36187
vt 0.51377 0.36187
vt 0.51377 0.38973
vt 0.80321 0.09573
vt 0.80321 0.36645
vt 0.64019 0.36645
vt 0.19674 0.32681
vt 0.19656 0.31230
vt 0.09221 0.31230
vt 0.09221 0.31230
vt 0.09330 0.40212
vt 0.19706 0.35369
vt 0.09330 0.40212
vt 0.19765 0.40212
vt 0.19744 0.38498
vt 0.19744 0.38498
vt 0.19706 0.35369
vt 0.09330 0.40212
vt 0.07947 0.29587
vt 0.08764 0.20015
vt 0.19720 0.20404
vt 0.19720 0.20404
vt 0.19720 0.42433
vt 0.07947 0.29587
vt 0.19720 0.42433
vt 0.14871 0.42433
vt 0.07947 0.29587
vt 0.14871 0.42433
vt 0.10996 0.42433
vt 0.09454 0.40487
vt 0.20936 0.67529
vt 0.20936 0.39795
vt 0.00825 0.53574
vt 0.20936 0.39795
vt 0.00825 0.39795
vt 0.00825 0.46664
vt 0.00825 0.46664
vt 0.00825 0.53574
vt 0.20936 0.39795
vt 0.12851 0.43945
vt 0.12851 0.33495
vt 0.10822 0.34124
vt 0.19677 0.21361
vt 0.11059 0.21361
vt 0.14320 0.31435
vt 0.11059 0.21361
vt 0.11059 0.31434
vt 0.14320 0.31435
vt 0.14320 0.31435
vt 0.18784 0.31434
vt 0.19677 0.21361
vt 0.09330 0.40212
vt 0.09475 0.41855
vt 0.12084 0.41855
vt 0.14693 0.41855
vt 0.17302 0.41855
vt 0.19765 0.40212
vt 0.17302 0.41855
vt 0.19910 0.41855
vt 0.19765 0.40212
vt 0.14693 0.41855
vt 0.19765 0.40212
vt 0.09330 0.40212
vt 0.16862 0.27107
vt 0.18680 0.27107
vt 0.17597 0.22079
vt 0.18720 0.21856
vt 0.14174 0.21856
vt 0.18720 0.26884
vt 0.14174 0.21856
vt 0.14174 0.41967
vt 0.18720 0.31911
vt 0.18720 0.26884
vt 0.14174 0.21856
vt 0.18720 0.31911
vt 0.14174 0.41967
vt 0.18720 0.41967
vt 0.18720 0.36939
vt 0.17597 0.42190
vt 0.18680 0.37163
vt 0.16862 0.37163
vt 0.68422 0.84343
vt 0.74494 0.84589
vt 0.74496 0.83674
vt 0.16248 0.41947
vt 0.17597 0.36962
vt 0.15568 0.36953
vt 0.19082 0.53522
vt 0.27594 0.53522
vt 0.30272 0.47167
vt 0.21760 0.40812
vt 0.30272 0.40812
vt 0.30272 0.34458
vt 0.19082 0.28103
vt 0.21760 0.34458
vt 0.30272 0.34458
vt 0.21760 0.47167
vt 0.30272 0.47167
vt 0.30272 0.40812
vt 0.15568 0.26971
vt 0.17597 0.26980
vt 0.16248 0.21983
vt 0.17597 0.31971
vt 0.17597 0.26980
vt 0.15568 0.26971
vt 0.17597 0.36962
vt 0.17597 0.31971
vt 0.15568 0.31962
vt 0.19199 0.41894
vt 0.19197 0.40978
vt 0.13120 0.41213
vt 0.18680 0.37163
vt 0.18680 0.32135
vt 0.16862 0.32135
vt 0.18680 0.32135
vt 0.18680 0.27107
vt 0.16862 0.27107
vt 0.19701 0.28184
vt 0.19773 0.23408
vt 0.09337 0.23408
vt 0.09337 0.23408
vt 0.09221 0.31230
vt 0.19701 0.28184
vt 0.14105 0.38105
vt 0.14677 0.38119
vt 0.14649 0.36460
vt 0.19490 0.53551
vt 0.27812 0.53568
vt 0.27777 0.52537
vt 0.14077 0.24585
vt 0.14077 0.26586
vt 0.14653 0.26586
vt 0.14653 0.26586
vt 0.14077 0.26586
vt 0.14077 0.29141
vt 0.21110 0.56562
vt 0.27365 0.55403
vt 0.28401 0.50830
vt 0.74496 0.83674
vt 0.73849 0.82040
vt 0.69944 0.81619
vt 0.41579 0.98944
vt 0.41579 0.95567
vt 0.33616 0.95603
vt 0.32683 0.75755
vt 0.32683 0.79066
vt 0.41384 0.79066
vt 0.80321 0.00825
vt 0.64019 0.00825
vt 0.64019 0.06334
vt 0.32951 0.75879
vt 0.32951 0.79186
vt 0.41645 0.79201
vt 0.41996 0.92339
vt 0.41996 0.79770
vt 0.30643 0.79769
vt 0.31300 0.96221
vt 0.40970 0.96221
vt 0.40970 0.81597
vt 0.31027 0.31728
vt 0.30506 0.27408
vt 0.29298 0.28788
vt 0.31027 0.31728
vt 0.29298 0.28788
vt 0.28091 0.30167
vt 0.25571 0.31248
vt 0.31027 0.31728
vt 0.28091 0.30167
vt 0.25571 0.31248
vt 0.28091 0.30167
vt 0.18973 0.30149
vt 0.19000 0.31234
vt 0.25571 0.31248
vt 0.18973 0.30149
vt 0.18973 0.22356
vt 0.29899 0.22378
vt 0.23298 0.17032
vt 0.29899 0.22378
vt 0.29566 0.19621
vt 0.23298 0.17032
vt 0.17687 0.31700
vt 0.19000 0.31234
vt 0.18973 0.30149
vt 0.29566 0.19621
vt 0.27781 0.17041
vt 0.23298 0.17032
vt 0.17687 0.31700
vt 0.18973 0.30149
vt 0.18973 0.22356
vt 0.23298 0.17032
vt 0.17687 0.17020
vt 0.18973 0.22356
vt 0.04943 0.71498
vt 0.07835 0.59950
vt 0.07571 0.69166
vt 0.07835 0.59950
vt 0.14234 0.59630
vt 0.10369 0.68747
vt 0.07571 0.69166
vt 0.07835 0.59950
vt 0.10369 0.68747
vt 0.14234 0.59630
vt 0.15967 0.70867
vt 0.13167 0.69158
vt 0.18174 0.65934
vt 0.19420 0.60068
vt 0.20029 0.64964
vt 0.19420 0.60068
vt 0.23768 0.60129
vt 0.21789 0.64717
vt 0.20029 0.64964
vt 0.19420 0.60068
vt 0.21789 0.64717
vt 0.23768 0.60129
vt 0.25056 0.66256
vt 0.23533 0.64966
vt 0.12851 0.33495
vt 0.12851 0.23681
vt 0.10822 0.24310
vt 0.05498 0.72799
vt 0.05017 0.78787
vt 0.06863 0.79225
vt 0.24242 0.66539
vt 0.25826 0.68929
vt 0.22548 0.66074
vt 0.25826 0.68929
vt 0.26062 0.75241
vt 0.18961 0.68577
vt 0.26062 0.75241
vt 0.25634 0.77244
vt 0.18479 0.76924
vt 0.18479 0.76924
vt 0.18961 0.68577
vt 0.26062 0.75241
vt 0.18961 0.68577
vt 0.20810 0.66363
vt 0.22548 0.66074
vt 0.12393 0.61108
vt 0.15581 0.59196
vt 0.05449 0.59180
vt 0.04828 0.80213
vt 0.17222 0.80939
vt 0.16214 0.79918
vt 0.15581 0.68361
vt 0.15581 0.59196
vt 0.12393 0.61108
vt 0.07548 0.60843
vt 0.05449 0.59180
vt 0.05449 0.68345
vt 0.05084 0.78940
vt 0.05888 0.70372
vt 0.04799 0.72589
vt 0.15473 0.72643
vt 0.14336 0.70952
vt 0.15086 0.79528
vt 0.25812 0.69219
vt 0.26602 0.74993
vt 0.25567 0.75125
vt 0.26602 0.74993
vt 0.26904 0.77753
vt 0.25812 0.77364
vt 0.26250 0.77948
vt 0.26795 0.78570
vt 0.16739 0.78796
vt 0.22946 0.61001
vt 0.24173 0.60245
vt 0.18663 0.59934
vt 0.18809 0.66764
vt 0.18199 0.67720
vt 0.18443 0.60396
vt 0.23483 0.61596
vt 0.24574 0.60164
vt 0.25812 0.69219
vt 0.18429 0.76163
vt 0.17404 0.76640
vt 0.17945 0.69751
vt 0.23578 0.68297
vt 0.24368 0.67595
vt 0.24680 0.69138
vt 0.23962 0.70124
vt 0.24680 0.69138
vt 0.25567 0.75125
vt 0.25567 0.75125
vt 0.25812 0.77364
vt 0.24844 0.76903
vt 0.26250 0.77948
vt 0.17591 0.77560
vt 0.18479 0.76924
vt 0.18429 0.76163
vt 0.18967 0.69120
vt 0.19715 0.70601
vt 0.20866 0.65312
vt 0.20402 0.66323
vt 0.22512 0.66423
vt 0.18118 0.66937
vt 0.20391 0.65573
vt 0.20810 0.66363
vt 0.22591 0.65394
vt 0.22512 0.66423
vt 0.24608 0.66519
vt 0.08298 0.69985
vt 0.05819 0.73427
vt 0.10777 0.69440
vt 0.05819 0.73427
vt 0.05819 0.79915
vt 0.15734 0.73445
vt 0.10777 0.69440
vt 0.05819 0.73427
vt 0.15734 0.73445
vt 0.05819 0.79915
vt 0.15734 0.79932
vt 0.15734 0.73445
vt 0.13255 0.69994
vt 0.15734 0.73445
vt 0.16615 0.71954
vt 0.15989 0.78740
vt 0.17014 0.78007
vt 0.16660 0.73962
vt 0.15339 0.79010
vt 0.06707 0.78505
vt 0.05848 0.79311
vt 0.13474 0.68539
vt 0.11004 0.68532
vt 0.11017 0.70162
vt 0.04885 0.71119
vt 0.05819 0.73427
vt 0.08298 0.69985
vt 0.11017 0.70162
vt 0.11004 0.68532
vt 0.08514 0.68522
vt 0.53230 0.54261
vt 0.29979 0.54303
vt 0.29979 0.49103
vt 0.32951 0.97381
vt 0.41645 0.97397
vt 0.41645 0.81146
vt 0.49859 0.36159
vt 0.38813 0.36209
vt 0.38813 0.38963
vt 0.41579 0.93582
vt 0.41579 0.76986
vt 0.33616 0.77022
vt 0.38018 0.38978
vt 0.50669 0.38978
vt 0.50669 0.36149
vt 0.32683 0.97280
vt 0.41384 0.97280
vt 0.41384 0.81012
vt 0.37354 0.38973
vt 0.51377 0.38973
vt 0.51377 0.36187
vt 0.64019 0.36645
vt 0.80321 0.36645
vt 0.80321 0.09573
vt 0.22329 0.83286
vt 0.21603 0.89435
vt 0.20179 0.88448
vt 0.20863 0.81621
vt 0.22329 0.83286
vt 0.20831 0.83876
vt 0.20831 0.83876
vt 0.20179 0.88448
vt 0.19561 0.82434
vt 0.20179 0.88448
vt 0.06028 0.88662
vt 0.17629 0.81417
vt 0.19561 0.82434
vt 0.20179 0.88448
vt 0.17629 0.81417
vt 0.06028 0.88662
vt 0.02720 0.88712
vt 0.02592 0.84389
vt 0.02592 0.84389
vt 0.03732 0.82667
vt 0.06028 0.88662
vt 0.03732 0.82667
vt 0.05820 0.81595
vt 0.06028 0.88662
vt 0.05007 0.80654
vt 0.18634 0.80448
vt 0.17629 0.81417
vt 0.01309 0.84751
vt 0.02592 0.84389
vt 0.02720 0.88712
vt 0.09614 0.23616
vt 0.09614 0.23616
vt 0.09614 0.33330
vt 0.09614 0.23616
vt 0.09614 0.33330
vt 0.09614 0.33330
vt 0.02598 0.81890
vt 0.03732 0.82667
vt 0.02592 0.84389
vt 0.05274 0.89681
vt 0.01456 0.89739
vt 0.02720 0.88712
vt 0.02720 0.88712
vt 0.06028 0.88662
vt 0.05274 0.89681
vt 0.06028 0.88662
vt 0.20179 0.88448
vt 0.05274 0.89681
vt 0.18634 0.80448
vt 0.20863 0.81621
vt 0.19561 0.82434
vt 0.05007 0.80654
vt 0.05820 0.81595
vt 0.03732 0.82667
vt 0.29566 0.19621
vt 0.30476 0.27162
vt 0.19526 0.26487
vt 0.19526 0.26487
vt 0.19000 0.31234
vt 0.17687 0.31700
vt 0.17687 0.17020
vt 0.23298 0.17032
vt 0.19526 0.26487
vt 0.23298 0.17032
vt 0.27781 0.17041
vt 0.29566 0.19621
vt 0.19526 0.26487
vt 0.23298 0.17032
vt 0.29566 0.19621
vn -0.99059 -0.13690 0.00000
vn -0.99059 -0.13690 0.00000
vn -0.99059 -0.13690 0.00000
vn -0.00000 -0.00000 1.00000
vn -0.00000 -0.00000 1.00000
vn -0.00000 -0.00000 1.00000
vn 1.00000 -0.00000 -0.00000
vn 1.00000 -0.00000 -0.00000
vn 1.00000 -0.00000 -0.00000
vn 0.00000 -0.00000 -1.00000
vn 0.00000 -0.00000 -1.00000
vn 0.00000 -0.00000 -1.00000
vn 0.00000 1.00000 0.00270
vn 0.00000 1.00000 0.00270
vn 0.00000 1.00000 0.00270
vn -0.78358 -0.62129 -0.00000
vn -0.78358 -0.62129 -0.00000
vn -0.78358 -0.62129 -0.00000
vn 1.00000 -0.00100 0.00030
vn 1.00000 -0.00100 0.00030
vn 1.00000 -0.00100 0.00030
vn 0.00000 -1.00000 0.00000
vn 0.00000 -1.00000 0.00000
vn 0.00000 -1.00000 0.00000
vn 1.00000 -0.00250 -0.00000
vn 1.00000 -0.00250 -0.00000
vn 1.00000 -0.00250 -0.00000
vn 0.00000 -0.00000 -1.00000
vn 0.00000 -0.00000 -1.00000
vn 0.00000 -0.00000 -1.00000
vn -0.99999 -0.00330 -0.00000
vn -0.99999 -0.00330 -0.00000
vn -0.99999 -0.00330 -0.00000
vn -0.03730 -0.96516 -0.25899
vn -0.03730 -0.96516 -0.25899
vn -0.03730 -0.96516 -0.25899
vn -0.03860 -0.99925 -0.00000
vn -0.03860 -0.99925 -0.00000
vn -0.03860 -0.99925 -0.00000
vn -0.03730 -0.96516 0.25899
vn -0.03730 -0.96516 0.25899
vn -0.03730 -0.96516 0.25899
vn -0.03860 -0.99925 -0.00000
vn -0.03860 -0.99925 -0.00000
vn -0.03860 -0.99925 -0.00000
vn -1.00000 -0.00110 -0.00030
vn -1.00000 -0.00110 -0.00030
vn -1.00000 -0.00110 -0.00030
vn -1.00000 -0.00110 -0.00000
vn -1.00000 -0.00110 -0.00000
vn -1.00000 -0.00110 -0.00000
vn -1.00000 -0.00110 -0.00000
vn -1.00000 -0.00110 -0.00000
vn -1.00000 -0.00110 -0.00000
vn -0.00000 -0.00000 1.00000
vn -0.00000 -0.00000 1.00000
vn -0.00000 -0.00000 1.00000
vn 1.00000 -0.00100 -0.00000
vn 1.00000 -0.00100 -0.00000
vn 1.00000 -0.00100 -0.00000
vn 1.00000 -0.00100 -0.00000
vn 1.00000 -0.00100 -0.00000
vn 1.00000 -0.00100 -0.00000
vn -0.99638 0.08500 0.00000
vn -0.99638 0.08500 0.00000
vn -0.99638 0.08500 0.00000
vn -0.98000 0.19900 -0.00000
vn -0.98000 0.19900 -0.00000
vn -0.98000 0.19900 -0.00000
vn 0.00000 -0.64640 -0.76300
vn 0.00000 -0.64640 -0.76300
vn 0.00000 -0.64640 -0.76300
vn -0.99999 -0.00330 -0.00000
vn -0.99999 -0.00330 -0.00000
vn -0.99999 -0.00330 -0.00000
vn -1.00000 0.00250 -0.00000
vn -1.00000 0.00250 -0.00000
vn -1.00000 0.00250 -0.00000
vn -0.34829 -0.93739 -0.00000
vn -0.34829 -0.93739 -0.00000
vn -0.34829 -0.93739 -0.00000
vn 0.88128 -0.47259 -0.00000
vn 0.88128 -0.47259 -0.00000
vn 0.88128 -0.47259 -0.00000
vn -0.00000 -0.00000 1.00000
vn -0.00000 -0.00000 1.00000
vn -0.00000 -0.00000 1.00000
vn 0.00000 -0.00000 -1.00000
vn 0.00000 -0.00000 -1.00000
vn 0.00000 -0.00000 -1.00000
vn -1.00000 -0.00000 -0.00000
vn -1.00000 -0.00000 -0.00000
vn -1.00000 -0.00000 -0.00000
vn -0.00000 -0.00000 1.00000
vn -0.00000 -0.00000 1.00000
vn -0.00000 -0.00000 1.00000
vn 1.00000 -0.00000 -0.00000
vn 1.00000 -0.00000 -0.00000
vn 1.00000 -0.00000 -0.00000
vn 0.00000 -0.00000 -1.00000
vn 0.00000 -0.00000 -1.00000
vn 0.00000 -0.00000 -1.00000
vn 0.00000 1.00000 -0.00000
vn 0.00000 1.00000 -0.00000
vn 0.00000 1.00000 -0.00000
vn 0.00000 -1.00000 0.00000
vn 0.00000 -1.00000 0.00000
vn 0.00000 -1.00000 0.00000
vn 0.00000 -0.00000 -1.00000
vn 0.00000 -0.00000 -1.00000
vn 0.00000 -0.00000 -1.00000
vn 0.00100 -0.00540 -0.99998
vn 0.00100 -0.00540 -0.99998
vn 0.00100 -0.00540 -0.99998
vn 0.00460 -0.02210 -0.99975
vn 0.00460 -0.02210 -0.99975
vn 0.00460 -0.02210 -0.99975
vn 0.00000 -0.00000 -1.00000
vn 0.00000 -0.00000 -1.00000
vn 0.00000 -0.00000 -1.00000
vn 0.85573 0.00160 -0.51742
vn 0.85573 0.00160 -0.51742
vn 0.85573 0.00160 -0.51742
vn 0.00000 -0.00000 -1.00000
vn 0.00000 -0.00000 -1.00000
vn 0.00000 -0.00000 -1.00000
vn 0.00000 0.52152 -0.85324
vn 0.00000 0.52152 -0.85324
vn 0.00000 0.52152 -0.85324
vn -0.00000 -0.77237 -0.63517
vn -0.00000 -0.77237 -0.63517
vn -0.00000 -0.77237 -0.63517
vn 0.63293 0.11951 -0.76493
vn 0.63293 0.11951 -0.76493
vn 0.63293 0.11951 -0.76493
vn -0.44261 -0.00000 -0.89672
vn -0.44261 -0.00000 -0.89672
vn -0.44261 -0.00000 -0.89672
vn 0.77101 -0.00340 -0.63681
vn 0.77101 -0.00340 -0.63681
vn 0.77101 -0.00340 -0.63681
vn -0.77901 -0.00000 -0.62701
vn -0.77901 -0.00000 -0.62701
vn -0.77901 -0.00000 -0.62701
vn -0.83420 0.08610 -0.54470
vn -0.83420 0.08610 -0.54470
vn -0.83420 0.08610 -0.54470
vn -0.86988 -0.12020 -0.47839
vn -0.86988 -0.12020 -0.47839
vn -0.86988 -0.12020 -0.47839
vn -0.06480 -0.86301 -0.50101
vn -0.06480 -0.86301 -0.50101
vn -0.06480 -0.86301 -0.50101
vn 0.06870 0.80338 -0.59149
vn 0.06870 0.80338 -0.59149
vn 0.06870 0.80338 -0.59149
vn 0.89835 -0.00000 -0.43928
vn 0.89835 -0.00000 -0.43928
vn 0.89835 -0.00000 -0.43928
vn -0.63691 0.05440 -0.76901
vn -0.63691 0.05440 -0.76901
vn -0.63691 0.05440 -0.76901
vn 0.87813 -0.00000 -0.47842
vn 0.87813 -0.00000 -0.47842
vn 0.87813 -0.00000 -0.47842
vn -0.61559 0.54409 -0.57009
vn -0.61559 0.54409 -0.57009
vn -0.61559 0.54409 -0.57009
vn -0.85751 0.08900 -0.50671
vn -0.85751 0.08900 -0.50671
vn -0.85751 0.08900 -0.50671
vn -0.81096 -0.11209 -0.57427
vn -0.81096 -0.11209 -0.57427
vn -0.81096 -0.11209 -0.57427
vn -0.00000 -0.81866 -0.57427
vn -0.00000 -0.81866 -0.57427
vn -0.00000 -0.81866 -0.57427
vn 0.81866 -0.00000 -0.57427
vn 0.81866 -0.00000 -0.57427
vn 0.81866 -0.00000 -0.57427
vn 0.15080 0.78150 -0.60540
vn 0.15080 0.78150 -0.60540
vn 0.15080 0.78150 -0.60540
vn 0.46920 0.31500 -0.82500
vn 0.46920 0.31500 -0.82500
vn 0.46920 0.31500 -0.82500
vn -0.16800 0.80920 -0.56300
vn -0.16800 0.80920 -0.56300
vn -0.16800 0.80920 -0.56300
vn 0.00000 -0.00000 -1.00000
vn 0.00000 -0.00000 -1.00000
vn 0.00000 -0.00000 -1.00000
vn 0.58821 0.58411 -0.55931
vn 0.58821 0.58411 -0.55931
vn 0.58821 0.58411 -0.55931
vn -0.85240 -0.00000 -0.52290
vn -0.85240 -0.00000 -0.52290
vn -0.85240 -0.00000 -0.52290
vn 0.00000 -0.83894 -0.54423
vn 0.00000 -0.83894 -0.54423
vn 0.00000 -0.83894 -0.54423
vn -0.14911 0.80805 -0.56993
vn -0.14911 0.80805 -0.56993
vn -0.14911 0.80805 -0.56993
vn -0.48899 0.35160 -0.79829
vn -0.48899 0.35160 -0.79829
vn -0.48899 0.35160 -0.79829
vn 0.18280 0.82478 -0.53509
vn 0.18280 0.82478 -0.53509
vn 0.18280 0.82478 -0.53509
vn 0.00000 -0.00000 -1.00000
vn 0.00000 -0.00000 -1.00000
vn 0.00000 -0.00000 -1.00000
vn 0.00000 -0.00000 -1.00000
vn 0.00000 -0.00000 -1.00000
vn 0.00000 -0.00000 -1.00000
vn -1.00000 -0.00000 -0.00000
vn -1.00000 -0.00000 -0.00000
vn -1.00000 -0.00000 -0.00000
vn -1.00000 -0.00000 -0.00000
vn -1.00000 -0.00000 -0.00000
vn -1.00000 -0.00000 -0.00000
vn -0.00000 -0.00000 1.00000
vn -0.00000 -0.00000 1.00000
vn -0.00000 -0.00000 1.00000
vn -0.00000 -0.00000 1.00000
vn -0.00000 -0.00000 1.00000
vn -0.00000 -0.00000 1.00000
vn 1.00000 -0.00000 -0.00000
vn 1.00000 -0.00000 -0.00000
vn 1.00000 -0.00000 -0.00000
vn 1.00000 -0.00000 -0.00000
vn 1.00000 -0.00000 -0.00000
vn 1.00000 -0.00000 -0.00000
vn 0.98564 -0.16881 0.00450
vn 0.98564 -0.16881 0.00450
vn 0.98564 -0.16881 0.00450
vn -0.00000 -0.00000 1.00000
vn -0.00000 -0.00000 1.00000
vn -0.00000 -0.00000 1.00000
vn -1.00000 -0.00000 -0.00000
vn -1.00000 -0.00000 -0.00000
vn -1.00000 -0.00000 -0.00000
vn 0.00000 -0.00000 -1.00000
vn 0.00000 -0.00000 -1.00000
vn 0.00000 -0.00000 -1.00000
vn -0.03050 0.99953 -0.00000
vn -0.03050 0.99953 -0.00000
vn -0.03050 0.99953 -0.00000
vn 0.78358 -0.62129 -0.00000
vn 0.78358 -0.62129 -0.00000
vn 0.78358 -0.62129 -0.00000
vn -1.00000 -0.00250 -0.00000
vn -1.00000 -0.00250 -0.00000
vn -1.00000 -0.00250 -0.00000
vn 0.00000 -1.00000 0.00000
vn 0.00000 -1.00000 0.00000
vn 0.00000 -1.00000 0.00000
vn -1.00000 -0.00250 -0.00000
vn -1.00000 -0.00250 -0.00000
vn -1.00000 -0.00250 -0.00000
vn 0.00000 -0.00000 -1.00000
vn 0.00000 -0.00000 -1.00000
vn 0.00000 -0.00000 -1.00000
vn 0.99999 -0.00330 -0.00000
vn 0.99999 -0.00330 -0.00000
vn 0.99999 -0.00330 -0.00000
vn 0.03730 -0.96516 -0.25899
vn 0.03730 -0.96516 -0.25899
vn 0.03730 -0.96516 -0.25899
vn 0.03860 -0.99925 -0.00000
vn 0.03860 -0.99925 -0.00000
vn 0.03860 -0.99925 -0.00000
vn 0.03730 -0.96516 0.25899
vn 0.03730 -0.96516 0.25899
vn 0.03730 -0.96516 0.25899
vn 0.03860 -0.99925 -0.00000
vn 0.03860 -0.99925 -0.00000
vn 0.03860 -0.99925 -0.00000
vn 0.99999 -0.00330 -0.00000
vn 0.99999 -0.00330 -0.00000
vn 0.99999 -0.00330 -0.00000
vn 1.00000 -0.00110 -0.00000
vn 1.00000 -0.00110 -0.00000
vn 1.00000 -0.00110 -0.00000
vn 1.00000 -0.00110 -0.00000
vn 1.00000 -0.00110 -0.00000
vn 1.00000 -0.00110 -0.00000
vn -0.00000 -0.00000 1.00000
vn -0.00000 -0.00000 1.00000
vn -0.00000 -0.00000 1.00000
vn -1.00000 -0.00100 -0.00000
vn -1.00000 -0.00100 -0.00000
vn -1.00000 -0.00100 -0.00000
vn -1.00000 -0.00100 -0.00000
vn -1.00000 -0.00100 -0.00000
vn -1.00000 -0.00100 -0.00000
vn 0.99638 0.08500 -0.00000
vn 0.99638 0.08500 -0.00000
vn 0.99638 0.08500 -0.00000
vn 0.98000 0.19900 -0.00000
vn 0.98000 0.19900 -0.00000
vn 0.98000 0.19900 -0.00000
vn 0.02060 -0.53280 -0.84599
vn 0.02060 -0.53280 -0.84599
vn 0.02060 -0.53280 -0.84599
vn 0.99999 -0.00330 -0.00000
vn 0.99999 -0.00330 -0.00000
vn 0.99999 -0.00330 -0.00000
vn 1.00000 0.00250 -0.00000
vn 1.00000 0.00250 -0.00000
vn 1.00000 0.00250 -0.00000
vn 0.34829 -0.93739 -0.00000
vn 0.34829 -0.93739 -0.00000
vn 0.34829 -0.93739 -0.00000
vn -0.88128 -0.47259 -0.00000
vn -0.88128 -0.47259 -0.00000
vn -0.88128 -0.47259 -0.00000
vn -0.00000 -0.00000 1.00000
vn -0.00000 -0.00000 1.00000
vn -0.00000 -0.00000 1.00000
vn 0.00000 -0.00000 -1.00000
vn 0.00000 -0.00000 -1.00000
vn 0.00000 -0.00000 -1.00000
vn 1.00000 -0.00000 -0.00000
vn 1.00000 -0.00000 -0.00000
vn 1.00000 -0.00000 -0.00000
vn -0.00000 -0.00000 1.00000
vn -0.00000 -0.00000 1.00000
vn -0.00000 -0.00000 1.00000
vn -1.00000 -0.00000 -0.00000
vn -1.00000 -0.00000 -0.00000
vn -1.00000 -0.00000 -0.00000
vn 0.00000 -0.00000 -1.00000
vn 0.00000 -0.00000 -1.00000
vn 0.00000 -0.00000 -1.00000
vn 0.00000 1.00000 -0.00000
vn 0.00000 1.00000 -0.00000
vn 0.00000 1.00000 -0.00000
vn 0.00000 -1.00000 0.00000
vn 0.00000 -1.00000 0.00000
vn 0.00000 -1.00000 0.00000
vn 0.00000 -0.00000 -1.00000
vn 0.00000 -0.00000 -1.00000
vn 0.00000 -0.00000 -1.00000
vn -0.00100 -0.00540 -0.99998
vn -0.00100 -0.00540 -0.99998
vn -0.00100 -0.00540 -0.99998
vn -0.00460 -0.02210 -0.99975
vn -0.00460 -0.02210 -0.99975
vn -0.00460 -0.02210 -0.99975
vn 0.00000 -0.00000 -1.00000
vn 0.00000 -0.00000 -1.00000
vn 0.00000 -0.00000 -1.00000
vn -0.85573 0.00160 -0.51742
vn -0.85573 0.00160 -0.51742
vn -0.85573 0.00160 -0.51742
vn 0.00000 -0.00000 -1.00000
vn 0.00000 -0.00000 -1.00000
vn 0.00000 -0.00000 -1.00000
vn 0.01530 0.48441 -0.87471
vn 0.01530 0.48441 -0.87471
vn 0.01530 0.48441 -0.87471
vn -0.00000 -0.77237 -0.63517
vn -0.00000 -0.77237 -0.63517
vn -0.00000 -0.77237 -0.63517
vn -0.63293 0.11951 -0.76493
vn -0.63293 0.11951 -0.76493
vn -0.63293 0.11951 -0.76493
vn 0.69028 0.08370 -0.71868
vn 0.69028 0.08370 -0.71868
vn 0.69028 0.08370 -0.71868
vn -0.77101 -0.00340 -0.63681
vn -0.77101 -0.00340 -0.63681
vn -0.77101 -0.00340 -0.63681
vn 0.77160 -0.00200 -0.63610
vn 0.77160 -0.00200 -0.63610
vn 0.77160 -0.00200 -0.63610
vn 0.83420 0.08610 -0.54470
vn 0.83420 0.08610 -0.54470
vn 0.83420 0.08610 -0.54470
vn 0.86988 -0.12020 -0.47839
vn 0.86988 -0.12020 -0.47839
vn 0.86988 -0.12020 -0.47839
vn 0.00000 -0.66951 -0.74281
vn 0.00000 -0.66951 -0.74281
vn 0.00000 -0.66951 -0.74281
vn -0.01210 0.67543 -0.73733
vn -0.01210 0.67543 -0.73733
vn -0.01210 0.67543 -0.73733
vn -0.54619 0.06930 -0.83479
vn -0.54619 0.06930 -0.83479
vn -0.54619 0.06930 -0.83479
vn 0.83480 0.13830 -0.53290
vn 0.83480 0.13830 -0.53290
vn 0.83480 0.13830 -0.53290
vn -0.89551 -0.00560 -0.44501
vn -0.89551 -0.00560 -0.44501
vn -0.89551 -0.00560 -0.44501
vn 0.58662 0.38991 -0.70982
vn 0.58662 0.38991 -0.70982
vn 0.58662 0.38991 -0.70982
vn 0.81569 0.06960 -0.57429
vn 0.81569 0.06960 -0.57429
vn 0.81569 0.06960 -0.57429
vn 0.81096 -0.11209 -0.57427
vn 0.81096 -0.11209 -0.57427
vn 0.81096 -0.11209 -0.57427
vn -0.00000 -0.81866 -0.57427
vn -0.00000 -0.81866 -0.57427
vn -0.00000 -0.81866 -0.57427
vn -0.81866 -0.00000 -0.57427
vn -0.81866 -0.00000 -0.57427
vn -0.81866 -0.00000 -0.57427
vn -0.19060 0.80101 -0.56750
vn -0.19060 0.80101 -0.56750
vn -0.19060 0.80101 -0.56750
vn -0.46920 0.31500 -0.82500
vn -0.46920 0.31500 -0.82500
vn -0.46920 0.31500 -0.82500
vn 0.19560 0.77440 -0.60170
vn 0.19560 0.77440 -0.60170
vn 0.19560 0.77440 -0.60170
vn 0.00000 -0.00000 -1.00000
vn 0.00000 -0.00000 -1.00000
vn 0.00000 -0.00000 -1.00000
vn -0.58821 0.58411 -0.55931
vn -0.58821 0.58411 -0.55931
vn -0.58821 0.58411 -0.55931
vn 0.84888 -0.00170 -0.52859
vn 0.84888 -0.00170 -0.52859
vn 0.84888 -0.00170 -0.52859
vn 0.00000 -0.83894 -0.54423
vn 0.00000 -0.83894 -0.54423
vn 0.00000 -0.83894 -0.54423
vn 0.14911 0.80805 -0.56993
vn 0.14911 0.80805 -0.56993
vn 0.14911 0.80805 -0.56993
vn 0.49189 0.65379 -0.57499
vn 0.49189 0.65379 -0.57499
vn 0.49189 0.65379 -0.57499
vn -0.14911 0.80805 -0.56993
vn -0.14911 0.80805 -0.56993
vn -0.14911 0.80805 -0.56993
vn 0.00000 -0.00000 -1.00000
vn 0.00000 -0.00000 -1.00000
vn 0.00000 -0.00000 -1.00000
vn 0.00000 -0.00000 -1.00000
vn 0.00000 -0.00000 -1.00000
vn 0.00000 -0.00000 -1.00000
vn 1.00000 -0.00000 -0.00000
vn 1.00000 -0.00000 -0.00000
vn 1.00000 -0.00000 -0.00000
vn 1.00000 -0.00000 -0.00000
vn 1.00000 -0.00000 -0.00000
vn 1.00000 -0.00000 -0.00000
vn -0.00000 -0.00000 1.00000
vn -0.00000 -0.00000 1.00000
vn -0.00000 -0.00000 1.00000
vn -0.00000 -0.00000 1.00000
vn -0.00000 -0.00000 1.00000
vn -0.00000 -0.00000 1.00000
vn -1.00000 -0.00000 -0.00000
vn -1.00000 -0.00000 -0.00000
vn -1.00000 -0.00000 -0.00000
vn -1.00000 -0.00000 -0.00000
vn -1.00000 -0.00000 -0.00000
vn -1.00000 -0.00000 -0.00000
vn 0.74471 -0.10290 -0.65941
vn 0.74471 -0.10290 -0.65941
vn 0.74471 -0.10290 -0.65941
vn 0.57721 0.38841 -0.71831
vn 0.57721 0.38841 -0.71831
vn 0.57721 0.38841 -0.71831
vn 0.00000 -0.00000 -1.00000
vn 0.00000 -0.00000 -1.00000
vn 0.00000 -0.00000 -1.00000
vn -0.00000 0.80261 -0.59651
vn -0.00000 0.80261 -0.59651
vn -0.00000 0.80261 -0.59651
vn -0.77758 -0.00000 -0.62878
vn -0.77758 -0.00000 -0.62878
vn -0.77758 -0.00000 -0.62878
vn -0.00000 -0.00000 1.00000
vn -0.00000 -0.00000 1.00000
vn -0.00000 -0.00000 1.00000
vn -0.77911 0.30190 -0.54941
vn -0.77911 0.30190 -0.54941
vn -0.77911 0.30190 -0.54941
vn -0.00000 -0.78636 -0.61777
vn -0.00000 -0.78636 -0.61777
vn -0.00000 -0.78636 -0.61777
vn 0.40449 0.58939 -0.69929
vn 0.40449 0.58939 -0.69929
vn 0.40449 0.58939 -0.69929
vn -0.39009 0.63709 -0.66479
vn -0.39009 0.63709 -0.66479
vn -0.39009 0.63709 -0.66479
vn 0.00000 -0.00000 -1.00000
vn 0.00000 -0.00000 -1.00000
vn 0.00000 -0.00000 -1.00000
vn -0.99059 -0.13690 0.00000
vn -0.99059 -0.13690 0.00000
vn -0.99059 -0.13690 0.00000
vn -0.99059 -0.13690 0.00000
vn -0.99059 -0.13690 0.00000
vn -0.99059 -0.13690 0.00000
vn -0.99059 -0.13690 0.00000
vn -0.99059 -0.13690 0.00000
vn -0.99059 -0.13690 0.00000
vn -0.00000 -0.00000 1.00000
vn -0.00000 -0.00000 1.00000
vn -0.00000 -0.00000 1.00000
vn -0.00000 -0.00000 1.00000
vn -0.00000 -0.00000 1.00000
vn -0.00000 -0.00000 1.00000
vn -0.00000 -0.00000 1.00000
vn -0.00000 -0.00000 1.00000
vn -0.00000 -0.00000 1.00000
vn -0.00000 -0.00000 1.00000
vn -0.00000 -0.00000 1.00000
vn -0.00000 -0.00000 1.00000
vn 1.00000 -0.00000 -0.00000
vn 1.00000 -0.00000 -0.00000
vn 1.00000 -0.00000 -0.00000
vn 1.00000 -0.00000 -0.00000
vn 1.00000 -0.00000 -0.00000
vn 1.00000 -0.00000 -0.00000
vn 1.00000 -0.00000 -0.00000
vn 1.00000 -0.00000 -0.00000
vn 1.00000 -0.00000 -0.00000
vn 0.00000 -0.00000 -1.00000
vn 0.00000 -0.00000 -1.00000
vn 0.00000 -0.00000 -1.00000
vn 0.08520 0.99636 -0.00000
vn 0.08520 0.99636 -0.00000
vn 0.08520 0.99636 -0.00000
vn 0.03550 0.99924 -0.01620
vn 0.03550 0.99924 -0.01620
vn 0.03550 0.99924 -0.01620
vn 0.03050 0.99953 -0.00000
vn 0.03050 0.99953 -0.00000
vn 0.03050 0.99953 -0.00000
vn -0.78358 -0.62129 -0.00000
vn -0.78358 -0.62129 -0.00000
vn -0.78358 -0.62129 -0.00000
vn -0.78358 -0.62129 -0.00000
vn -0.78358 -0.62129 -0.00000
vn -0.78358 -0.62129 -0.00000
vn -0.78358 -0.62129 -0.00000
vn -0.78358 -0.62129 -0.00000
vn -0.78358 -0.62129 -0.00000
vn -0.78358 -0.62129 -0.00000
vn -0.78358 -0.62129 -0.00000
vn -0.78358 -0.62129 -0.00000
vn 1.00000 -0.00250 -0.00000
vn 1.00000 -0.00250 -0.00000
vn 1.00000 -0.00250 -0.00000
vn 0.00000 -1.00000 0.00000
vn 0.00000 -1.00000 0.00000
vn 0.00000 -1.00000 0.00000
vn -0.00000 -1.00000 0.00000
vn -0.00000 -1.00000 0.00000
vn -0.00000 -1.00000 0.00000
vn 0.00000 -1.00000 0.00000
vn 0.00000 -1.00000 0.00000
vn 0.00000 -1.00000 0.00000
vn 0.00000 -1.00000 0.00000
vn 0.00000 -1.00000 0.00000
vn 0.00000 -1.00000 0.00000
vn 1.00000 -0.00100 -0.00030
vn 1.00000 -0.00100 -0.00030
vn 1.00000 -0.00100 -0.00030
vn 0.00000 -0.00000 -1.00000
vn 0.00000 -0.00000 -1.00000
vn 0.00000 -0.00000 -1.00000
vn -1.00000 -0.00110 0.00030
vn -1.00000 -0.00110 0.00030
vn -1.00000 -0.00110 0.00030
vn -0.03730 -0.96516 -0.25899
vn -0.03730 -0.96516 -0.25899
vn -0.03730 -0.96516 -0.25899
vn -0.03860 -0.99925 -0.00000
vn -0.03860 -0.99925 -0.00000
vn -0.03860 -0.99925 -0.00000
vn -0.03730 -0.96516 0.25899
vn -0.03730 -0.96516 0.25899
vn -0.03730 -0.96516 0.25899
vn -0.03860 -0.99925 -0.00000
vn -0.03860 -0.99925 -0.00000
vn -0.03860 -0.99925 -0.00000
vn -0.99999 -0.00330 -0.00000
vn -0.99999 -0.00330 -0.00000
vn -0.99999 -0.00330 -0.00000
vn -1.00000 -0.00110 -0.00000
vn -1.00000 -0.00110 -0.00000
vn -1.00000 -0.00110 -0.00000
vn -1.00000 -0.00110 -0.00000
vn -1.00000 -0.00110 -0.00000
vn -1.00000 -0.00110 -0.00000
vn -0.00000 -0.00000 1.00000
vn -0.00000 -0.00000 1.00000
vn -0.00000 -0.00000 1.00000
vn 1.00000 -0.00100 -0.00000
vn 1.00000 -0.00100 -0.00000
vn 1.00000 -0.00100 -0.00000
vn 1.00000 -0.00100 -0.00000
vn 1.00000 -0.00100 -0.00000
vn 1.00000 -0.00100 -0.00000
vn -0.99638 0.08500 0.00000
vn -0.99638 0.08500 0.00000
vn -0.99638 0.08500 0.00000
vn -0.99638 0.08500 0.00000
vn -0.99638 0.08500 0.00000
vn -0.99638 0.08500 0.00000
vn -0.98000 0.19900 -0.00000
vn -0.98000 0.19900 -0.00000
vn -0.98000 0.19900 -0.00000
vn -0.02060 -0.53280 -0.84599
vn -0.02060 -0.53280 -0.84599
vn -0.02060 -0.53280 -0.84599
vn -0.34829 -0.93739 -0.00000
vn -0.34829 -0.93739 -0.00000
vn -0.34829 -0.93739 -0.00000
vn 0.88128 -0.47259 -0.00000
vn 0.88128 -0.47259 -0.00000
vn 0.88128 -0.47259 -0.00000
vn -0.00000 -0.00000 1.00000
vn -0.00000 -0.00000 1.00000
vn -0.00000 -0.00000 1.00000
vn 0.00000 -0.00000 -1.00000
vn 0.00000 -0.00000 -1.00000
vn 0.00000 -0.00000 -1.00000
vn -1.00000 -0.00000 -0.00000
vn -1.00000 -0.00000 -0.00000
vn -1.00000 -0.00000 -0.00000
vn -0.00000 -0.00000 1.00000
vn -0.00000 -0.00000 1.00000
vn -0.00000 -0.00000 1.00000
vn 1.00000 -0.00000 -0.00000
vn 1.00000 -0.00000 -0.00000
vn 1.00000 -0.00000 -0.00000
vn 0.00000 -0.00000 -1.00000
vn 0.00000 -0.00000 -1.00000
vn 0.00000 -0.00000 -1.00000
vn 0.00000 1.00000 -0.00000
vn 0.00000 1.00000 -0.00000
vn 0.00000 1.00000 -0.00000
vn 0.00000 -1.00000 0.00000
vn 0.00000 -1.00000 0.00000
vn 0.00000 -1.00000 0.00000
vn 0.00000 -0.00000 -1.00000
vn 0.00000 -0.00000 -1.00000
vn 0.00000 -0.00000 -1.00000
vn 0.00000 -0.00000 -1.00000
vn 0.00000 -0.00000 -1.00000
vn 0.00000 -0.00000 -1.00000
vn -0.05090 -0.02300 -0.99844
vn -0.05090 -0.02300 -0.99844
vn -0.05090 -0.02300 -0.99844
vn -0.12861 -0.03580 -0.99105
vn -0.12861 -0.03580 -0.99105
vn -0.12861 -0.03580 -0.99105
vn -0.00620 -0.03340 -0.99942
vn -0.00620 -0.03340 -0.99942
vn -0.00620 -0.03340 -0.99942
vn 0.01270 -0.00430 -0.99991
vn 0.01270 -0.00430 -0.99991
vn 0.01270 -0.00430 -0.99991
vn 0.03920 -0.01240 -0.99915
vn 0.03920 -0.01240 -0.99915
vn 0.03920 -0.01240 -0.99915
vn 0.01040 0.00130 -0.99995
vn 0.01040 0.00130 -0.99995
vn 0.01040 0.00130 -0.99995
vn 0.00050 0.00240 -1.00000
vn 0.00050 0.00240 -1.00000
vn 0.00050 0.00240 -1.00000
vn 0.06200 -0.02150 -0.99784
vn 0.06200 -0.02150 -0.99784
vn 0.06200 -0.02150 -0.99784
vn 0.00000 -0.00000 -1.00000
vn 0.00000 -0.00000 -1.00000
vn 0.00000 -0.00000 -1.00000
vn 0.85240 -0.00000 -0.52290
vn 0.85240 -0.00000 -0.52290
vn 0.85240 -0.00000 -0.52290
vn 0.00000 -0.00000 -1.00000
vn 0.00000 -0.00000 -1.00000
vn 0.00000 -0.00000 -1.00000
vn 0.00000 -0.00000 -1.00000
vn 0.00000 -0.00000 -1.00000
vn 0.00000 -0.00000 -1.00000
vn 0.00000 -0.00000 -1.00000
vn 0.00000 -0.00000 -1.00000
vn 0.00000 -0.00000 -1.00000
vn 0.00000 -0.00000 -1.00000
vn 0.00000 -0.00000 -1.00000
vn 0.00000 -0.00000 -1.00000
vn 0.00000 -0.00000 -1.00000
vn 0.00000 -0.00000 -1.00000
vn 0.00000 -0.00000 -1.00000
vn -0.01530 0.48441 -0.87471
vn -0.01530 0.48441 -0.87471
vn -0.01530 0.48441 -0.87471
vn -0.00000 -0.77237 -0.63517
vn -0.00000 -0.77237 -0.63517
vn -0.00000 -0.77237 -0.63517
vn 0.38231 -0.00000 -0.92403
vn 0.38231 -0.00000 -0.92403
vn 0.38231 -0.00000 -0.92403
vn -0.69028 0.08370 -0.71868
vn -0.69028 0.08370 -0.71868
vn -0.69028 0.08370 -0.71868
vn 0.78110 -0.00000 -0.62440
vn 0.78110 -0.00000 -0.62440
vn 0.78110 -0.00000 -0.62440
vn -0.77160 -0.00200 -0.63610
vn -0.77160 -0.00200 -0.63610
vn -0.77160 -0.00200 -0.63610
vn -0.87495 0.07470 -0.47842
vn -0.87495 0.07470 -0.47842
vn -0.87495 0.07470 -0.47842
vn -0.86988 -0.12020 -0.47839
vn -0.86988 -0.12020 -0.47839
vn -0.86988 -0.12020 -0.47839
vn 0.00000 -0.66951 -0.74281
vn 0.00000 -0.66951 -0.74281
vn 0.00000 -0.66951 -0.74281
vn 0.01210 0.67543 -0.73733
vn 0.01210 0.67543 -0.73733
vn 0.01210 0.67543 -0.73733
vn 0.54619 0.06930 -0.83479
vn 0.54619 0.06930 -0.83479
vn 0.54619 0.06930 -0.83479
vn -0.83480 0.13830 -0.53290
vn -0.83480 0.13830 -0.53290
vn -0.83480 0.13830 -0.53290
vn 0.89551 -0.00560 -0.44501
vn 0.89551 -0.00560 -0.44501
vn 0.89551 -0.00560 -0.44501
vn -0.58662 0.38991 -0.70982
vn -0.58662 0.38991 -0.70982
vn -0.58662 0.38991 -0.70982
vn -0.81569 0.06960 -0.57429
vn -0.81569 0.06960 -0.57429
vn -0.81569 0.06960 -0.57429
vn -0.81096 -0.11209 -0.57427
vn -0.81096 -0.11209 -0.57427
vn -0.81096 -0.11209 -0.57427
vn -0.00000 -0.81866 -0.57427
vn -0.00000 -0.81866 -0.57427
vn -0.00000 -0.81866 -0.57427
vn 0.79887 -0.00460 -0.60148
vn 0.79887 -0.00460 -0.60148
vn 0.79887 -0.00460 -0.60148
vn 0.19060 0.80101 -0.56750
vn 0.19060 0.80101 -0.56750
vn 0.19060 0.80101 -0.56750
vn 0.47501 0.62851 -0.61591
vn 0.47501 0.62851 -0.61591
vn 0.47501 0.62851 -0.61591
vn -0.19560 0.77440 -0.60170
vn -0.19560 0.77440 -0.60170
vn -0.19560 0.77440 -0.60170
vn 0.00000 -0.00000 -1.00000
vn 0.00000 -0.00000 -1.00000
vn 0.00000 -0.00000 -1.00000
vn 0.00000 -0.00000 -1.00000
vn 0.00000 -0.00000 -1.00000
vn 0.00000 -0.00000 -1.00000
vn 0.00000 -0.00000 -1.00000
vn 0.00000 -0.00000 -1.00000
vn 0.00000 -0.00000 -1.00000
vn 0.00000 -0.00000 -1.00000
vn 0.00000 -0.00000 -1.00000
vn 0.00000 -0.00000 -1.00000
vn 0.54640 0.39280 -0.73970
vn 0.54640 0.39280 -0.73970
vn 0.54640 0.39280 -0.73970
vn -0.84888 -0.00170 -0.52859
vn -0.84888 -0.00170 -0.52859
vn -0.84888 -0.00170 -0.52859
vn 0.00000 -0.83894 -0.54423
vn 0.00000 -0.83894 -0.54423
vn 0.00000 -0.83894 -0.54423
vn -0.18280 0.82478 -0.53509
vn -0.18280 0.82478 -0.53509
vn -0.18280 0.82478 -0.53509
vn -0.49189 0.65379 -0.57499
vn -0.49189 0.65379 -0.57499
vn -0.49189 0.65379 -0.57499
vn 0.14911 0.80805 -0.56993
vn 0.14911 0.80805 -0.56993
vn 0.14911 0.80805 -0.56993
vn 0.00000 -0.00000 -1.00000
vn 0.00000 -0.00000 -1.00000
vn 0.00000 -0.00000 -1.00000
vn 0.00000 -0.00000 -1.00000
vn 0.00000 -0.00000 -1.00000
vn 0.00000 -0.00000 -1.00000
vn -1.00000 -0.00000 -0.00000
vn -1.00000 -0.00000 -0.00000
vn -1.00000 -0.00000 -0.00000
vn -1.00000 -0.00000 -0.00000
vn -1.00000 -0.00000 -0.00000
vn -1.00000 -0.00000 -0.00000
vn -0.00000 -0.00000 1.00000
vn -0.00000 -0.00000 1.00000
vn -0.00000 -0.00000 1.00000
vn -0.00000 -0.00000 1.00000
vn -0.00000 -0.00000 1.00000
vn -0.00000 -0.00000 1.00000
vn 1.00000 -0.00000 -0.00000
vn 1.00000 -0.00000 -0.00000
vn 1.00000 -0.00000 -0.00000
vn 1.00000 -0.00000 -0.00000
vn 1.00000 -0.00000 -0.00000
vn 1.00000 -0.00000 -0.00000
vn 0.99059 -0.13690 0.00000
vn 0.99059 -0.13690 0.00000
vn 0.99059 -0.13690 0.00000
vn 0.99056 -0.13689 -0.00670
vn 0.99056 -0.13689 -0.00670
vn 0.99056 -0.13689 -0.00670
vn 0.99059 -0.13690 0.00000
vn 0.99059 -0.13690 0.00000
vn 0.99059 -0.13690 0.00000
vn 0.99304 -0.11771 0.00320
vn 0.99304 -0.11771 0.00320
vn 0.99304 -0.11771 0.00320
vn -0.00000 -0.00000 1.00000
vn -0.00000 -0.00000 1.00000
vn -0.00000 -0.00000 1.00000
vn -0.00000 -0.00000 1.00000
vn -0.00000 -0.00000 1.00000
vn -0.00000 -0.00000 1.00000
vn -0.00000 -0.00000 1.00000
vn -0.00000 -0.00000 1.00000
vn -0.00000 -0.00000 1.00000
vn -0.00000 -0.00000 1.00000
vn -0.00000 -0.00000 1.00000
vn -0.00000 -0.00000 1.00000
vn -1.00000 -0.00000 -0.00000
vn -1.00000 -0.00000 -0.00000
vn -1.00000 -0.00000 -0.00000
vn -1.00000 -0.00000 -0.00000
vn -1.00000 -0.00000 -0.00000
vn -1.00000 -0.00000 -0.00000
vn -1.00000 -0.00000 -0.00000
vn -1.00000 -0.00000 -0.00000
vn -1.00000 -0.00000 -0.00000
vn 0.00000 -0.00000 -1.00000
vn 0.00000 -0.00000 -1.00000
vn 0.00000 -0.00000 -1.00000
vn -0.03550 0.99924 -0.01620
vn -0.03550 0.99924 -0.01620
vn -0.03550 0.99924 -0.01620
vn -0.08520 0.99636 -0.00000
vn -0.08520 0.99636 -0.00000
vn -0.08520 0.99636 -0.00000
vn 0.00000 1.00000 0.00270
vn 0.00000 1.00000 0.00270
vn 0.00000 1.00000 0.00270
vn 0.78358 -0.62129 -0.00000
vn 0.78358 -0.62129 -0.00000
vn 0.78358 -0.62129 -0.00000
vn 0.78358 -0.62129 -0.00000
vn 0.78358 -0.62129 -0.00000
vn 0.78358 -0.62129 -0.00000
vn 0.78358 -0.62129 -0.00000
vn 0.78358 -0.62129 -0.00000
vn 0.78358 -0.62129 -0.00000
vn 0.78358 -0.62129 -0.00000
vn 0.78358 -0.62129 -0.00000
vn 0.78358 -0.62129 -0.00000
vn -1.00000 -0.00100 0.00030
vn -1.00000 -0.00100 0.00030
vn -1.00000 -0.00100 0.00030
vn -0.00000 -1.00000 -0.00000
vn -0.00000 -1.00000 -0.00000
vn -0.00000 -1.00000 -0.00000
vn 0.00000 -1.00000 0.00000
vn 0.00000 -1.00000 0.00000
vn 0.00000 -1.00000 0.00000
vn -0.00000 -1.00000 -0.00000
vn -0.00000 -1.00000 -0.00000
vn -0.00000 -1.00000 -0.00000
vn 0.00000 -1.00000 0.00000
vn 0.00000 -1.00000 0.00000
vn 0.00000 -1.00000 0.00000
vn -1.00000 -0.00100 -0.00030
vn -1.00000 -0.00100 -0.00030
vn -1.00000 -0.00100 -0.00030
vn 0.00000 -0.00000 -1.00000
vn 0.00000 -0.00000 -1.00000
vn 0.00000 -0.00000 -1.00000
vn 1.00000 -0.00110 0.00030
vn 1.00000 -0.00110 0.00030
vn 1.00000 -0.00110 0.00030
vn 0.03730 -0.96516 -0.25899
vn 0.03730 -0.96516 -0.25899
vn 0.03730 -0.96516 -0.25899
vn 0.03860 -0.99925 -0.00000
vn 0.03860 -0.99925 -0.00000
vn 0.03860 -0.99925 -0.00000
vn 0.03730 -0.96516 0.25899
vn 0.03730 -0.96516 0.25899
vn 0.03730 -0.96516 0.25899
vn 0.03860 -0.99925 -0.00000
vn 0.03860 -0.99925 -0.00000
vn 0.03860 -0.99925 -0.00000
vn 1.00000 -0.00110 -0.00030
vn 1.00000 -0.00110 -0.00030
vn 1.00000 -0.00110 -0.00030
vn 1.00000 -0.00110 -0.00000
vn 1.00000 -0.00110 -0.00000
vn 1.00000 -0.00110 -0.00000
vn 1.00000 -0.00110 -0.00000
vn 1.00000 -0.00110 -0.00000
vn 1.00000 -0.00110 -0.00000
vn -0.00000 -0.00000 1.00000
vn -0.00000 -0.00000 1.00000
vn -0.00000 -0.00000 1.00000
vn -1.00000 -0.00100 -0.00000
vn -1.00000 -0.00100 -0.00000
vn -1.00000 -0.00100 -0.00000
vn -1.00000 -0.00100 -0.00000
vn -1.00000 -0.00100 -0.00000
vn -1.00000 -0.00100 -0.00000
vn 0.99638 0.08500 -0.00000
vn 0.99638 0.08500 -0.00000
vn 0.99638 0.08500 -0.00000
vn 0.99638 0.08500 -0.00000
vn 0.99638 0.08500 -0.00000
vn 0.99638 0.08500 -0.00000
vn 0.98000 0.19900 -0.00000
vn 0.98000 0.19900 -0.00000
vn 0.98000 0.19900 -0.00000
vn 0.00000 -0.64640 -0.76300
vn 0.00000 -0.64640 -0.76300
vn 0.00000 -0.64640 -0.76300
vn 0.34829 -0.93739 -0.00000
vn 0.34829 -0.93739 -0.00000
vn 0.34829 -0.93739 -0.00000
vn -0.88128 -0.47259 -0.00000
vn -0.88128 -0.47259 -0.00000
vn -0.88128 -0.47259 -0.00000
vn -0.00000 -0.00000 1.00000
vn -0.00000 -0.00000 1.00000
vn -0.00000 -0.00000 1.00000
vn 0.00000 -0.00000 -1.00000
vn 0.00000 -0.00000 -1.00000
vn 0.00000 -0.00000 -1.00000
vn 1.00000 -0.00000 -0.00000
vn 1.00000 -0.00000 -0.00000
vn 1.00000 -0.00000 -0.00000
vn -0.00000 -0.00000 1.00000
vn -0.00000 -0.00000 1.00000
vn -0.00000 -0.00000 1.00000
vn -1.00000 -0.00000 -0.00000
vn -1.00000 -0.00000 -0.00000
vn -1.00000 -0.00000 -0.00000
vn 0.00000 -0.00000 -1.00000
vn 0.00000 -0.00000 -1.00000
vn 0.00000 -0.00000 -1.00000
vn 0.00000 1.00000 -0.00000
vn 0.00000 1.00000 -0.00000
vn 0.00000 1.00000 -0.00000
vn 0.00000 -1.00000 0.00000
vn 0.00000 -1.00000 0.00000
vn 0.00000 -1.00000 0.00000
vn 0.00000 -0.00000 -1.00000
vn 0.00000 -0.00000 -1.00000
vn 0.00000 -0.00000 -1.00000
vn 0.00000 -0.00000 -1.00000
vn 0.00000 -0.00000 -1.00000
vn 0.00000 -0.00000 -1.00000
vn 0.00000 -0.00000 -1.00000
vn 0.00000 -0.00000 -1.00000
vn 0.00000 -0.00000 -1.00000
vn 0.00000 -0.00000 -1.00000
vn 0.00000 -0.00000 -1.00000
vn 0.00000 -0.00000 -1.00000
vn 0.00000 -0.00000 -1.00000
vn 0.00000 -0.00000 -1.00000
vn 0.00000 -0.00000 -1.00000
vn 0.00000 -0.00000 -1.00000
vn 0.00000 -0.00000 -1.00000
vn 0.00000 -0.00000 -1.00000
vn 0.00000 -0.00000 -1.00000
vn 0.00000 -0.00000 -1.00000
vn 0.00000 -0.00000 -1.00000
vn 0.00000 -0.00000 -1.00000
vn 0.00000 -0.00000 -1.00000
vn 0.00000 -0.00000 -1.00000
vn 0.00000 -0.00000 -1.00000
vn 0.00000 -0.00000 -1.00000
vn 0.00000 -0.00000 -1.00000
vn 0.00000 -0.00000 -1.00000
vn 0.00000 -0.00000 -1.00000
vn 0.00000 -0.00000 -1.00000
vn 0.00000 -0.00000 -1.00000
vn 0.00000 -0.00000 -1.00000
vn 0.00000 -0.00000 -1.00000
vn 0.12861 -0.03580 -0.99105
vn 0.12861 -0.03580 -0.99105
vn 0.12861 -0.03580 -0.99105
vn 0.05090 -0.02300 -0.99844
vn 0.05090 -0.02300 -0.99844
vn 0.05090 -0.02300 -0.99844
vn 0.00620 -0.03340 -0.99942
vn 0.00620 -0.03340 -0.99942
vn 0.00620 -0.03340 -0.99942
vn -0.01270 -0.00430 -0.99991
vn -0.01270 -0.00430 -0.99991
vn -0.01270 -0.00430 -0.99991
vn -0.01040 0.00130 -0.99995
vn -0.01040 0.00130 -0.99995
vn -0.01040 0.00130 -0.99995
vn -0.03920 -0.01240 -0.99915
vn -0.03920 -0.01240 -0.99915
vn -0.03920 -0.01240 -0.99915
vn -0.00050 0.00240 -1.00000
vn -0.00050 0.00240 -1.00000
vn -0.00050 0.00240 -1.00000
vn -0.06200 -0.02150 -0.99784
vn -0.06200 -0.02150 -0.99784
vn -0.06200 -0.02150 -0.99784
vn 0.00000 -0.00000 -1.00000
vn 0.00000 -0.00000 -1.00000
vn 0.00000 -0.00000 -1.00000
vn -0.85240 -0.00000 -0.52290
vn -0.85240 -0.00000 -0.52290
vn -0.85240 -0.00000 -0.52290
vn 0.00000 -0.00000 -1.00000
vn 0.00000 -0.00000 -1.00000
vn 0.00000 -0.00000 -1.00000
vn 0.00000 -0.00000 -1.00000
vn 0.00000 -0.00000 -1.00000
vn 0.00000 -0.00000 -1.00000
vn 0.00000 -0.00000 -1.00000
vn 0.00000 -0.00000 -1.00000
vn 0.00000 -0.00000 -1.00000
vn 0.00000 -0.00000 -1.00000
vn 0.00000 -0.00000 -1.00000
vn 0.00000 -0.00000 -1.00000
vn 0.00000 -0.00000 -1.00000
vn 0.00000 -0.00000 -1.00000
vn 0.00000 -0.00000 -1.00000
vn 0.00000 0.52152 -0.85324
vn 0.00000 0.52152 -0.85324
vn 0.00000 0.52152 -0.85324
vn -0.00000 -0.77237 -0.63517
vn -0.00000 -0.77237 -0.63517
vn -0.00000 -0.77237 -0.63517
vn -0.38231 -0.00000 -0.92403
vn -0.38231 -0.00000 -0.92403
vn -0.38231 -0.00000 -0.92403
vn 0.44261 -0.00000 -0.89672
vn 0.44261 -0.00000 -0.89672
vn 0.44261 -0.00000 -0.89672
vn -0.78110 -0.00000 -0.62440
vn -0.78110 -0.00000 -0.62440
vn -0.78110 -0.00000 -0.62440
vn 0.77901 -0.00000 -0.62701
vn 0.77901 -0.00000 -0.62701
vn 0.77901 -0.00000 -0.62701
vn 0.87495 0.07470 -0.47842
vn 0.87495 0.07470 -0.47842
vn 0.87495 0.07470 -0.47842
vn 0.86988 -0.12020 -0.47839
vn 0.86988 -0.12020 -0.47839
vn 0.86988 -0.12020 -0.47839
vn 0.06480 -0.86301 -0.50101
vn 0.06480 -0.86301 -0.50101
vn 0.06480 -0.86301 -0.50101
vn -0.06870 0.80338 -0.59149
vn -0.06870 0.80338 -0.59149
vn -0.06870 0.80338 -0.59149
vn -0.89835 -0.00000 -0.43928
vn -0.89835 -0.00000 -0.43928
vn -0.89835 -0.00000 -0.43928
vn 0.63691 0.05440 -0.76901
vn 0.63691 0.05440 -0.76901
vn 0.63691 0.05440 -0.76901
vn -0.87813 -0.00000 -0.47842
vn -0.87813 -0.00000 -0.47842
vn -0.87813 -0.00000 -0.47842
vn 0.61559 0.54409 -0.57009
vn 0.61559 0.54409 -0.57009
vn 0.61559 0.54409 -0.57009
vn 0.85751 0.08900 -0.50671
vn 0.85751 0.08900 -0.50671
vn 0.85751 0.08900 -0.50671
vn 0.81096 -0.11209 -0.57427
vn 0.81096 -0.11209 -0.57427
vn 0.81096 -0.11209 -0.57427
vn -0.00000 -0.81866 -0.57427
vn -0.00000 -0.81866 -0.57427
vn -0.00000 -0.81866 -0.57427
vn -0.79887 -0.00460 -0.60148
vn -0.79887 -0.00460 -0.60148
vn -0.79887 -0.00460 -0.60148
vn -0.15080 0.78150 -0.60540
vn -0.15080 0.78150 -0.60540
vn -0.15080 0.78150 -0.60540
vn -0.47501 0.62851 -0.61591
vn -0.47501 0.62851 -0.61591
vn -0.47501 0.62851 -0.61591
vn 0.16800 0.80920 -0.56300
vn 0.16800 0.80920 -0.56300
vn 0.16800 0.80920 -0.56300
vn 0.00000 -0.00000 -1.00000
vn 0.00000 -0.00000 -1.00000
vn 0.00000 -0.00000 -1.00000
vn 0.00000 -0.00000 -1.00000
vn 0.00000 -0.00000 -1.00000
vn 0.00000 -0.00000 -1.00000
vn 0.00000 -0.00000 -1.00000
vn 0.00000 -0.00000 -1.00000
vn 0.00000 -0.00000 -1.00000
vn 0.00000 -0.00000 -1.00000
vn 0.00000 -0.00000 -1.00000
vn 0.00000 -0.00000 -1.00000
vn -0.54640 0.39280 -0.73970
vn -0.54640 0.39280 -0.73970
vn -0.54640 0.39280 -0.73970
vn 0.85240 -0.00000 -0.52290
vn 0.85240 -0.00000 -0.52290
vn 0.85240 -0.00000 -0.52290
vn 0.00000 -0.83894 -0.54423
vn 0.00000 -0.83894 -0.54423
vn 0.00000 -0.83894 -0.54423
vn 0.18280 0.82478 -0.53509
vn 0.18280 0.82478 -0.53509
vn 0.18280 0.82478 -0.53509
vn 0.48899 0.35160 -0.79829
vn 0.48899 0.35160 -0.79829
vn 0.48899 0.35160 -0.79829
vn -0.18280 0.82478 -0.53509
vn -0.18280 0.82478 -0.53509
vn -0.18280 0.82478 -0.53509
vn 0.00000 -0.00000 -1.00000
vn 0.00000 -0.00000 -1.00000
vn 0.00000 -0.00000 -1.00000
vn 0.00000 -0.00000 -1.00000
vn 0.00000 -0.00000 -1.00000
vn 0.00000 -0.00000 -1.00000
vn 1.00000 -0.00000 -0.00000
vn 1.00000 -0.00000 -0.00000
vn 1.00000 -0.00000 -0.00000
vn 1.00000 -0.00000 -0.00000
vn 1.00000 -0.00000 -0.00000
vn 1.00000 -0.00000 -0.00000
vn -0.00000 -0.00000 1.00000
vn -0.00000 -0.00000 1.00000
vn -0.00000 -0.00000 1.00000
vn -0.00000 -0.00000 1.00000
vn -0.00000 -0.00000 1.00000
vn -0.00000 -0.00000 1.00000
vn -1.00000 -0.00000 -0.00000
vn -1.00000 -0.00000 -0.00000
vn -1.00000 -0.00000 -0.00000
vn -1.00000 -0.00000 -0.00000
vn -1.00000 -0.00000 -0.00000
vn -1.00000 -0.00000 -0.00000
vn 0.71728 -0.08500 -0.69158
vn 0.71728 -0.08500 -0.69158
vn 0.71728 -0.08500 -0.69158
vn 0.57721 0.38841 -0.71831
vn 0.57721 0.38841 -0.71831
vn 0.57721 0.38841 -0.71831
vn 0.00000 -0.00000 -1.00000
vn 0.00000 -0.00000 -1.00000
vn 0.00000 -0.00000 -1.00000
vn 0.00000 -0.00000 -1.00000
vn 0.00000 -0.00000 -1.00000
vn 0.00000 -0.00000 -1.00000
vn 0.00000 -0.00000 -1.00000
vn 0.00000 -0.00000 -1.00000
vn 0.00000 -0.00000 -1.00000
vn 0.00000 -0.00000 -1.00000
vn 0.00000 -0.00000 -1.00000
vn 0.00000 -0.00000 -1.00000
vn 0.00000 -0.00000 -1.00000
vn 0.00000 -0.00000 -1.00000
vn 0.00000 -0.00000 -1.00000
vn 0.00000 -0.00000 -1.00000
vn 0.00000 -0.00000 -1.00000
vn 0.00000 -0.00000 -1.00000
vn -0.00000 0.80261 -0.59651
vn -0.00000 0.80261 -0.59651
vn -0.00000 0.80261 -0.59651
vn -0.77758 -0.00000 -0.62878
vn -0.77758 -0.00000 -0.62878
vn -0.77758 -0.00000 -0.62878
vn -0.00000 -0.00000 1.00000
vn -0.00000 -0.00000 1.00000
vn -0.00000 -0.00000 1.00000
vn -0.00000 -0.00000 1.00000
vn -0.00000 -0.00000 1.00000
vn -0.00000 -0.00000 1.00000
vn -0.64621 0.36150 -0.67211
vn -0.64621 0.36150 -0.67211
vn -0.64621 0.36150 -0.67211
vn -0.00000 -0.78636 -0.61777
vn -0.00000 -0.78636 -0.61777
vn -0.00000 -0.78636 -0.61777
vn -0.00000 -0.78636 -0.61777
vn -0.00000 -0.78636 -0.61777
vn -0.00000 -0.78636 -0.61777
vn -0.00000 -0.78636 -0.61777
vn -0.00000 -0.78636 -0.61777
vn -0.00000 -0.78636 -0.61777
vn 0.40449 0.58939 -0.69929
vn 0.40449 0.58939 -0.69929
vn 0.40449 0.58939 -0.69929
vn -0.39009 0.63709 -0.66479
vn -0.39009 0.63709 -0.66479
vn -0.39009 0.63709 -0.66479
vn 0.00000 -0.00000 -1.00000
vn 0.00000 -0.00000 -1.00000
vn 0.00000 -0.00000 -1.00000
vn 0.00000 -0.00000 -1.00000
vn 0.00000 -0.00000 -1.00000
vn 0.00000 -0.00000 -1.00000
vn 0.00000 -0.00000 -1.00000
vn 0.00000 -0.00000 -1.00000
vn 0.00000 -0.00000 -1.00000
vn 0.00000 -0.00000 -1.00000
vn 0.00000 -0.00000 -1.00000
vn 0.00000 -0.00000 -1.00000
vn 0.00000 -0.00000 -1.00000
vn 0.00000 -0.00000 -1.00000
vn 0.00000 -0.00000 -1.00000
f 1/1/1 2/2/2 3/3/3
f 4/4/4 5/5/5 6/6/6
f 7/7/7 8/8/8 9/9/9
f 10/10/10 11/11/11 12/12/12
f 13/13/13 14/14/14 15/15/15
f 16/16/16 17/17/17 18/18/18
f 19/19/19 20/20/20 21/21/21
f 22/22/22 23/23/23 24/24/24
f 25/25/25 26/26/26 27/27/27
f 28/28/28 29/29/29 30/30/30
f 31/31/31 32/32/32 33/33/33
f 34/34/34 35/35/35 36/36/36
f 37/37/37 38/38/38 39/39/39
f 40/40/40 41/41/41 42/42/42
f 43/43/43 44/44/44 45/45/45
f 46/46/46 47/47/47 48/48/48
f 49/49/49 50/50/50 51/51/51
f 52/52/52 53/53/53 54/54/54
f 55/55/55 56/56/56 57/57/57
f 58/58/58 59/59/59 60/60/60
f 61/61/61 62/62/62 63/63/63
f 64/64/64 65/65/65 66/66/66
f 67/67/67 68/68/68 69/69/69
f 70/70/70 71/71/71 72/72/72
f 73/73/73 74/74/74 75/75/75
f 76/76/76 77/77/77 78/78/78
f 79/79/79 80/80/80 81/81/81
f 82/82/82 83/83/83 84/84/84
f 85/85/85 86/86/86 87/87/87
f 88/88/88 89/89/89 90/90/90
f 91/91/91 92/92/92 93/93/93
f 94/94/94 95/95/95 96/96/96
f 97/97/97 98/98/98 99/99/99
f 100/100/100 101/101/101 102/102/102
f 103/103/103 104/104/104 105/105/105
f 106/106/106 107/107/107 108/108/108
f 109/109/109 110/110/110 111/111/111
f 112/112/112 113/113/113 114/114/114
f 115/115/115 116/116/116 117/117/117
f 118/118/118 119/119/119 120/120/120
f 121/121/121 122/122/122 123/123/123
f 124/124/124 125/125/125 126/126/126
f 127/127/127 128/128/128 129/129/129
f 130/130/130 131/131/131 132/132/132
f 133/133/133 134/134/134 135/135/135
f 136/136/136 137/137/137 138/138/138
f 139/139/139 140/140/140 141/141/141
f 142/142/142 143/143/143 144/144/144
f 145/145/145 146/146/146 147/147/147
f 148/148/148 149/149/149 150/150/150
f 151/151/151 152/152/152 153/153/153
f 154/154/154 155/155/155 156/156/156
f 157/157/157 158/158/158 159/159/159
f 160/160/160 161/161/161 162/162/162
f 163/163/163 164/164/164 165/165/165
f 166/166/166 167/167/167 168/168/168
f 169/169/169 170/170/170 171/171/171
f 172/172/172 173/173/173 174/174/174
f 175/175/175 176/176/176 177/177/177
f 178/178/178 179/179/179 180/180/180
f 181/181/181 182/182/182 183/183/183
f 184/184/184 185/185/185 186/186/186
f 187/187/187 188/188/188 189/189/189
f 190/190/190 191/191/191 192/192/192
f 193/193/193 194/194/194 195/195/195
f 196/196/196 197/197/197 198/198/198
f 199/199/199 200/200/200 201/201/201
f 202/202/202 203/203/203 204/204/204
f 205/205/205 206/206/206 207/207/207
f 208/208/208 209/209/209 210/210/210
f 211/211/211 212/212/212 213/213/213
f 214/214/214 215/215/215 216/216/216
f 217/217/217 218/218/218 219/219/219
f 220/220/220 221/221/221 222/222/222
f 223/223/223 224/224/224 225/225/225
f 226/226/226 227/227/227 228/228/228
f 229/229/229 230/230/230 231/231/231
f 232/232/232 233/233/233 234/234/234
f 235/235/235 236/236/236 237/237/237
f 238/238/238 239/239/239 240/240/240
f 241/241/241 242/242/242 243/243/243
f 244/244/244 245/245/245 246/246/246
f 247/247/247 248/248/248 249/249/249
f 250/250/250 251/251/251 252/252/252
f 253/253/253 254/254/254 255/255/255
f 256/256/256 257/257/257 258/258/258
f 259/259/259 260/260/260 261/261/261
f 262/262/262 263/263/263 264/264/264
f 265/265/265 266/266/266 267/267/267
f 268/268/268 269/269/269 270/270/270
f 271/271/271 272/272/272 273/273/273
f 274/274/274 275/275/275 276/276/276
f 277/277/277 278/278/278 279/279/279
f 280/280/280 281/281/281 282/282/282
f 283/283/283 284/284/284 285/285/285
f 286/286/286 287/287/287 288/288/288
f 289/289/289 290/290/290 291/291/291
f 292/292/292 293/293/293 294/294/294
f 295/295/295 296/296/296 297/297/297
f 298/298/298 299/299/299 300/300/300
f 301/301/301 302/302/302 303/303/303
f 304/304/304 305/305/305 306/306/306
f 307/307/307 308/308/308 309/309/309
f 310/310/310 311/311/311 312/312/312
f 313/313/313 314/314/314 315/315/315
f 316/316/316 317/317/317 318/318/318
f 319/319/319 320/320/320 321/321/321
f 322/322/322 323/323/323 324/324/324
f 325/325/325 326/326/326 327/327/327
f 328/328/328 329/329/329 330/330/330
f 331/331/331 332/332/332 333/333/333
f 334/334/334 335/335/335 336/336/336
f 337/337/337 338/338/338 339/339/339
f 340/340/340 341/341/341 342/342/342
f 343/343/343 344/344/344 345/345/345
f 346/346/346 347/347/347 348/348/348
f 349/349/349 350/350/350 351/351/351
f 352/352/352 353/353/353 354/354/354
f 355/355/355 356/356/356 357/357/357
f 358/358/358 359/359/359 360/360/360
f 361/361/361 362/362/362 363/363/363
f 364/364/364 365/365/365 366/366/366
f 367/367/367 368/368/368 369/369/369
f 370/370/370 371/371/371 372/372/372
f 373/373/373 374/374/374 375/375/375
f 376/376/376 377/377/377 378/378/378
f 379/379/379 380/380/380 381/381/381
f 382/382/382 383/383/383 384/384/384
f 385/385/385 386/386/386 387/387/387
f 388/388/388 389/389/389 390/390/390
f 391/391/391 392/392/392 393/393/393
f 394/394/394 395/395/395 396/396/396
f 397/397/397 398/398/398 399/399/399
f 400/400/400 401/401/401 402/402/402
f 403/403/403 404/404/404 405/405/405
f 406/406/406 407/407/407 408/408/408
f 409/409/409 410/410/410 411/411/411
f 412/412/412 413/413/413 414/414/414
f 415/415/415 416/416/416 417/417/417
f 418/418/418 419/419/419 420/420/420
f 421/421/421 422/422/422 423/423/423
f 424/424/424 425/425/425 426/426/426
f 427/427/427 428/428/428 429/429/429
f 430/430/430 431/431/431 432/432/432
f 433/433/433 434/434/434 435/435/435
f 436/436/436 437/437/437 438/438/438
f 439/439/439 440/440/440 441/441/441
f 442/442/442 443/443/443 444/444/444
f 445/445/445 446/446/446 447/447/447
f 448/448/448 449/449/449 450/450/450
f 451/451/451 452/452/452 453/453/453
f 454/454/454 455/455/455 456/456/456
f 457/457/457 458/458/458 459/459/459
f 460/460/460 461/461/461 462/462/462
f 463/463/463 464/464/464 465/465/465
f 466/466/466 467/467/467 468/468/468
f 469/469/469 470/470/470 471/471/471
f 472/472/472 473/473/473 474/474/474
f 475/475/475 476/476/476 477/477/477
f 478/478/478 479/479/479 480/480/480
f 481/481/481 482/482/482 483/483/483
f 484/484/484 485/485/485 486/486/486
f 487/487/487 488/488/488 489/489/489
f 490/490/490 491/491/491 492/492/492
f 493/493/493 494/494/494 495/495/495
f 496/496/496 497/497/497 498/498/498
f 499/499/499 500/500/500 501/501/501
f 502/502/502 503/503/503 504/504/504
f 505/505/505 506/506/506 507/507/507
f 508/508/508 509/509/509 510/510/510
f 511/511/511 512/512/512 513/513/513
f 514/514/514 515/515/515 516/516/516
f 517/517/517 518/518/518 519/519/519
f 520/520/520 521/521/521 522/522/522
f 523/523/523 524/524/524 525/525/525
f 526/526/526 527/527/527 528/528/528
f 529/529/529 530/530/530 531/531/531
f 532/532/532 533/533/533 534/534/534
f 535/535/535 536/536/536 537/537/537
f 538/538/538 539/539/539 540/540/540
f 541/541/541 542/542/542 543/543/543
f 544/544/544 545/545/545 546/546/546
f 547/547/547 548/548/548 549/549/549
f 550/550/550 551/551/551 552/552/552
f 553/553/553 554/554/554 555/555/555
f 556/556/556 557/557/557 558/558/558
f 559/559/559 560/560/560 561/561/561
f 562/562/562 563/563/563 564/564/564
f 565/565/565 566/566/566 567/567/567
f 568/568/568 569/569/569 570/570/570
f 571/571/571 572/572/572 573/573/573
f 574/574/574 575/575/575 576/576/576
f 577/577/577 578/578/578 579/579/579
f 580/580/580 581/581/581 582/582/582
f 583/583/583 584/584/584 585/585/585
f 586/586/586 587/587/587 588/588/588
f 589/589/589 590/590/590 591/591/591
f 592/592/592 593/593/593 594/594/594
f 595/595/595 596/596/596 597/597/597
f 598/598/598 599/599/599 600/600/600
f 601/601/601 602/602/602 603/603/603
f 604/604/604 605/605/605 606/606/606
f 607/607/607 608/608/608 609/609/609
f 610/610/610 611/611/611 612/612/612
f 613/613/613 614/614/614 615/615/615
f 616/616/616 617/617/617 618/618/618
f 619/619/619 620/620/620 621/621/621
f 622/622/622 623/623/623 624/624/624
f 625/625/625 626/626/626 627/627/627
f 628/628/628 629/629/629 630/630/630
f 631/631/631 632/632/632 633/633/633
f 634/634/634 635/635/635 636/636/636
f 637/637/637 638/638/638 639/639/639
f 640/640/640 641/641/641 642/642/642
f 643/643/643 644/644/644 645/645/645
f 646/646/646 647/647/647 648/648/648
f 649/649/649 650/650/650 651/651/651
f 652/652/652 653/653/653 654/654/654
f 655/655/655 656/656/656 657/657/657
f 658/658/658 659/659/659 660/660/660
f 661/661/661 662/662/662 663/663/663
f 664/664/664 665/665/665 666/666/666
f 667/667/667 668/668/668 669/669/669
f 670/670/670 671/671/671 672/672/672
f 673/673/673 674/674/674 675/675/675
f 676/676/676 677/677/677 678/678/678
f 679/679/679 680/680/680 681/681/681
f 682/682/682 683/683/683 684/684/684
f 685/685/685 686/686/686 687/687/687
f 688/688/688 689/689/689 690/690/690
f 691/691/691 692/692/692 693/693/693
f 694/694/694 695/695/695 696/696/696
f 697/697/697 698/698/698 699/699/699
f 700/700/700 701/701/701 702/702/702
f 703/703/703 704/704/704 705/705/705
f 706/706/706 707/707/707 708/708/708
f 709/709/709 710/710/710 711/711/711
f 712/712/712 713/713/713 714/714/714
f 715/715/715 716/716/716 717/717/717
f 718/718/718 719/719/719 720/720/720
f 721/721/721 722/722/722 723/723/723
f 724/724/724 725/725/725 726/726/726
f 727/727/727 728/728/728 729/729/729
f 730/730/730 731/731/731 732/732/732
f 733/733/733 734/734/734 735/735/735
f 736/736/736 737/737/737 738/738/738
f 739/739/739 740/740/740 741/741/741
f 742/742/742 743/743/743 744/744/744
f 745/745/745 746/746/746 747/747/747
f 748/748/748 749/749/749 750/750/750
f 751/751/751 752/752/752 753/753/753
f 754/754/754 755/755/755 756/756/756
f 757/757/757 758/758/758 759/759/759
f 760/760/760 761/761/761 762/762/762
f 763/763/763 764/764/764 765/765/765
f 766/766/766 767/767/767 768/768/768
f 769/769/769 770/770/770 771/771/771
f 772/772/772 773/773/773 774/774/774
f 775/775/775 776/776/776 777/777/777
f 778/778/778 779/779/779 780/780/780
f 781/781/781 782/782/782 783/783/783
f 784/784/784 785/785/785 786/786/786
f 787/787/787 788/788/788 789/789/789
f 790/790/790 791/791/791 792/792/792
f 793/793/793 794/794/794 795/795/795
f 796/796/796 797/797/797 798/798/798
f 799/799/799 800/800/800 801/801/801
f 802/802/802 803/803/803 804/804/804
f 805/805/805 806/806/806 807/807/807
f 808/808/808 809/809/809 810/810/810
f 811/811/811 812/812/812 813/813/813
f 814/814/814 815/815/815 816/816/816
f 817/817/817 818/818/818 819/819/819
f 820/820/820 821/821/821 822/822/822
f 823/823/823 824/824/824 825/825/825
f 826/826/826 827/827/827 828/828/828
f 829/829/829 830/830/830 831/831/831
f 832/832/832 833/833/833 834/834/834
f 835/835/835 836/836/836 837/837/837
f 838/838/838 839/839/839 840/840/840
f 841/841/841 842/842/842 843/843/843
f 844/844/844 845/845/845 846/846/846
f 847/847/847 848/848/848 849/849/849
f 850/850/850 851/851/851 852/852/852
f 853/853/853 854/854/854 855/855/855
f 856/856/856 857/857/857 858/858/858
f 859/859/859 860/860/860 861/861/861
f 862/862/862 863/863/863 864/864/864
f 865/865/865 866/866/866 867/867/867
f 868/868/868 869/869/869 870/870/870
f 871/871/871 872/872/872 873/873/873
f 874/874/874 875/875/875 876/876/876
f 877/877/877 878/878/878 879/879/879
f 880/880/880 881/881/881 882/882/882
f 883/883/883 884/884/884 885/885/885
f 886/886/886 887/887/887 888/888/888
f 889/889/889 890/890/890 891/891/891
f 892/892/892 893/893/893 894/894/894
f 895/895/895 896/896/896 897/897/897
f 898/898/898 899/899/899 900/900/900
f 901/901/901 902/902/902 903/903/903
f 904/904/904 905/905/905 906/906/906
f 907/907/907 908/908/908 909/909/909
f 910/910/910 911/911/911 912/912/912
f 913/913/913 914/914/914 915/915/915
f 916/916/916 917/917/917 918/918/918
f 919/919/919 920/920/920 921/921/921
f 922/922/922 923/923/923 924/924/924
f 925/925/925 926/926/926 927/927/927
f 928/928/928 929/929/929 930/930/930
f 931/931/931 932/932/932 933/933/933
f 934/934/934 935/935/935 936/936/936
f 937/937/937 938/938/938 939/939/939
f 940/940/940 941/941/941 942/942/942
f 943/943/943 944/944/944 945/945/945
f 946/946/946 947/947/947 948/948/948
f 949/949/949 950/950/950 951/951/951
f 952/952/952 953/953/953 954/954/954
f 955/955/955 956/956/956 957/957/957
f 958/958/958 959/959/959 960/960/960
f 961/961/961 962/962/962 963/963/963
f 964/964/964 965/965/965 966/966/966
f 967/967/967 968/968/968 969/969/969
f 970/970/970 971/971/971 972/972/972
f 973/973/973 974/974/974 975/975/975
f 976/976/976 977/977/977 978/978/978
f 979/979/979 980/980/980 981/981/981
f 982/982/982 983/983/983 984/984/984
f 985/985/985 986/986/986 987/987/987
f 988/988/988 989/989/989 990/990/990
f 991/991/991 992/992/992 993/993/993
f 994/994/994 995/995/995 996/996/996
f 997/997/997 998/998/998 999/999/999
f 1000/1000/1000 1001/1001/1001 1002/1002/1002
f 1003/1003/1003 1004/1004/1004 1005/1005/1005
f 1006/1006/1006 1007/1007/1007 1008/1008/1008
f 1009/1009/1009 1010/1010/1010 1011/1011/1011
f 1012/1012/1012 1013/1013/1013 1014/1014/1014
f 1015/1015/1015 1016/1016/1016 1017/1017/1017
f 1018/1018/1018 1019/1019/1019 1020/1020/1020
f 1021/1021/1021 1022/1022/1022 1023/1023/1023
f 1024/1024/1024 1025/1025/1025 1026/1026/1026
f 1027/1027/1027 1028/1028/1028 1029/1029/1029
f 1030/1030/1030 1031/1031/1031 1032/1032/1032
f 1033/1033/1033 1034/1034/1034 1035/1035/1035
f 1036/1036/1036 1037/1037/1037 1038/1038/1038
f 1039/1039/1039 1040/1040/1040 1041/1041/1041
f 1042/1042/1042 1043/1043/1043 1044/1044/1044
f 1045/1045/1045 1046/1046/1046 1047/1047/1047
f 1048/1048/1048 1049/1049/1049 1050/1050/1050
f 1051/1051/1051 1052/1052/1052 1053/1053/1053
f 1054/1054/1054 1055/1055/1055 1056/1056/1056
f 1057/1057/1057 1058/1058/1058 1059/1059/1059
f 1060/1060/1060 1061/1061/1061 1062/1062/1062
f 1063/1063/1063 1064/1064/1064 1065/1065/1065
f 1066/1066/1066 1067/1067/1067 1068/1068/1068
f 1069/1069/1069 1070/1070/1070 1071/1071/1071
f 1072/1072/1072 1073/1073/1073 1074/1074/1074
f 1075/1075/1075 1076/1076/1076 1077/1077/1077
f 1078/1078/1078 1079/1079/1079 1080/1080/1080
f 1081/1081/1081 1082/1082/1082 1083/1083/1083
f 1084/1084/1084 1085/1085/1085 1086/1086/1086
f 1087/1087/1087 1088/1088/1088 1089/1089/1089
f 1090/1090/1090 1091/1091/1091 1092/1092/1092
f 1093/1093/1093 1094/1094/1094 1095/1095/1095
f 1096/1096/1096 1097/1097/1097 1098/1098/1098
f 1099/1099/1099 1100/1100/1100 1101/1101/1101
f 1102/1102/1102 1103/1103/1103 1104/1104/1104
f 1105/1105/1105 1106/1106/1106 1107/1107/1107
f 1108/1108/1108 1109/1109/1109 1110/1110/1110
f 1111/1111/1111 1112/1112/1112 1113/1113/1113
f 1114/1114/1114 1115/1115/1115 1116/1116/1116
f 1117/1117/1117 1118/1118/1118 1119/1119/1119
f 1120/1120/1120 1121/1121/1121 1122/1122/1122
f 1123/1123/1123 1124/1124/1124 1125/1125/1125
f 1126/1126/1126 1127/1127/1127 1128/1128/1128
f 1129/1129/1129 1130/1130/1130 1131/1131/1131
f 1132/1132/1132 1133/1133/1133 1134/1134/1134
f 1135/1135/1135 1136/1136/1136 1137/1137/1137
f 1138/1138/1138 1139/1139/1139 1140/1140/1140
f 1141/1141/1141 1142/1142/1142 1143/1143/1143
f 1144/1144/1144 1145/1145/1145 1146/1146/1146
f 1147/1147/1147 1148/1148/1148 1149/1149/1149
f 1150/1150/1150 1151/1151/1151 1152/1152/1152
f 1153/1153/1153 1154/1154/1154 1155/1155/1155
f 1156/1156/1156 1157/1157/1157 1158/1158/1158
f 1159/1159/1159 1160/1160/1160 1161/1161/1161
f 1162/1162/1162 1163/1163/1163 1164/1164/1164
f 1165/1165/1165 1166/1166/1166 1167/1167/1167
f 1168/1168/1168 1169/1169/1169 1170/1170/1170
f 1171/1171/1171 1172/1172/1172 1173/1173/1173
f 1174/1174/1174 1175/1175/1175 1176/1176/1176
f 1177/1177/1177 1178/1178/1178 1179/1179/1179
f 1180/1180/1180 1181/1181/1181 1182/1182/1182
f 1183/1183/1183 1184/1184/1184 1185/1185/1185
f 1186/1186/1186 1187/1187/1187 1188/1188/1188
f 1189/1189/1189 1190/1190/1190 1191/1191/1191
f 1192/1192/1192 1193/1193/1193 1194/1194/1194
f 1195/1195/1195 1196/1196/1196 1197/1197/1197
f 1198/1198/1198 1199/1199/1199 1200/1200/1200
f 1201/1201/1201 1202/1202/1202 1203/1203/1203
f 1204/1204/1204 1205/1205/1205 1206/1206/1206
f 1207/1207/1207 1208/1208/1208 1209/1209/1209
f 1210/1210/1210 1211/1211/1211 1212/1212/1212
f 1213/1213/1213 1214/1214/1214 1215/1215/1215
f 1216/1216/1216 1217/1217/1217 1218/1218/1218
f 1219/1219/1219 1220/1220/1220 1221/1221/1221
f 1222/1222/1222 1223/1223/1223 1224/1224/1224
f 1225/1225/1225 1226/1226/1226 1227/1227/1227
f 1228/1228/1228 1229/1229/1229 1230/1230/1230
f 1231/1231/1231 1232/1232/1232 1233/1233/1233
f 1234/1234/1234 1235/1235/1235 1236/1236/1236
