# STALKER Armor converted geometry (MC model units, pivot-relative)
v -4.76554 0.69496 -2.48589
v -4.76554 -8.84846 4.65634
v -4.96123 0.96123 4.85562
v -4.76554 -8.84846 4.65634
v -0.08974 0.96123 4.85562
v -4.96123 0.96123 4.85562
v -0.08974 0.71187 -2.59388
v -4.71688 0.71187 -3.99333
v -4.71688 0.71187 -2.59388
v -1.38506 -1.53778 -4.47316
v -0.70113 -0.53599 -5.13556
v -1.24652 -1.64915 -5.13556
v -1.24652 -4.60043 -5.13556
v -1.56345 -4.27701 -5.13556
v -1.53572 -2.82967 -5.13556
v -1.74002 -4.48102 -4.47316
v -1.24652 -4.60043 -5.13556
v -1.38506 -4.84327 -4.47316
v -1.70896 -2.85997 -4.47316
v -1.24652 -1.64915 -5.13556
v -1.53572 -2.82967 -5.13556
v -1.38506 -4.84327 -4.47316
v -0.08974 -5.19069 -5.54359
v -0.08974 -6.03148 -4.88119
v -1.70896 -2.85997 -4.47316
v -1.56345 -4.27701 -5.13556
v -1.74002 -4.48102 -4.47316
v -0.08974 -0.07281 -4.88119
v -0.70113 -0.53599 -5.13556
v -0.77420 -0.29101 -4.47316
v -0.77420 -0.29101 -4.47316
v -1.38506 -1.53778 -4.47316
v -4.71688 0.71187 -3.99333
v -0.08974 0.96123 4.85562
v -4.76554 0.69496 -2.48589
v -4.96123 0.96123 4.85562
v -4.71688 -8.73223 -2.59388
v -4.76554 0.69496 -2.48589
v -4.71688 0.71187 -2.59388
v -4.71688 -4.01018 -3.99333
v -4.71688 -8.73223 -2.59388
v -4.71688 0.71187 -2.59388
v -0.08974 0.69496 -2.48589
v -4.71688 0.71187 -2.59388
v -4.76554 0.69496 -2.48589
v -0.08974 -8.84846 4.65634
v -4.76554 -8.84846 -2.48589
v -0.08974 -8.84846 -2.48589
v -0.08974 -8.73223 -2.59388
v -4.71688 -8.73223 -3.99333
v -0.08974 -8.73223 -4.88119
v -0.08974 -8.84846 -2.48589
v -4.71688 -8.73223 -2.59388
v -0.08974 -8.73223 -2.59388
v -1.41996 -8.33837 -4.62595
v -0.08974 -8.73223 -4.88119
v -4.71688 -8.73223 -3.99333
v -2.01866 -5.34428 -4.49702
v -0.92155 -6.68819 -4.74222
v -2.23483 -7.70898 -4.48358
v -0.78429 -6.58953 -4.98241
v -1.80073 -5.09523 -4.51776
v -0.62913 -6.52998 -4.77769
v -0.56875 -7.41397 -5.02319
v -0.62913 -6.52998 -4.77769
v -0.39481 -7.42670 -4.82266
v -0.83378 -8.03266 -4.97120
v -0.39481 -7.42670 -4.82266
v -0.70235 -8.14408 -4.76364
v -0.83378 -8.03266 -4.97120
v -1.41996 -8.33837 -4.62595
v -1.45788 -8.20168 -4.85070
v -1.45788 -8.20168 -4.85070
v -2.41582 -7.99463 -4.43486
v -2.38644 -7.88115 -4.67238
v -2.38644 -7.88115 -4.67238
v -3.66064 -6.50009 -4.19600
v -3.58605 -6.44096 -4.44245
v -3.74857 -5.41900 -4.41197
v -3.66064 -6.50009 -4.19600
v -3.83638 -5.39413 -4.16228
v -3.74857 -5.41900 -4.41197
v -3.44097 -4.73653 -4.23815
v -3.40126 -4.84109 -4.47962
v -2.75444 -4.60856 -4.55450
v -3.44097 -4.73653 -4.23815
v -2.69407 -4.46752 -4.33136
v -2.75444 -4.60856 -4.55450
v -1.80073 -5.09523 -4.51776
v -1.92685 -5.19018 -4.72821
v -0.92155 -6.68819 -4.74222
v -1.92685 -5.19018 -4.72821
v -0.78429 -6.58953 -4.98241
v -0.73542 -7.39950 -4.77648
v -0.78429 -6.58953 -4.98241
v -0.56875 -7.41397 -5.02319
v -0.93388 -7.86370 -4.73547
v -0.56875 -7.41397 -5.02319
v -0.83378 -8.03266 -4.97120
v -0.93388 -7.86370 -4.73547
v -1.45788 -8.20168 -4.85070
v -1.41162 -7.99315 -4.64191
v -1.41162 -7.99315 -4.64191
v -2.38644 -7.88115 -4.67238
v -2.23483 -7.70898 -4.48358
v -3.36365 -6.35385 -4.26764
v -2.38644 -7.88115 -4.67238
v -3.58605 -6.44096 -4.44245
v -3.50548 -5.46338 -4.24223
v -3.58605 -6.44096 -4.44245
v -3.74857 -5.41900 -4.41197
v -3.23347 -5.01021 -4.29698
v -3.74857 -5.41900 -4.41197
v -3.40126 -4.84109 -4.47962
v -3.23347 -5.01021 -4.29698
v -2.75444 -4.60856 -4.55450
v -2.74330 -4.83480 -4.34317
v -2.74330 -4.83480 -4.34317
v -1.92685 -5.19018 -4.72821
v -2.01866 -5.34428 -4.49702
v 4.58607 0.69496 -2.48589
v 4.58607 -8.84846 4.65634
v 4.58607 -8.84846 -2.48589
v -0.08974 0.96123 4.85562
v 4.58607 -8.84846 4.65634
v 4.78176 0.96123 4.85562
v 4.53741 0.71187 -3.99333
v -0.08974 0.71187 -2.59388
v 4.53741 0.71187 -2.59388
v 1.20558 -1.53778 -4.47316
v 0.52166 -0.53599 -5.13556
v 0.59473 -0.29101 -4.47316
v 1.06705 -4.60043 -5.13556
v -0.08974 -5.19069 -5.54359
v 1.35625 -2.82967 -5.13556
v 1.06705 -4.60043 -5.13556
v 1.56055 -4.48102 -4.47316
v 1.20558 -4.84327 -4.47316
v 1.52949 -2.85997 -4.47316
v 1.06705 -1.64915 -5.13556
v 1.20558 -1.53778 -4.47316
v -0.08974 -5.19069 -5.54359
v 1.20558 -4.84327 -4.47316
v -0.08974 -6.03148 -4.88119
v 1.38398 -4.27701 -5.13556
v 1.52949 -2.85997 -4.47316
v 1.56055 -4.48102 -4.47316
v 0.52166 -0.53599 -5.13556
v -0.08974 -0.07281 -4.88119
v 0.59473 -0.29101 -4.47316
v -0.08974 -6.03148 -4.88119
v 1.20558 -4.84327 -4.47316
v 0.44965 -6.52998 -4.77769
v 4.58607 0.69496 -2.48589
v -0.08974 0.96123 4.85562
v 4.78176 0.96123 4.85562
v 4.58607 0.69496 -2.48589
v 4.53741 -8.73223 -2.59388
v 4.53741 0.71187 -2.59388
v 4.53741 -8.73223 -2.59388
v 4.53741 -8.73223 -3.99333
v 4.53741 -4.01018 -3.99333
v 4.53741 0.71187 -2.59388
v -0.08974 0.69496 -2.48589
v 4.58607 0.69496 -2.48589
v 4.58607 -8.84846 -2.48589
v -0.08974 -8.84846 4.65634
v -0.08974 -8.84846 -2.48589
v 4.53741 -8.73223 -3.99333
v -0.08974 -8.73223 -2.59388
v -0.08974 -8.73223 -4.88119
v 4.53741 -8.73223 -2.59388
v -0.08974 -8.84846 -2.48589
v -0.08974 -8.73223 -2.59388
v 4.53741 -8.73223 -3.99333
v -0.08974 -8.73223 -4.88119
v 1.24048 -8.33837 -4.62595
v 3.18418 -6.35385 -4.26764
v 2.05536 -7.70898 -4.48358
v 1.83919 -5.34428 -4.49702
v 0.60482 -6.58953 -4.98241
v 1.62126 -5.09523 -4.51776
v 1.74738 -5.19018 -4.72821
v 0.38928 -7.41397 -5.02319
v 0.44965 -6.52998 -4.77769
v 0.60482 -6.58953 -4.98241
v 0.65430 -8.03266 -4.97120
v 0.21533 -7.42670 -4.82266
v 0.38928 -7.41397 -5.02319
v 1.24048 -8.33837 -4.62595
v 0.65430 -8.03266 -4.97120
v 1.27840 -8.20168 -4.85070
v 2.23634 -7.99463 -4.43486
v 1.27840 -8.20168 -4.85070
v 2.20696 -7.88115 -4.67238
v 3.48117 -6.50009 -4.19600
v 2.20696 -7.88115 -4.67238
v 3.40657 -6.44096 -4.44245
v 3.56909 -5.41900 -4.41197
v 3.48117 -6.50009 -4.19600
v 3.40657 -6.44096 -4.44245
v 3.26149 -4.73653 -4.23815
v 3.56909 -5.41900 -4.41197
v 3.22178 -4.84109 -4.47962
v 2.57496 -4.60856 -4.55450
v 3.26149 -4.73653 -4.23815
v 3.22178 -4.84109 -4.47962
v 1.62126 -5.09523 -4.51776
v 2.57496 -4.60856 -4.55450
v 1.74738 -5.19018 -4.72821
v 0.74208 -6.68819 -4.74222
v 1.74738 -5.19018 -4.72821
v 1.83919 -5.34428 -4.49702
v 0.55595 -7.39950 -4.77648
v 0.60482 -6.58953 -4.98241
v 0.74208 -6.68819 -4.74222
v 0.75441 -7.86370 -4.73547
v 0.38928 -7.41397 -5.02319
v 0.55595 -7.39950 -4.77648
v 1.27840 -8.20168 -4.85070
v 0.75441 -7.86370 -4.73547
v 1.23214 -7.99315 -4.64191
v 2.20696 -7.88115 -4.67238
v 1.23214 -7.99315 -4.64191
v 2.05536 -7.70898 -4.48358
v 3.18418 -6.35385 -4.26764
v 2.20696 -7.88115 -4.67238
v 2.05536 -7.70898 -4.48358
v 3.32601 -5.46338 -4.24223
v 3.40657 -6.44096 -4.44245
v 3.18418 -6.35385 -4.26764
v 3.05400 -5.01021 -4.29698
v 3.56909 -5.41900 -4.41197
v 3.32601 -5.46338 -4.24223
v 2.57496 -4.60856 -4.55450
v 3.05400 -5.01021 -4.29698
v 2.56383 -4.83480 -4.34317
v 1.74738 -5.19018 -4.72821
v 2.56383 -4.83480 -4.34317
v 1.83919 -5.34428 -4.49702
v -3.10248 -2.13851 -4.23173
v -3.08524 -2.03759 -4.81066
v -2.90348 -2.10661 -4.29168
v -2.90348 -2.10661 -4.29168
v -2.89388 -1.96545 -4.86136
v -2.71212 -2.03447 -4.34238
v -2.71212 -2.03447 -4.34238
v -2.71753 -1.85585 -4.90087
v -2.53576 -1.92487 -4.38188
v -2.53576 -1.92487 -4.38188
v -2.56295 -1.71301 -4.92766
v -2.38118 -1.78203 -4.40867
v -2.38118 -1.78203 -4.40867
v -2.43609 -1.54241 -4.94070
v -2.25432 -1.61143 -4.42171
v -2.25432 -1.61143 -4.42171
v -2.34182 -1.35060 -4.93949
v -2.16006 -1.41962 -4.42051
v -2.16006 -1.41962 -4.42051
v -2.28378 -1.14497 -4.92409
v -2.10201 -1.21399 -4.40510
v -2.10201 -1.21399 -4.40510
v -2.26418 -0.93341 -4.89508
v -2.08241 -1.00243 -4.37609
v -2.08241 -1.00243 -4.37609
v -2.28378 -0.72405 -4.85357
v -2.10201 -0.79307 -4.33459
v -2.10201 -0.79307 -4.33459
v -2.34182 -0.52493 -4.80117
v -2.16006 -0.59396 -4.28218
v -2.16006 -0.59396 -4.28218
v -2.43609 -0.34372 -4.73988
v -2.25432 -0.41274 -4.22090
v -2.25432 -0.41274 -4.22090
v -2.56295 -0.18737 -4.67206
v -2.38118 -0.25640 -4.15308
v -2.38118 -0.25640 -4.15308
v -2.71753 -0.06189 -4.60033
v -2.53576 -0.13092 -4.08134
v -2.53576 -0.13092 -4.08134
v -2.89388 0.02789 -4.52742
v -2.71212 -0.04113 -4.00843
v -2.89388 0.02789 -4.52742
v -2.90348 0.00951 -3.93717
v -2.71212 -0.04113 -4.00843
v -3.08524 0.07853 -4.45615
v -3.10248 0.01906 -3.87027
v -2.90348 0.00951 -3.93717
v -3.28425 0.08808 -4.38925
v -3.30149 -0.01285 -3.81032
v -3.10248 0.01906 -3.87027
v -3.48325 0.05617 -4.32930
v -3.49284 -0.08499 -3.75962
v -3.30149 -0.01285 -3.81032
v -3.67461 -0.01597 -4.27860
v -3.66920 -0.19459 -3.72012
v -3.49284 -0.08499 -3.75962
v -3.85097 -0.12557 -4.23910
v -3.82378 -0.33743 -3.69333
v -3.66920 -0.19459 -3.72012
v -4.00555 -0.26841 -4.21231
v -3.95064 -0.50803 -3.68029
v -3.82378 -0.33743 -3.69333
v -4.13240 -0.43901 -4.19927
v -4.04490 -0.69984 -3.68149
v -3.95064 -0.50803 -3.68029
v -4.22667 -0.63082 -4.20047
v -4.10295 -0.90547 -3.69689
v -4.04490 -0.69984 -3.68149
v -4.28472 -0.83645 -4.21588
v -4.12255 -1.11703 -3.72591
v -4.10295 -0.90547 -3.69689
v -4.30432 -1.04801 -4.24489
v -4.10295 -1.32639 -3.76741
v -4.12255 -1.11703 -3.72591
v -4.28472 -1.25737 -4.28640
v -4.04490 -1.52550 -3.81981
v -4.10295 -1.32639 -3.76741
v -4.22667 -1.45648 -4.33880
v -3.95064 -1.70672 -3.88110
v -4.04490 -1.52550 -3.81981
v -4.13240 -1.63769 -4.40009
v -3.82378 -1.86307 -3.94892
v -3.95064 -1.70672 -3.88110
v -4.00555 -1.79405 -4.46790
v -3.66920 -1.98854 -4.02066
v -3.82378 -1.86307 -3.94892
v -3.85097 -1.91952 -4.53965
v -3.49284 -2.07833 -4.09356
v -3.66920 -1.98854 -4.02066
v -2.34182 -1.35060 -4.93949
v -2.89388 -1.96545 -4.86136
v -3.67461 -0.01597 -4.27860
v -3.49284 -2.07833 -4.09356
v -3.48325 -2.05994 -4.68382
v -3.30148 -2.12897 -4.16484
v -3.30148 -2.12897 -4.16484
v -3.28425 -2.06950 -4.75071
v -3.10248 -2.13851 -4.23173
v -2.10201 -1.21399 -4.40510
v -2.90348 0.00951 -3.93717
v -4.10295 -0.90547 -3.69689
v 5.28712 -2.48617 -2.76638
v 6.06531 -1.35658 -4.14282
v 5.24648 -2.04971 -2.60123
v 5.24648 -2.04971 -2.60123
v 5.94497 -0.92078 -4.01986
v 5.12614 -1.61391 -2.47826
v 5.94497 -0.92078 -4.01986
v 4.93072 -1.19552 -2.40221
v 5.12614 -1.61391 -2.47826
v 4.93072 -1.19552 -2.40221
v 5.48655 -0.11747 -3.91759
v 4.66772 -0.81060 -2.37599
v 4.66772 -0.81060 -2.37599
v 5.16608 0.21916 -3.94222
v 4.34726 -0.47397 -2.40062
v 5.16608 0.21916 -3.94222
v 3.98165 -0.19855 -2.47515
v 4.34726 -0.47397 -2.40062
v 3.98165 -0.19855 -2.47515
v 4.40376 0.69821 -4.13830
v 3.58494 0.00508 -2.59670
v 4.40376 0.69821 -4.13830
v 3.17237 0.12908 -2.76062
v 3.58494 0.00508 -2.59670
v 3.17237 0.12908 -2.76062
v 3.57863 0.86183 -4.50220
v 2.75980 0.16870 -2.96061
v 3.57863 0.86183 -4.50220
v 2.36309 0.12240 -3.18897
v 2.75980 0.16870 -2.96061
v 2.36309 0.12240 -3.18897
v 2.81630 0.68511 -4.97853
v 1.99747 -0.00802 -3.43693
v 1.99747 -0.00802 -3.43693
v 2.49584 0.47556 -5.23656
v 1.67701 -0.21757 -3.69497
v 2.49584 0.47556 -5.23656
v 1.41402 -0.49818 -3.95316
v 1.67701 -0.21757 -3.69497
v 2.23284 0.19495 -5.49476
v 1.21859 -0.83907 -4.20159
v 1.41402 -0.49818 -3.95316
v 1.21859 -0.83907 -4.20159
v 1.91708 -0.53401 -5.97230
v 1.09825 -1.22714 -4.43070
v 1.09825 -1.22714 -4.43070
v 1.87644 -0.95436 -6.17329
v 1.05762 -1.64749 -4.63170
v 1.87644 -0.95436 -6.17329
v 1.09825 -2.08395 -4.79685
v 1.05762 -1.64749 -4.63170
v 1.91708 -1.39082 -6.33845
v 1.21859 -2.51974 -4.91982
v 1.09825 -2.08395 -4.79685
v 2.03742 -1.82661 -6.46142
v 1.41402 -2.93814 -4.99587
v 1.21859 -2.51974 -4.91982
v 2.23284 -2.24501 -6.53747
v 1.67701 -3.32305 -5.02209
v 1.41402 -2.93814 -4.99587
v 2.49584 -2.62992 -6.56369
v 1.99747 -3.65968 -4.99746
v 1.67701 -3.32305 -5.02209
v 2.81630 -2.96655 -6.53906
v 2.36309 -3.93511 -4.92294
v 1.99747 -3.65968 -4.99746
v 2.36309 -3.93511 -4.92294
v 3.57863 -3.44560 -6.34297
v 2.75980 -4.13873 -4.80138
v 3.57863 -3.44560 -6.34297
v 3.17237 -4.26274 -4.63746
v 2.75980 -4.13873 -4.80138
v 3.99120 -3.56961 -6.17905
v 3.58494 -4.30235 -4.43747
v 3.17237 -4.26274 -4.63746
v 3.58494 -4.30235 -4.43747
v 4.80047 -3.56293 -5.75071
v 3.98165 -4.25606 -4.20911
v 3.98165 -4.25606 -4.20911
v 5.16609 -3.43250 -5.50274
v 4.34726 -4.12563 -3.96115
v 5.16609 -3.43250 -5.50274
v 4.66773 -3.91609 -3.70311
v 4.34726 -4.12563 -3.96115
v 5.48655 -3.22296 -5.24471
v 4.93072 -3.63547 -3.44492
v 4.66773 -3.91609 -3.70311
v 4.93072 -3.63547 -3.44492
v 5.94497 -2.60145 -4.73809
v 5.12614 -3.29458 -3.19649
v 2.40733 -1.67571 -6.49607
v 3.39723 0.60953 -4.99903
v 5.78704 -0.89223 -4.38432
v 5.12614 -3.29458 -3.19649
v 6.06531 -2.21338 -4.50898
v 5.24648 -2.90651 -2.96738
v 6.06531 -2.21338 -4.50898
v 5.28712 -2.48617 -2.76638
v 5.24648 -2.90651 -2.96738
v 4.14077 -3.96491 -3.78664
v 4.94118 -2.87975 -2.90208
v 1.24878 -1.38492 -4.20460
v 5.89113 -1.26917 -4.49068
v 6.10594 -1.79304 -4.30798
v 5.92627 -1.64667 -4.63352
v 5.78704 -0.89223 -4.38432
v 6.06531 -1.35658 -4.14282
v 5.89113 -1.26917 -4.49068
v 5.78704 -0.89223 -4.38432
v 5.74954 -0.50239 -3.94380
v 5.94497 -0.92078 -4.01986
v 5.39055 -0.19744 -4.29587
v 5.74954 -0.50239 -3.94380
v 5.61802 -0.53036 -4.31854
v 5.39055 -0.19744 -4.29587
v 5.16608 0.21916 -3.94222
v 5.48655 -0.11747 -3.91759
v 4.79715 0.33193 -4.38163
v 5.16608 0.21916 -3.94222
v 5.11337 0.09372 -4.31717
v 4.45403 0.50806 -4.48676
v 4.80047 0.49458 -4.01674
v 4.79715 0.33193 -4.38163
v 4.45403 0.50806 -4.48676
v 3.99119 0.82221 -4.30222
v 4.40376 0.69821 -4.13830
v 3.74035 0.64957 -4.80151
v 3.99119 0.82221 -4.30222
v 4.09719 0.61531 -4.62854
v 3.74035 0.64957 -4.80151
v 3.18191 0.81553 -4.73057
v 3.57863 0.86183 -4.50220
v 3.08100 0.49672 -5.21349
v 3.18191 0.81553 -4.73057
v 3.39723 0.60953 -4.99903
v 2.80383 0.31549 -5.43667
v 2.81630 0.68511 -4.97853
v 3.08100 0.49672 -5.21349
v 2.80383 0.31549 -5.43667
v 2.23284 0.19495 -5.49476
v 2.49584 0.47556 -5.23656
v 2.57636 0.07278 -5.65999
v 2.03742 -0.14594 -5.74319
v 2.23284 0.19495 -5.49476
v 2.30325 -0.55771 -6.07302
v 2.03742 -0.14594 -5.74319
v 2.40733 -0.22206 -5.87486
v 2.26810 -0.92128 -6.24687
v 1.91708 -0.53401 -5.97230
v 2.30325 -0.55771 -6.07302
v 2.30325 -1.29878 -6.38971
v 1.87644 -0.95436 -6.17329
v 2.26810 -0.92128 -6.24687
v 2.40733 -1.67571 -6.49607
v 1.91708 -1.39082 -6.33845
v 2.30325 -1.29878 -6.38971
v 2.57636 -2.03759 -6.56185
v 2.03742 -1.82661 -6.46142
v 2.40733 -1.67571 -6.49607
v 2.80383 -2.37050 -6.58452
v 2.23284 -2.24501 -6.53747
v 2.57636 -2.03759 -6.56185
v 2.80383 -2.37050 -6.58452
v 2.81630 -2.96655 -6.53906
v 2.49584 -2.62992 -6.56369
v 3.39723 -2.89988 -6.49876
v 2.81630 -2.96655 -6.53906
v 3.08100 -2.66166 -6.56322
v 3.39723 -2.89988 -6.49876
v 3.57863 -3.44560 -6.34297
v 3.18191 -3.24198 -6.46453
v 3.74035 -3.07600 -6.39363
v 3.99120 -3.56961 -6.17905
v 3.57863 -3.44560 -6.34297
v 4.09719 -3.18325 -6.25184
v 4.40376 -3.60922 -5.97907
v 3.99120 -3.56961 -6.17905
v 4.79715 -3.17747 -5.88136
v 4.40376 -3.60922 -5.97907
v 4.45403 -3.21752 -6.07888
v 4.79715 -3.17747 -5.88136
v 5.16609 -3.43250 -5.50274
v 4.80047 -3.56293 -5.75071
v 5.11338 -3.06466 -5.66689
v 5.48655 -3.22296 -5.24471
v 5.16609 -3.43250 -5.50274
v 5.39055 -2.88343 -5.44372
v 5.74955 -2.94234 -4.98652
v 5.48655 -3.22296 -5.24471
v 5.61802 -2.64072 -5.22040
v 5.94497 -2.60145 -4.73809
v 5.74955 -2.94234 -4.98652
v 5.89113 -2.01023 -4.80737
v 5.94497 -2.60145 -4.73809
v 5.78704 -2.34588 -5.00553
v 5.89113 -2.01023 -4.80737
v 6.10594 -1.79304 -4.30798
v 6.06531 -2.21338 -4.50898
v 4.97735 -2.50560 -2.72317
v 5.24648 -2.04971 -2.60123
v 4.94118 -2.11710 -2.57616
v 4.94118 -2.11710 -2.57616
v 5.12614 -1.61391 -2.47826
v 4.83406 -1.72919 -2.46671
v 4.66011 -1.35677 -2.39901
v 5.12614 -1.61391 -2.47826
v 4.93072 -1.19552 -2.40221
v 4.66011 -1.35677 -2.39901
v 4.66772 -0.81060 -2.37599
v 4.42601 -1.01416 -2.37568
v 4.42601 -1.01416 -2.37568
v 4.34726 -0.47397 -2.40062
v 4.14076 -0.71451 -2.39760
v 4.14076 -0.71451 -2.39760
v 3.98165 -0.19855 -2.47515
v 3.81533 -0.46936 -2.46393
v 3.46221 -0.28810 -2.57213
v 3.98165 -0.19855 -2.47515
v 3.58494 0.00508 -2.59670
v 3.46221 -0.28810 -2.57213
v 3.17237 0.12908 -2.76062
v 3.09498 -0.17773 -2.71804
v 2.72774 -0.14247 -2.89605
v 3.17237 0.12908 -2.76062
v 2.75980 0.16870 -2.96061
v 2.72774 -0.14247 -2.89605
v 2.36309 0.12240 -3.18897
v 2.37462 -0.18368 -3.09932
v 2.37462 -0.18368 -3.09932
v 1.99747 -0.00802 -3.43693
v 2.04919 -0.29977 -3.32003
v 2.04919 -0.29977 -3.32003
v 1.67701 -0.21757 -3.69497
v 1.76394 -0.48628 -3.54972
v 1.52985 -0.73606 -3.77953
v 1.67701 -0.21757 -3.69497
v 1.41402 -0.49818 -3.95316
v 1.52985 -0.73606 -3.77953
v 1.21859 -0.83907 -4.20159
v 1.35590 -1.03950 -4.00066
v 1.35590 -1.03950 -4.00066
v 1.09825 -1.22714 -4.43070
v 1.24878 -1.38492 -4.20460
v 1.24878 -1.38492 -4.20460
v 1.05762 -1.64749 -4.63170
v 1.21261 -1.75908 -4.38351
v 1.24878 -2.14758 -4.53052
v 1.05762 -1.64749 -4.63170
v 1.09825 -2.08395 -4.79685
v 1.24878 -2.14758 -4.53052
v 1.21859 -2.51974 -4.91982
v 1.35590 -2.53549 -4.63997
v 1.52985 -2.90791 -4.70767
v 1.21859 -2.51974 -4.91982
v 1.41402 -2.93814 -4.99587
v 1.76394 -3.25052 -4.73100
v 1.41402 -2.93814 -4.99587
v 1.67701 -3.32305 -5.02209
v 2.04919 -3.55016 -4.70908
v 1.67701 -3.32305 -5.02209
v 1.99747 -3.65968 -4.99746
v 2.04919 -3.55016 -4.70908
v 2.36309 -3.93511 -4.92294
v 2.37463 -3.79532 -4.64275
v 2.37463 -3.79532 -4.64275
v 2.75980 -4.13873 -4.80138
v 2.72775 -3.97657 -4.53454
v 3.09498 -4.08695 -4.38864
v 2.75980 -4.13873 -4.80138
v 3.17237 -4.26274 -4.63746
v 3.46221 -4.12221 -4.21063
v 3.17237 -4.26274 -4.63746
v 3.58494 -4.30235 -4.43747
v 3.46221 -4.12221 -4.21063
v 3.98165 -4.25606 -4.20911
v 3.81533 -4.08100 -4.00736
v 4.14077 -3.96491 -3.78664
v 3.98165 -4.25606 -4.20911
v 4.34726 -4.12563 -3.96115
v 4.14077 -3.96491 -3.78664
v 4.66773 -3.91609 -3.70311
v 4.42601 -3.77839 -3.55696
v 4.42601 -3.77839 -3.55696
v 4.93072 -3.63547 -3.44492
v 4.66011 -3.52861 -3.32714
v 4.83406 -3.22518 -3.10602
v 4.93072 -3.63547 -3.44492
v 5.12614 -3.29458 -3.19649
v 4.83406 -3.22518 -3.10602
v 5.24648 -2.90651 -2.96738
v 4.94118 -2.87975 -2.90208
v 4.94118 -2.87975 -2.90208
v 5.28712 -2.48617 -2.76638
v 4.97735 -2.50560 -2.72317
v -4.76554 0.69496 -2.48589
v -4.76554 -8.84846 -2.48589
v -4.76554 -8.84846 4.65634
v -4.76554 -8.84846 4.65634
v -0.08974 -8.84846 4.65634
v -0.08974 0.96123 4.85562
v -0.08974 0.71187 -2.59388
v -0.08974 0.71187 -4.88119
v -4.71688 0.71187 -3.99333
v -1.38506 -1.53778 -4.47316
v -0.77420 -0.29101 -4.47316
v -0.70113 -0.53599 -5.13556
v -1.53572 -2.82967 -5.13556
v -1.24652 -1.64915 -5.13556
v -0.08974 -5.19069 -5.54359
v -1.24652 -1.64915 -5.13556
v -0.70113 -0.53599 -5.13556
v -0.08974 -0.31779 -5.54359
v -0.08974 -0.31779 -5.54359
v -0.08974 -5.19069 -5.54359
v -1.24652 -1.64915 -5.13556
v -0.08974 -5.19069 -5.54359
v -1.24652 -4.60043 -5.13556
v -1.53572 -2.82967 -5.13556
v -1.74002 -4.48102 -4.47316
v -1.56345 -4.27701 -5.13556
v -1.24652 -4.60043 -5.13556
v -1.70896 -2.85997 -4.47316
v -1.38506 -1.53778 -4.47316
v -1.24652 -1.64915 -5.13556
v -1.38506 -4.84327 -4.47316
v -1.24652 -4.60043 -5.13556
v -0.08974 -5.19069 -5.54359
v -1.70896 -2.85997 -4.47316
v -1.53572 -2.82967 -5.13556
v -1.56345 -4.27701 -5.13556
v -0.08974 -0.07281 -4.88119
v -0.08974 -0.31779 -5.54359
v -0.70113 -0.53599 -5.13556
v -1.38506 -4.84327 -4.47316
v -0.08974 -6.03148 -4.88119
v -0.62913 -6.52998 -4.77769
v -0.08974 -6.03148 -4.88119
v -0.08974 -6.37120 -4.88119
v -0.62913 -6.52998 -4.77769
v -0.08974 -6.37120 -4.88119
v -0.39481 -7.42670 -4.82266
v -0.62913 -6.52998 -4.77769
v -0.62913 -6.52998 -4.77769
v -1.80073 -5.09523 -4.51776
v -1.38506 -4.84327 -4.47316
v -1.74002 -4.48102 -4.47316
v -1.38506 -4.84327 -4.47316
v -1.80073 -5.09523 -4.51776
v -1.74002 -4.48102 -4.47316
v -1.80073 -5.09523 -4.51776
v -2.69407 -4.46752 -4.33136
v -1.70896 -2.85997 -4.47316
v -1.74002 -4.48102 -4.47316
v -2.69407 -4.46752 -4.33136
v -3.44097 -4.73653 -4.23815
v -3.83638 -5.39413 -4.16228
v -4.71688 -4.01018 -3.99333
v -1.70896 -2.85997 -4.47316
v -2.69407 -4.46752 -4.33136
v -4.71688 -4.01018 -3.99333
v -2.69407 -4.46752 -4.33136
v -3.44097 -4.73653 -4.23815
v -4.71688 -4.01018 -3.99333
v -1.38506 -1.53778 -4.47316
v -1.70896 -2.85997 -4.47316
v -4.71688 0.71187 -3.99333
v -4.71688 -4.01018 -3.99333
v -4.71688 0.71187 -3.99333
v -1.70896 -2.85997 -4.47316
v -4.71688 0.71187 -3.99333
v -0.08974 0.71187 -4.88119
v -0.77420 -0.29101 -4.47316
v -0.08974 0.71187 -4.88119
v -0.08974 -0.07281 -4.88119
v -0.77420 -0.29101 -4.47316
v -0.08974 0.96123 4.85562
v -0.08974 0.69496 -2.48589
v -4.76554 0.69496 -2.48589
v -4.71688 -8.73223 -2.59388
v -4.76554 -8.84846 -2.48589
v -4.76554 0.69496 -2.48589
v -4.71688 0.71187 -2.59388
v -4.71688 0.71187 -3.99333
v -4.71688 -4.01018 -3.99333
v -4.71688 -4.01018 -3.99333
v -4.71688 -8.73223 -3.99333
v -4.71688 -8.73223 -2.59388
v -0.08974 0.69496 -2.48589
v -0.08974 0.71187 -2.59388
v -4.71688 0.71187 -2.59388
v -0.08974 -8.84846 4.65634
v -4.76554 -8.84846 4.65634
v -4.76554 -8.84846 -2.48589
v -0.08974 -8.73223 -2.59388
v -4.71688 -8.73223 -2.59388
v -4.71688 -8.73223 -3.99333
v -0.08974 -8.84846 -2.48589
v -4.76554 -8.84846 -2.48589
v -4.71688 -8.73223 -2.59388
v -4.71688 -8.73223 -3.99333
v -4.71688 -4.01018 -3.99333
v -3.83638 -5.39413 -4.16228
v -4.71688 -8.73223 -3.99333
v -3.83638 -5.39413 -4.16228
v -3.66064 -6.50009 -4.19600
v -0.39481 -7.42670 -4.82266
v -0.08974 -6.37120 -4.88119
v -0.08974 -8.73223 -4.88119
v -0.70235 -8.14408 -4.76364
v -0.39481 -7.42670 -4.82266
v -0.08974 -8.73223 -4.88119
v -4.71688 -8.73223 -3.99333
v -3.66064 -6.50009 -4.19600
v -2.41582 -7.99463 -4.43486
v -1.41996 -8.33837 -4.62595
v -0.70235 -8.14408 -4.76364
v -0.08974 -8.73223 -4.88119
v -4.71688 -8.73223 -3.99333
v -2.41582 -7.99463 -4.43486
v -1.41996 -8.33837 -4.62595
v -0.73542 -7.39950 -4.77648
v -0.93388 -7.86370 -4.73547
v -1.41162 -7.99315 -4.64191
v -1.41162 -7.99315 -4.64191
v -2.23483 -7.70898 -4.48358
v -0.92155 -6.68819 -4.74222
v -2.23483 -7.70898 -4.48358
v -3.36365 -6.35385 -4.26764
v -2.01866 -5.34428 -4.49702
v -1.41162 -7.99315 -4.64191
v -0.92155 -6.68819 -4.74222
v -0.73542 -7.39950 -4.77648
v -3.36365 -6.35385 -4.26764
v -3.50548 -5.46338 -4.24223
v -2.01866 -5.34428 -4.49702
v -3.50548 -5.46338 -4.24223
v -3.23347 -5.01021 -4.29698
v -2.74330 -4.83480 -4.34317
v -2.01866 -5.34428 -4.49702
v -3.50548 -5.46338 -4.24223
v -2.74330 -4.83480 -4.34317
v -0.78429 -6.58953 -4.98241
v -1.92685 -5.19018 -4.72821
v -1.80073 -5.09523 -4.51776
v -0.56875 -7.41397 -5.02319
v -0.78429 -6.58953 -4.98241
v -0.62913 -6.52998 -4.77769
v -0.83378 -8.03266 -4.97120
v -0.56875 -7.41397 -5.02319
v -0.39481 -7.42670 -4.82266
v -0.83378 -8.03266 -4.97120
v -0.70235 -8.14408 -4.76364
v -1.41996 -8.33837 -4.62595
v -1.45788 -8.20168 -4.85070
v -1.41996 -8.33837 -4.62595
v -2.41582 -7.99463 -4.43486
v -2.38644 -7.88115 -4.67238
v -2.41582 -7.99463 -4.43486
v -3.66064 -6.50009 -4.19600
v -3.74857 -5.41900 -4.41197
v -3.58605 -6.44096 -4.44245
v -3.66064 -6.50009 -4.19600
v -3.74857 -5.41900 -4.41197
v -3.83638 -5.39413 -4.16228
v -3.44097 -4.73653 -4.23815
v -2.75444 -4.60856 -4.55450
v -3.40126 -4.84109 -4.47962
v -3.44097 -4.73653 -4.23815
v -2.75444 -4.60856 -4.55450
v -2.69407 -4.46752 -4.33136
v -1.80073 -5.09523 -4.51776
v -0.92155 -6.68819 -4.74222
v -2.01866 -5.34428 -4.49702
v -1.92685 -5.19018 -4.72821
v -0.73542 -7.39950 -4.77648
v -0.92155 -6.68819 -4.74222
v -0.78429 -6.58953 -4.98241
v -0.93388 -7.86370 -4.73547
v -0.73542 -7.39950 -4.77648
v -0.56875 -7.41397 -5.02319
v -0.93388 -7.86370 -4.73547
v -0.83378 -8.03266 -4.97120
v -1.45788 -8.20168 -4.85070
v -1.41162 -7.99315 -4.64191
v -1.45788 -8.20168 -4.85070
v -2.38644 -7.88115 -4.67238
v -3.36365 -6.35385 -4.26764
v -2.23483 -7.70898 -4.48358
v -2.38644 -7.88115 -4.67238
v -3.50548 -5.46338 -4.24223
v -3.36365 -6.35385 -4.26764
v -3.58605 -6.44096 -4.44245
v -3.23347 -5.01021 -4.29698
v -3.50548 -5.46338 -4.24223
v -3.74857 -5.41900 -4.41197
v -3.23347 -5.01021 -4.29698
v -3.40126 -4.84109 -4.47962
v -2.75444 -4.60856 -4.55450
v -2.74330 -4.83480 -4.34317
v -2.75444 -4.60856 -4.55450
v -1.92685 -5.19018 -4.72821
v 4.58607 0.69496 -2.48589
v 4.78176 0.96123 4.85562
v 4.58607 -8.84846 4.65634
v -0.08974 0.96123 4.85562
v -0.08974 -8.84846 4.65634
v 4.58607 -8.84846 4.65634
v 4.53741 0.71187 -3.99333
v -0.08974 0.71187 -4.88119
v -0.08974 0.71187 -2.59388
v 1.20558 -1.53778 -4.47316
v 1.06705 -1.64915 -5.13556
v 0.52166 -0.53599 -5.13556
v 0.52166 -0.53599 -5.13556
v 1.06705 -1.64915 -5.13556
v -0.08974 -0.31779 -5.54359
v 1.06705 -1.64915 -5.13556
v 1.35625 -2.82967 -5.13556
v -0.08974 -5.19069 -5.54359
v -0.08974 -0.31779 -5.54359
v 1.06705 -1.64915 -5.13556
v -0.08974 -5.19069 -5.54359
v 1.35625 -2.82967 -5.13556
v 1.38398 -4.27701 -5.13556
v 1.06705 -4.60043 -5.13556
v 1.06705 -4.60043 -5.13556
v 1.38398 -4.27701 -5.13556
v 1.56055 -4.48102 -4.47316
v 1.52949 -2.85997 -4.47316
v 1.35625 -2.82967 -5.13556
v 1.06705 -1.64915 -5.13556
v -0.08974 -5.19069 -5.54359
v 1.06705 -4.60043 -5.13556
v 1.20558 -4.84327 -4.47316
v 1.38398 -4.27701 -5.13556
v 1.35625 -2.82967 -5.13556
v 1.52949 -2.85997 -4.47316
v 0.52166 -0.53599 -5.13556
v -0.08974 -0.31779 -5.54359
v -0.08974 -0.07281 -4.88119
v 0.59473 -0.29101 -4.47316
v -0.08974 -0.07281 -4.88119
v -0.08974 0.71187 -4.88119
v -0.08974 0.71187 -4.88119
v 4.53741 0.71187 -3.99333
v 0.59473 -0.29101 -4.47316
v 4.53741 0.71187 -3.99333
v 4.53741 -4.01018 -3.99333
v 1.52949 -2.85997 -4.47316
v 0.59473 -0.29101 -4.47316
v 4.53741 0.71187 -3.99333
v 1.20558 -1.53778 -4.47316
v 4.53741 -4.01018 -3.99333
v 3.65691 -5.39413 -4.16228
v 3.26149 -4.73653 -4.23815
v 4.53741 -4.01018 -3.99333
v 3.26149 -4.73653 -4.23815
v 2.51460 -4.46752 -4.33136
v 1.20558 -1.53778 -4.47316
v 4.53741 0.71187 -3.99333
v 1.52949 -2.85997 -4.47316
v 4.53741 -4.01018 -3.99333
v 2.51460 -4.46752 -4.33136
v 1.52949 -2.85997 -4.47316
v 1.52949 -2.85997 -4.47316
v 2.51460 -4.46752 -4.33136
v 1.56055 -4.48102 -4.47316
v 2.51460 -4.46752 -4.33136
v 1.62126 -5.09523 -4.51776
v 1.56055 -4.48102 -4.47316
v 0.44965 -6.52998 -4.77769
v 0.21533 -7.42670 -4.82266
v -0.08974 -6.37120 -4.88119
v 1.56055 -4.48102 -4.47316
v 1.62126 -5.09523 -4.51776
v 1.20558 -4.84327 -4.47316
v 1.62126 -5.09523 -4.51776
v 0.44965 -6.52998 -4.77769
v 1.20558 -4.84327 -4.47316
v -0.08974 -6.37120 -4.88119
v -0.08974 -6.03148 -4.88119
v 0.44965 -6.52998 -4.77769
v 4.58607 0.69496 -2.48589
v -0.08974 0.69496 -2.48589
v -0.08974 0.96123 4.85562
v 4.58607 0.69496 -2.48589
v 4.58607 -8.84846 -2.48589
v 4.53741 -8.73223 -2.59388
v 4.53741 -4.01018 -3.99333
v 4.53741 0.71187 -3.99333
v 4.53741 0.71187 -2.59388
v 4.53741 0.71187 -2.59388
v 4.53741 -8.73223 -2.59388
v 4.53741 -4.01018 -3.99333
v 4.53741 0.71187 -2.59388
v -0.08974 0.71187 -2.59388
v -0.08974 0.69496 -2.48589
v 4.58607 -8.84846 -2.48589
v 4.58607 -8.84846 4.65634
v -0.08974 -8.84846 4.65634
v 4.53741 -8.73223 -3.99333
v 4.53741 -8.73223 -2.59388
v -0.08974 -8.73223 -2.59388
v 4.53741 -8.73223 -2.59388
v 4.58607 -8.84846 -2.48589
v -0.08974 -8.84846 -2.48589
v 3.65691 -5.39413 -4.16228
v 4.53741 -4.01018 -3.99333
v 4.53741 -8.73223 -3.99333
v -0.08974 -8.73223 -4.88119
v -0.08974 -6.37120 -4.88119
v 0.21533 -7.42670 -4.82266
v -0.08974 -8.73223 -4.88119
v 0.21533 -7.42670 -4.82266
v 0.52288 -8.14408 -4.76364
v 3.48117 -6.50009 -4.19600
v 3.65691 -5.39413 -4.16228
v 4.53741 -8.73223 -3.99333
v 2.23634 -7.99463 -4.43486
v 3.48117 -6.50009 -4.19600
v 4.53741 -8.73223 -3.99333
v -0.08974 -8.73223 -4.88119
v 0.52288 -8.14408 -4.76364
v 1.24048 -8.33837 -4.62595
v 1.24048 -8.33837 -4.62595
v 2.23634 -7.99463 -4.43486
v 4.53741 -8.73223 -3.99333
v 1.23214 -7.99315 -4.64191
v 0.75441 -7.86370 -4.73547
v 0.55595 -7.39950 -4.77648
v 0.55595 -7.39950 -4.77648
v 0.74208 -6.68819 -4.74222
v 1.23214 -7.99315 -4.64191
v 0.74208 -6.68819 -4.74222
v 1.83919 -5.34428 -4.49702
v 2.05536 -7.70898 -4.48358
v 1.23214 -7.99315 -4.64191
v 0.74208 -6.68819 -4.74222
v 2.05536 -7.70898 -4.48358
v 1.83919 -5.34428 -4.49702
v 2.56383 -4.83480 -4.34317
v 3.32601 -5.46338 -4.24223
v 2.56383 -4.83480 -4.34317
v 3.05400 -5.01021 -4.29698
v 3.32601 -5.46338 -4.24223
v 3.32601 -5.46338 -4.24223
v 3.18418 -6.35385 -4.26764
v 1.83919 -5.34428 -4.49702
v 0.60482 -6.58953 -4.98241
v 0.44965 -6.52998 -4.77769
v 1.62126 -5.09523 -4.51776
v 0.38928 -7.41397 -5.02319
v 0.21533 -7.42670 -4.82266
v 0.44965 -6.52998 -4.77769
v 0.65430 -8.03266 -4.97120
v 0.52288 -8.14408 -4.76364
v 0.21533 -7.42670 -4.82266
v 1.24048 -8.33837 -4.62595
v 0.52288 -8.14408 -4.76364
v 0.65430 -8.03266 -4.97120
v 2.23634 -7.99463 -4.43486
v 1.24048 -8.33837 -4.62595
v 1.27840 -8.20168 -4.85070
v 3.48117 -6.50009 -4.19600
v 2.23634 -7.99463 -4.43486
v 2.20696 -7.88115 -4.67238
v 3.56909 -5.41900 -4.41197
v 3.65691 -5.39413 -4.16228
v 3.48117 -6.50009 -4.19600
v 3.26149 -4.73653 -4.23815
v 3.65691 -5.39413 -4.16228
v 3.56909 -5.41900 -4.41197
v 2.57496 -4.60856 -4.55450
v 2.51460 -4.46752 -4.33136
v 3.26149 -4.73653 -4.23815
v 1.62126 -5.09523 -4.51776
v 2.51460 -4.46752 -4.33136
v 2.57496 -4.60856 -4.55450
v 0.74208 -6.68819 -4.74222
v 0.60482 -6.58953 -4.98241
v 1.74738 -5.19018 -4.72821
v 0.55595 -7.39950 -4.77648
v 0.38928 -7.41397 -5.02319
v 0.60482 -6.58953 -4.98241
v 0.75441 -7.86370 -4.73547
v 0.65430 -8.03266 -4.97120
v 0.38928 -7.41397 -5.02319
v 1.27840 -8.20168 -4.85070
v 0.65430 -8.03266 -4.97120
v 0.75441 -7.86370 -4.73547
v 2.20696 -7.88115 -4.67238
v 1.27840 -8.20168 -4.85070
v 1.23214 -7.99315 -4.64191
v 3.18418 -6.35385 -4.26764
v 3.40657 -6.44096 -4.44245
v 2.20696 -7.88115 -4.67238
v 3.32601 -5.46338 -4.24223
v 3.56909 -5.41900 -4.41197
v 3.40657 -6.44096 -4.44245
v 3.05400 -5.01021 -4.29698
v 3.22178 -4.84109 -4.47962
v 3.56909 -5.41900 -4.41197
v 2.57496 -4.60856 -4.55450
v 3.22178 -4.84109 -4.47962
v 3.05400 -5.01021 -4.29698
v 1.74738 -5.19018 -4.72821
v 2.57496 -4.60856 -4.55450
v 2.56383 -4.83480 -4.34317
v -3.10248 -2.13851 -4.23173
v -3.28425 -2.06950 -4.75071
v -3.08524 -2.03759 -4.81066
v -2.90348 -2.10661 -4.29168
v -3.08524 -2.03759 -4.81066
v -2.89388 -1.96545 -4.86136
v -2.71212 -2.03447 -4.34238
v -2.89388 -1.96545 -4.86136
v -2.71753 -1.85585 -4.90087
v -2.53576 -1.92487 -4.38188
v -2.71753 -1.85585 -4.90087
v -2.56295 -1.71301 -4.92766
v -2.38118 -1.78203 -4.40867
v -2.56295 -1.71301 -4.92766
v -2.43609 -1.54241 -4.94070
v -2.25432 -1.61143 -4.42171
v -2.43609 -1.54241 -4.94070
v -2.34182 -1.35060 -4.93949
v -2.16006 -1.41962 -4.42051
v -2.34182 -1.35060 -4.93949
v -2.28378 -1.14497 -4.92409
v -2.10201 -1.21399 -4.40510
v -2.28378 -1.14497 -4.92409
v -2.26418 -0.93341 -4.89508
v -2.08241 -1.00243 -4.37609
v -2.26418 -0.93341 -4.89508
v -2.28378 -0.72405 -4.85357
v -2.10201 -0.79307 -4.33459
v -2.28378 -0.72405 -4.85357
v -2.34182 -0.52493 -4.80117
v -2.16006 -0.59396 -4.28218
v -2.34182 -0.52493 -4.80117
v -2.43609 -0.34372 -4.73988
v -2.25432 -0.41274 -4.22090
v -2.43609 -0.34372 -4.73988
v -2.56295 -0.18737 -4.67206
v -2.38118 -0.25640 -4.15308
v -2.56295 -0.18737 -4.67206
v -2.71753 -0.06189 -4.60033
v -2.53576 -0.13092 -4.08134
v -2.71753 -0.06189 -4.60033
v -2.89388 0.02789 -4.52742
v -2.89388 0.02789 -4.52742
v -3.08524 0.07853 -4.45615
v -2.90348 0.00951 -3.93717
v -3.08524 0.07853 -4.45615
v -3.28425 0.08808 -4.38925
v -3.10248 0.01906 -3.87027
v -3.28425 0.08808 -4.38925
v -3.48325 0.05617 -4.32930
v -3.30149 -0.01285 -3.81032
v -3.48325 0.05617 -4.32930
v -3.67461 -0.01597 -4.27860
v -3.49284 -0.08499 -3.75962
v -3.67461 -0.01597 -4.27860
v -3.85097 -0.12557 -4.23910
v -3.66920 -0.19459 -3.72012
v -3.85097 -0.12557 -4.23910
v -4.00555 -0.26841 -4.21231
v -3.82378 -0.33743 -3.69333
v -4.00555 -0.26841 -4.21231
v -4.13240 -0.43901 -4.19927
v -3.95064 -0.50803 -3.68029
v -4.13240 -0.43901 -4.19927
v -4.22667 -0.63082 -4.20047
v -4.04490 -0.69984 -3.68149
v -4.22667 -0.63082 -4.20047
v -4.28472 -0.83645 -4.21588
v -4.10295 -0.90547 -3.69689
v -4.28472 -0.83645 -4.21588
v -4.30432 -1.04801 -4.24489
v -4.12255 -1.11703 -3.72591
v -4.30432 -1.04801 -4.24489
v -4.28472 -1.25737 -4.28640
v -4.10295 -1.32639 -3.76741
v -4.28472 -1.25737 -4.28640
v -4.22667 -1.45648 -4.33880
v -4.04490 -1.52550 -3.81981
v -4.22667 -1.45648 -4.33880
v -4.13240 -1.63769 -4.40009
v -3.95064 -1.70672 -3.88110
v -4.13240 -1.63769 -4.40009
v -4.00555 -1.79405 -4.46790
v -3.82378 -1.86307 -3.94892
v -4.00555 -1.79405 -4.46790
v -3.85097 -1.91952 -4.53965
v -3.66920 -1.98854 -4.02066
v -3.85097 -1.91952 -4.53965
v -3.67461 -2.00930 -4.61255
v -3.49284 -2.07833 -4.09356
v -2.89388 -1.96545 -4.86136
v -3.08524 -2.03759 -4.81066
v -3.28425 -2.06950 -4.75071
v -3.28425 -2.06950 -4.75071
v -3.48325 -2.05994 -4.68382
v -3.67461 -2.00930 -4.61255
v -3.67461 -2.00930 -4.61255
v -3.85097 -1.91952 -4.53965
v -4.00555 -1.79405 -4.46790
v -4.00555 -1.79405 -4.46790
v -4.13240 -1.63769 -4.40009
v -3.67461 -2.00930 -4.61255
v -4.13240 -1.63769 -4.40009
v -4.22667 -1.45648 -4.33880
v -3.67461 -2.00930 -4.61255
v -4.22667 -1.45648 -4.33880
v -4.28472 -1.25737 -4.28640
v -4.30432 -1.04801 -4.24489
v -4.30432 -1.04801 -4.24489
v -4.28472 -0.83645 -4.21588
v -4.22667 -0.63082 -4.20047
v -4.22667 -0.63082 -4.20047
v -4.13240 -0.43901 -4.19927
v -3.67461 -0.01597 -4.27860
v -4.13240 -0.43901 -4.19927
v -4.00555 -0.26841 -4.21231
v -3.67461 -0.01597 -4.27860
v -4.00555 -0.26841 -4.21231
v -3.85097 -0.12557 -4.23910
v -3.67461 -0.01597 -4.27860
v -3.67461 -0.01597 -4.27860
v -3.48325 0.05617 -4.32930
v -3.28425 0.08808 -4.38925
v -3.28425 0.08808 -4.38925
v -3.08524 0.07853 -4.45615
v -2.89388 0.02789 -4.52742
v -2.89388 0.02789 -4.52742
v -2.71753 -0.06189 -4.60033
v -2.56295 -0.18737 -4.67206
v -2.56295 -0.18737 -4.67206
v -2.43609 -0.34372 -4.73988
v -2.34182 -0.52493 -4.80117
v -2.34182 -0.52493 -4.80117
v -2.28378 -0.72405 -4.85357
v -2.26418 -0.93341 -4.89508
v -2.26418 -0.93341 -4.89508
v -2.28378 -1.14497 -4.92409
v -2.34182 -1.35060 -4.93949
v -2.34182 -1.35060 -4.93949
v -2.43609 -1.54241 -4.94070
v -2.56295 -1.71301 -4.92766
v -2.56295 -1.71301 -4.92766
v -2.71753 -1.85585 -4.90087
v -2.89388 -1.96545 -4.86136
v -2.89388 -1.96545 -4.86136
v -3.28425 -2.06950 -4.75071
v -3.67461 -2.00930 -4.61255
v -4.22667 -1.45648 -4.33880
v -4.30432 -1.04801 -4.24489
v -3.67461 -0.01597 -4.27860
v -4.30432 -1.04801 -4.24489
v -4.22667 -0.63082 -4.20047
v -3.67461 -0.01597 -4.27860
v -3.67461 -0.01597 -4.27860
v -3.28425 0.08808 -4.38925
v -2.34182 -0.52493 -4.80117
v -3.28425 0.08808 -4.38925
v -2.89388 0.02789 -4.52742
v -2.34182 -0.52493 -4.80117
v -2.89388 0.02789 -4.52742
v -2.56295 -0.18737 -4.67206
v -2.34182 -0.52493 -4.80117
v -2.34182 -0.52493 -4.80117
v -2.26418 -0.93341 -4.89508
v -2.34182 -1.35060 -4.93949
v -2.34182 -1.35060 -4.93949
v -2.56295 -1.71301 -4.92766
v -2.89388 -1.96545 -4.86136
v -2.89388 -1.96545 -4.86136
v -3.67461 -2.00930 -4.61255
v -3.67461 -0.01597 -4.27860
v -3.67461 -2.00930 -4.61255
v -4.22667 -1.45648 -4.33880
v -3.67461 -0.01597 -4.27860
v -2.34182 -0.52493 -4.80117
v -2.34182 -1.35060 -4.93949
v -3.67461 -0.01597 -4.27860
v -3.49284 -2.07833 -4.09356
v -3.67461 -2.00930 -4.61255
v -3.48325 -2.05994 -4.68382
v -3.30148 -2.12897 -4.16484
v -3.48325 -2.05994 -4.68382
v -3.28425 -2.06950 -4.75071
v -3.30148 -2.12897 -4.16484
v -3.10248 -2.13851 -4.23173
v -2.53576 -1.92487 -4.38188
v -3.10248 -2.13851 -4.23173
v -2.90348 -2.10661 -4.29168
v -2.53576 -1.92487 -4.38188
v -2.90348 -2.10661 -4.29168
v -2.71212 -2.03447 -4.34238
v -2.53576 -1.92487 -4.38188
v -2.53576 -1.92487 -4.38188
v -2.38118 -1.78203 -4.40867
v -2.25432 -1.61143 -4.42171
v -2.25432 -1.61143 -4.42171
v -2.16006 -1.41962 -4.42051
v -2.10201 -1.21399 -4.40510
v -2.10201 -1.21399 -4.40510
v -2.08241 -1.00243 -4.37609
v -2.10201 -0.79307 -4.33459
v -2.10201 -0.79307 -4.33459
v -2.16006 -0.59396 -4.28218
v -2.25432 -0.41274 -4.22090
v -2.25432 -0.41274 -4.22090
v -2.38118 -0.25640 -4.15308
v -2.53576 -0.13092 -4.08134
v -2.53576 -0.13092 -4.08134
v -2.71212 -0.04113 -4.00843
v -2.90348 0.00951 -3.93717
v -2.90348 0.00951 -3.93717
v -3.10248 0.01906 -3.87027
v -3.30149 -0.01285 -3.81032
v -3.30149 -0.01285 -3.81032
v -3.49284 -0.08499 -3.75962
v -3.66920 -0.19459 -3.72012
v -3.66920 -0.19459 -3.72012
v -3.82378 -0.33743 -3.69333
v -3.95064 -0.50803 -3.68029
v -3.95064 -0.50803 -3.68029
v -4.04490 -0.69984 -3.68149
v -3.66920 -0.19459 -3.72012
v -4.04490 -0.69984 -3.68149
v -4.10295 -0.90547 -3.69689
v -3.66920 -0.19459 -3.72012
v -4.10295 -0.90547 -3.69689
v -4.12255 -1.11703 -3.72591
v -4.10295 -1.32639 -3.76741
v -4.10295 -1.32639 -3.76741
v -4.04490 -1.52550 -3.81981
v -3.95064 -1.70672 -3.88110
v -3.95064 -1.70672 -3.88110
v -3.82378 -1.86307 -3.94892
v -3.66920 -1.98854 -4.02066
v -3.66920 -1.98854 -4.02066
v -3.49284 -2.07833 -4.09356
v -3.95064 -1.70672 -3.88110
v -3.49284 -2.07833 -4.09356
v -3.30148 -2.12897 -4.16484
v -3.95064 -1.70672 -3.88110
v -2.53576 -1.92487 -4.38188
v -2.25432 -1.61143 -4.42171
v -2.10201 -1.21399 -4.40510
v -2.10201 -1.21399 -4.40510
v -2.10201 -0.79307 -4.33459
v -2.25432 -0.41274 -4.22090
v -2.25432 -0.41274 -4.22090
v -2.53576 -0.13092 -4.08134
v -2.90348 0.00951 -3.93717
v -2.90348 0.00951 -3.93717
v -3.30149 -0.01285 -3.81032
v -4.10295 -0.90547 -3.69689
v -3.30149 -0.01285 -3.81032
v -3.66920 -0.19459 -3.72012
v -4.10295 -0.90547 -3.69689
v -4.10295 -0.90547 -3.69689
v -4.10295 -1.32639 -3.76741
v -3.30148 -2.12897 -4.16484
v -4.10295 -1.32639 -3.76741
v -3.95064 -1.70672 -3.88110
v -3.30148 -2.12897 -4.16484
v -3.30148 -2.12897 -4.16484
v -2.53576 -1.92487 -4.38188
v -2.10201 -1.21399 -4.40510
v -2.10201 -1.21399 -4.40510
v -2.25432 -0.41274 -4.22090
v -2.90348 0.00951 -3.93717
v -3.30148 -2.12897 -4.16484
v -2.10201 -1.21399 -4.40510
v -4.10295 -0.90547 -3.69689
v 5.28712 -2.48617 -2.76638
v 6.10594 -1.79304 -4.30798
v 6.06531 -1.35658 -4.14282
v 5.24648 -2.04971 -2.60123
v 6.06531 -1.35658 -4.14282
v 5.94497 -0.92078 -4.01986
v 5.94497 -0.92078 -4.01986
v 5.74954 -0.50239 -3.94380
v 4.93072 -1.19552 -2.40221
v 4.93072 -1.19552 -2.40221
v 5.74954 -0.50239 -3.94380
v 5.48655 -0.11747 -3.91759
v 4.66772 -0.81060 -2.37599
v 5.48655 -0.11747 -3.91759
v 5.16608 0.21916 -3.94222
v 5.16608 0.21916 -3.94222
v 4.80047 0.49458 -4.01674
v 3.98165 -0.19855 -2.47515
v 3.98165 -0.19855 -2.47515
v 4.80047 0.49458 -4.01674
v 4.40376 0.69821 -4.13830
v 4.40376 0.69821 -4.13830
v 3.99119 0.82221 -4.30222
v 3.17237 0.12908 -2.76062
v 3.17237 0.12908 -2.76062
v 3.99119 0.82221 -4.30222
v 3.57863 0.86183 -4.50220
v 3.57863 0.86183 -4.50220
v 3.18191 0.81553 -4.73057
v 2.36309 0.12240 -3.18897
v 2.36309 0.12240 -3.18897
v 3.18191 0.81553 -4.73057
v 2.81630 0.68511 -4.97853
v 1.99747 -0.00802 -3.43693
v 2.81630 0.68511 -4.97853
v 2.49584 0.47556 -5.23656
v 2.49584 0.47556 -5.23656
v 2.23284 0.19495 -5.49476
v 1.41402 -0.49818 -3.95316
v 2.23284 0.19495 -5.49476
v 2.03742 -0.14594 -5.74319
v 1.21859 -0.83907 -4.20159
v 1.21859 -0.83907 -4.20159
v 2.03742 -0.14594 -5.74319
v 1.91708 -0.53401 -5.97230
v 1.09825 -1.22714 -4.43070
v 1.91708 -0.53401 -5.97230
v 1.87644 -0.95436 -6.17329
v 1.87644 -0.95436 -6.17329
v 1.91708 -1.39082 -6.33845
v 1.09825 -2.08395 -4.79685
v 1.91708 -1.39082 -6.33845
v 2.03742 -1.82661 -6.46142
v 1.21859 -2.51974 -4.91982
v 2.03742 -1.82661 -6.46142
v 2.23284 -2.24501 -6.53747
v 1.41402 -2.93814 -4.99587
v 2.23284 -2.24501 -6.53747
v 2.49584 -2.62992 -6.56369
v 1.67701 -3.32305 -5.02209
v 2.49584 -2.62992 -6.56369
v 2.81630 -2.96655 -6.53906
v 1.99747 -3.65968 -4.99746
v 2.81630 -2.96655 -6.53906
v 3.18191 -3.24198 -6.46453
v 2.36309 -3.93511 -4.92294
v 2.36309 -3.93511 -4.92294
v 3.18191 -3.24198 -6.46453
v 3.57863 -3.44560 -6.34297
v 3.57863 -3.44560 -6.34297
v 3.99120 -3.56961 -6.17905
v 3.17237 -4.26274 -4.63746
v 3.99120 -3.56961 -6.17905
v 4.40376 -3.60922 -5.97907
v 3.58494 -4.30235 -4.43747
v 3.58494 -4.30235 -4.43747
v 4.40376 -3.60922 -5.97907
v 4.80047 -3.56293 -5.75071
v 3.98165 -4.25606 -4.20911
v 4.80047 -3.56293 -5.75071
v 5.16609 -3.43250 -5.50274
v 5.16609 -3.43250 -5.50274
v 5.48655 -3.22296 -5.24471
v 4.66773 -3.91609 -3.70311
v 5.48655 -3.22296 -5.24471
v 5.74955 -2.94234 -4.98652
v 4.93072 -3.63547 -3.44492
v 4.93072 -3.63547 -3.44492
v 5.74955 -2.94234 -4.98652
v 5.94497 -2.60145 -4.73809
v 5.78704 -0.89223 -4.38432
v 5.89113 -1.26917 -4.49068
v 5.92627 -1.64667 -4.63352
v 5.92627 -1.64667 -4.63352
v 5.89113 -2.01023 -4.80737
v 5.78704 -2.34588 -5.00553
v 5.78704 -2.34588 -5.00553
v 5.61802 -2.64072 -5.22040
v 5.39055 -2.88343 -5.44372
v 5.39055 -2.88343 -5.44372
v 5.11338 -3.06466 -5.66689
v 5.78704 -2.34588 -5.00553
v 5.11338 -3.06466 -5.66689
v 4.79715 -3.17747 -5.88136
v 5.78704 -2.34588 -5.00553
v 4.79715 -3.17747 -5.88136
v 4.45403 -3.21752 -6.07888
v 4.09719 -3.18325 -6.25184
v 4.09719 -3.18325 -6.25184
v 3.74035 -3.07600 -6.39363
v 3.39723 -2.89988 -6.49876
v 3.39723 -2.89988 -6.49876
v 3.08100 -2.66166 -6.56322
v 2.40733 -1.67571 -6.49607
v 3.08100 -2.66166 -6.56322
v 2.80383 -2.37050 -6.58452
v 2.40733 -1.67571 -6.49607
v 2.80383 -2.37050 -6.58452
v 2.57636 -2.03759 -6.56185
v 2.40733 -1.67571 -6.49607
v 2.40733 -1.67571 -6.49607
v 2.30325 -1.29878 -6.38971
v 2.26810 -0.92128 -6.24687
v 2.26810 -0.92128 -6.24687
v 2.30325 -0.55771 -6.07302
v 2.40733 -0.22206 -5.87486
v 2.40733 -0.22206 -5.87486
v 2.57636 0.07278 -5.65999
v 3.39723 0.60953 -4.99903
v 2.57636 0.07278 -5.65999
v 2.80383 0.31549 -5.43667
v 3.39723 0.60953 -4.99903
v 2.80383 0.31549 -5.43667
v 3.08100 0.49672 -5.21349
v 3.39723 0.60953 -4.99903
v 3.39723 0.60953 -4.99903
v 3.74035 0.64957 -4.80151
v 4.09719 0.61531 -4.62854
v 4.09719 0.61531 -4.62854
v 4.45403 0.50806 -4.48676
v 4.79715 0.33193 -4.38163
v 4.79715 0.33193 -4.38163
v 5.11337 0.09372 -4.31717
v 5.39055 -0.19744 -4.29587
v 5.39055 -0.19744 -4.29587
v 5.61802 -0.53036 -4.31854
v 4.79715 0.33193 -4.38163
v 5.61802 -0.53036 -4.31854
v 5.78704 -0.89223 -4.38432
v 4.79715 0.33193 -4.38163
v 5.78704 -0.89223 -4.38432
v 5.92627 -1.64667 -4.63352
v 5.78704 -2.34588 -5.00553
v 4.79715 -3.17747 -5.88136
v 4.09719 -3.18325 -6.25184
v 2.40733 -1.67571 -6.49607
v 4.09719 -3.18325 -6.25184
v 3.39723 -2.89988 -6.49876
v 2.40733 -1.67571 -6.49607
v 2.40733 -1.67571 -6.49607
v 2.26810 -0.92128 -6.24687
v 3.39723 0.60953 -4.99903
v 2.26810 -0.92128 -6.24687
v 2.40733 -0.22206 -5.87486
v 3.39723 0.60953 -4.99903
v 3.39723 0.60953 -4.99903
v 4.09719 0.61531 -4.62854
v 5.78704 -0.89223 -4.38432
v 4.09719 0.61531 -4.62854
v 4.79715 0.33193 -4.38163
v 5.78704 -0.89223 -4.38432
v 5.78704 -0.89223 -4.38432
v 5.78704 -2.34588 -5.00553
v 2.40733 -1.67571 -6.49607
v 5.78704 -2.34588 -5.00553
v 4.79715 -3.17747 -5.88136
v 2.40733 -1.67571 -6.49607
v 5.12614 -3.29458 -3.19649
v 5.94497 -2.60145 -4.73809
v 6.06531 -2.21338 -4.50898
v 6.06531 -2.21338 -4.50898
v 6.10594 -1.79304 -4.30798
v 5.28712 -2.48617 -2.76638
v 4.94118 -2.87975 -2.90208
v 4.97735 -2.50560 -2.72317
v 4.94118 -2.11710 -2.57616
v 4.94118 -2.11710 -2.57616
v 4.83406 -1.72919 -2.46671
v 4.66011 -1.35677 -2.39901
v 4.66011 -1.35677 -2.39901
v 4.42601 -1.01416 -2.37568
v 4.14076 -0.71451 -2.39760
v 4.14076 -0.71451 -2.39760
v 3.81533 -0.46936 -2.46393
v 4.66011 -1.35677 -2.39901
v 3.81533 -0.46936 -2.46393
v 3.46221 -0.28810 -2.57213
v 4.66011 -1.35677 -2.39901
v 3.46221 -0.28810 -2.57213
v 3.09498 -0.17773 -2.71804
v 2.04919 -0.29977 -3.32003
v 3.09498 -0.17773 -2.71804
v 2.72774 -0.14247 -2.89605
v 2.04919 -0.29977 -3.32003
v 2.72774 -0.14247 -2.89605
v 2.37462 -0.18368 -3.09932
v 2.04919 -0.29977 -3.32003
v 2.04919 -0.29977 -3.32003
v 1.76394 -0.48628 -3.54972
v 1.52985 -0.73606 -3.77953
v 1.52985 -0.73606 -3.77953
v 1.35590 -1.03950 -4.00066
v 1.24878 -1.38492 -4.20460
v 1.24878 -1.38492 -4.20460
v 1.21261 -1.75908 -4.38351
v 1.52985 -2.90791 -4.70767
v 1.21261 -1.75908 -4.38351
v 1.24878 -2.14758 -4.53052
v 1.52985 -2.90791 -4.70767
v 1.24878 -2.14758 -4.53052
v 1.35590 -2.53549 -4.63997
v 1.52985 -2.90791 -4.70767
v 1.52985 -2.90791 -4.70767
v 1.76394 -3.25052 -4.73100
v 2.72775 -3.97657 -4.53454
v 1.76394 -3.25052 -4.73100
v 2.04919 -3.55016 -4.70908
v 2.72775 -3.97657 -4.53454
v 2.04919 -3.55016 -4.70908
v 2.37463 -3.79532 -4.64275
v 2.72775 -3.97657 -4.53454
v 2.72775 -3.97657 -4.53454
v 3.09498 -4.08695 -4.38864
v 3.46221 -4.12221 -4.21063
v 3.46221 -4.12221 -4.21063
v 3.81533 -4.08100 -4.00736
v 2.72775 -3.97657 -4.53454
v 3.81533 -4.08100 -4.00736
v 4.14077 -3.96491 -3.78664
v 2.72775 -3.97657 -4.53454
v 4.14077 -3.96491 -3.78664
v 4.42601 -3.77839 -3.55696
v 4.94118 -2.87975 -2.90208
v 4.42601 -3.77839 -3.55696
v 4.66011 -3.52861 -3.32714
v 4.94118 -2.87975 -2.90208
v 4.66011 -3.52861 -3.32714
v 4.83406 -3.22518 -3.10602
v 4.94118 -2.87975 -2.90208
v 4.94118 -2.87975 -2.90208
v 4.94118 -2.11710 -2.57616
v 4.66011 -1.35677 -2.39901
v 2.04919 -0.29977 -3.32003
v 1.52985 -0.73606 -3.77953
v 3.46221 -0.28810 -2.57213
v 1.52985 -0.73606 -3.77953
v 1.24878 -1.38492 -4.20460
v 3.46221 -0.28810 -2.57213
v 4.94118 -2.87975 -2.90208
v 4.66011 -1.35677 -2.39901
v 1.24878 -1.38492 -4.20460
v 4.66011 -1.35677 -2.39901
v 3.46221 -0.28810 -2.57213
v 1.24878 -1.38492 -4.20460
v 1.24878 -1.38492 -4.20460
v 1.52985 -2.90791 -4.70767
v 2.72775 -3.97657 -4.53454
v 2.72775 -3.97657 -4.53454
v 4.14077 -3.96491 -3.78664
v 1.24878 -1.38492 -4.20460
v 5.89113 -1.26917 -4.49068
v 6.06531 -1.35658 -4.14282
v 6.10594 -1.79304 -4.30798
v 5.78704 -0.89223 -4.38432
v 5.94497 -0.92078 -4.01986
v 6.06531 -1.35658 -4.14282
v 5.78704 -0.89223 -4.38432
v 5.61802 -0.53036 -4.31854
v 5.74954 -0.50239 -3.94380
v 5.39055 -0.19744 -4.29587
v 5.48655 -0.11747 -3.91759
v 5.74954 -0.50239 -3.94380
v 5.39055 -0.19744 -4.29587
v 5.11337 0.09372 -4.31717
v 5.16608 0.21916 -3.94222
v 4.79715 0.33193 -4.38163
v 4.80047 0.49458 -4.01674
v 5.16608 0.21916 -3.94222
v 4.45403 0.50806 -4.48676
v 4.40376 0.69821 -4.13830
v 4.80047 0.49458 -4.01674
v 4.45403 0.50806 -4.48676
v 4.09719 0.61531 -4.62854
v 3.99119 0.82221 -4.30222
v 3.74035 0.64957 -4.80151
v 3.57863 0.86183 -4.50220
v 3.99119 0.82221 -4.30222
v 3.74035 0.64957 -4.80151
v 3.39723 0.60953 -4.99903
v 3.18191 0.81553 -4.73057
v 3.08100 0.49672 -5.21349
v 2.81630 0.68511 -4.97853
v 3.18191 0.81553 -4.73057
v 2.80383 0.31549 -5.43667
v 2.49584 0.47556 -5.23656
v 2.81630 0.68511 -4.97853
v 2.80383 0.31549 -5.43667
v 2.57636 0.07278 -5.65999
v 2.23284 0.19495 -5.49476
v 2.57636 0.07278 -5.65999
v 2.40733 -0.22206 -5.87486
v 2.03742 -0.14594 -5.74319
v 2.30325 -0.55771 -6.07302
v 1.91708 -0.53401 -5.97230
v 2.03742 -0.14594 -5.74319
v 2.26810 -0.92128 -6.24687
v 1.87644 -0.95436 -6.17329
v 1.91708 -0.53401 -5.97230
v 2.30325 -1.29878 -6.38971
v 1.91708 -1.39082 -6.33845
v 1.87644 -0.95436 -6.17329
v 2.40733 -1.67571 -6.49607
v 2.03742 -1.82661 -6.46142
v 1.91708 -1.39082 -6.33845
v 2.57636 -2.03759 -6.56185
v 2.23284 -2.24501 -6.53747
v 2.03742 -1.82661 -6.46142
v 2.80383 -2.37050 -6.58452
v 2.49584 -2.62992 -6.56369
v 2.23284 -2.24501 -6.53747
v 2.80383 -2.37050 -6.58452
v 3.08100 -2.66166 -6.56322
v 2.81630 -2.96655 -6.53906
v 3.39723 -2.89988 -6.49876
v 3.18191 -3.24198 -6.46453
v 2.81630 -2.96655 -6.53906
v 3.39723 -2.89988 -6.49876
v 3.74035 -3.07600 -6.39363
v 3.57863 -3.44560 -6.34297
v 3.74035 -3.07600 -6.39363
v 4.09719 -3.18325 -6.25184
v 3.99120 -3.56961 -6.17905
v 4.09719 -3.18325 -6.25184
v 4.45403 -3.21752 -6.07888
v 4.40376 -3.60922 -5.97907
v 4.79715 -3.17747 -5.88136
v 4.80047 -3.56293 -5.75071
v 4.40376 -3.60922 -5.97907
v 4.79715 -3.17747 -5.88136
v 5.11338 -3.06466 -5.66689
v 5.16609 -3.43250 -5.50274
v 5.11338 -3.06466 -5.66689
v 5.39055 -2.88343 -5.44372
v 5.48655 -3.22296 -5.24471
v 5.39055 -2.88343 -5.44372
v 5.61802 -2.64072 -5.22040
v 5.74955 -2.94234 -4.98652
v 5.61802 -2.64072 -5.22040
v 5.78704 -2.34588 -5.00553
v 5.94497 -2.60145 -4.73809
v 5.89113 -2.01023 -4.80737
v 6.06531 -2.21338 -4.50898
v 5.94497 -2.60145 -4.73809
v 5.89113 -2.01023 -4.80737
v 5.92627 -1.64667 -4.63352
v 6.10594 -1.79304 -4.30798
v 4.97735 -2.50560 -2.72317
v 5.28712 -2.48617 -2.76638
v 5.24648 -2.04971 -2.60123
v 4.94118 -2.11710 -2.57616
v 5.24648 -2.04971 -2.60123
v 5.12614 -1.61391 -2.47826
v 4.66011 -1.35677 -2.39901
v 4.83406 -1.72919 -2.46671
v 5.12614 -1.61391 -2.47826
v 4.66011 -1.35677 -2.39901
v 4.93072 -1.19552 -2.40221
v 4.66772 -0.81060 -2.37599
v 4.42601 -1.01416 -2.37568
v 4.66772 -0.81060 -2.37599
v 4.34726 -0.47397 -2.40062
v 4.14076 -0.71451 -2.39760
v 4.34726 -0.47397 -2.40062
v 3.98165 -0.19855 -2.47515
v 3.46221 -0.28810 -2.57213
v 3.81533 -0.46936 -2.46393
v 3.98165 -0.19855 -2.47515
v 3.46221 -0.28810 -2.57213
v 3.58494 0.00508 -2.59670
v 3.17237 0.12908 -2.76062
v 2.72774 -0.14247 -2.89605
v 3.09498 -0.17773 -2.71804
v 3.17237 0.12908 -2.76062
v 2.72774 -0.14247 -2.89605
v 2.75980 0.16870 -2.96061
v 2.36309 0.12240 -3.18897
v 2.37462 -0.18368 -3.09932
v 2.36309 0.12240 -3.18897
v 1.99747 -0.00802 -3.43693
v 2.04919 -0.29977 -3.32003
v 1.99747 -0.00802 -3.43693
v 1.67701 -0.21757 -3.69497
v 1.52985 -0.73606 -3.77953
v 1.76394 -0.48628 -3.54972
v 1.67701 -0.21757 -3.69497
v 1.52985 -0.73606 -3.77953
v 1.41402 -0.49818 -3.95316
v 1.21859 -0.83907 -4.20159
v 1.35590 -1.03950 -4.00066
v 1.21859 -0.83907 -4.20159
v 1.09825 -1.22714 -4.43070
v 1.24878 -1.38492 -4.20460
v 1.09825 -1.22714 -4.43070
v 1.05762 -1.64749 -4.63170
v 1.24878 -2.14758 -4.53052
v 1.21261 -1.75908 -4.38351
v 1.05762 -1.64749 -4.63170
v 1.24878 -2.14758 -4.53052
v 1.09825 -2.08395 -4.79685
v 1.21859 -2.51974 -4.91982
v 1.52985 -2.90791 -4.70767
v 1.35590 -2.53549 -4.63997
v 1.21859 -2.51974 -4.91982
v 1.76394 -3.25052 -4.73100
v 1.52985 -2.90791 -4.70767
v 1.41402 -2.93814 -4.99587
v 2.04919 -3.55016 -4.70908
v 1.76394 -3.25052 -4.73100
v 1.67701 -3.32305 -5.02209
v 2.04919 -3.55016 -4.70908
v 1.99747 -3.65968 -4.99746
v 2.36309 -3.93511 -4.92294
v 2.37463 -3.79532 -4.64275
v 2.36309 -3.93511 -4.92294
v 2.75980 -4.13873 -4.80138
v 3.09498 -4.08695 -4.38864
v 2.72775 -3.97657 -4.53454
v 2.75980 -4.13873 -4.80138
v 3.46221 -4.12221 -4.21063
v 3.09498 -4.08695 -4.38864
v 3.17237 -4.26274 -4.63746
v 3.46221 -4.12221 -4.21063
v 3.58494 -4.30235 -4.43747
v 3.98165 -4.25606 -4.20911
v 4.14077 -3.96491 -3.78664
v 3.81533 -4.08100 -4.00736
v 3.98165 -4.25606 -4.20911
v 4.14077 -3.96491 -3.78664
v 4.34726 -4.12563 -3.96115
v 4.66773 -3.91609 -3.70311
v 4.42601 -3.77839 -3.55696
v 4.66773 -3.91609 -3.70311
v 4.93072 -3.63547 -3.44492
v 4.83406 -3.22518 -3.10602
v 4.66011 -3.52861 -3.32714
v 4.93072 -3.63547 -3.44492
v 4.83406 -3.22518 -3.10602
v 5.12614 -3.29458 -3.19649
v 5.24648 -2.90651 -2.96738
v 4.94118 -2.87975 -2.90208
v 5.24648 -2.90651 -2.96738
v 5.28712 -2.48617 -2.76638
vt 0.72513 0.49400
vt 0.58760 0.67457
vt 0.58293 0.48672
vt 0.70360 0.68629
vt 0.60390 0.48129
vt 0.70777 0.48129
vt 0.78882 0.46723
vt 0.90419 0.49013
vt 0.88808 0.52028
vt 0.99228 0.06517
vt 0.96438 0.02450
vt 0.96852 0.06954
vt 0.94072 0.20053
vt 0.97107 0.17726
vt 0.98196 0.14050
vt 0.99330 0.19747
vt 0.97187 0.16968
vt 0.99584 0.17872
vt 0.99474 0.11768
vt 0.96852 0.06954
vt 0.97071 0.11643
vt 0.99228 0.19397
vt 0.94575 0.20428
vt 0.96846 0.23659
vt 0.99474 0.11768
vt 0.97093 0.17291
vt 0.99497 0.18094
vt 0.96401 0.10346
vt 0.99631 0.10712
vt 0.98440 0.13757
vt 0.88979 0.46292
vt 0.86441 0.45493
vt 0.84999 0.53198
vt 0.58779 0.68452
vt 0.71081 0.49078
vt 0.71596 0.68452
vt 0.70707 0.00374
vt 0.42932 0.01243
vt 0.42877 0.00374
vt 0.97153 0.35883
vt 0.95617 0.42216
vt 0.94955 0.29683
vt 0.47358 0.01353
vt 0.70275 0.00280
vt 0.70516 0.01353
vt 0.72117 0.68149
vt 0.59646 0.49228
vt 0.72104 0.49317
vt 0.87805 0.52463
vt 0.80852 0.42981
vt 0.91089 0.48053
vt 0.65398 0.01205
vt 0.42527 0.00412
vt 0.65422 0.00575
vt 0.95589 0.41356
vt 0.98839 0.37174
vt 0.91183 0.53312
vt 0.82350 0.15775
vt 0.86015 0.14601
vt 0.87424 0.20052
vt 0.03653 0.60406
vt 0.06047 0.68977
vt 0.02410 0.60781
vt 0.02961 0.56374
vt 0.02410 0.60781
vt 0.01661 0.56395
vt 0.03805 0.53953
vt 0.01661 0.56395
vt 0.02645 0.53587
vt 0.46734 0.58566
vt 0.45312 0.55324
vt 0.46542 0.55368
vt 0.46542 0.55368
vt 0.45518 0.50437
vt 0.46734 0.50811
vt 0.35896 0.65218
vt 0.33120 0.58525
vt 0.34427 0.58414
vt 0.34791 0.53531
vt 0.33120 0.58525
vt 0.33511 0.53241
vt 0.34791 0.53531
vt 0.34763 0.50060
vt 0.35896 0.50736
vt 0.53897 0.54025
vt 0.55011 0.50437
vt 0.55011 0.54172
vt 0.09797 0.72223
vt 0.06047 0.68977
vt 0.07197 0.68400
vt 0.38651 0.56662
vt 0.38451 0.63621
vt 0.37263 0.56907
vt 0.38944 0.53281
vt 0.37263 0.56907
vt 0.37597 0.52987
vt 0.39797 0.51087
vt 0.37597 0.52987
vt 0.38722 0.50060
vt 0.56385 0.51151
vt 0.57403 0.53592
vt 0.56378 0.53567
vt 0.28058 0.68243
vt 0.25258 0.65212
vt 0.26690 0.64916
vt 0.26633 0.56388
vt 0.25258 0.65212
vt 0.25199 0.56148
vt 0.27980 0.52357
vt 0.25199 0.56148
vt 0.26750 0.51523
vt 0.29457 0.51209
vt 0.26750 0.51523
vt 0.28642 0.50060
vt 0.49422 0.57031
vt 0.48101 0.54420
vt 0.49328 0.54545
vt 0.49328 0.54545
vt 0.48218 0.50437
vt 0.49422 0.51056
vt 0.72513 0.49400
vt 0.58760 0.67457
vt 0.72513 0.67697
vt 0.60390 0.48129
vt 0.70360 0.68629
vt 0.70777 0.48129
vt 0.90419 0.49013
vt 0.78882 0.46723
vt 0.88808 0.52028
vt 0.99228 0.06517
vt 0.96438 0.02450
vt 0.98764 0.01473
vt 0.94072 0.20053
vt 0.91103 0.20159
vt 0.98196 0.14050
vt 0.97187 0.16968
vt 0.99330 0.19747
vt 0.99584 0.17872
vt 0.99474 0.11768
vt 0.96852 0.06954
vt 0.99228 0.06517
vt 0.94575 0.20428
vt 0.99228 0.19397
vt 0.96846 0.23659
vt 0.97093 0.17291
vt 0.99474 0.11768
vt 0.99497 0.18094
vt 0.99631 0.10712
vt 0.96401 0.10346
vt 0.98440 0.13757
vt 0.82015 0.37636
vt 0.81905 0.41120
vt 0.80590 0.37779
vt 0.71081 0.49078
vt 0.58779 0.68452
vt 0.71596 0.68452
vt 0.42932 0.01243
vt 0.70707 0.00374
vt 0.42877 0.00374
vt 0.95617 0.42216
vt 0.97484 0.42150
vt 0.97153 0.35883
vt 0.70275 0.00280
vt 0.47358 0.01353
vt 0.70516 0.01353
vt 0.59646 0.49228
vt 0.72117 0.68149
vt 0.72104 0.49317
vt 0.80852 0.42981
vt 0.87805 0.52463
vt 0.91089 0.48053
vt 0.42527 0.00412
vt 0.65398 0.01205
vt 0.65422 0.00575
vt 0.91183 0.53312
vt 0.98839 0.37174
vt 0.95589 0.41356
vt 0.83740 0.21444
vt 0.87424 0.20052
vt 0.82350 0.15775
vt 0.03653 0.60406
vt 0.06047 0.68977
vt 0.07197 0.68400
vt 0.02961 0.56374
vt 0.02410 0.60781
vt 0.03653 0.60406
vt 0.03805 0.53953
vt 0.01661 0.56395
vt 0.02961 0.56374
vt 0.45312 0.55324
vt 0.46734 0.58566
vt 0.46542 0.55368
vt 0.45518 0.50437
vt 0.46542 0.55368
vt 0.46734 0.50811
vt 0.33120 0.58525
vt 0.35896 0.65218
vt 0.34427 0.58414
vt 0.34791 0.53531
vt 0.33120 0.58525
vt 0.34427 0.58414
vt 0.34763 0.50060
vt 0.34791 0.53531
vt 0.35896 0.50736
vt 0.53897 0.54025
vt 0.55011 0.50437
vt 0.53868 0.50794
vt 0.06047 0.68977
vt 0.09797 0.72223
vt 0.07197 0.68400
vt 0.38651 0.56662
vt 0.38451 0.63621
vt 0.39797 0.63111
vt 0.38944 0.53281
vt 0.37263 0.56907
vt 0.38651 0.56662
vt 0.39797 0.51087
vt 0.37597 0.52987
vt 0.38944 0.53281
vt 0.57403 0.53592
vt 0.56385 0.51151
vt 0.56378 0.53567
vt 0.25258 0.65212
vt 0.28058 0.68243
vt 0.26690 0.64916
vt 0.26633 0.56388
vt 0.25258 0.65212
vt 0.26690 0.64916
vt 0.27980 0.52357
vt 0.25199 0.56148
vt 0.26633 0.56388
vt 0.29457 0.51209
vt 0.26750 0.51523
vt 0.27980 0.52357
vt 0.48101 0.54420
vt 0.49422 0.57031
vt 0.49328 0.54545
vt 0.48218 0.50437
vt 0.49328 0.54545
vt 0.49422 0.51056
vt 0.95520 0.30252
vt 0.92604 0.30407
vt 0.95232 0.29418
vt 0.95232 0.29418
vt 0.92369 0.29694
vt 0.94996 0.28706
vt 0.96462 0.34764
vt 0.94016 0.35010
vt 0.96195 0.34068
vt 0.96195 0.34068
vt 0.93720 0.34236
vt 0.95899 0.33294
vt 0.95899 0.33294
vt 0.93406 0.33414
vt 0.95585 0.32472
vt 0.95585 0.32472
vt 0.93086 0.32576
vt 0.95265 0.31634
vt 0.95265 0.31634
vt 0.92772 0.31754
vt 0.94951 0.30812
vt 0.94951 0.30812
vt 0.92477 0.30980
vt 0.94656 0.30038
vt 0.94656 0.30038
vt 0.92212 0.30283
vt 0.94391 0.29341
vt 0.91854 0.29879
vt 0.94677 0.29423
vt 0.92131 0.30573
vt 0.92131 0.30573
vt 0.95014 0.30234
vt 0.92468 0.31384
vt 0.92468 0.31384
vt 0.95398 0.31131
vt 0.92852 0.32281
vt 0.92852 0.32281
vt 0.95814 0.32079
vt 0.93268 0.33229
vt 0.93268 0.33229
vt 0.96247 0.33041
vt 0.93701 0.34192
vt 0.96247 0.33041
vt 0.94133 0.35132
vt 0.93701 0.34192
vt 0.96679 0.33982
vt 0.94549 0.36014
vt 0.94133 0.35132
vt 0.97095 0.34864
vt 0.94932 0.36805
vt 0.94549 0.36014
vt 0.97478 0.35655
vt 0.95267 0.37472
vt 0.94932 0.36805
vt 0.94617 0.28356
vt 0.91993 0.30329
vt 0.91624 0.29404
vt 0.94986 0.29282
vt 0.92402 0.31358
vt 0.91993 0.30329
vt 0.95395 0.30310
vt 0.92838 0.32449
vt 0.92402 0.31358
vt 0.95831 0.31401
vt 0.93282 0.33562
vt 0.92838 0.32449
vt 0.96275 0.32514
vt 0.93719 0.34653
vt 0.93282 0.33562
vt 0.96712 0.33605
vt 0.94130 0.35681
vt 0.93719 0.34653
vt 0.97123 0.34633
vt 0.94500 0.36606
vt 0.94130 0.35681
vt 0.95328 0.37517
vt 0.97660 0.35839
vt 0.97956 0.36529
vt 0.95032 0.36827
vt 0.97324 0.35023
vt 0.97660 0.35839
vt 0.94697 0.36011
vt 0.96961 0.34113
vt 0.97324 0.35023
vt 0.94334 0.35101
vt 0.96585 0.33143
vt 0.96961 0.34113
vt 0.93957 0.34131
vt 0.96210 0.32151
vt 0.96585 0.33143
vt 0.84481 0.40658
vt 0.84198 0.36949
vt 0.93436 0.39973
vt 0.96210 0.32151
vt 0.93222 0.32163
vt 0.95850 0.31175
vt 0.95850 0.31175
vt 0.92892 0.31240
vt 0.95520 0.30252
vt 0.92598 0.40637
vt 0.86646 0.42443
vt 0.84840 0.36491
vt 0.62164 0.36611
vt 0.59284 0.45010
vt 0.59284 0.36611
vt 0.59284 0.36611
vt 0.56572 0.45010
vt 0.56572 0.36611
vt 0.56572 0.45010
vt 0.54131 0.36611
vt 0.56572 0.36611
vt 0.74909 0.36830
vt 0.71637 0.45229
vt 0.71637 0.36830
vt 0.71637 0.36830
vt 0.68164 0.45229
vt 0.68164 0.36830
vt 0.68164 0.45229
vt 0.64623 0.36830
vt 0.68164 0.36830
vt 0.64623 0.36830
vt 0.61150 0.45229
vt 0.61150 0.36830
vt 0.61150 0.45229
vt 0.57878 0.36830
vt 0.61150 0.36830
vt 0.57878 0.36830
vt 0.54934 0.45229
vt 0.54934 0.36830
vt 0.54901 0.36821
vt 0.57522 0.45221
vt 0.54901 0.45221
vt 0.57522 0.45221
vt 0.60304 0.36821
vt 0.60304 0.45221
vt 0.60304 0.45221
vt 0.63141 0.36821
vt 0.63141 0.45221
vt 0.63141 0.36821
vt 0.65923 0.45221
vt 0.63141 0.45221
vt 0.65923 0.36821
vt 0.68544 0.45221
vt 0.65923 0.45221
vt 0.68544 0.45221
vt 0.70903 0.36821
vt 0.70903 0.45221
vt 0.70903 0.45221
vt 0.72909 0.36821
vt 0.72909 0.45221
vt 0.72909 0.36821
vt 0.74485 0.45221
vt 0.72909 0.45221
vt 0.75118 0.45002
vt 0.73744 0.36603
vt 0.75118 0.36603
vt 0.73744 0.45002
vt 0.71995 0.36603
vt 0.73744 0.36603
vt 0.71995 0.45002
vt 0.69939 0.36603
vt 0.71995 0.36603
vt 0.69939 0.45002
vt 0.67654 0.36603
vt 0.69939 0.36603
vt 0.67654 0.45002
vt 0.65228 0.36603
vt 0.67654 0.36603
vt 0.65228 0.36603
vt 0.62755 0.45002
vt 0.62755 0.36603
vt 0.62755 0.45002
vt 0.60329 0.36603
vt 0.62755 0.36603
vt 0.60329 0.45002
vt 0.58044 0.36603
vt 0.60329 0.36603
vt 0.58044 0.36603
vt 0.55988 0.45002
vt 0.55988 0.36603
vt 0.55988 0.36603
vt 0.54239 0.45002
vt 0.54239 0.36603
vt 0.75210 0.45010
vt 0.73134 0.36611
vt 0.75210 0.36611
vt 0.73134 0.45010
vt 0.70693 0.36611
vt 0.73134 0.36611
vt 0.70693 0.36611
vt 0.67980 0.45010
vt 0.67980 0.36611
vt 0.84881 0.11343
vt 0.79233 0.06708
vt 0.83869 0.01059
vt 0.67980 0.36611
vt 0.65100 0.45010
vt 0.65100 0.36611
vt 0.65100 0.45010
vt 0.62164 0.36611
vt 0.65100 0.36611
vt 0.81934 0.10901
vt 0.79367 0.07774
vt 0.89484 0.04705
vt 0.84881 0.01059
vt 0.86109 0.00485
vt 0.85875 0.01257
vt 0.83869 0.01059
vt 0.84961 0.00256
vt 0.84881 0.01059
vt 0.83869 0.01059
vt 0.82641 0.00485
vt 0.83789 0.00256
vt 0.81939 0.01644
vt 0.82641 0.00485
vt 0.82875 0.01257
vt 0.81939 0.01644
vt 0.80585 0.01583
vt 0.81559 0.00933
vt 0.80381 0.02923
vt 0.80585 0.01583
vt 0.81097 0.02207
vt 0.79818 0.03766
vt 0.79757 0.02411
vt 0.80381 0.02923
vt 0.79818 0.03766
vt 0.78658 0.04467
vt 0.79107 0.03385
vt 0.79233 0.05695
vt 0.78658 0.04467
vt 0.79431 0.04701
vt 0.79233 0.05695
vt 0.78430 0.06787
vt 0.78430 0.05616
vt 0.79431 0.07701
vt 0.78430 0.06787
vt 0.79233 0.06708
vt 0.79818 0.08637
vt 0.78658 0.07935
vt 0.79431 0.07701
vt 0.79818 0.08637
vt 0.79757 0.09991
vt 0.79107 0.09017
vt 0.80381 0.09479
vt 0.80585 0.10819
vt 0.79757 0.09991
vt 0.81939 0.10758
vt 0.80585 0.10819
vt 0.81097 0.10195
vt 0.82875 0.11146
vt 0.81559 0.11470
vt 0.81939 0.10758
vt 0.83869 0.11343
vt 0.82641 0.11918
vt 0.82875 0.11146
vt 0.84881 0.11343
vt 0.83789 0.12146
vt 0.83869 0.11343
vt 0.85875 0.11146
vt 0.84961 0.12146
vt 0.84881 0.11343
vt 0.86811 0.10758
vt 0.86109 0.11918
vt 0.85875 0.11146
vt 0.86811 0.10758
vt 0.88165 0.10819
vt 0.87191 0.11470
vt 0.88369 0.09479
vt 0.88165 0.10819
vt 0.87653 0.10195
vt 0.88369 0.09479
vt 0.89643 0.09017
vt 0.88993 0.09991
vt 0.88932 0.08637
vt 0.90092 0.07935
vt 0.89643 0.09017
vt 0.89319 0.07701
vt 0.90320 0.06787
vt 0.90092 0.07935
vt 0.89517 0.05695
vt 0.90320 0.06787
vt 0.89517 0.06708
vt 0.89517 0.05695
vt 0.90092 0.04467
vt 0.90320 0.05616
vt 0.89319 0.04701
vt 0.89643 0.03385
vt 0.90092 0.04467
vt 0.88932 0.03766
vt 0.88993 0.02411
vt 0.89643 0.03385
vt 0.88369 0.02923
vt 0.88165 0.01583
vt 0.88993 0.02411
vt 0.86811 0.01644
vt 0.88165 0.01583
vt 0.87653 0.02207
vt 0.86811 0.01644
vt 0.86109 0.00485
vt 0.87191 0.00933
vt 0.79165 0.06757
vt 0.78516 0.05657
vt 0.79165 0.05721
vt 0.79165 0.05721
vt 0.78743 0.04515
vt 0.79367 0.04705
vt 0.79764 0.03747
vt 0.78743 0.04515
vt 0.79188 0.03440
vt 0.79764 0.03747
vt 0.79835 0.02472
vt 0.80340 0.02886
vt 0.80340 0.02886
vt 0.80658 0.01649
vt 0.81072 0.02153
vt 0.81072 0.02153
vt 0.81626 0.01002
vt 0.81934 0.01577
vt 0.82891 0.01181
vt 0.81626 0.01002
vt 0.82702 0.00556
vt 0.82891 0.01181
vt 0.83844 0.00329
vt 0.83908 0.00979
vt 0.84944 0.00979
vt 0.83844 0.00329
vt 0.85008 0.00329
vt 0.84944 0.00979
vt 0.86150 0.00556
vt 0.85960 0.01181
vt 0.85960 0.01181
vt 0.87225 0.01002
vt 0.86918 0.01577
vt 0.86918 0.01577
vt 0.88193 0.01649
vt 0.87779 0.02153
vt 0.88512 0.02886
vt 0.88193 0.01649
vt 0.89016 0.02472
vt 0.88512 0.02886
vt 0.89663 0.03440
vt 0.89088 0.03747
vt 0.89088 0.03747
vt 0.90109 0.04515
vt 0.89484 0.04705
vt 0.89484 0.04705
vt 0.90336 0.05657
vt 0.89686 0.05721
vt 0.89686 0.06757
vt 0.90336 0.05657
vt 0.90336 0.06821
vt 0.89686 0.06757
vt 0.90109 0.07963
vt 0.89484 0.07774
vt 0.89088 0.08731
vt 0.90109 0.07963
vt 0.89663 0.09039
vt 0.88512 0.09593
vt 0.89663 0.09039
vt 0.89016 0.10007
vt 0.87779 0.10325
vt 0.89016 0.10007
vt 0.88193 0.10830
vt 0.87779 0.10325
vt 0.87225 0.11477
vt 0.86918 0.10901
vt 0.86918 0.10901
vt 0.86150 0.11922
vt 0.85960 0.11298
vt 0.84944 0.11500
vt 0.86150 0.11922
vt 0.85008 0.12149
vt 0.83908 0.11500
vt 0.85008 0.12149
vt 0.83844 0.12149
vt 0.83908 0.11500
vt 0.82702 0.11922
vt 0.82891 0.11298
vt 0.81934 0.10901
vt 0.82702 0.11922
vt 0.81626 0.11477
vt 0.81934 0.10901
vt 0.80658 0.10830
vt 0.81072 0.10325
vt 0.81072 0.10325
vt 0.79835 0.10007
vt 0.80340 0.09593
vt 0.79764 0.08731
vt 0.79835 0.10007
vt 0.79188 0.09039
vt 0.79764 0.08731
vt 0.78743 0.07963
vt 0.79367 0.07774
vt 0.79367 0.07774
vt 0.78516 0.06821
vt 0.79165 0.06757
vt 0.72513 0.49400
vt 0.72513 0.67697
vt 0.58760 0.67457
vt 0.70360 0.68629
vt 0.60390 0.68629
vt 0.60390 0.48129
vt 0.78882 0.46723
vt 0.81516 0.41795
vt 0.90419 0.49013
vt 0.99228 0.06517
vt 0.98764 0.01473
vt 0.96438 0.02450
vt 0.98196 0.14050
vt 0.97095 0.05323
vt 0.91103 0.20159
vt 0.97095 0.05323
vt 0.94857 0.02057
vt 0.92304 0.00431
vt 0.92304 0.00431
vt 0.91103 0.20159
vt 0.97095 0.05323
vt 0.91103 0.20159
vt 0.94072 0.20053
vt 0.98196 0.14050
vt 0.99330 0.19747
vt 0.96961 0.18642
vt 0.97187 0.16968
vt 0.99474 0.11768
vt 0.99228 0.06517
vt 0.96852 0.06954
vt 0.99228 0.19397
vt 0.96852 0.18454
vt 0.94575 0.20428
vt 0.99474 0.11768
vt 0.97071 0.11643
vt 0.97093 0.17291
vt 0.96401 0.10346
vt 0.97914 0.07471
vt 0.99631 0.10712
vt 0.81905 0.41120
vt 0.82015 0.37636
vt 0.80590 0.37779
vt 0.82015 0.37636
vt 0.81537 0.37197
vt 0.80590 0.37779
vt 0.81537 0.37197
vt 0.79645 0.36279
vt 0.80590 0.37779
vt 0.80590 0.37779
vt 0.80990 0.41358
vt 0.81905 0.41120
vt 0.81912 0.42098
vt 0.81905 0.41120
vt 0.80990 0.41358
vt 0.81912 0.42098
vt 0.80990 0.41358
vt 0.80629 0.43472
vt 0.84186 0.44196
vt 0.81912 0.42098
vt 0.80629 0.43472
vt 0.79243 0.44172
vt 0.77794 0.43871
vt 0.78494 0.46960
vt 0.84186 0.44196
vt 0.80629 0.43472
vt 0.78494 0.46960
vt 0.80629 0.43472
vt 0.79243 0.44172
vt 0.78494 0.46960
vt 0.86441 0.45493
vt 0.84186 0.44196
vt 0.84999 0.53198
vt 0.78494 0.46960
vt 0.84999 0.53198
vt 0.84186 0.44196
vt 0.84999 0.53198
vt 0.91420 0.46638
vt 0.88979 0.46292
vt 0.91420 0.46638
vt 0.90402 0.45540
vt 0.88979 0.46292
vt 0.58779 0.68452
vt 0.58779 0.49078
vt 0.71081 0.49078
vt 0.70707 0.00374
vt 0.71055 0.01243
vt 0.42932 0.01243
vt 0.94955 0.29683
vt 0.96822 0.29617
vt 0.97153 0.35883
vt 0.97153 0.35883
vt 0.97484 0.42150
vt 0.95617 0.42216
vt 0.47358 0.01353
vt 0.47358 0.00280
vt 0.70275 0.00280
vt 0.72117 0.68149
vt 0.59659 0.68060
vt 0.59646 0.49228
vt 0.87805 0.52463
vt 0.78843 0.45679
vt 0.80852 0.42981
vt 0.65398 0.01205
vt 0.42263 0.01041
vt 0.42527 0.00412
vt 0.91183 0.53312
vt 0.78610 0.47822
vt 0.83752 0.46360
vt 0.91183 0.53312
vt 0.83752 0.46360
vt 0.86987 0.47033
vt 0.94858 0.36721
vt 0.92552 0.34429
vt 0.98839 0.37174
vt 0.96259 0.38627
vt 0.94858 0.36721
vt 0.98839 0.37174
vt 0.91183 0.53312
vt 0.86987 0.47033
vt 0.93026 0.44429
vt 0.95589 0.41356
vt 0.96259 0.38627
vt 0.98839 0.37174
vt 0.91183 0.53312
vt 0.93026 0.44429
vt 0.95589 0.41356
vt 0.87692 0.15091
vt 0.88583 0.16368
vt 0.88565 0.17994
vt 0.88565 0.17994
vt 0.87424 0.20052
vt 0.86015 0.14601
vt 0.87424 0.20052
vt 0.83740 0.21444
vt 0.82350 0.15775
vt 0.88565 0.17994
vt 0.86015 0.14601
vt 0.87692 0.15091
vt 0.83740 0.21444
vt 0.81699 0.20555
vt 0.82350 0.15775
vt 0.81699 0.20555
vt 0.80877 0.19071
vt 0.80766 0.17145
vt 0.82350 0.15775
vt 0.81699 0.20555
vt 0.80766 0.17145
vt 0.03653 0.60406
vt 0.07197 0.68400
vt 0.06047 0.68977
vt 0.02961 0.56374
vt 0.03653 0.60406
vt 0.02410 0.60781
vt 0.03805 0.53953
vt 0.02961 0.56374
vt 0.01661 0.56395
vt 0.46734 0.58566
vt 0.45528 0.59001
vt 0.45312 0.55324
vt 0.46542 0.55368
vt 0.45312 0.55324
vt 0.45518 0.50437
vt 0.35896 0.65218
vt 0.34646 0.65587
vt 0.33120 0.58525
vt 0.34791 0.53531
vt 0.34427 0.58414
vt 0.33120 0.58525
vt 0.34791 0.53531
vt 0.33511 0.53241
vt 0.34763 0.50060
vt 0.53897 0.54025
vt 0.53868 0.50794
vt 0.55011 0.50437
vt 0.09797 0.72223
vt 0.08857 0.73102
vt 0.06047 0.68977
vt 0.38651 0.56662
vt 0.39797 0.63111
vt 0.38451 0.63621
vt 0.38944 0.53281
vt 0.38651 0.56662
vt 0.37263 0.56907
vt 0.39797 0.51087
vt 0.38944 0.53281
vt 0.37597 0.52987
vt 0.56385 0.51151
vt 0.57403 0.50437
vt 0.57403 0.53592
vt 0.28058 0.68243
vt 0.26802 0.68964
vt 0.25258 0.65212
vt 0.26633 0.56388
vt 0.26690 0.64916
vt 0.25258 0.65212
vt 0.27980 0.52357
vt 0.26633 0.56388
vt 0.25199 0.56148
vt 0.29457 0.51209
vt 0.27980 0.52357
vt 0.26750 0.51523
vt 0.49422 0.57031
vt 0.48294 0.57709
vt 0.48101 0.54420
vt 0.49328 0.54545
vt 0.48101 0.54420
vt 0.48218 0.50437
vt 0.72513 0.49400
vt 0.58293 0.48672
vt 0.58760 0.67457
vt 0.60390 0.48129
vt 0.60390 0.68629
vt 0.70360 0.68629
vt 0.90419 0.49013
vt 0.81516 0.41795
vt 0.78882 0.46723
vt 0.99228 0.06517
vt 0.96852 0.06954
vt 0.96438 0.02450
vt 0.94857 0.02057
vt 0.97095 0.05323
vt 0.92304 0.00431
vt 0.97095 0.05323
vt 0.98196 0.14050
vt 0.91103 0.20159
vt 0.92304 0.00431
vt 0.97095 0.05323
vt 0.91103 0.20159
vt 0.98196 0.14050
vt 0.97107 0.17726
vt 0.94072 0.20053
vt 0.97187 0.16968
vt 0.96961 0.18642
vt 0.99330 0.19747
vt 0.99474 0.11768
vt 0.97071 0.11643
vt 0.96852 0.06954
vt 0.94575 0.20428
vt 0.96852 0.18454
vt 0.99228 0.19397
vt 0.97093 0.17291
vt 0.97071 0.11643
vt 0.99474 0.11768
vt 0.99631 0.10712
vt 0.97914 0.07471
vt 0.96401 0.10346
vt 0.88979 0.46292
vt 0.90402 0.45540
vt 0.91420 0.46638
vt 0.91420 0.46638
vt 0.84999 0.53198
vt 0.88979 0.46292
vt 0.84999 0.53198
vt 0.78494 0.46960
vt 0.84186 0.44196
vt 0.88979 0.46292
vt 0.84999 0.53198
vt 0.86441 0.45493
vt 0.78494 0.46960
vt 0.77794 0.43871
vt 0.79243 0.44172
vt 0.78494 0.46960
vt 0.79243 0.44172
vt 0.80629 0.43472
vt 0.86441 0.45493
vt 0.84999 0.53198
vt 0.84186 0.44196
vt 0.78494 0.46960
vt 0.80629 0.43472
vt 0.84186 0.44196
vt 0.84186 0.44196
vt 0.80629 0.43472
vt 0.81912 0.42098
vt 0.80629 0.43472
vt 0.80990 0.41358
vt 0.81912 0.42098
vt 0.80590 0.37779
vt 0.79645 0.36279
vt 0.81537 0.37197
vt 0.81912 0.42098
vt 0.80990 0.41358
vt 0.81905 0.41120
vt 0.80990 0.41358
vt 0.80590 0.37779
vt 0.81905 0.41120
vt 0.81537 0.37197
vt 0.82015 0.37636
vt 0.80590 0.37779
vt 0.71081 0.49078
vt 0.58779 0.49078
vt 0.58779 0.68452
vt 0.42932 0.01243
vt 0.71055 0.01243
vt 0.70707 0.00374
vt 0.97153 0.35883
vt 0.96822 0.29617
vt 0.94955 0.29683
vt 0.94955 0.29683
vt 0.95617 0.42216
vt 0.97153 0.35883
vt 0.70275 0.00280
vt 0.47358 0.00280
vt 0.47358 0.01353
vt 0.59646 0.49228
vt 0.59659 0.68060
vt 0.72117 0.68149
vt 0.80852 0.42981
vt 0.78843 0.45679
vt 0.87805 0.52463
vt 0.42527 0.00412
vt 0.42263 0.01041
vt 0.65398 0.01205
vt 0.83752 0.46360
vt 0.78610 0.47822
vt 0.91183 0.53312
vt 0.98839 0.37174
vt 0.92552 0.34429
vt 0.94858 0.36721
vt 0.98839 0.37174
vt 0.94858 0.36721
vt 0.96259 0.38627
vt 0.86987 0.47033
vt 0.83752 0.46360
vt 0.91183 0.53312
vt 0.93026 0.44429
vt 0.86987 0.47033
vt 0.91183 0.53312
vt 0.98839 0.37174
vt 0.96259 0.38627
vt 0.95589 0.41356
vt 0.95589 0.41356
vt 0.93026 0.44429
vt 0.91183 0.53312
vt 0.88565 0.17994
vt 0.88583 0.16368
vt 0.87692 0.15091
vt 0.87692 0.15091
vt 0.86015 0.14601
vt 0.88565 0.17994
vt 0.86015 0.14601
vt 0.82350 0.15775
vt 0.87424 0.20052
vt 0.88565 0.17994
vt 0.86015 0.14601
vt 0.87424 0.20052
vt 0.82350 0.15775
vt 0.80766 0.17145
vt 0.81699 0.20555
vt 0.80766 0.17145
vt 0.80877 0.19071
vt 0.81699 0.20555
vt 0.81699 0.20555
vt 0.83740 0.21444
vt 0.82350 0.15775
vt 0.03653 0.60406
vt 0.02410 0.60781
vt 0.06047 0.68977
vt 0.02961 0.56374
vt 0.01661 0.56395
vt 0.02410 0.60781
vt 0.03805 0.53953
vt 0.02645 0.53587
vt 0.01661 0.56395
vt 0.45312 0.55324
vt 0.45528 0.59001
vt 0.46734 0.58566
vt 0.45518 0.50437
vt 0.45312 0.55324
vt 0.46542 0.55368
vt 0.33120 0.58525
vt 0.34646 0.65587
vt 0.35896 0.65218
vt 0.34791 0.53531
vt 0.33511 0.53241
vt 0.33120 0.58525
vt 0.34763 0.50060
vt 0.33511 0.53241
vt 0.34791 0.53531
vt 0.53897 0.54025
vt 0.55011 0.54172
vt 0.55011 0.50437
vt 0.06047 0.68977
vt 0.08857 0.73102
vt 0.09797 0.72223
vt 0.38651 0.56662
vt 0.37263 0.56907
vt 0.38451 0.63621
vt 0.38944 0.53281
vt 0.37597 0.52987
vt 0.37263 0.56907
vt 0.39797 0.51087
vt 0.38722 0.50060
vt 0.37597 0.52987
vt 0.57403 0.53592
vt 0.57403 0.50437
vt 0.56385 0.51151
vt 0.25258 0.65212
vt 0.26802 0.68964
vt 0.28058 0.68243
vt 0.26633 0.56388
vt 0.25199 0.56148
vt 0.25258 0.65212
vt 0.27980 0.52357
vt 0.26750 0.51523
vt 0.25199 0.56148
vt 0.29457 0.51209
vt 0.28642 0.50060
vt 0.26750 0.51523
vt 0.48101 0.54420
vt 0.48294 0.57709
vt 0.49422 0.57031
vt 0.48218 0.50437
vt 0.48101 0.54420
vt 0.49328 0.54545
vt 0.95520 0.30252
vt 0.92892 0.31240
vt 0.92604 0.30407
vt 0.95232 0.29418
vt 0.92604 0.30407
vt 0.92369 0.29694
vt 0.96462 0.34764
vt 0.94283 0.35706
vt 0.94016 0.35010
vt 0.96195 0.34068
vt 0.94016 0.35010
vt 0.93720 0.34236
vt 0.95899 0.33294
vt 0.93720 0.34236
vt 0.93406 0.33414
vt 0.95585 0.32472
vt 0.93406 0.33414
vt 0.93086 0.32576
vt 0.95265 0.31634
vt 0.93086 0.32576
vt 0.92772 0.31754
vt 0.94951 0.30812
vt 0.92772 0.31754
vt 0.92477 0.30980
vt 0.94656 0.30038
vt 0.92477 0.30980
vt 0.92212 0.30283
vt 0.91854 0.29879
vt 0.94401 0.28729
vt 0.94677 0.29423
vt 0.92131 0.30573
vt 0.94677 0.29423
vt 0.95014 0.30234
vt 0.92468 0.31384
vt 0.95014 0.30234
vt 0.95398 0.31131
vt 0.92852 0.32281
vt 0.95398 0.31131
vt 0.95814 0.32079
vt 0.93268 0.33229
vt 0.95814 0.32079
vt 0.96247 0.33041
vt 0.96247 0.33041
vt 0.96679 0.33982
vt 0.94133 0.35132
vt 0.96679 0.33982
vt 0.97095 0.34864
vt 0.94549 0.36014
vt 0.97095 0.34864
vt 0.97478 0.35655
vt 0.94932 0.36805
vt 0.97478 0.35655
vt 0.97813 0.36322
vt 0.95267 0.37472
vt 0.94617 0.28356
vt 0.94986 0.29282
vt 0.91993 0.30329
vt 0.94986 0.29282
vt 0.95395 0.30310
vt 0.92402 0.31358
vt 0.95395 0.30310
vt 0.95831 0.31401
vt 0.92838 0.32449
vt 0.95831 0.31401
vt 0.96275 0.32514
vt 0.93282 0.33562
vt 0.96275 0.32514
vt 0.96712 0.33605
vt 0.93719 0.34653
vt 0.96712 0.33605
vt 0.97123 0.34633
vt 0.94130 0.35681
vt 0.97123 0.34633
vt 0.97493 0.35558
vt 0.94500 0.36606
vt 0.95328 0.37517
vt 0.95032 0.36827
vt 0.97660 0.35839
vt 0.95032 0.36827
vt 0.94697 0.36011
vt 0.97324 0.35023
vt 0.94697 0.36011
vt 0.94334 0.35101
vt 0.96961 0.34113
vt 0.94334 0.35101
vt 0.93957 0.34131
vt 0.96585 0.33143
vt 0.93957 0.34131
vt 0.93582 0.33139
vt 0.96210 0.32151
vt 0.84198 0.36949
vt 0.84581 0.36077
vt 0.85128 0.35297
vt 0.85128 0.35297
vt 0.85816 0.34638
vt 0.86620 0.34126
vt 0.86620 0.34126
vt 0.87508 0.33781
vt 0.88446 0.33615
vt 0.88446 0.33615
vt 0.89398 0.33636
vt 0.86620 0.34126
vt 0.89398 0.33636
vt 0.90329 0.33842
vt 0.86620 0.34126
vt 0.90329 0.33842
vt 0.91201 0.34226
vt 0.91981 0.34772
vt 0.91981 0.34772
vt 0.92640 0.35461
vt 0.93152 0.36264
vt 0.93152 0.36264
vt 0.93497 0.37152
vt 0.93436 0.39973
vt 0.93497 0.37152
vt 0.93663 0.38090
vt 0.93436 0.39973
vt 0.93663 0.38090
vt 0.93642 0.39043
vt 0.93436 0.39973
vt 0.93436 0.39973
vt 0.93052 0.40845
vt 0.92505 0.41626
vt 0.92505 0.41626
vt 0.91817 0.42285
vt 0.91014 0.42796
vt 0.91014 0.42796
vt 0.90126 0.43142
vt 0.89187 0.43307
vt 0.89187 0.43307
vt 0.88235 0.43286
vt 0.87305 0.43080
vt 0.87305 0.43080
vt 0.86433 0.42696
vt 0.85652 0.42150
vt 0.85652 0.42150
vt 0.84993 0.41462
vt 0.84481 0.40658
vt 0.84481 0.40658
vt 0.84136 0.39770
vt 0.83971 0.38832
vt 0.83971 0.38832
vt 0.83991 0.37879
vt 0.84198 0.36949
vt 0.84198 0.36949
vt 0.85128 0.35297
vt 0.86620 0.34126
vt 0.90329 0.33842
vt 0.91981 0.34772
vt 0.93436 0.39973
vt 0.91981 0.34772
vt 0.93152 0.36264
vt 0.93436 0.39973
vt 0.93436 0.39973
vt 0.92505 0.41626
vt 0.87305 0.43080
vt 0.92505 0.41626
vt 0.91014 0.42796
vt 0.87305 0.43080
vt 0.91014 0.42796
vt 0.89187 0.43307
vt 0.87305 0.43080
vt 0.87305 0.43080
vt 0.85652 0.42150
vt 0.84481 0.40658
vt 0.84481 0.40658
vt 0.83971 0.38832
vt 0.84198 0.36949
vt 0.84198 0.36949
vt 0.86620 0.34126
vt 0.93436 0.39973
vt 0.86620 0.34126
vt 0.90329 0.33842
vt 0.93436 0.39973
vt 0.87305 0.43080
vt 0.84481 0.40658
vt 0.93436 0.39973
vt 0.96210 0.32151
vt 0.93582 0.33139
vt 0.93222 0.32163
vt 0.95850 0.31175
vt 0.93222 0.32163
vt 0.92892 0.31240
vt 0.90792 0.34685
vt 0.91509 0.35164
vt 0.92928 0.37288
vt 0.91509 0.35164
vt 0.92119 0.35774
vt 0.92928 0.37288
vt 0.92119 0.35774
vt 0.92598 0.36491
vt 0.92928 0.37288
vt 0.92928 0.37288
vt 0.93096 0.38133
vt 0.93096 0.38995
vt 0.93096 0.38995
vt 0.92928 0.39841
vt 0.92598 0.40637
vt 0.92598 0.40637
vt 0.92119 0.41354
vt 0.91509 0.41964
vt 0.91509 0.41964
vt 0.90792 0.42443
vt 0.89996 0.42773
vt 0.89996 0.42773
vt 0.89150 0.42941
vt 0.88288 0.42941
vt 0.88288 0.42941
vt 0.87443 0.42773
vt 0.86646 0.42443
vt 0.86646 0.42443
vt 0.85929 0.41964
vt 0.85319 0.41354
vt 0.85319 0.41354
vt 0.84840 0.40637
vt 0.84510 0.39841
vt 0.84510 0.39841
vt 0.84342 0.38995
vt 0.84342 0.38133
vt 0.84342 0.38133
vt 0.84510 0.37288
vt 0.84510 0.39841
vt 0.84510 0.37288
vt 0.84840 0.36491
vt 0.84510 0.39841
vt 0.84840 0.36491
vt 0.85319 0.35774
vt 0.85929 0.35164
vt 0.85929 0.35164
vt 0.86646 0.34685
vt 0.87443 0.34355
vt 0.87443 0.34355
vt 0.88288 0.34187
vt 0.89150 0.34187
vt 0.89150 0.34187
vt 0.89996 0.34355
vt 0.87443 0.34355
vt 0.89996 0.34355
vt 0.90792 0.34685
vt 0.87443 0.34355
vt 0.92928 0.37288
vt 0.93096 0.38995
vt 0.92598 0.40637
vt 0.92598 0.40637
vt 0.91509 0.41964
vt 0.89996 0.42773
vt 0.89996 0.42773
vt 0.88288 0.42941
vt 0.86646 0.42443
vt 0.86646 0.42443
vt 0.85319 0.41354
vt 0.84840 0.36491
vt 0.85319 0.41354
vt 0.84510 0.39841
vt 0.84840 0.36491
vt 0.84840 0.36491
vt 0.85929 0.35164
vt 0.90792 0.34685
vt 0.85929 0.35164
vt 0.87443 0.34355
vt 0.90792 0.34685
vt 0.90792 0.34685
vt 0.92928 0.37288
vt 0.92598 0.40637
vt 0.92598 0.40637
vt 0.89996 0.42773
vt 0.86646 0.42443
vt 0.90792 0.34685
vt 0.92598 0.40637
vt 0.84840 0.36491
vt 0.62164 0.36611
vt 0.62164 0.45010
vt 0.59284 0.45010
vt 0.59284 0.36611
vt 0.59284 0.45010
vt 0.56572 0.45010
vt 0.56572 0.45010
vt 0.54131 0.45010
vt 0.54131 0.36611
vt 0.74909 0.36830
vt 0.74909 0.45229
vt 0.71637 0.45229
vt 0.71637 0.36830
vt 0.71637 0.45229
vt 0.68164 0.45229
vt 0.68164 0.45229
vt 0.64623 0.45229
vt 0.64623 0.36830
vt 0.64623 0.36830
vt 0.64623 0.45229
vt 0.61150 0.45229
vt 0.61150 0.45229
vt 0.57878 0.45229
vt 0.57878 0.36830
vt 0.57878 0.36830
vt 0.57878 0.45229
vt 0.54934 0.45229
vt 0.54901 0.36821
vt 0.57522 0.36821
vt 0.57522 0.45221
vt 0.57522 0.45221
vt 0.57522 0.36821
vt 0.60304 0.36821
vt 0.60304 0.45221
vt 0.60304 0.36821
vt 0.63141 0.36821
vt 0.63141 0.36821
vt 0.65923 0.36821
vt 0.65923 0.45221
vt 0.65923 0.36821
vt 0.68544 0.36821
vt 0.68544 0.45221
vt 0.68544 0.45221
vt 0.68544 0.36821
vt 0.70903 0.36821
vt 0.70903 0.45221
vt 0.70903 0.36821
vt 0.72909 0.36821
vt 0.72909 0.36821
vt 0.74485 0.36821
vt 0.74485 0.45221
vt 0.75118 0.45002
vt 0.73744 0.45002
vt 0.73744 0.36603
vt 0.73744 0.45002
vt 0.71995 0.45002
vt 0.71995 0.36603
vt 0.71995 0.45002
vt 0.69939 0.45002
vt 0.69939 0.36603
vt 0.69939 0.45002
vt 0.67654 0.45002
vt 0.67654 0.36603
vt 0.67654 0.45002
vt 0.65228 0.45002
vt 0.65228 0.36603
vt 0.65228 0.36603
vt 0.65228 0.45002
vt 0.62755 0.45002
vt 0.62755 0.45002
vt 0.60329 0.45002
vt 0.60329 0.36603
vt 0.60329 0.45002
vt 0.58044 0.45002
vt 0.58044 0.36603
vt 0.58044 0.36603
vt 0.58044 0.45002
vt 0.55988 0.45002
vt 0.55988 0.36603
vt 0.55988 0.45002
vt 0.54239 0.45002
vt 0.75210 0.45010
vt 0.73134 0.45010
vt 0.73134 0.36611
vt 0.73134 0.45010
vt 0.70693 0.45010
vt 0.70693 0.36611
vt 0.70693 0.36611
vt 0.70693 0.45010
vt 0.67980 0.45010
vt 0.83869 0.01059
vt 0.84881 0.01059
vt 0.85875 0.01257
vt 0.85875 0.01257
vt 0.86811 0.01644
vt 0.87653 0.02207
vt 0.87653 0.02207
vt 0.88369 0.02923
vt 0.88932 0.03766
vt 0.88932 0.03766
vt 0.89319 0.04701
vt 0.87653 0.02207
vt 0.89319 0.04701
vt 0.89517 0.05695
vt 0.87653 0.02207
vt 0.89517 0.05695
vt 0.89517 0.06708
vt 0.89319 0.07701
vt 0.89319 0.07701
vt 0.88932 0.08637
vt 0.88369 0.09479
vt 0.88369 0.09479
vt 0.87653 0.10195
vt 0.84881 0.11343
vt 0.87653 0.10195
vt 0.86811 0.10758
vt 0.84881 0.11343
vt 0.86811 0.10758
vt 0.85875 0.11146
vt 0.84881 0.11343
vt 0.84881 0.11343
vt 0.83869 0.11343
vt 0.82875 0.11146
vt 0.82875 0.11146
vt 0.81939 0.10758
vt 0.81097 0.10195
vt 0.81097 0.10195
vt 0.80381 0.09479
vt 0.79233 0.06708
vt 0.80381 0.09479
vt 0.79818 0.08637
vt 0.79233 0.06708
vt 0.79818 0.08637
vt 0.79431 0.07701
vt 0.79233 0.06708
vt 0.79233 0.06708
vt 0.79233 0.05695
vt 0.79431 0.04701
vt 0.79431 0.04701
vt 0.79818 0.03766
vt 0.80381 0.02923
vt 0.80381 0.02923
vt 0.81097 0.02207
vt 0.81939 0.01644
vt 0.81939 0.01644
vt 0.82875 0.01257
vt 0.80381 0.02923
vt 0.82875 0.01257
vt 0.83869 0.01059
vt 0.80381 0.02923
vt 0.83869 0.01059
vt 0.85875 0.01257
vt 0.87653 0.02207
vt 0.89517 0.05695
vt 0.89319 0.07701
vt 0.84881 0.11343
vt 0.89319 0.07701
vt 0.88369 0.09479
vt 0.84881 0.11343
vt 0.84881 0.11343
vt 0.82875 0.11146
vt 0.79233 0.06708
vt 0.82875 0.11146
vt 0.81097 0.10195
vt 0.79233 0.06708
vt 0.79233 0.06708
vt 0.79431 0.04701
vt 0.83869 0.01059
vt 0.79431 0.04701
vt 0.80381 0.02923
vt 0.83869 0.01059
vt 0.83869 0.01059
vt 0.87653 0.02207
vt 0.84881 0.11343
vt 0.87653 0.02207
vt 0.89517 0.05695
vt 0.84881 0.11343
vt 0.67980 0.36611
vt 0.67980 0.45010
vt 0.65100 0.45010
vt 0.65100 0.45010
vt 0.62164 0.45010
vt 0.62164 0.36611
vt 0.79367 0.07774
vt 0.79165 0.06757
vt 0.79165 0.05721
vt 0.79165 0.05721
vt 0.79367 0.04705
vt 0.79764 0.03747
vt 0.79764 0.03747
vt 0.80340 0.02886
vt 0.81072 0.02153
vt 0.81072 0.02153
vt 0.81934 0.01577
vt 0.79764 0.03747
vt 0.81934 0.01577
vt 0.82891 0.01181
vt 0.79764 0.03747
vt 0.82891 0.01181
vt 0.83908 0.00979
vt 0.86918 0.01577
vt 0.83908 0.00979
vt 0.84944 0.00979
vt 0.86918 0.01577
vt 0.84944 0.00979
vt 0.85960 0.01181
vt 0.86918 0.01577
vt 0.86918 0.01577
vt 0.87779 0.02153
vt 0.88512 0.02886
vt 0.88512 0.02886
vt 0.89088 0.03747
vt 0.89484 0.04705
vt 0.89484 0.04705
vt 0.89686 0.05721
vt 0.89088 0.08731
vt 0.89686 0.05721
vt 0.89686 0.06757
vt 0.89088 0.08731
vt 0.89686 0.06757
vt 0.89484 0.07774
vt 0.89088 0.08731
vt 0.89088 0.08731
vt 0.88512 0.09593
vt 0.85960 0.11298
vt 0.88512 0.09593
vt 0.87779 0.10325
vt 0.85960 0.11298
vt 0.87779 0.10325
vt 0.86918 0.10901
vt 0.85960 0.11298
vt 0.85960 0.11298
vt 0.84944 0.11500
vt 0.83908 0.11500
vt 0.83908 0.11500
vt 0.82891 0.11298
vt 0.85960 0.11298
vt 0.82891 0.11298
vt 0.81934 0.10901
vt 0.85960 0.11298
vt 0.81934 0.10901
vt 0.81072 0.10325
vt 0.79367 0.07774
vt 0.81072 0.10325
vt 0.80340 0.09593
vt 0.79367 0.07774
vt 0.80340 0.09593
vt 0.79764 0.08731
vt 0.79367 0.07774
vt 0.79367 0.07774
vt 0.79165 0.05721
vt 0.79764 0.03747
vt 0.86918 0.01577
vt 0.88512 0.02886
vt 0.82891 0.01181
vt 0.88512 0.02886
vt 0.89484 0.04705
vt 0.82891 0.01181
vt 0.79367 0.07774
vt 0.79764 0.03747
vt 0.89484 0.04705
vt 0.79764 0.03747
vt 0.82891 0.01181
vt 0.89484 0.04705
vt 0.89484 0.04705
vt 0.89088 0.08731
vt 0.85960 0.11298
vt 0.85960 0.11298
vt 0.81934 0.10901
vt 0.89484 0.04705
vt 0.84881 0.01059
vt 0.84961 0.00256
vt 0.86109 0.00485
vt 0.83869 0.01059
vt 0.83789 0.00256
vt 0.84961 0.00256
vt 0.83869 0.01059
vt 0.82875 0.01257
vt 0.82641 0.00485
vt 0.81939 0.01644
vt 0.81559 0.00933
vt 0.82641 0.00485
vt 0.81939 0.01644
vt 0.81097 0.02207
vt 0.80585 0.01583
vt 0.80381 0.02923
vt 0.79757 0.02411
vt 0.80585 0.01583
vt 0.79818 0.03766
vt 0.79107 0.03385
vt 0.79757 0.02411
vt 0.79818 0.03766
vt 0.79431 0.04701
vt 0.78658 0.04467
vt 0.79233 0.05695
vt 0.78430 0.05616
vt 0.78658 0.04467
vt 0.79233 0.05695
vt 0.79233 0.06708
vt 0.78430 0.06787
vt 0.79431 0.07701
vt 0.78658 0.07935
vt 0.78430 0.06787
vt 0.79818 0.08637
vt 0.79107 0.09017
vt 0.78658 0.07935
vt 0.79818 0.08637
vt 0.80381 0.09479
vt 0.79757 0.09991
vt 0.80381 0.09479
vt 0.81097 0.10195
vt 0.80585 0.10819
vt 0.81939 0.10758
vt 0.81559 0.11470
vt 0.80585 0.10819
vt 0.82875 0.11146
vt 0.82641 0.11918
vt 0.81559 0.11470
vt 0.83869 0.11343
vt 0.83789 0.12146
vt 0.82641 0.11918
vt 0.84881 0.11343
vt 0.84961 0.12146
vt 0.83789 0.12146
vt 0.85875 0.11146
vt 0.86109 0.11918
vt 0.84961 0.12146
vt 0.86811 0.10758
vt 0.87191 0.11470
vt 0.86109 0.11918
vt 0.86811 0.10758
vt 0.87653 0.10195
vt 0.88165 0.10819
vt 0.88369 0.09479
vt 0.88993 0.09991
vt 0.88165 0.10819
vt 0.88369 0.09479
vt 0.88932 0.08637
vt 0.89643 0.09017
vt 0.88932 0.08637
vt 0.89319 0.07701
vt 0.90092 0.07935
vt 0.89319 0.07701
vt 0.89517 0.06708
vt 0.90320 0.06787
vt 0.89517 0.05695
vt 0.90320 0.05616
vt 0.90320 0.06787
vt 0.89517 0.05695
vt 0.89319 0.04701
vt 0.90092 0.04467
vt 0.89319 0.04701
vt 0.88932 0.03766
vt 0.89643 0.03385
vt 0.88932 0.03766
vt 0.88369 0.02923
vt 0.88993 0.02411
vt 0.88369 0.02923
vt 0.87653 0.02207
vt 0.88165 0.01583
vt 0.86811 0.01644
vt 0.87191 0.00933
vt 0.88165 0.01583
vt 0.86811 0.01644
vt 0.85875 0.01257
vt 0.86109 0.00485
vt 0.79165 0.06757
vt 0.78516 0.06821
vt 0.78516 0.05657
vt 0.79165 0.05721
vt 0.78516 0.05657
vt 0.78743 0.04515
vt 0.79764 0.03747
vt 0.79367 0.04705
vt 0.78743 0.04515
vt 0.79764 0.03747
vt 0.79188 0.03440
vt 0.79835 0.02472
vt 0.80340 0.02886
vt 0.79835 0.02472
vt 0.80658 0.01649
vt 0.81072 0.02153
vt 0.80658 0.01649
vt 0.81626 0.01002
vt 0.82891 0.01181
vt 0.81934 0.01577
vt 0.81626 0.01002
vt 0.82891 0.01181
vt 0.82702 0.00556
vt 0.83844 0.00329
vt 0.84944 0.00979
vt 0.83908 0.00979
vt 0.83844 0.00329
vt 0.84944 0.00979
vt 0.85008 0.00329
vt 0.86150 0.00556
vt 0.85960 0.01181
vt 0.86150 0.00556
vt 0.87225 0.01002
vt 0.86918 0.01577
vt 0.87225 0.01002
vt 0.88193 0.01649
vt 0.88512 0.02886
vt 0.87779 0.02153
vt 0.88193 0.01649
vt 0.88512 0.02886
vt 0.89016 0.02472
vt 0.89663 0.03440
vt 0.89088 0.03747
vt 0.89663 0.03440
vt 0.90109 0.04515
vt 0.89484 0.04705
vt 0.90109 0.04515
vt 0.90336 0.05657
vt 0.89686 0.06757
vt 0.89686 0.05721
vt 0.90336 0.05657
vt 0.89686 0.06757
vt 0.90336 0.06821
vt 0.90109 0.07963
vt 0.89088 0.08731
vt 0.89484 0.07774
vt 0.90109 0.07963
vt 0.88512 0.09593
vt 0.89088 0.08731
vt 0.89663 0.09039
vt 0.87779 0.10325
vt 0.88512 0.09593
vt 0.89016 0.10007
vt 0.87779 0.10325
vt 0.88193 0.10830
vt 0.87225 0.11477
vt 0.86918 0.10901
vt 0.87225 0.11477
vt 0.86150 0.11922
vt 0.84944 0.11500
vt 0.85960 0.11298
vt 0.86150 0.11922
vt 0.83908 0.11500
vt 0.84944 0.11500
vt 0.85008 0.12149
vt 0.83908 0.11500
vt 0.83844 0.12149
vt 0.82702 0.11922
vt 0.81934 0.10901
vt 0.82891 0.11298
vt 0.82702 0.11922
vt 0.81934 0.10901
vt 0.81626 0.11477
vt 0.80658 0.10830
vt 0.81072 0.10325
vt 0.80658 0.10830
vt 0.79835 0.10007
vt 0.79764 0.08731
vt 0.80340 0.09593
vt 0.79835 0.10007
vt 0.79764 0.08731
vt 0.79188 0.09039
vt 0.78743 0.07963
vt 0.79367 0.07774
vt 0.78743 0.07963
vt 0.78516 0.06821
vn -0.99947 -0.01980 -0.02580
vn -0.99947 -0.01980 -0.02580
vn -0.99947 -0.01980 -0.02580
vn 0.00000 -0.02080 0.99978
vn 0.00000 -0.02080 0.99978
vn 0.00000 -0.02080 0.99978
vn 0.00000 1.00000 -0.00000
vn 0.00000 1.00000 -0.00000
vn 0.00000 1.00000 -0.00000
vn -0.86577 0.43289 -0.25109
vn -0.86577 0.43289 -0.25109
vn -0.86577 0.43289 -0.25109
vn -0.00000 -0.00000 -1.00000
vn -0.00000 -0.00000 -1.00000
vn -0.00000 -0.00000 -1.00000
vn -0.65656 -0.65656 -0.37128
vn -0.65656 -0.65656 -0.37128
vn -0.65656 -0.65656 -0.37128
vn -0.94299 0.23580 -0.23490
vn -0.94299 0.23580 -0.23490
vn -0.94299 0.23580 -0.23490
vn -0.63001 -0.48811 -0.60401
vn -0.63001 -0.48811 -0.60401
vn -0.63001 -0.48811 -0.60401
vn -0.96780 0.01890 -0.25100
vn -0.96780 0.01890 -0.25100
vn -0.96780 0.01890 -0.25100
vn -0.46208 0.81686 -0.34528
vn -0.46208 0.81686 -0.34528
vn -0.46208 0.81686 -0.34528
vn -0.10800 0.05400 -0.99268
vn -0.10800 0.05400 -0.99268
vn -0.10800 0.05400 -0.99268
vn 0.00000 0.99938 -0.03530
vn 0.00000 0.99938 -0.03530
vn 0.00000 0.99938 -0.03530
vn -0.91249 -0.00000 -0.40910
vn -0.91249 -0.00000 -0.40910
vn -0.91249 -0.00000 -0.40910
vn -1.00000 -0.00000 -0.00000
vn -1.00000 -0.00000 -0.00000
vn -1.00000 -0.00000 -0.00000
vn 0.00000 0.98855 0.15091
vn 0.00000 0.98855 0.15091
vn 0.00000 0.98855 0.15091
vn 0.00000 -1.00000 -0.00000
vn 0.00000 -1.00000 -0.00000
vn 0.00000 -1.00000 -0.00000
vn 0.00000 -1.00000 -0.00000
vn 0.00000 -1.00000 -0.00000
vn 0.00000 -1.00000 -0.00000
vn 0.00000 -0.68990 -0.72390
vn 0.00000 -0.68990 -0.72390
vn 0.00000 -0.68990 -0.72390
vn -0.18940 -0.00000 -0.98190
vn -0.18940 -0.00000 -0.98190
vn -0.18940 -0.00000 -0.98190
vn -0.20390 0.01330 -0.97890
vn -0.20390 0.01330 -0.97890
vn -0.20390 0.01330 -0.97890
vn 0.56349 0.57909 -0.58919
vn 0.56349 0.57909 -0.58919
vn 0.56349 0.57909 -0.58919
vn 0.74369 0.23060 -0.62749
vn 0.74369 0.23060 -0.62749
vn 0.74369 0.23060 -0.62749
vn 0.69490 -0.35670 -0.62440
vn 0.69490 -0.35670 -0.62440
vn 0.69490 -0.35670 -0.62440
vn 0.12291 -0.84446 -0.52133
vn 0.12291 -0.84446 -0.52133
vn 0.12291 -0.84446 -0.52133
vn -0.36269 -0.82688 -0.42979
vn -0.36269 -0.82688 -0.42979
vn -0.36269 -0.82688 -0.42979
vn -0.73991 -0.57060 -0.35630
vn -0.73991 -0.57060 -0.35630
vn -0.73991 -0.57060 -0.35630
vn -0.93848 -0.14240 -0.31459
vn -0.93848 -0.14240 -0.31459
vn -0.93848 -0.14240 -0.31459
vn -0.82173 0.46432 -0.33041
vn -0.82173 0.46432 -0.33041
vn -0.82173 0.46432 -0.33041
vn -0.34831 0.83701 -0.42201
vn -0.34831 0.83701 -0.42201
vn -0.34831 0.83701 -0.42201
vn 0.38902 0.73504 -0.55533
vn 0.38902 0.73504 -0.55533
vn 0.38902 0.73504 -0.55533
vn -0.67991 -0.46021 -0.57091
vn -0.67991 -0.46021 -0.57091
vn -0.67991 -0.46021 -0.57091
vn -0.81966 -0.19129 -0.53997
vn -0.81966 -0.19129 -0.53997
vn -0.81966 -0.19129 -0.53997
vn -0.78707 0.29749 -0.54038
vn -0.78707 0.29749 -0.54038
vn -0.78707 0.29749 -0.54038
vn -0.31291 0.71402 -0.62631
vn -0.31291 0.71402 -0.62631
vn -0.31291 0.71402 -0.62631
vn 0.10120 0.70198 -0.70498
vn 0.10120 0.70198 -0.70498
vn 0.10120 0.70198 -0.70498
vn 0.42089 0.48339 -0.76758
vn 0.42089 0.48339 -0.76758
vn 0.42089 0.48339 -0.76758
vn 0.58459 0.11940 -0.80249
vn 0.58459 0.11940 -0.80249
vn 0.58459 0.11940 -0.80249
vn 0.47851 -0.38800 -0.78771
vn 0.47851 -0.38800 -0.78771
vn 0.47851 -0.38800 -0.78771
vn 0.16971 -0.67733 -0.71583
vn 0.16971 -0.67733 -0.71583
vn 0.16971 -0.67733 -0.71583
vn -0.53717 -0.59437 -0.59847
vn -0.53717 -0.59437 -0.59847
vn -0.53717 -0.59437 -0.59847
vn 1.00000 -0.00000 -0.00000
vn 1.00000 -0.00000 -0.00000
vn 1.00000 -0.00000 -0.00000
vn 0.00000 -0.02080 0.99978
vn 0.00000 -0.02080 0.99978
vn 0.00000 -0.02080 0.99978
vn 0.00000 1.00000 -0.00000
vn 0.00000 1.00000 -0.00000
vn 0.00000 1.00000 -0.00000
vn 0.86577 0.43289 -0.25109
vn 0.86577 0.43289 -0.25109
vn 0.86577 0.43289 -0.25109
vn 0.36009 -0.06000 -0.93098
vn 0.36009 -0.06000 -0.93098
vn 0.36009 -0.06000 -0.93098
vn 0.65656 -0.65656 -0.37128
vn 0.65656 -0.65656 -0.37128
vn 0.65656 -0.65656 -0.37128
vn 0.94299 0.23580 -0.23490
vn 0.94299 0.23580 -0.23490
vn 0.94299 0.23580 -0.23490
vn 0.63001 -0.48811 -0.60401
vn 0.63001 -0.48811 -0.60401
vn 0.63001 -0.48811 -0.60401
vn 0.96780 0.01890 -0.25100
vn 0.96780 0.01890 -0.25100
vn 0.96780 0.01890 -0.25100
vn 0.46208 0.81686 -0.34528
vn 0.46208 0.81686 -0.34528
vn 0.46208 0.81686 -0.34528
vn 0.24649 0.06630 -0.96687
vn 0.24649 0.06630 -0.96687
vn 0.24649 0.06630 -0.96687
vn 0.00000 0.99938 -0.03530
vn 0.00000 0.99938 -0.03530
vn 0.00000 0.99938 -0.03530
vn 0.91249 -0.00000 -0.40910
vn 0.91249 -0.00000 -0.40910
vn 0.91249 -0.00000 -0.40910
vn 1.00000 -0.00000 -0.00000
vn 1.00000 -0.00000 -0.00000
vn 1.00000 -0.00000 -0.00000
vn 0.00000 0.98855 0.15091
vn 0.00000 0.98855 0.15091
vn 0.00000 0.98855 0.15091
vn 0.00000 -1.00000 0.00000
vn 0.00000 -1.00000 0.00000
vn 0.00000 -1.00000 0.00000
vn -0.00000 -1.00000 0.00000
vn -0.00000 -1.00000 0.00000
vn -0.00000 -1.00000 0.00000
vn 0.00000 -0.68990 -0.72390
vn 0.00000 -0.68990 -0.72390
vn 0.00000 -0.68990 -0.72390
vn 0.18940 -0.00000 -0.98190
vn 0.18940 -0.00000 -0.98190
vn 0.18940 -0.00000 -0.98190
vn 0.17660 0.01070 -0.98422
vn 0.17660 0.01070 -0.98422
vn 0.17660 0.01070 -0.98422
vn -0.56271 0.57881 -0.59021
vn -0.56271 0.57881 -0.59021
vn -0.56271 0.57881 -0.59021
vn -0.74441 0.23040 -0.62671
vn -0.74441 0.23040 -0.62671
vn -0.74441 0.23040 -0.62671
vn -0.69586 -0.35788 -0.62266
vn -0.69586 -0.35788 -0.62266
vn -0.69586 -0.35788 -0.62266
vn -0.12291 -0.84446 -0.52133
vn -0.12291 -0.84446 -0.52133
vn -0.12291 -0.84446 -0.52133
vn 0.36269 -0.82688 -0.42979
vn 0.36269 -0.82688 -0.42979
vn 0.36269 -0.82688 -0.42979
vn 0.73991 -0.57060 -0.35630
vn 0.73991 -0.57060 -0.35630
vn 0.73991 -0.57060 -0.35630
vn 0.93804 -0.14261 -0.31581
vn 0.93804 -0.14261 -0.31581
vn 0.93804 -0.14261 -0.31581
vn 0.82173 0.46432 -0.33041
vn 0.82173 0.46432 -0.33041
vn 0.82173 0.46432 -0.33041
vn 0.34499 0.84316 -0.41238
vn 0.34499 0.84316 -0.41238
vn 0.34499 0.84316 -0.41238
vn -0.38902 0.73504 -0.55533
vn -0.38902 0.73504 -0.55533
vn -0.38902 0.73504 -0.55533
vn 0.68121 -0.46101 -0.56871
vn 0.68121 -0.46101 -0.56871
vn 0.68121 -0.46101 -0.56871
vn 0.81821 -0.19170 -0.54201
vn 0.81821 -0.19170 -0.54201
vn 0.81821 -0.19170 -0.54201
vn 0.78558 0.29339 -0.54478
vn 0.78558 0.29339 -0.54478
vn 0.78558 0.29339 -0.54478
vn 0.31291 0.71402 -0.62631
vn 0.31291 0.71402 -0.62631
vn 0.31291 0.71402 -0.62631
vn -0.10120 0.70198 -0.70498
vn -0.10120 0.70198 -0.70498
vn -0.10120 0.70198 -0.70498
vn -0.42161 0.48381 -0.76692
vn -0.42161 0.48381 -0.76692
vn -0.42161 0.48381 -0.76692
vn -0.58707 0.11889 -0.80076
vn -0.58707 0.11889 -0.80076
vn -0.58707 0.11889 -0.80076
vn -0.48062 -0.39161 -0.78463
vn -0.48062 -0.39161 -0.78463
vn -0.48062 -0.39161 -0.78463
vn -0.16971 -0.67733 -0.71583
vn -0.16971 -0.67733 -0.71583
vn -0.16971 -0.67733 -0.71583
vn 0.53717 -0.59437 -0.59847
vn 0.53717 -0.59437 -0.59847
vn 0.53717 -0.59437 -0.59847
vn 0.10460 -0.98097 -0.16359
vn 0.10460 -0.98097 -0.16359
vn 0.10460 -0.98097 -0.16359
vn 0.28579 -0.93258 -0.22050
vn 0.28579 -0.93258 -0.22050
vn 0.28579 -0.93258 -0.22050
vn 0.45611 -0.84832 -0.26891
vn 0.45611 -0.84832 -0.26891
vn 0.45611 -0.84832 -0.26891
vn 0.60887 -0.73146 -0.30698
vn 0.60887 -0.73146 -0.30698
vn 0.60887 -0.73146 -0.30698
vn 0.73828 -0.58639 -0.33329
vn 0.73828 -0.58639 -0.33329
vn 0.73828 -0.58639 -0.33329
vn 0.83930 -0.41870 -0.34680
vn 0.83930 -0.41870 -0.34680
vn 0.83930 -0.41870 -0.34680
vn 0.90801 -0.23490 -0.34690
vn 0.90801 -0.23490 -0.34690
vn 0.90801 -0.23490 -0.34690
vn 0.94178 -0.04210 -0.33359
vn 0.94178 -0.04210 -0.33359
vn 0.94178 -0.04210 -0.33359
vn 0.93928 0.15230 -0.30749
vn 0.93928 0.15230 -0.30749
vn 0.93928 0.15230 -0.30749
vn 0.90064 0.34078 -0.26968
vn 0.90064 0.34078 -0.26968
vn 0.90064 0.34078 -0.26968
vn 0.82741 0.51611 -0.22140
vn 0.82741 0.51611 -0.22140
vn 0.82741 0.51611 -0.22140
vn 0.72248 0.67149 -0.16470
vn 0.72248 0.67149 -0.16470
vn 0.72248 0.67149 -0.16470
vn 0.58982 0.80112 -0.10160
vn 0.58982 0.80112 -0.10160
vn 0.58982 0.80112 -0.10160
vn 0.43450 0.90000 -0.03470
vn 0.43450 0.90000 -0.03470
vn 0.43450 0.90000 -0.03470
vn 0.26261 0.96432 0.03350
vn 0.26261 0.96432 0.03350
vn 0.26261 0.96432 0.03350
vn 0.08060 0.99167 0.10050
vn 0.08060 0.99167 0.10050
vn 0.08060 0.99167 0.10050
vn -0.10460 0.98097 0.16359
vn -0.10460 0.98097 0.16359
vn -0.10460 0.98097 0.16359
vn -0.28579 0.93258 0.22050
vn -0.28579 0.93258 0.22050
vn -0.28579 0.93258 0.22050
vn -0.45611 0.84832 0.26891
vn -0.45611 0.84832 0.26891
vn -0.45611 0.84832 0.26891
vn -0.60887 0.73146 0.30698
vn -0.60887 0.73146 0.30698
vn -0.60887 0.73146 0.30698
vn -0.73828 0.58639 0.33329
vn -0.73828 0.58639 0.33329
vn -0.73828 0.58639 0.33329
vn -0.83930 0.41870 0.34680
vn -0.83930 0.41870 0.34680
vn -0.83930 0.41870 0.34680
vn -0.90801 0.23490 0.34690
vn -0.90801 0.23490 0.34690
vn -0.90801 0.23490 0.34690
vn -0.94178 0.04210 0.33359
vn -0.94178 0.04210 0.33359
vn -0.94178 0.04210 0.33359
vn -0.93928 -0.15230 0.30749
vn -0.93928 -0.15230 0.30749
vn -0.93928 -0.15230 0.30749
vn -0.90064 -0.34078 0.26968
vn -0.90064 -0.34078 0.26968
vn -0.90064 -0.34078 0.26968
vn -0.82741 -0.51611 0.22140
vn -0.82741 -0.51611 0.22140
vn -0.82741 -0.51611 0.22140
vn -0.72248 -0.67149 0.16470
vn -0.72248 -0.67149 0.16470
vn -0.72248 -0.67149 0.16470
vn -0.58981 -0.80111 0.10170
vn -0.58981 -0.80111 0.10170
vn -0.58981 -0.80111 0.10170
vn -0.43450 -0.90000 0.03470
vn -0.43450 -0.90000 0.03470
vn -0.43450 -0.90000 0.03470
vn -0.30910 0.16110 -0.93729
vn -0.30910 0.16110 -0.93729
vn -0.30910 0.16110 -0.93729
vn -0.26261 -0.96432 -0.03350
vn -0.26261 -0.96432 -0.03350
vn -0.26261 -0.96432 -0.03350
vn -0.08060 -0.99167 -0.10050
vn -0.08060 -0.99167 -0.10050
vn -0.08060 -0.99167 -0.10050
vn 0.30910 -0.16110 0.93729
vn 0.30910 -0.16110 0.93729
vn 0.30910 -0.16110 0.93729
vn 0.89580 -0.08430 0.43640
vn 0.89580 -0.08430 0.43640
vn 0.89580 -0.08430 0.43640
vn 0.86135 0.09849 0.49837
vn 0.86135 0.09849 0.49837
vn 0.86135 0.09849 0.49837
vn 0.79383 0.27751 0.54112
vn 0.79383 0.27751 0.54112
vn 0.79383 0.27751 0.54112
vn 0.69581 0.44581 0.56311
vn 0.69581 0.44581 0.56311
vn 0.69581 0.44581 0.56311
vn 0.57101 0.59701 0.56351
vn 0.57101 0.59701 0.56351
vn 0.57101 0.59701 0.56351
vn 0.42431 0.72531 0.54211
vn 0.42431 0.72531 0.54211
vn 0.42431 0.72531 0.54211
vn 0.26129 0.82568 0.49999
vn 0.26129 0.82568 0.49999
vn 0.26129 0.82568 0.49999
vn 0.08820 0.89434 0.43862
vn 0.08820 0.89434 0.43862
vn 0.08820 0.89434 0.43862
vn -0.08820 0.92862 0.36041
vn -0.08820 0.92862 0.36041
vn -0.08820 0.92862 0.36041
vn -0.26130 0.92719 0.26840
vn -0.26130 0.92719 0.26840
vn -0.26130 0.92719 0.26840
vn -0.42429 0.89018 0.16600
vn -0.42429 0.89018 0.16600
vn -0.42429 0.89018 0.16600
vn -0.57103 0.81894 0.05720
vn -0.57103 0.81894 0.05720
vn -0.57103 0.81894 0.05720
vn -0.69581 0.71621 -0.05370
vn -0.69581 0.71621 -0.05370
vn -0.69581 0.71621 -0.05370
vn -0.79382 0.58601 -0.16260
vn -0.79382 0.58601 -0.16260
vn -0.79382 0.58601 -0.16260
vn -0.86138 0.43319 -0.26529
vn -0.86138 0.43319 -0.26529
vn -0.86138 0.43319 -0.26529
vn -0.89580 0.26380 -0.35770
vn -0.89580 0.26380 -0.35770
vn -0.89580 0.26380 -0.35770
vn -0.89580 0.08430 -0.43640
vn -0.89580 0.08430 -0.43640
vn -0.89580 0.08430 -0.43640
vn -0.86135 -0.09849 -0.49837
vn -0.86135 -0.09849 -0.49837
vn -0.86135 -0.09849 -0.49837
vn -0.79383 -0.27751 -0.54112
vn -0.79383 -0.27751 -0.54112
vn -0.79383 -0.27751 -0.54112
vn -0.69581 -0.44581 -0.56311
vn -0.69581 -0.44581 -0.56311
vn -0.69581 -0.44581 -0.56311
vn -0.57101 -0.59701 -0.56351
vn -0.57101 -0.59701 -0.56351
vn -0.57101 -0.59701 -0.56351
vn -0.42428 -0.72527 -0.54218
vn -0.42428 -0.72527 -0.54218
vn -0.42428 -0.72527 -0.54218
vn -0.26129 -0.82568 -0.49999
vn -0.26129 -0.82568 -0.49999
vn -0.26129 -0.82568 -0.49999
vn -0.08820 -0.89434 -0.43862
vn -0.08820 -0.89434 -0.43862
vn -0.08820 -0.89434 -0.43862
vn 0.08820 -0.92862 -0.36041
vn 0.08820 -0.92862 -0.36041
vn 0.08820 -0.92862 -0.36041
vn 0.26130 -0.92719 -0.26840
vn 0.26130 -0.92719 -0.26840
vn 0.26130 -0.92719 -0.26840
vn 0.42429 -0.89018 -0.16600
vn 0.42429 -0.89018 -0.16600
vn 0.42429 -0.89018 -0.16600
vn 0.57103 -0.81894 -0.05720
vn 0.57103 -0.81894 -0.05720
vn 0.57103 -0.81894 -0.05720
vn 0.69581 -0.71621 0.05370
vn 0.69581 -0.71621 0.05370
vn 0.69581 -0.71621 0.05370
vn 0.79382 -0.58601 0.16260
vn 0.79382 -0.58601 0.16260
vn 0.79382 -0.58601 0.16260
vn 0.43568 0.36139 -0.82437
vn 0.43568 0.36139 -0.82437
vn 0.43568 0.36139 -0.82437
vn 0.86138 -0.43319 0.26529
vn 0.86138 -0.43319 0.26529
vn 0.86138 -0.43319 0.26529
vn 0.89580 -0.26380 0.35770
vn 0.89580 -0.26380 0.35770
vn 0.89580 -0.26380 0.35770
vn -0.43568 -0.36139 0.82437
vn -0.43568 -0.36139 0.82437
vn -0.43568 -0.36139 0.82437
vn 0.89181 0.23480 -0.38670
vn 0.89181 0.23480 -0.38670
vn 0.89181 0.23480 -0.38670
vn 0.87079 0.34640 -0.34890
vn 0.87079 0.34640 -0.34890
vn 0.87079 0.34640 -0.34890
vn 0.82960 0.45560 -0.32280
vn 0.82960 0.45560 -0.32280
vn 0.82960 0.45560 -0.32280
vn 0.76975 0.55834 -0.30942
vn 0.76975 0.55834 -0.30942
vn 0.76975 0.55834 -0.30942
vn 0.69361 0.65061 -0.30921
vn 0.69361 0.65061 -0.30921
vn 0.69361 0.65061 -0.30921
vn 0.60409 0.72888 -0.32219
vn 0.60409 0.72888 -0.32219
vn 0.60409 0.72888 -0.32219
vn 0.50462 0.79013 -0.34792
vn 0.50462 0.79013 -0.34792
vn 0.50462 0.79013 -0.34792
vn 0.39901 0.83202 -0.38541
vn 0.39901 0.83202 -0.38541
vn 0.39901 0.83202 -0.38541
vn 0.29129 0.85298 -0.43309
vn 0.29129 0.85298 -0.43309
vn 0.29129 0.85298 -0.43309
vn 0.18570 0.85211 -0.48931
vn 0.18570 0.85211 -0.48931
vn 0.18570 0.85211 -0.48931
vn 0.08620 0.82951 -0.55180
vn 0.08620 0.82951 -0.55180
vn 0.08620 0.82951 -0.55180
vn -0.00340 0.78601 -0.61821
vn -0.00340 0.78601 -0.61821
vn -0.00340 0.78601 -0.61821
vn -0.07950 0.72337 -0.68587
vn -0.07950 0.72337 -0.68587
vn -0.07950 0.72337 -0.68587
vn -0.13930 0.64391 -0.75231
vn -0.13930 0.64391 -0.75231
vn -0.13930 0.64391 -0.75231
vn -0.18049 0.55068 -0.81497
vn -0.18049 0.55068 -0.81497
vn -0.18049 0.55068 -0.81497
vn -0.20150 0.44730 -0.87139
vn -0.20150 0.44730 -0.87139
vn -0.20150 0.44730 -0.87139
vn -0.20151 0.33771 -0.91943
vn -0.20151 0.33771 -0.91943
vn -0.20151 0.33771 -0.91943
vn -0.18050 0.22620 -0.95721
vn -0.18050 0.22620 -0.95721
vn -0.18050 0.22620 -0.95721
vn -0.13930 0.11690 -0.98333
vn -0.13930 0.11690 -0.98333
vn -0.13930 0.11690 -0.98333
vn -0.07950 0.01420 -0.99673
vn -0.07950 0.01420 -0.99673
vn -0.07950 0.01420 -0.99673
vn -0.00340 -0.07810 -0.99694
vn -0.00340 -0.07810 -0.99694
vn -0.00340 -0.07810 -0.99694
vn 0.08620 -0.15631 -0.98394
vn 0.08620 -0.15631 -0.98394
vn 0.08620 -0.15631 -0.98394
vn 0.18570 -0.21760 -0.95821
vn 0.18570 -0.21760 -0.95821
vn 0.18570 -0.21760 -0.95821
vn 0.29129 -0.25949 -0.92077
vn 0.29129 -0.25949 -0.92077
vn 0.29129 -0.25949 -0.92077
vn 0.39901 -0.28041 -0.87302
vn 0.39901 -0.28041 -0.87302
vn 0.39901 -0.28041 -0.87302
vn 0.50461 -0.27961 -0.81682
vn 0.50461 -0.27961 -0.81682
vn 0.50461 -0.27961 -0.81682
vn 0.60407 -0.25699 -0.75436
vn 0.60407 -0.25699 -0.75436
vn 0.60407 -0.25699 -0.75436
vn 0.69360 -0.21350 -0.68800
vn 0.69360 -0.21350 -0.68800
vn 0.69360 -0.21350 -0.68800
vn 0.76972 -0.15080 -0.62032
vn 0.76972 -0.15080 -0.62032
vn 0.76972 -0.15080 -0.62032
vn 0.82959 -0.07130 -0.55380
vn 0.82959 -0.07130 -0.55380
vn 0.82959 -0.07130 -0.55380
vn 0.87078 0.02190 -0.49119
vn 0.87078 0.02190 -0.49119
vn 0.87078 0.02190 -0.49119
vn 0.89177 0.12530 -0.43479
vn 0.89177 0.12530 -0.43479
vn 0.89177 0.12530 -0.43479
vn 0.15110 -0.34520 0.92629
vn 0.15110 -0.34520 0.92629
vn 0.15110 -0.34520 0.92629
vn 0.13150 -0.24121 0.96152
vn 0.13150 -0.24121 0.96152
vn 0.13150 -0.24121 0.96152
vn 0.09310 -0.13941 0.98585
vn 0.09310 -0.13941 0.98585
vn 0.09310 -0.13941 0.98585
vn 0.03740 -0.04370 0.99834
vn 0.03740 -0.04370 0.99834
vn 0.03740 -0.04370 0.99834
vn -0.03360 0.04230 0.99854
vn -0.03360 0.04230 0.99854
vn -0.03360 0.04230 0.99854
vn -0.11700 0.11520 0.98643
vn -0.11700 0.11520 0.98643
vn -0.11700 0.11520 0.98643
vn -0.20969 0.17229 0.96247
vn -0.20969 0.17229 0.96247
vn -0.20969 0.17229 0.96247
vn -0.30818 0.21139 0.92754
vn -0.30818 0.21139 0.92754
vn -0.30818 0.21139 0.92754
vn -0.40849 0.23089 0.88308
vn -0.40849 0.23089 0.88308
vn -0.40849 0.23089 0.88308
vn -0.50691 0.23011 0.83072
vn -0.50691 0.23011 0.83072
vn -0.50691 0.23011 0.83072
vn -0.59968 0.20899 0.77247
vn -0.59968 0.20899 0.77247
vn -0.59968 0.20899 0.77247
vn -0.68311 0.16850 0.71061
vn -0.68311 0.16850 0.71061
vn -0.68311 0.16850 0.71061
vn -0.75404 0.11011 0.64753
vn -0.75404 0.11011 0.64753
vn -0.75404 0.11011 0.64753
vn -0.80980 0.03600 0.58560
vn -0.80980 0.03600 0.58560
vn -0.80980 0.03600 0.58560
vn -0.84821 -0.05090 0.52721
vn -0.84821 -0.05090 0.52721
vn -0.84821 -0.05090 0.52721
vn -0.86780 -0.14720 0.47460
vn -0.86780 -0.14720 0.47460
vn -0.86780 -0.14720 0.47460
vn -0.86778 -0.24929 0.42989
vn -0.86778 -0.24929 0.42989
vn -0.86778 -0.24929 0.42989
vn -0.84818 -0.35329 0.39469
vn -0.84818 -0.35329 0.39469
vn -0.84818 -0.35329 0.39469
vn -0.80979 -0.45510 0.37030
vn -0.80979 -0.45510 0.37030
vn -0.80979 -0.45510 0.37030
vn -0.75403 -0.55082 0.35781
vn -0.75403 -0.55082 0.35781
vn -0.75403 -0.55082 0.35781
vn -0.68309 -0.63679 0.35760
vn -0.68309 -0.63679 0.35760
vn -0.68309 -0.63679 0.35760
vn -0.59962 -0.70972 0.36981
vn -0.59962 -0.70972 0.36981
vn -0.59962 -0.70972 0.36981
vn -0.50692 -0.76683 0.39371
vn -0.50692 -0.76683 0.39371
vn -0.50692 -0.76683 0.39371
vn -0.40852 -0.80585 0.42862
vn -0.40852 -0.80585 0.42862
vn -0.40852 -0.80585 0.42862
vn -0.30821 -0.82533 0.47312
vn -0.30821 -0.82533 0.47312
vn -0.30821 -0.82533 0.47312
vn -0.20969 -0.82456 0.52548
vn -0.20969 -0.82456 0.52548
vn -0.20969 -0.82456 0.52548
vn -0.11700 -0.80350 0.58370
vn -0.11700 -0.80350 0.58370
vn -0.11700 -0.80350 0.58370
vn -0.03360 -0.76296 0.64557
vn -0.03360 -0.76296 0.64557
vn -0.03360 -0.76296 0.64557
vn 0.03740 -0.70456 0.70866
vn 0.03740 -0.70456 0.70866
vn 0.03740 -0.70456 0.70866
vn 0.09310 -0.63049 0.77059
vn 0.09310 -0.63049 0.77059
vn 0.09310 -0.63049 0.77059
vn 0.13150 -0.54359 0.82899
vn 0.13150 -0.54359 0.82899
vn 0.13150 -0.54359 0.82899
vn 0.15110 -0.44731 0.88152
vn 0.15110 -0.44731 0.88152
vn 0.15110 -0.44731 0.88152
vn -1.00000 -0.00000 -0.00000
vn -1.00000 -0.00000 -0.00000
vn -1.00000 -0.00000 -0.00000
vn 0.00000 -0.02080 0.99978
vn 0.00000 -0.02080 0.99978
vn 0.00000 -0.02080 0.99978
vn 0.00000 1.00000 -0.00000
vn 0.00000 1.00000 -0.00000
vn 0.00000 1.00000 -0.00000
vn -0.86577 0.43289 -0.25109
vn -0.86577 0.43289 -0.25109
vn -0.86577 0.43289 -0.25109
vn -0.19830 0.04960 -0.97889
vn -0.19830 0.04960 -0.97889
vn -0.19830 0.04960 -0.97889
vn -0.60160 0.30080 -0.74000
vn -0.60160 0.30080 -0.74000
vn -0.60160 0.30080 -0.74000
vn -0.33420 -0.00000 -0.94250
vn -0.33420 -0.00000 -0.94250
vn -0.33420 -0.00000 -0.94250
vn -0.36009 -0.06000 -0.93098
vn -0.36009 -0.06000 -0.93098
vn -0.36009 -0.06000 -0.93098
vn -0.65656 -0.65656 -0.37128
vn -0.65656 -0.65656 -0.37128
vn -0.65656 -0.65656 -0.37128
vn -0.94299 0.23580 -0.23490
vn -0.94299 0.23580 -0.23490
vn -0.94299 0.23580 -0.23490
vn -0.51802 -0.76563 -0.38141
vn -0.51802 -0.76563 -0.38141
vn -0.51802 -0.76563 -0.38141
vn -0.96780 0.01890 -0.25100
vn -0.96780 0.01890 -0.25100
vn -0.96780 0.01890 -0.25100
vn -0.48629 0.82199 -0.29640
vn -0.48629 0.82199 -0.29640
vn -0.48629 0.82199 -0.29640
vn -0.24649 0.06630 -0.96687
vn -0.24649 0.06630 -0.96687
vn -0.24649 0.06630 -0.96687
vn -0.18940 -0.00000 -0.98190
vn -0.18940 -0.00000 -0.98190
vn -0.18940 -0.00000 -0.98190
vn -0.18940 -0.00000 -0.98190
vn -0.18940 -0.00000 -0.98190
vn -0.18940 -0.00000 -0.98190
vn -0.00170 0.18140 -0.98341
vn -0.00170 0.18140 -0.98341
vn -0.00170 0.18140 -0.98341
vn 0.06730 0.06730 -0.99546
vn 0.06730 0.06730 -0.99546
vn 0.06730 0.06730 -0.99546
vn -0.14599 0.08810 -0.98536
vn -0.14599 0.08810 -0.98536
vn -0.14599 0.08810 -0.98536
vn -0.14770 0.00290 -0.98903
vn -0.14770 0.00290 -0.98903
vn -0.14770 0.00290 -0.98903
vn -0.18940 -0.00000 -0.98190
vn -0.18940 -0.00000 -0.98190
vn -0.18940 -0.00000 -0.98190
vn -0.16289 0.01260 -0.98656
vn -0.16289 0.01260 -0.98656
vn -0.16289 0.01260 -0.98656
vn -0.14949 0.07300 -0.98606
vn -0.14949 0.07300 -0.98606
vn -0.14949 0.07300 -0.98606
vn -0.12320 0.03080 -0.99190
vn -0.12320 0.03080 -0.99190
vn -0.12320 0.03080 -0.99190
vn -0.15830 -0.00000 -0.98739
vn -0.15830 -0.00000 -0.98739
vn -0.15830 -0.00000 -0.98739
vn -0.18249 -0.26769 -0.94606
vn -0.18249 -0.26769 -0.94606
vn -0.18249 -0.26769 -0.94606
vn -0.51400 -0.00000 -0.85779
vn -0.51400 -0.00000 -0.85779
vn -0.51400 -0.00000 -0.85779
vn 0.00000 0.99938 -0.03530
vn 0.00000 0.99938 -0.03530
vn 0.00000 0.99938 -0.03530
vn -0.91249 -0.00000 -0.40910
vn -0.91249 -0.00000 -0.40910
vn -0.91249 -0.00000 -0.40910
vn -1.00000 -0.00000 -0.00000
vn -1.00000 -0.00000 -0.00000
vn -1.00000 -0.00000 -0.00000
vn -1.00000 -0.00000 -0.00000
vn -1.00000 -0.00000 -0.00000
vn -1.00000 -0.00000 -0.00000
vn 0.00000 0.98855 0.15091
vn 0.00000 0.98855 0.15091
vn 0.00000 0.98855 0.15091
vn -0.00000 -1.00000 0.00000
vn -0.00000 -1.00000 0.00000
vn -0.00000 -1.00000 0.00000
vn -0.00000 -1.00000 0.00000
vn -0.00000 -1.00000 0.00000
vn -0.00000 -1.00000 0.00000
vn 0.00000 -0.68990 -0.72390
vn 0.00000 -0.68990 -0.72390
vn 0.00000 -0.68990 -0.72390
vn -0.18940 -0.00000 -0.98190
vn -0.18940 -0.00000 -0.98190
vn -0.18940 -0.00000 -0.98190
vn -0.18940 -0.00000 -0.98190
vn -0.18940 -0.00000 -0.98190
vn -0.18940 -0.00000 -0.98190
vn -0.18940 -0.00000 -0.98190
vn -0.18940 -0.00000 -0.98190
vn -0.18940 -0.00000 -0.98190
vn -0.18940 -0.00000 -0.98190
vn -0.18940 -0.00000 -0.98190
vn -0.18940 -0.00000 -0.98190
vn -0.18940 -0.00000 -0.98190
vn -0.18940 -0.00000 -0.98190
vn -0.18940 -0.00000 -0.98190
vn -0.18940 -0.00000 -0.98190
vn -0.18940 -0.00000 -0.98190
vn -0.18940 -0.00000 -0.98190
vn -0.18940 -0.00000 -0.98190
vn -0.18940 -0.00000 -0.98190
vn -0.18940 -0.00000 -0.98190
vn -0.19180 -0.00530 -0.98142
vn -0.19180 -0.00530 -0.98142
vn -0.19180 -0.00530 -0.98142
vn -0.19119 -0.00410 -0.98154
vn -0.19119 -0.00410 -0.98154
vn -0.19119 -0.00410 -0.98154
vn -0.17660 0.01070 -0.98422
vn -0.17660 0.01070 -0.98422
vn -0.17660 0.01070 -0.98422
vn -0.19350 -0.00320 -0.98110
vn -0.19350 -0.00320 -0.98110
vn -0.19350 -0.00320 -0.98110
vn -0.16980 0.00120 -0.98548
vn -0.16980 0.00120 -0.98548
vn -0.16980 0.00120 -0.98548
vn -0.06490 -0.08350 -0.99439
vn -0.06490 -0.08350 -0.99439
vn -0.06490 -0.08350 -0.99439
vn -0.17350 0.05270 -0.98342
vn -0.17350 0.05270 -0.98342
vn -0.17350 0.05270 -0.98342
vn 0.56271 0.57881 -0.59021
vn 0.56271 0.57881 -0.59021
vn 0.56271 0.57881 -0.59021
vn 0.74441 0.23040 -0.62671
vn 0.74441 0.23040 -0.62671
vn 0.74441 0.23040 -0.62671
vn 0.69586 -0.35788 -0.62266
vn 0.69586 -0.35788 -0.62266
vn 0.69586 -0.35788 -0.62266
vn 0.12380 -0.84497 -0.52028
vn 0.12380 -0.84497 -0.52028
vn 0.12380 -0.84497 -0.52028
vn -0.36259 -0.82708 -0.42949
vn -0.36259 -0.82708 -0.42949
vn -0.36259 -0.82708 -0.42949
vn -0.73988 -0.57039 -0.35669
vn -0.73988 -0.57039 -0.35669
vn -0.73988 -0.57039 -0.35669
vn -0.93804 -0.14261 -0.31581
vn -0.93804 -0.14261 -0.31581
vn -0.93804 -0.14261 -0.31581
vn -0.82091 0.46441 -0.33231
vn -0.82091 0.46441 -0.33231
vn -0.82091 0.46441 -0.33231
vn -0.34499 0.84316 -0.41238
vn -0.34499 0.84316 -0.41238
vn -0.34499 0.84316 -0.41238
vn 0.38862 0.73404 -0.55693
vn 0.38862 0.73404 -0.55693
vn 0.38862 0.73404 -0.55693
vn -0.68121 -0.46101 -0.56871
vn -0.68121 -0.46101 -0.56871
vn -0.68121 -0.46101 -0.56871
vn -0.81821 -0.19170 -0.54201
vn -0.81821 -0.19170 -0.54201
vn -0.81821 -0.19170 -0.54201
vn -0.78558 0.29339 -0.54478
vn -0.78558 0.29339 -0.54478
vn -0.78558 0.29339 -0.54478
vn -0.31109 0.71228 -0.62919
vn -0.31109 0.71228 -0.62919
vn -0.31109 0.71228 -0.62919
vn 0.10110 0.70158 -0.70538
vn 0.10110 0.70158 -0.70538
vn 0.10110 0.70158 -0.70538
vn 0.42161 0.48381 -0.76692
vn 0.42161 0.48381 -0.76692
vn 0.42161 0.48381 -0.76692
vn 0.58707 0.11889 -0.80076
vn 0.58707 0.11889 -0.80076
vn 0.58707 0.11889 -0.80076
vn 0.48062 -0.39161 -0.78463
vn 0.48062 -0.39161 -0.78463
vn 0.48062 -0.39161 -0.78463
vn 0.14810 -0.66291 -0.73391
vn 0.14810 -0.66291 -0.73391
vn 0.14810 -0.66291 -0.73391
vn -0.53710 -0.59750 -0.59540
vn -0.53710 -0.59750 -0.59540
vn -0.53710 -0.59750 -0.59540
vn 0.99947 -0.01980 -0.02580
vn 0.99947 -0.01980 -0.02580
vn 0.99947 -0.01980 -0.02580
vn 0.00000 -0.02080 0.99978
vn 0.00000 -0.02080 0.99978
vn 0.00000 -0.02080 0.99978
vn 0.00000 1.00000 -0.00000
vn 0.00000 1.00000 -0.00000
vn 0.00000 1.00000 -0.00000
vn 0.86577 0.43289 -0.25109
vn 0.86577 0.43289 -0.25109
vn 0.86577 0.43289 -0.25109
vn 0.60160 0.30080 -0.74000
vn 0.60160 0.30080 -0.74000
vn 0.60160 0.30080 -0.74000
vn 0.19830 0.04960 -0.97889
vn 0.19830 0.04960 -0.97889
vn 0.19830 0.04960 -0.97889
vn 0.33420 -0.00000 -0.94250
vn 0.33420 -0.00000 -0.94250
vn 0.33420 -0.00000 -0.94250
vn -0.00000 -0.00000 -1.00000
vn -0.00000 -0.00000 -1.00000
vn -0.00000 -0.00000 -1.00000
vn 0.65656 -0.65656 -0.37128
vn 0.65656 -0.65656 -0.37128
vn 0.65656 -0.65656 -0.37128
vn 0.94299 0.23580 -0.23490
vn 0.94299 0.23580 -0.23490
vn 0.94299 0.23580 -0.23490
vn 0.51802 -0.76563 -0.38141
vn 0.51802 -0.76563 -0.38141
vn 0.51802 -0.76563 -0.38141
vn 0.96780 0.01890 -0.25100
vn 0.96780 0.01890 -0.25100
vn 0.96780 0.01890 -0.25100
vn 0.48629 0.82199 -0.29640
vn 0.48629 0.82199 -0.29640
vn 0.48629 0.82199 -0.29640
vn 0.51400 -0.00000 -0.85779
vn 0.51400 -0.00000 -0.85779
vn 0.51400 -0.00000 -0.85779
vn 0.18249 -0.26769 -0.94606
vn 0.18249 -0.26769 -0.94606
vn 0.18249 -0.26769 -0.94606
vn 0.15830 -0.00000 -0.98739
vn 0.15830 -0.00000 -0.98739
vn 0.15830 -0.00000 -0.98739
vn 0.10800 0.05400 -0.99268
vn 0.10800 0.05400 -0.99268
vn 0.10800 0.05400 -0.99268
vn 0.18940 -0.00000 -0.98190
vn 0.18940 -0.00000 -0.98190
vn 0.18940 -0.00000 -0.98190
vn 0.14949 0.07300 -0.98606
vn 0.14949 0.07300 -0.98606
vn 0.14949 0.07300 -0.98606
vn 0.12320 0.03080 -0.99190
vn 0.12320 0.03080 -0.99190
vn 0.12320 0.03080 -0.99190
vn 0.16289 0.01260 -0.98656
vn 0.16289 0.01260 -0.98656
vn 0.16289 0.01260 -0.98656
vn 0.14770 0.00290 -0.98903
vn 0.14770 0.00290 -0.98903
vn 0.14770 0.00290 -0.98903
vn 0.14599 0.08810 -0.98536
vn 0.14599 0.08810 -0.98536
vn 0.14599 0.08810 -0.98536
vn 0.18940 -0.00000 -0.98190
vn 0.18940 -0.00000 -0.98190
vn 0.18940 -0.00000 -0.98190
vn -0.06730 0.06730 -0.99546
vn -0.06730 0.06730 -0.99546
vn -0.06730 0.06730 -0.99546
vn 0.00170 0.18140 -0.98341
vn 0.00170 0.18140 -0.98341
vn 0.00170 0.18140 -0.98341
vn 0.18940 -0.00000 -0.98190
vn 0.18940 -0.00000 -0.98190
vn 0.18940 -0.00000 -0.98190
vn 0.00000 0.99938 -0.03530
vn 0.00000 0.99938 -0.03530
vn 0.00000 0.99938 -0.03530
vn 0.91249 -0.00000 -0.40910
vn 0.91249 -0.00000 -0.40910
vn 0.91249 -0.00000 -0.40910
vn 1.00000 -0.00000 -0.00000
vn 1.00000 -0.00000 -0.00000
vn 1.00000 -0.00000 -0.00000
vn 1.00000 -0.00000 -0.00000
vn 1.00000 -0.00000 -0.00000
vn 1.00000 -0.00000 -0.00000
vn 0.00000 0.98855 0.15091
vn 0.00000 0.98855 0.15091
vn 0.00000 0.98855 0.15091
vn 0.00000 -1.00000 0.00000
vn 0.00000 -1.00000 0.00000
vn 0.00000 -1.00000 0.00000
vn 0.00000 -1.00000 0.00000
vn 0.00000 -1.00000 0.00000
vn 0.00000 -1.00000 0.00000
vn 0.00000 -0.68990 -0.72390
vn 0.00000 -0.68990 -0.72390
vn 0.00000 -0.68990 -0.72390
vn 0.18940 -0.00000 -0.98190
vn 0.18940 -0.00000 -0.98190
vn 0.18940 -0.00000 -0.98190
vn 0.18940 -0.00000 -0.98190
vn 0.18940 -0.00000 -0.98190
vn 0.18940 -0.00000 -0.98190
vn 0.18940 -0.00000 -0.98190
vn 0.18940 -0.00000 -0.98190
vn 0.18940 -0.00000 -0.98190
vn 0.18940 -0.00000 -0.98190
vn 0.18940 -0.00000 -0.98190
vn 0.18940 -0.00000 -0.98190
vn 0.18940 -0.00000 -0.98190
vn 0.18940 -0.00000 -0.98190
vn 0.18940 -0.00000 -0.98190
vn 0.18940 -0.00000 -0.98190
vn 0.18940 -0.00000 -0.98190
vn 0.18940 -0.00000 -0.98190
vn 0.18940 -0.00000 -0.98190
vn 0.18940 -0.00000 -0.98190
vn 0.18940 -0.00000 -0.98190
vn 0.19180 -0.00530 -0.98142
vn 0.19180 -0.00530 -0.98142
vn 0.19180 -0.00530 -0.98142
vn 0.19350 -0.00320 -0.98110
vn 0.19350 -0.00320 -0.98110
vn 0.19350 -0.00320 -0.98110
vn 0.20390 0.01330 -0.97890
vn 0.20390 0.01330 -0.97890
vn 0.20390 0.01330 -0.97890
vn 0.19119 -0.00410 -0.98154
vn 0.19119 -0.00410 -0.98154
vn 0.19119 -0.00410 -0.98154
vn 0.17350 0.05270 -0.98342
vn 0.17350 0.05270 -0.98342
vn 0.17350 0.05270 -0.98342
vn 0.06490 -0.08350 -0.99439
vn 0.06490 -0.08350 -0.99439
vn 0.06490 -0.08350 -0.99439
vn 0.16980 0.00120 -0.98548
vn 0.16980 0.00120 -0.98548
vn 0.16980 0.00120 -0.98548
vn -0.56349 0.57909 -0.58919
vn -0.56349 0.57909 -0.58919
vn -0.56349 0.57909 -0.58919
vn -0.74369 0.23060 -0.62749
vn -0.74369 0.23060 -0.62749
vn -0.74369 0.23060 -0.62749
vn -0.69490 -0.35670 -0.62440
vn -0.69490 -0.35670 -0.62440
vn -0.69490 -0.35670 -0.62440
vn -0.12380 -0.84497 -0.52028
vn -0.12380 -0.84497 -0.52028
vn -0.12380 -0.84497 -0.52028
vn 0.36259 -0.82708 -0.42949
vn 0.36259 -0.82708 -0.42949
vn 0.36259 -0.82708 -0.42949
vn 0.73988 -0.57039 -0.35669
vn 0.73988 -0.57039 -0.35669
vn 0.73988 -0.57039 -0.35669
vn 0.93848 -0.14240 -0.31459
vn 0.93848 -0.14240 -0.31459
vn 0.93848 -0.14240 -0.31459
vn 0.82091 0.46441 -0.33231
vn 0.82091 0.46441 -0.33231
vn 0.82091 0.46441 -0.33231
vn 0.34831 0.83701 -0.42201
vn 0.34831 0.83701 -0.42201
vn 0.34831 0.83701 -0.42201
vn -0.38862 0.73404 -0.55693
vn -0.38862 0.73404 -0.55693
vn -0.38862 0.73404 -0.55693
vn 0.67991 -0.46021 -0.57091
vn 0.67991 -0.46021 -0.57091
vn 0.67991 -0.46021 -0.57091
vn 0.81966 -0.19129 -0.53997
vn 0.81966 -0.19129 -0.53997
vn 0.81966 -0.19129 -0.53997
vn 0.78707 0.29749 -0.54038
vn 0.78707 0.29749 -0.54038
vn 0.78707 0.29749 -0.54038
vn 0.31109 0.71228 -0.62919
vn 0.31109 0.71228 -0.62919
vn 0.31109 0.71228 -0.62919
vn -0.10110 0.70158 -0.70538
vn -0.10110 0.70158 -0.70538
vn -0.10110 0.70158 -0.70538
vn -0.42089 0.48339 -0.76758
vn -0.42089 0.48339 -0.76758
vn -0.42089 0.48339 -0.76758
vn -0.58459 0.11940 -0.80249
vn -0.58459 0.11940 -0.80249
vn -0.58459 0.11940 -0.80249
vn -0.47851 -0.38800 -0.78771
vn -0.47851 -0.38800 -0.78771
vn -0.47851 -0.38800 -0.78771
vn -0.14810 -0.66291 -0.73391
vn -0.14810 -0.66291 -0.73391
vn -0.14810 -0.66291 -0.73391
vn 0.53710 -0.59750 -0.59540
vn 0.53710 -0.59750 -0.59540
vn 0.53710 -0.59750 -0.59540
vn 0.10460 -0.98097 -0.16359
vn 0.10460 -0.98097 -0.16359
vn 0.10460 -0.98097 -0.16359
vn 0.28579 -0.93258 -0.22050
vn 0.28579 -0.93258 -0.22050
vn 0.28579 -0.93258 -0.22050
vn 0.45611 -0.84832 -0.26891
vn 0.45611 -0.84832 -0.26891
vn 0.45611 -0.84832 -0.26891
vn 0.60887 -0.73146 -0.30698
vn 0.60887 -0.73146 -0.30698
vn 0.60887 -0.73146 -0.30698
vn 0.73828 -0.58639 -0.33329
vn 0.73828 -0.58639 -0.33329
vn 0.73828 -0.58639 -0.33329
vn 0.83933 -0.41871 -0.34671
vn 0.83933 -0.41871 -0.34671
vn 0.83933 -0.41871 -0.34671
vn 0.90801 -0.23490 -0.34690
vn 0.90801 -0.23490 -0.34690
vn 0.90801 -0.23490 -0.34690
vn 0.94178 -0.04210 -0.33359
vn 0.94178 -0.04210 -0.33359
vn 0.94178 -0.04210 -0.33359
vn 0.93928 0.15230 -0.30749
vn 0.93928 0.15230 -0.30749
vn 0.93928 0.15230 -0.30749
vn 0.90064 0.34078 -0.26968
vn 0.90064 0.34078 -0.26968
vn 0.90064 0.34078 -0.26968
vn 0.82741 0.51611 -0.22140
vn 0.82741 0.51611 -0.22140
vn 0.82741 0.51611 -0.22140
vn 0.72248 0.67149 -0.16470
vn 0.72248 0.67149 -0.16470
vn 0.72248 0.67149 -0.16470
vn 0.58981 0.80111 -0.10170
vn 0.58981 0.80111 -0.10170
vn 0.58981 0.80111 -0.10170
vn 0.43450 0.90000 -0.03470
vn 0.43450 0.90000 -0.03470
vn 0.43450 0.90000 -0.03470
vn 0.26261 0.96432 0.03350
vn 0.26261 0.96432 0.03350
vn 0.26261 0.96432 0.03350
vn 0.08060 0.99167 0.10050
vn 0.08060 0.99167 0.10050
vn 0.08060 0.99167 0.10050
vn -0.10460 0.98097 0.16359
vn -0.10460 0.98097 0.16359
vn -0.10460 0.98097 0.16359
vn -0.28579 0.93258 0.22050
vn -0.28579 0.93258 0.22050
vn -0.28579 0.93258 0.22050
vn -0.45611 0.84832 0.26891
vn -0.45611 0.84832 0.26891
vn -0.45611 0.84832 0.26891
vn -0.60887 0.73146 0.30698
vn -0.60887 0.73146 0.30698
vn -0.60887 0.73146 0.30698
vn -0.73828 0.58639 0.33329
vn -0.73828 0.58639 0.33329
vn -0.73828 0.58639 0.33329
vn -0.83930 0.41870 0.34680
vn -0.83930 0.41870 0.34680
vn -0.83930 0.41870 0.34680
vn -0.90801 0.23490 0.34690
vn -0.90801 0.23490 0.34690
vn -0.90801 0.23490 0.34690
vn -0.94178 0.04210 0.33359
vn -0.94178 0.04210 0.33359
vn -0.94178 0.04210 0.33359
vn -0.93928 -0.15230 0.30749
vn -0.93928 -0.15230 0.30749
vn -0.93928 -0.15230 0.30749
vn -0.90064 -0.34078 0.26968
vn -0.90064 -0.34078 0.26968
vn -0.90064 -0.34078 0.26968
vn -0.82741 -0.51611 0.22140
vn -0.82741 -0.51611 0.22140
vn -0.82741 -0.51611 0.22140
vn -0.72248 -0.67149 0.16470
vn -0.72248 -0.67149 0.16470
vn -0.72248 -0.67149 0.16470
vn -0.58981 -0.80111 0.10170
vn -0.58981 -0.80111 0.10170
vn -0.58981 -0.80111 0.10170
vn -0.43450 -0.90000 0.03470
vn -0.43450 -0.90000 0.03470
vn -0.43450 -0.90000 0.03470
vn -0.30910 0.16110 -0.93729
vn -0.30910 0.16110 -0.93729
vn -0.30910 0.16110 -0.93729
vn -0.30910 0.16110 -0.93729
vn -0.30910 0.16110 -0.93729
vn -0.30910 0.16110 -0.93729
vn -0.30910 0.16110 -0.93729
vn -0.30910 0.16110 -0.93729
vn -0.30910 0.16110 -0.93729
vn -0.30910 0.16110 -0.93729
vn -0.30910 0.16110 -0.93729
vn -0.30910 0.16110 -0.93729
vn -0.30910 0.16110 -0.93729
vn -0.30910 0.16110 -0.93729
vn -0.30910 0.16110 -0.93729
vn -0.30910 0.16110 -0.93729
vn -0.30910 0.16110 -0.93729
vn -0.30910 0.16110 -0.93729
vn -0.30910 0.16110 -0.93729
vn -0.30910 0.16110 -0.93729
vn -0.30910 0.16110 -0.93729
vn -0.30910 0.16110 -0.93729
vn -0.30910 0.16110 -0.93729
vn -0.30910 0.16110 -0.93729
vn -0.30910 0.16110 -0.93729
vn -0.30910 0.16110 -0.93729
vn -0.30910 0.16110 -0.93729
vn -0.30910 0.16110 -0.93729
vn -0.30910 0.16110 -0.93729
vn -0.30910 0.16110 -0.93729
vn -0.30910 0.16110 -0.93729
vn -0.30910 0.16110 -0.93729
vn -0.30910 0.16110 -0.93729
vn -0.30910 0.16110 -0.93729
vn -0.30910 0.16110 -0.93729
vn -0.30910 0.16110 -0.93729
vn -0.30910 0.16110 -0.93729
vn -0.30910 0.16110 -0.93729
vn -0.30910 0.16110 -0.93729
vn -0.30910 0.16110 -0.93729
vn -0.30910 0.16110 -0.93729
vn -0.30910 0.16110 -0.93729
vn -0.30910 0.16110 -0.93729
vn -0.30910 0.16110 -0.93729
vn -0.30910 0.16110 -0.93729
vn -0.30910 0.16110 -0.93729
vn -0.30910 0.16110 -0.93729
vn -0.30910 0.16110 -0.93729
vn -0.30910 0.16110 -0.93729
vn -0.30910 0.16110 -0.93729
vn -0.30910 0.16110 -0.93729
vn -0.30910 0.16110 -0.93729
vn -0.30910 0.16110 -0.93729
vn -0.30910 0.16110 -0.93729
vn -0.30910 0.16110 -0.93729
vn -0.30910 0.16110 -0.93729
vn -0.30910 0.16110 -0.93729
vn -0.30910 0.16110 -0.93729
vn -0.30910 0.16110 -0.93729
vn -0.30910 0.16110 -0.93729
vn -0.30910 0.16110 -0.93729
vn -0.30910 0.16110 -0.93729
vn -0.30910 0.16110 -0.93729
vn -0.30910 0.16110 -0.93729
vn -0.30910 0.16110 -0.93729
vn -0.30910 0.16110 -0.93729
vn -0.30910 0.16110 -0.93729
vn -0.30910 0.16110 -0.93729
vn -0.30910 0.16110 -0.93729
vn -0.30910 0.16110 -0.93729
vn -0.30910 0.16110 -0.93729
vn -0.30910 0.16110 -0.93729
vn -0.30910 0.16110 -0.93729
vn -0.30910 0.16110 -0.93729
vn -0.30910 0.16110 -0.93729
vn -0.30910 0.16110 -0.93729
vn -0.30910 0.16110 -0.93729
vn -0.30910 0.16110 -0.93729
vn -0.30910 0.16110 -0.93729
vn -0.30910 0.16110 -0.93729
vn -0.30910 0.16110 -0.93729
vn -0.30910 0.16110 -0.93729
vn -0.30910 0.16110 -0.93729
vn -0.30910 0.16110 -0.93729
vn -0.30910 0.16110 -0.93729
vn -0.30910 0.16110 -0.93729
vn -0.30910 0.16110 -0.93729
vn -0.26261 -0.96432 -0.03350
vn -0.26261 -0.96432 -0.03350
vn -0.26261 -0.96432 -0.03350
vn -0.08060 -0.99167 -0.10050
vn -0.08060 -0.99167 -0.10050
vn -0.08060 -0.99167 -0.10050
vn 0.30910 -0.16110 0.93729
vn 0.30910 -0.16110 0.93729
vn 0.30910 -0.16110 0.93729
vn 0.30910 -0.16110 0.93729
vn 0.30910 -0.16110 0.93729
vn 0.30910 -0.16110 0.93729
vn 0.30910 -0.16110 0.93729
vn 0.30910 -0.16110 0.93729
vn 0.30910 -0.16110 0.93729
vn 0.30910 -0.16110 0.93729
vn 0.30910 -0.16110 0.93729
vn 0.30910 -0.16110 0.93729
vn 0.30910 -0.16110 0.93729
vn 0.30910 -0.16110 0.93729
vn 0.30910 -0.16110 0.93729
vn 0.30910 -0.16110 0.93729
vn 0.30910 -0.16110 0.93729
vn 0.30910 -0.16110 0.93729
vn 0.30910 -0.16110 0.93729
vn 0.30910 -0.16110 0.93729
vn 0.30910 -0.16110 0.93729
vn 0.30910 -0.16100 0.93730
vn 0.30910 -0.16100 0.93730
vn 0.30910 -0.16100 0.93730
vn 0.30910 -0.16110 0.93729
vn 0.30910 -0.16110 0.93729
vn 0.30910 -0.16110 0.93729
vn 0.30910 -0.16110 0.93729
vn 0.30910 -0.16110 0.93729
vn 0.30910 -0.16110 0.93729
vn 0.30910 -0.16110 0.93729
vn 0.30910 -0.16110 0.93729
vn 0.30910 -0.16110 0.93729
vn 0.30910 -0.16110 0.93729
vn 0.30910 -0.16110 0.93729
vn 0.30910 -0.16110 0.93729
vn 0.30910 -0.16110 0.93729
vn 0.30910 -0.16110 0.93729
vn 0.30910 -0.16110 0.93729
vn 0.30910 -0.16110 0.93729
vn 0.30910 -0.16110 0.93729
vn 0.30910 -0.16110 0.93729
vn 0.30910 -0.16110 0.93729
vn 0.30910 -0.16110 0.93729
vn 0.30910 -0.16110 0.93729
vn 0.30910 -0.16110 0.93729
vn 0.30910 -0.16110 0.93729
vn 0.30910 -0.16110 0.93729
vn 0.30910 -0.16110 0.93729
vn 0.30910 -0.16110 0.93729
vn 0.30910 -0.16110 0.93729
vn 0.30910 -0.16110 0.93729
vn 0.30910 -0.16110 0.93729
vn 0.30910 -0.16110 0.93729
vn 0.30910 -0.16110 0.93729
vn 0.30910 -0.16110 0.93729
vn 0.30910 -0.16110 0.93729
vn 0.30910 -0.16110 0.93729
vn 0.30910 -0.16110 0.93729
vn 0.30910 -0.16110 0.93729
vn 0.30910 -0.16110 0.93729
vn 0.30910 -0.16110 0.93729
vn 0.30910 -0.16110 0.93729
vn 0.30910 -0.16110 0.93729
vn 0.30910 -0.16110 0.93729
vn 0.30910 -0.16110 0.93729
vn 0.30910 -0.16110 0.93729
vn 0.30910 -0.16110 0.93729
vn 0.30910 -0.16110 0.93729
vn 0.30910 -0.16110 0.93729
vn 0.30910 -0.16110 0.93729
vn 0.30910 -0.16110 0.93729
vn 0.30910 -0.16110 0.93729
vn 0.30910 -0.16110 0.93729
vn 0.30910 -0.16110 0.93729
vn 0.30910 -0.16110 0.93729
vn 0.30910 -0.16110 0.93729
vn 0.30910 -0.16110 0.93729
vn 0.30910 -0.16110 0.93729
vn 0.30910 -0.16110 0.93729
vn 0.30910 -0.16110 0.93729
vn 0.30910 -0.16110 0.93729
vn 0.30910 -0.16110 0.93729
vn 0.30910 -0.16110 0.93729
vn 0.30910 -0.16110 0.93729
vn 0.30910 -0.16110 0.93729
vn 0.30910 -0.16110 0.93729
vn 0.89580 -0.08430 0.43640
vn 0.89580 -0.08430 0.43640
vn 0.89580 -0.08430 0.43640
vn 0.86135 0.09849 0.49837
vn 0.86135 0.09849 0.49837
vn 0.86135 0.09849 0.49837
vn 0.79383 0.27751 0.54112
vn 0.79383 0.27751 0.54112
vn 0.79383 0.27751 0.54112
vn 0.69581 0.44581 0.56311
vn 0.69581 0.44581 0.56311
vn 0.69581 0.44581 0.56311
vn 0.57101 0.59701 0.56351
vn 0.57101 0.59701 0.56351
vn 0.57101 0.59701 0.56351
vn 0.42428 0.72527 0.54218
vn 0.42428 0.72527 0.54218
vn 0.42428 0.72527 0.54218
vn 0.26129 0.82568 0.49999
vn 0.26129 0.82568 0.49999
vn 0.26129 0.82568 0.49999
vn 0.08820 0.89434 0.43862
vn 0.08820 0.89434 0.43862
vn 0.08820 0.89434 0.43862
vn -0.08820 0.92862 0.36041
vn -0.08820 0.92862 0.36041
vn -0.08820 0.92862 0.36041
vn -0.26130 0.92719 0.26840
vn -0.26130 0.92719 0.26840
vn -0.26130 0.92719 0.26840
vn -0.42429 0.89018 0.16600
vn -0.42429 0.89018 0.16600
vn -0.42429 0.89018 0.16600
vn -0.57103 0.81894 0.05720
vn -0.57103 0.81894 0.05720
vn -0.57103 0.81894 0.05720
vn -0.69581 0.71621 -0.05370
vn -0.69581 0.71621 -0.05370
vn -0.69581 0.71621 -0.05370
vn -0.79382 0.58601 -0.16260
vn -0.79382 0.58601 -0.16260
vn -0.79382 0.58601 -0.16260
vn -0.86138 0.43319 -0.26529
vn -0.86138 0.43319 -0.26529
vn -0.86138 0.43319 -0.26529
vn -0.89580 0.26380 -0.35770
vn -0.89580 0.26380 -0.35770
vn -0.89580 0.26380 -0.35770
vn -0.89580 0.08430 -0.43640
vn -0.89580 0.08430 -0.43640
vn -0.89580 0.08430 -0.43640
vn -0.86135 -0.09849 -0.49837
vn -0.86135 -0.09849 -0.49837
vn -0.86135 -0.09849 -0.49837
vn -0.79383 -0.27751 -0.54112
vn -0.79383 -0.27751 -0.54112
vn -0.79383 -0.27751 -0.54112
vn -0.69581 -0.44581 -0.56311
vn -0.69581 -0.44581 -0.56311
vn -0.69581 -0.44581 -0.56311
vn -0.57101 -0.59701 -0.56351
vn -0.57101 -0.59701 -0.56351
vn -0.57101 -0.59701 -0.56351
vn -0.42431 -0.72531 -0.54211
vn -0.42431 -0.72531 -0.54211
vn -0.42431 -0.72531 -0.54211
vn -0.26129 -0.82568 -0.49999
vn -0.26129 -0.82568 -0.49999
vn -0.26129 -0.82568 -0.49999
vn -0.08820 -0.89434 -0.43862
vn -0.08820 -0.89434 -0.43862
vn -0.08820 -0.89434 -0.43862
vn 0.08820 -0.92862 -0.36041
vn 0.08820 -0.92862 -0.36041
vn 0.08820 -0.92862 -0.36041
vn 0.26130 -0.92719 -0.26840
vn 0.26130 -0.92719 -0.26840
vn 0.26130 -0.92719 -0.26840
vn 0.42429 -0.89018 -0.16600
vn 0.42429 -0.89018 -0.16600
vn 0.42429 -0.89018 -0.16600
vn 0.57103 -0.81894 -0.05720
vn 0.57103 -0.81894 -0.05720
vn 0.57103 -0.81894 -0.05720
vn 0.69581 -0.71621 0.05370
vn 0.69581 -0.71621 0.05370
vn 0.69581 -0.71621 0.05370
vn 0.79382 -0.58601 0.16260
vn 0.79382 -0.58601 0.16260
vn 0.79382 -0.58601 0.16260
vn 0.43568 0.36139 -0.82437
vn 0.43568 0.36139 -0.82437
vn 0.43568 0.36139 -0.82437
vn 0.43570 0.36130 -0.82440
vn 0.43570 0.36130 -0.82440
vn 0.43570 0.36130 -0.82440
vn 0.43560 0.36140 -0.82440
vn 0.43560 0.36140 -0.82440
vn 0.43560 0.36140 -0.82440
vn 0.43568 0.36139 -0.82437
vn 0.43568 0.36139 -0.82437
vn 0.43568 0.36139 -0.82437
vn 0.43568 0.36139 -0.82437
vn 0.43568 0.36139 -0.82437
vn 0.43568 0.36139 -0.82437
vn 0.43568 0.36139 -0.82437
vn 0.43568 0.36139 -0.82437
vn 0.43568 0.36139 -0.82437
vn 0.43568 0.36139 -0.82437
vn 0.43568 0.36139 -0.82437
vn 0.43568 0.36139 -0.82437
vn 0.43568 0.36139 -0.82437
vn 0.43568 0.36139 -0.82437
vn 0.43568 0.36139 -0.82437
vn 0.43560 0.36140 -0.82440
vn 0.43560 0.36140 -0.82440
vn 0.43560 0.36140 -0.82440
vn 0.43560 0.36140 -0.82440
vn 0.43560 0.36140 -0.82440
vn 0.43560 0.36140 -0.82440
vn 0.43560 0.36140 -0.82440
vn 0.43560 0.36140 -0.82440
vn 0.43560 0.36140 -0.82440
vn 0.43560 0.36140 -0.82440
vn 0.43560 0.36140 -0.82440
vn 0.43560 0.36140 -0.82440
vn 0.43560 0.36140 -0.82440
vn 0.43560 0.36140 -0.82440
vn 0.43560 0.36140 -0.82440
vn 0.43568 0.36139 -0.82437
vn 0.43568 0.36139 -0.82437
vn 0.43568 0.36139 -0.82437
vn 0.43568 0.36139 -0.82437
vn 0.43568 0.36139 -0.82437
vn 0.43568 0.36139 -0.82437
vn 0.43568 0.36139 -0.82437
vn 0.43568 0.36139 -0.82437
vn 0.43568 0.36139 -0.82437
vn 0.43568 0.36139 -0.82437
vn 0.43568 0.36139 -0.82437
vn 0.43568 0.36139 -0.82437
vn 0.43568 0.36139 -0.82437
vn 0.43568 0.36139 -0.82437
vn 0.43568 0.36139 -0.82437
vn 0.43560 0.36140 -0.82440
vn 0.43560 0.36140 -0.82440
vn 0.43560 0.36140 -0.82440
vn 0.43568 0.36139 -0.82437
vn 0.43568 0.36139 -0.82437
vn 0.43568 0.36139 -0.82437
vn 0.43560 0.36140 -0.82440
vn 0.43560 0.36140 -0.82440
vn 0.43560 0.36140 -0.82440
vn 0.43568 0.36139 -0.82437
vn 0.43568 0.36139 -0.82437
vn 0.43568 0.36139 -0.82437
vn 0.43568 0.36139 -0.82437
vn 0.43568 0.36139 -0.82437
vn 0.43568 0.36139 -0.82437
vn 0.43568 0.36139 -0.82437
vn 0.43568 0.36139 -0.82437
vn 0.43568 0.36139 -0.82437
vn 0.43568 0.36139 -0.82437
vn 0.43568 0.36139 -0.82437
vn 0.43568 0.36139 -0.82437
vn 0.43568 0.36139 -0.82437
vn 0.43568 0.36139 -0.82437
vn 0.43568 0.36139 -0.82437
vn 0.43568 0.36139 -0.82437
vn 0.43568 0.36139 -0.82437
vn 0.43568 0.36139 -0.82437
vn 0.43568 0.36139 -0.82437
vn 0.43568 0.36139 -0.82437
vn 0.43568 0.36139 -0.82437
vn 0.43568 0.36139 -0.82437
vn 0.43568 0.36139 -0.82437
vn 0.43568 0.36139 -0.82437
vn 0.86138 -0.43319 0.26529
vn 0.86138 -0.43319 0.26529
vn 0.86138 -0.43319 0.26529
vn 0.89580 -0.26380 0.35770
vn 0.89580 -0.26380 0.35770
vn 0.89580 -0.26380 0.35770
vn -0.43560 -0.36140 0.82440
vn -0.43560 -0.36140 0.82440
vn -0.43560 -0.36140 0.82440
vn -0.43568 -0.36139 0.82437
vn -0.43568 -0.36139 0.82437
vn -0.43568 -0.36139 0.82437
vn -0.43568 -0.36139 0.82437
vn -0.43568 -0.36139 0.82437
vn -0.43568 -0.36139 0.82437
vn -0.43560 -0.36140 0.82440
vn -0.43560 -0.36140 0.82440
vn -0.43560 -0.36140 0.82440
vn -0.43568 -0.36139 0.82437
vn -0.43568 -0.36139 0.82437
vn -0.43568 -0.36139 0.82437
vn -0.43560 -0.36140 0.82440
vn -0.43560 -0.36140 0.82440
vn -0.43560 -0.36140 0.82440
vn -0.43568 -0.36139 0.82437
vn -0.43568 -0.36139 0.82437
vn -0.43568 -0.36139 0.82437
vn -0.43568 -0.36139 0.82437
vn -0.43568 -0.36139 0.82437
vn -0.43568 -0.36139 0.82437
vn -0.43560 -0.36140 0.82440
vn -0.43560 -0.36140 0.82440
vn -0.43560 -0.36140 0.82440
vn -0.43568 -0.36139 0.82437
vn -0.43568 -0.36139 0.82437
vn -0.43568 -0.36139 0.82437
vn -0.43560 -0.36140 0.82440
vn -0.43560 -0.36140 0.82440
vn -0.43560 -0.36140 0.82440
vn -0.43568 -0.36139 0.82437
vn -0.43568 -0.36139 0.82437
vn -0.43568 -0.36139 0.82437
vn -0.43560 -0.36140 0.82440
vn -0.43560 -0.36140 0.82440
vn -0.43560 -0.36140 0.82440
vn -0.43560 -0.36140 0.82440
vn -0.43560 -0.36140 0.82440
vn -0.43560 -0.36140 0.82440
vn -0.43568 -0.36139 0.82437
vn -0.43568 -0.36139 0.82437
vn -0.43568 -0.36139 0.82437
vn -0.43568 -0.36139 0.82437
vn -0.43568 -0.36139 0.82437
vn -0.43568 -0.36139 0.82437
vn -0.43568 -0.36139 0.82437
vn -0.43568 -0.36139 0.82437
vn -0.43568 -0.36139 0.82437
vn -0.43568 -0.36139 0.82437
vn -0.43568 -0.36139 0.82437
vn -0.43568 -0.36139 0.82437
vn -0.43568 -0.36139 0.82437
vn -0.43568 -0.36139 0.82437
vn -0.43568 -0.36139 0.82437
vn -0.43560 -0.36140 0.82440
vn -0.43560 -0.36140 0.82440
vn -0.43560 -0.36140 0.82440
vn -0.43568 -0.36139 0.82437
vn -0.43568 -0.36139 0.82437
vn -0.43568 -0.36139 0.82437
vn -0.43568 -0.36139 0.82437
vn -0.43568 -0.36139 0.82437
vn -0.43568 -0.36139 0.82437
vn -0.43568 -0.36139 0.82437
vn -0.43568 -0.36139 0.82437
vn -0.43568 -0.36139 0.82437
vn -0.43568 -0.36139 0.82437
vn -0.43568 -0.36139 0.82437
vn -0.43568 -0.36139 0.82437
vn -0.43568 -0.36139 0.82437
vn -0.43568 -0.36139 0.82437
vn -0.43568 -0.36139 0.82437
vn -0.43568 -0.36139 0.82437
vn -0.43568 -0.36139 0.82437
vn -0.43568 -0.36139 0.82437
vn -0.43568 -0.36139 0.82437
vn -0.43568 -0.36139 0.82437
vn -0.43568 -0.36139 0.82437
vn -0.43568 -0.36139 0.82437
vn -0.43568 -0.36139 0.82437
vn -0.43568 -0.36139 0.82437
vn -0.43568 -0.36139 0.82437
vn -0.43568 -0.36139 0.82437
vn -0.43568 -0.36139 0.82437
vn 0.89181 0.23480 -0.38670
vn 0.89181 0.23480 -0.38670
vn 0.89181 0.23480 -0.38670
vn 0.87079 0.34640 -0.34890
vn 0.87079 0.34640 -0.34890
vn 0.87079 0.34640 -0.34890
vn 0.82960 0.45560 -0.32280
vn 0.82960 0.45560 -0.32280
vn 0.82960 0.45560 -0.32280
vn 0.76975 0.55834 -0.30942
vn 0.76975 0.55834 -0.30942
vn 0.76975 0.55834 -0.30942
vn 0.69361 0.65061 -0.30921
vn 0.69361 0.65061 -0.30921
vn 0.69361 0.65061 -0.30921
vn 0.60409 0.72888 -0.32219
vn 0.60409 0.72888 -0.32219
vn 0.60409 0.72888 -0.32219
vn 0.50462 0.79013 -0.34792
vn 0.50462 0.79013 -0.34792
vn 0.50462 0.79013 -0.34792
vn 0.39901 0.83202 -0.38541
vn 0.39901 0.83202 -0.38541
vn 0.39901 0.83202 -0.38541
vn 0.29129 0.85298 -0.43309
vn 0.29129 0.85298 -0.43309
vn 0.29129 0.85298 -0.43309
vn 0.18570 0.85211 -0.48931
vn 0.18570 0.85211 -0.48931
vn 0.18570 0.85211 -0.48931
vn 0.08620 0.82951 -0.55180
vn 0.08620 0.82951 -0.55180
vn 0.08620 0.82951 -0.55180
vn -0.00340 0.78601 -0.61821
vn -0.00340 0.78601 -0.61821
vn -0.00340 0.78601 -0.61821
vn -0.07950 0.72337 -0.68587
vn -0.07950 0.72337 -0.68587
vn -0.07950 0.72337 -0.68587
vn -0.13930 0.64391 -0.75231
vn -0.13930 0.64391 -0.75231
vn -0.13930 0.64391 -0.75231
vn -0.18049 0.55068 -0.81497
vn -0.18049 0.55068 -0.81497
vn -0.18049 0.55068 -0.81497
vn -0.20150 0.44730 -0.87139
vn -0.20150 0.44730 -0.87139
vn -0.20150 0.44730 -0.87139
vn -0.20151 0.33771 -0.91943
vn -0.20151 0.33771 -0.91943
vn -0.20151 0.33771 -0.91943
vn -0.18050 0.22620 -0.95721
vn -0.18050 0.22620 -0.95721
vn -0.18050 0.22620 -0.95721
vn -0.13930 0.11690 -0.98333
vn -0.13930 0.11690 -0.98333
vn -0.13930 0.11690 -0.98333
vn -0.07950 0.01420 -0.99673
vn -0.07950 0.01420 -0.99673
vn -0.07950 0.01420 -0.99673
vn -0.00340 -0.07810 -0.99694
vn -0.00340 -0.07810 -0.99694
vn -0.00340 -0.07810 -0.99694
vn 0.08620 -0.15631 -0.98394
vn 0.08620 -0.15631 -0.98394
vn 0.08620 -0.15631 -0.98394
vn 0.18570 -0.21760 -0.95821
vn 0.18570 -0.21760 -0.95821
vn 0.18570 -0.21760 -0.95821
vn 0.29129 -0.25949 -0.92077
vn 0.29129 -0.25949 -0.92077
vn 0.29129 -0.25949 -0.92077
vn 0.39901 -0.28041 -0.87302
vn 0.39901 -0.28041 -0.87302
vn 0.39901 -0.28041 -0.87302
vn 0.50461 -0.27961 -0.81682
vn 0.50461 -0.27961 -0.81682
vn 0.50461 -0.27961 -0.81682
vn 0.60407 -0.25699 -0.75436
vn 0.60407 -0.25699 -0.75436
vn 0.60407 -0.25699 -0.75436
vn 0.69360 -0.21350 -0.68800
vn 0.69360 -0.21350 -0.68800
vn 0.69360 -0.21350 -0.68800
vn 0.76972 -0.15080 -0.62032
vn 0.76972 -0.15080 -0.62032
vn 0.76972 -0.15080 -0.62032
vn 0.82959 -0.07130 -0.55380
vn 0.82959 -0.07130 -0.55380
vn 0.82959 -0.07130 -0.55380
vn 0.87078 0.02190 -0.49119
vn 0.87078 0.02190 -0.49119
vn 0.87078 0.02190 -0.49119
vn 0.89177 0.12530 -0.43479
vn 0.89177 0.12530 -0.43479
vn 0.89177 0.12530 -0.43479
vn 0.15110 -0.34520 0.92629
vn 0.15110 -0.34520 0.92629
vn 0.15110 -0.34520 0.92629
vn 0.13150 -0.24121 0.96152
vn 0.13150 -0.24121 0.96152
vn 0.13150 -0.24121 0.96152
vn 0.09310 -0.13941 0.98585
vn 0.09310 -0.13941 0.98585
vn 0.09310 -0.13941 0.98585
vn 0.03740 -0.04370 0.99834
vn 0.03740 -0.04370 0.99834
vn 0.03740 -0.04370 0.99834
vn -0.03360 0.04230 0.99854
vn -0.03360 0.04230 0.99854
vn -0.03360 0.04230 0.99854
vn -0.11700 0.11520 0.98643
vn -0.11700 0.11520 0.98643
vn -0.11700 0.11520 0.98643
vn -0.20969 0.17229 0.96247
vn -0.20969 0.17229 0.96247
vn -0.20969 0.17229 0.96247
vn -0.30818 0.21139 0.92754
vn -0.30818 0.21139 0.92754
vn -0.30818 0.21139 0.92754
vn -0.40849 0.23089 0.88308
vn -0.40849 0.23089 0.88308
vn -0.40849 0.23089 0.88308
vn -0.50691 0.23011 0.83072
vn -0.50691 0.23011 0.83072
vn -0.50691 0.23011 0.83072
vn -0.59968 0.20899 0.77247
vn -0.59968 0.20899 0.77247
vn -0.59968 0.20899 0.77247
vn -0.68311 0.16850 0.71061
vn -0.68311 0.16850 0.71061
vn -0.68311 0.16850 0.71061
vn -0.75404 0.11011 0.64753
vn -0.75404 0.11011 0.64753
vn -0.75404 0.11011 0.64753
vn -0.80980 0.03600 0.58560
vn -0.80980 0.03600 0.58560
vn -0.80980 0.03600 0.58560
vn -0.84821 -0.05090 0.52721
vn -0.84821 -0.05090 0.52721
vn -0.84821 -0.05090 0.52721
vn -0.86780 -0.14720 0.47460
vn -0.86780 -0.14720 0.47460
vn -0.86780 -0.14720 0.47460
vn -0.86778 -0.24929 0.42989
vn -0.86778 -0.24929 0.42989
vn -0.86778 -0.24929 0.42989
vn -0.84818 -0.35329 0.39469
vn -0.84818 -0.35329 0.39469
vn -0.84818 -0.35329 0.39469
vn -0.80979 -0.45510 0.37030
vn -0.80979 -0.45510 0.37030
vn -0.80979 -0.45510 0.37030
vn -0.75403 -0.55082 0.35781
vn -0.75403 -0.55082 0.35781
vn -0.75403 -0.55082 0.35781
vn -0.68309 -0.63679 0.35760
vn -0.68309 -0.63679 0.35760
vn -0.68309 -0.63679 0.35760
vn -0.59962 -0.70972 0.36981
vn -0.59962 -0.70972 0.36981
vn -0.59962 -0.70972 0.36981
vn -0.50692 -0.76683 0.39371
vn -0.50692 -0.76683 0.39371
vn -0.50692 -0.76683 0.39371
vn -0.40852 -0.80585 0.42862
vn -0.40852 -0.80585 0.42862
vn -0.40852 -0.80585 0.42862
vn -0.30821 -0.82533 0.47312
vn -0.30821 -0.82533 0.47312
vn -0.30821 -0.82533 0.47312
vn -0.20969 -0.82456 0.52548
vn -0.20969 -0.82456 0.52548
vn -0.20969 -0.82456 0.52548
vn -0.11700 -0.80350 0.58370
vn -0.11700 -0.80350 0.58370
vn -0.11700 -0.80350 0.58370
vn -0.03360 -0.76296 0.64557
vn -0.03360 -0.76296 0.64557
vn -0.03360 -0.76296 0.64557
vn 0.03740 -0.70456 0.70866
vn 0.03740 -0.70456 0.70866
vn 0.03740 -0.70456 0.70866
vn 0.09310 -0.63049 0.77059
vn 0.09310 -0.63049 0.77059
vn 0.09310 -0.63049 0.77059
vn 0.13150 -0.54359 0.82899
vn 0.13150 -0.54359 0.82899
vn 0.13150 -0.54359 0.82899
vn 0.15110 -0.44731 0.88152
vn 0.15110 -0.44731 0.88152
vn 0.15110 -0.44731 0.88152
f 1/1/1 2/2/2 3/3/3
f 4/4/4 5/5/5 6/6/6
f 7/7/7 8/8/8 9/9/9
f 10/10/10 11/11/11 12/12/12
f 13/13/13 14/14/14 15/15/15
f 16/16/16 17/17/17 18/18/18
f 19/19/19 20/20/20 21/21/21
f 22/22/22 23/23/23 24/24/24
f 25/25/25 26/26/26 27/27/27
f 28/28/28 29/29/29 30/30/30
f 31/31/31 32/32/32 33/33/33
f 34/34/34 35/35/35 36/36/36
f 37/37/37 38/38/38 39/39/39
f 40/40/40 41/41/41 42/42/42
f 43/43/43 44/44/44 45/45/45
f 46/46/46 47/47/47 48/48/48
f 49/49/49 50/50/50 51/51/51
f 52/52/52 53/53/53 54/54/54
f 55/55/55 56/56/56 57/57/57
f 58/58/58 59/59/59 60/60/60
f 61/61/61 62/62/62 63/63/63
f 64/64/64 65/65/65 66/66/66
f 67/67/67 68/68/68 69/69/69
f 70/70/70 71/71/71 72/72/72
f 73/73/73 74/74/74 75/75/75
f 76/76/76 77/77/77 78/78/78
f 79/79/79 80/80/80 81/81/81
f 82/82/82 83/83/83 84/84/84
f 85/85/85 86/86/86 87/87/87
f 88/88/88 89/89/89 90/90/90
f 91/91/91 92/92/92 93/93/93
f 94/94/94 95/95/95 96/96/96
f 97/97/97 98/98/98 99/99/99
f 100/100/100 101/101/101 102/102/102
f 103/103/103 104/104/104 105/105/105
f 106/106/106 107/107/107 108/108/108
f 109/109/109 110/110/110 111/111/111
f 112/112/112 113/113/113 114/114/114
f 115/115/115 116/116/116 117/117/117
f 118/118/118 119/119/119 120/120/120
f 121/121/121 122/122/122 123/123/123
f 124/124/124 125/125/125 126/126/126
f 127/127/127 128/128/128 129/129/129
f 130/130/130 131/131/131 132/132/132
f 133/133/133 134/134/134 135/135/135
f 136/136/136 137/137/137 138/138/138
f 139/139/139 140/140/140 141/141/141
f 142/142/142 143/143/143 144/144/144
f 145/145/145 146/146/146 147/147/147
f 148/148/148 149/149/149 150/150/150
f 151/151/151 152/152/152 153/153/153
f 154/154/154 155/155/155 156/156/156
f 157/157/157 158/158/158 159/159/159
f 160/160/160 161/161/161 162/162/162
f 163/163/163 164/164/164 165/165/165
f 166/166/166 167/167/167 168/168/168
f 169/169/169 170/170/170 171/171/171
f 172/172/172 173/173/173 174/174/174
f 175/175/175 176/176/176 177/177/177
f 178/178/178 179/179/179 180/180/180
f 181/181/181 182/182/182 183/183/183
f 184/184/184 185/185/185 186/186/186
f 187/187/187 188/188/188 189/189/189
f 190/190/190 191/191/191 192/192/192
f 193/193/193 194/194/194 195/195/195
f 196/196/196 197/197/197 198/198/198
f 199/199/199 200/200/200 201/201/201
f 202/202/202 203/203/203 204/204/204
f 205/205/205 206/206/206 207/207/207
f 208/208/208 209/209/209 210/210/210
f 211/211/211 212/212/212 213/213/213
f 214/214/214 215/215/215 216/216/216
f 217/217/217 218/218/218 219/219/219
f 220/220/220 221/221/221 222/222/222
f 223/223/223 224/224/224 225/225/225
f 226/226/226 227/227/227 228/228/228
f 229/229/229 230/230/230 231/231/231
f 232/232/232 233/233/233 234/234/234
f 235/235/235 236/236/236 237/237/237
f 238/238/238 239/239/239 240/240/240
f 241/241/241 242/242/242 243/243/243
f 244/244/244 245/245/245 246/246/246
f 247/247/247 248/248/248 249/249/249
f 250/250/250 251/251/251 252/252/252
f 253/253/253 254/254/254 255/255/255
f 256/256/256 257/257/257 258/258/258
f 259/259/259 260/260/260 261/261/261
f 262/262/262 263/263/263 264/264/264
f 265/265/265 266/266/266 267/267/267
f 268/268/268 269/269/269 270/270/270
f 271/271/271 272/272/272 273/273/273
f 274/274/274 275/275/275 276/276/276
f 277/277/277 278/278/278 279/279/279
f 280/280/280 281/281/281 282/282/282
f 283/283/283 284/284/284 285/285/285
f 286/286/286 287/287/287 288/288/288
f 289/289/289 290/290/290 291/291/291
f 292/292/292 293/293/293 294/294/294
f 295/295/295 296/296/296 297/297/297
f 298/298/298 299/299/299 300/300/300
f 301/301/301 302/302/302 303/303/303
f 304/304/304 305/305/305 306/306/306
f 307/307/307 308/308/308 309/309/309
f 310/310/310 311/311/311 312/312/312
f 313/313/313 314/314/314 315/315/315
f 316/316/316 317/317/317 318/318/318
f 319/319/319 320/320/320 321/321/321
f 322/322/322 323/323/323 324/324/324
f 325/325/325 326/326/326 327/327/327
f 328/328/328 329/329/329 330/330/330
f 331/331/331 332/332/332 333/333/333
f 334/334/334 335/335/335 336/336/336
f 337/337/337 338/338/338 339/339/339
f 340/340/340 341/341/341 342/342/342
f 343/343/343 344/344/344 345/345/345
f 346/346/346 347/347/347 348/348/348
f 349/349/349 350/350/350 351/351/351
f 352/352/352 353/353/353 354/354/354
f 355/355/355 356/356/356 357/357/357
f 358/358/358 359/359/359 360/360/360
f 361/361/361 362/362/362 363/363/363
f 364/364/364 365/365/365 366/366/366
f 367/367/367 368/368/368 369/369/369
f 370/370/370 371/371/371 372/372/372
f 373/373/373 374/374/374 375/375/375
f 376/376/376 377/377/377 378/378/378
f 379/379/379 380/380/380 381/381/381
f 382/382/382 383/383/383 384/384/384
f 385/385/385 386/386/386 387/387/387
f 388/388/388 389/389/389 390/390/390
f 391/391/391 392/392/392 393/393/393
f 394/394/394 395/395/395 396/396/396
f 397/397/397 398/398/398 399/399/399
f 400/400/400 401/401/401 402/402/402
f 403/403/403 404/404/404 405/405/405
f 406/406/406 407/407/407 408/408/408
f 409/409/409 410/410/410 411/411/411
f 412/412/412 413/413/413 414/414/414
f 415/415/415 416/416/416 417/417/417
f 418/418/418 419/419/419 420/420/420
f 421/421/421 422/422/422 423/423/423
f 424/424/424 425/425/425 426/426/426
f 427/427/427 428/428/428 429/429/429
f 430/430/430 431/431/431 432/432/432
f 433/433/433 434/434/434 435/435/435
f 436/436/436 437/437/437 438/438/438
f 439/439/439 440/440/440 441/441/441
f 442/442/442 443/443/443 444/444/444
f 445/445/445 446/446/446 447/447/447
f 448/448/448 449/449/449 450/450/450
f 451/451/451 452/452/452 453/453/453
f 454/454/454 455/455/455 456/456/456
f 457/457/457 458/458/458 459/459/459
f 460/460/460 461/461/461 462/462/462
f 463/463/463 464/464/464 465/465/465
f 466/466/466 467/467/467 468/468/468
f 469/469/469 470/470/470 471/471/471
f 472/472/472 473/473/473 474/474/474
f 475/475/475 476/476/476 477/477/477
f 478/478/478 479/479/479 480/480/480
f 481/481/481 482/482/482 483/483/483
f 484/484/484 485/485/485 486/486/486
f 487/487/487 488/488/488 489/489/489
f 490/490/490 491/491/491 492/492/492
f 493/493/493 494/494/494 495/495/495
f 496/496/496 497/497/497 498/498/498
f 499/499/499 500/500/500 501/501/501
f 502/502/502 503/503/503 504/504/504
f 505/505/505 506/506/506 507/507/507
f 508/508/508 509/509/509 510/510/510
f 511/511/511 512/512/512 513/513/513
f 514/514/514 515/515/515 516/516/516
f 517/517/517 518/518/518 519/519/519
f 520/520/520 521/521/521 522/522/522
f 523/523/523 524/524/524 525/525/525
f 526/526/526 527/527/527 528/528/528
f 529/529/529 530/530/530 531/531/531
f 532/532/532 533/533/533 534/534/534
f 535/535/535 536/536/536 537/537/537
f 538/538/538 539/539/539 540/540/540
f 541/541/541 542/542/542 543/543/543
f 544/544/544 545/545/545 546/546/546
f 547/547/547 548/548/548 549/549/549
f 550/550/550 551/551/551 552/552/552
f 553/553/553 554/554/554 555/555/555
f 556/556/556 557/557/557 558/558/558
f 559/559/559 560/560/560 561/561/561
f 562/562/562 563/563/563 564/564/564
f 565/565/565 566/566/566 567/567/567
f 568/568/568 569/569/569 570/570/570
f 571/571/571 572/572/572 573/573/573
f 574/574/574 575/575/575 576/576/576
f 577/577/577 578/578/578 579/579/579
f 580/580/580 581/581/581 582/582/582
f 583/583/583 584/584/584 585/585/585
f 586/586/586 587/587/587 588/588/588
f 589/589/589 590/590/590 591/591/591
f 592/592/592 593/593/593 594/594/594
f 595/595/595 596/596/596 597/597/597
f 598/598/598 599/599/599 600/600/600
f 601/601/601 602/602/602 603/603/603
f 604/604/604 605/605/605 606/606/606
f 607/607/607 608/608/608 609/609/609
f 610/610/610 611/611/611 612/612/612
f 613/613/613 614/614/614 615/615/615
f 616/616/616 617/617/617 618/618/618
f 619/619/619 620/620/620 621/621/621
f 622/622/622 623/623/623 624/624/624
f 625/625/625 626/626/626 627/627/627
f 628/628/628 629/629/629 630/630/630
f 631/631/631 632/632/632 633/633/633
f 634/634/634 635/635/635 636/636/636
f 637/637/637 638/638/638 639/639/639
f 640/640/640 641/641/641 642/642/642
f 643/643/643 644/644/644 645/645/645
f 646/646/646 647/647/647 648/648/648
f 649/649/649 650/650/650 651/651/651
f 652/652/652 653/653/653 654/654/654
f 655/655/655 656/656/656 657/657/657
f 658/658/658 659/659/659 660/660/660
f 661/661/661 662/662/662 663/663/663
f 664/664/664 665/665/665 666/666/666
f 667/667/667 668/668/668 669/669/669
f 670/670/670 671/671/671 672/672/672
f 673/673/673 674/674/674 675/675/675
f 676/676/676 677/677/677 678/678/678
f 679/679/679 680/680/680 681/681/681
f 682/682/682 683/683/683 684/684/684
f 685/685/685 686/686/686 687/687/687
f 688/688/688 689/689/689 690/690/690
f 691/691/691 692/692/692 693/693/693
f 694/694/694 695/695/695 696/696/696
f 697/697/697 698/698/698 699/699/699
f 700/700/700 701/701/701 702/702/702
f 703/703/703 704/704/704 705/705/705
f 706/706/706 707/707/707 708/708/708
f 709/709/709 710/710/710 711/711/711
f 712/712/712 713/713/713 714/714/714
f 715/715/715 716/716/716 717/717/717
f 718/718/718 719/719/719 720/720/720
f 721/721/721 722/722/722 723/723/723
f 724/724/724 725/725/725 726/726/726
f 727/727/727 728/728/728 729/729/729
f 730/730/730 731/731/731 732/732/732
f 733/733/733 734/734/734 735/735/735
f 736/736/736 737/737/737 738/738/738
f 739/739/739 740/740/740 741/741/741
f 742/742/742 743/743/743 744/744/744
f 745/745/745 746/746/746 747/747/747
f 748/748/748 749/749/749 750/750/750
f 751/751/751 752/752/752 753/753/753
f 754/754/754 755/755/755 756/756/756
f 757/757/757 758/758/758 759/759/759
f 760/760/760 761/761/761 762/762/762
f 763/763/763 764/764/764 765/765/765
f 766/766/766 767/767/767 768/768/768
f 769/769/769 770/770/770 771/771/771
f 772/772/772 773/773/773 774/774/774
f 775/775/775 776/776/776 777/777/777
f 778/778/778 779/779/779 780/780/780
f 781/781/781 782/782/782 783/783/783
f 784/784/784 785/785/785 786/786/786
f 787/787/787 788/788/788 789/789/789
f 790/790/790 791/791/791 792/792/792
f 793/793/793 794/794/794 795/795/795
f 796/796/796 797/797/797 798/798/798
f 799/799/799 800/800/800 801/801/801
f 802/802/802 803/803/803 804/804/804
f 805/805/805 806/806/806 807/807/807
f 808/808/808 809/809/809 810/810/810
f 811/811/811 812/812/812 813/813/813
f 814/814/814 815/815/815 816/816/816
f 817/817/817 818/818/818 819/819/819
f 820/820/820 821/821/821 822/822/822
f 823/823/823 824/824/824 825/825/825
f 826/826/826 827/827/827 828/828/828
f 829/829/829 830/830/830 831/831/831
f 832/832/832 833/833/833 834/834/834
f 835/835/835 836/836/836 837/837/837
f 838/838/838 839/839/839 840/840/840
f 841/841/841 842/842/842 843/843/843
f 844/844/844 845/845/845 846/846/846
f 847/847/847 848/848/848 849/849/849
f 850/850/850 851/851/851 852/852/852
f 853/853/853 854/854/854 855/855/855
f 856/856/856 857/857/857 858/858/858
f 859/859/859 860/860/860 861/861/861
f 862/862/862 863/863/863 864/864/864
f 865/865/865 866/866/866 867/867/867
f 868/868/868 869/869/869 870/870/870
f 871/871/871 872/872/872 873/873/873
f 874/874/874 875/875/875 876/876/876
f 877/877/877 878/878/878 879/879/879
f 880/880/880 881/881/881 882/882/882
f 883/883/883 884/884/884 885/885/885
f 886/886/886 887/887/887 888/888/888
f 889/889/889 890/890/890 891/891/891
f 892/892/892 893/893/893 894/894/894
f 895/895/895 896/896/896 897/897/897
f 898/898/898 899/899/899 900/900/900
f 901/901/901 902/902/902 903/903/903
f 904/904/904 905/905/905 906/906/906
f 907/907/907 908/908/908 909/909/909
f 910/910/910 911/911/911 912/912/912
f 913/913/913 914/914/914 915/915/915
f 916/916/916 917/917/917 918/918/918
f 919/919/919 920/920/920 921/921/921
f 922/922/922 923/923/923 924/924/924
f 925/925/925 926/926/926 927/927/927
f 928/928/928 929/929/929 930/930/930
f 931/931/931 932/932/932 933/933/933
f 934/934/934 935/935/935 936/936/936
f 937/937/937 938/938/938 939/939/939
f 940/940/940 941/941/941 942/942/942
f 943/943/943 944/944/944 945/945/945
f 946/946/946 947/947/947 948/948/948
f 949/949/949 950/950/950 951/951/951
f 952/952/952 953/953/953 954/954/954
f 955/955/955 956/956/956 957/957/957
f 958/958/958 959/959/959 960/960/960
f 961/961/961 962/962/962 963/963/963
f 964/964/964 965/965/965 966/966/966
f 967/967/967 968/968/968 969/969/969
f 970/970/970 971/971/971 972/972/972
f 973/973/973 974/974/974 975/975/975
f 976/976/976 977/977/977 978/978/978
f 979/979/979 980/980/980 981/981/981
f 982/982/982 983/983/983 984/984/984
f 985/985/985 986/986/986 987/987/987
f 988/988/988 989/989/989 990/990/990
f 991/991/991 992/992/992 993/993/993
f 994/994/994 995/995/995 996/996/996
f 997/997/997 998/998/998 999/999/999
f 1000/1000/1000 1001/1001/1001 1002/1002/1002
f 1003/1003/1003 1004/1004/1004 1005/1005/1005
f 1006/1006/1006 1007/1007/1007 1008/1008/1008
f 1009/1009/1009 1010/1010/1010 1011/1011/1011
f 1012/1012/1012 1013/1013/1013 1014/1014/1014
f 1015/1015/1015 1016/1016/1016 1017/1017/1017
f 1018/1018/1018 1019/1019/1019 1020/1020/1020
f 1021/1021/1021 1022/1022/1022 1023/1023/1023
f 1024/1024/1024 1025/1025/1025 1026/1026/1026
f 1027/1027/1027 1028/1028/1028 1029/1029/1029
f 1030/1030/1030 1031/1031/1031 1032/1032/1032
f 1033/1033/1033 1034/1034/1034 1035/1035/1035
f 1036/1036/1036 1037/1037/1037 1038/1038/1038
f 1039/1039/1039 1040/1040/1040 1041/1041/1041
f 1042/1042/1042 1043/1043/1043 1044/1044/1044
f 1045/1045/1045 1046/1046/1046 1047/1047/1047
f 1048/1048/1048 1049/1049/1049 1050/1050/1050
f 1051/1051/1051 1052/1052/1052 1053/1053/1053
f 1054/1054/1054 1055/1055/1055 1056/1056/1056
f 1057/1057/1057 1058/1058/1058 1059/1059/1059
f 1060/1060/1060 1061/1061/1061 1062/1062/1062
f 1063/1063/1063 1064/1064/1064 1065/1065/1065
f 1066/1066/1066 1067/1067/1067 1068/1068/1068
f 1069/1069/1069 1070/1070/1070 1071/1071/1071
f 1072/1072/1072 1073/1073/1073 1074/1074/1074
f 1075/1075/1075 1076/1076/1076 1077/1077/1077
f 1078/1078/1078 1079/1079/1079 1080/1080/1080
f 1081/1081/1081 1082/1082/1082 1083/1083/1083
f 1084/1084/1084 1085/1085/1085 1086/1086/1086
f 1087/1087/1087 1088/1088/1088 1089/1089/1089
f 1090/1090/1090 1091/1091/1091 1092/1092/1092
f 1093/1093/1093 1094/1094/1094 1095/1095/1095
f 1096/1096/1096 1097/1097/1097 1098/1098/1098
f 1099/1099/1099 1100/1100/1100 1101/1101/1101
f 1102/1102/1102 1103/1103/1103 1104/1104/1104
f 1105/1105/1105 1106/1106/1106 1107/1107/1107
f 1108/1108/1108 1109/1109/1109 1110/1110/1110
f 1111/1111/1111 1112/1112/1112 1113/1113/1113
f 1114/1114/1114 1115/1115/1115 1116/1116/1116
f 1117/1117/1117 1118/1118/1118 1119/1119/1119
f 1120/1120/1120 1121/1121/1121 1122/1122/1122
f 1123/1123/1123 1124/1124/1124 1125/1125/1125
f 1126/1126/1126 1127/1127/1127 1128/1128/1128
f 1129/1129/1129 1130/1130/1130 1131/1131/1131
f 1132/1132/1132 1133/1133/1133 1134/1134/1134
f 1135/1135/1135 1136/1136/1136 1137/1137/1137
f 1138/1138/1138 1139/1139/1139 1140/1140/1140
f 1141/1141/1141 1142/1142/1142 1143/1143/1143
f 1144/1144/1144 1145/1145/1145 1146/1146/1146
f 1147/1147/1147 1148/1148/1148 1149/1149/1149
f 1150/1150/1150 1151/1151/1151 1152/1152/1152
f 1153/1153/1153 1154/1154/1154 1155/1155/1155
f 1156/1156/1156 1157/1157/1157 1158/1158/1158
f 1159/1159/1159 1160/1160/1160 1161/1161/1161
f 1162/1162/1162 1163/1163/1163 1164/1164/1164
f 1165/1165/1165 1166/1166/1166 1167/1167/1167
f 1168/1168/1168 1169/1169/1169 1170/1170/1170
f 1171/1171/1171 1172/1172/1172 1173/1173/1173
f 1174/1174/1174 1175/1175/1175 1176/1176/1176
f 1177/1177/1177 1178/1178/1178 1179/1179/1179
f 1180/1180/1180 1181/1181/1181 1182/1182/1182
f 1183/1183/1183 1184/1184/1184 1185/1185/1185
f 1186/1186/1186 1187/1187/1187 1188/1188/1188
f 1189/1189/1189 1190/1190/1190 1191/1191/1191
f 1192/1192/1192 1193/1193/1193 1194/1194/1194
f 1195/1195/1195 1196/1196/1196 1197/1197/1197
f 1198/1198/1198 1199/1199/1199 1200/1200/1200
f 1201/1201/1201 1202/1202/1202 1203/1203/1203
f 1204/1204/1204 1205/1205/1205 1206/1206/1206
f 1207/1207/1207 1208/1208/1208 1209/1209/1209
f 1210/1210/1210 1211/1211/1211 1212/1212/1212
f 1213/1213/1213 1214/1214/1214 1215/1215/1215
f 1216/1216/1216 1217/1217/1217 1218/1218/1218
f 1219/1219/1219 1220/1220/1220 1221/1221/1221
f 1222/1222/1222 1223/1223/1223 1224/1224/1224
f 1225/1225/1225 1226/1226/1226 1227/1227/1227
f 1228/1228/1228 1229/1229/1229 1230/1230/1230
f 1231/1231/1231 1232/1232/1232 1233/1233/1233
f 1234/1234/1234 1235/1235/1235 1236/1236/1236
f 1237/1237/1237 1238/1238/1238 1239/1239/1239
f 1240/1240/1240 1241/1241/1241 1242/1242/1242
f 1243/1243/1243 1244/1244/1244 1245/1245/1245
f 1246/1246/1246 1247/1247/1247 1248/1248/1248
f 1249/1249/1249 1250/1250/1250 1251/1251/1251
f 1252/1252/1252 1253/1253/1253 1254/1254/1254
f 1255/1255/1255 1256/1256/1256 1257/1257/1257
f 1258/1258/1258 1259/1259/1259 1260/1260/1260
f 1261/1261/1261 1262/1262/1262 1263/1263/1263
f 1264/1264/1264 1265/1265/1265 1266/1266/1266
f 1267/1267/1267 1268/1268/1268 1269/1269/1269
f 1270/1270/1270 1271/1271/1271 1272/1272/1272
f 1273/1273/1273 1274/1274/1274 1275/1275/1275
f 1276/1276/1276 1277/1277/1277 1278/1278/1278
f 1279/1279/1279 1280/1280/1280 1281/1281/1281
f 1282/1282/1282 1283/1283/1283 1284/1284/1284
f 1285/1285/1285 1286/1286/1286 1287/1287/1287
f 1288/1288/1288 1289/1289/1289 1290/1290/1290
f 1291/1291/1291 1292/1292/1292 1293/1293/1293
f 1294/1294/1294 1295/1295/1295 1296/1296/1296
f 1297/1297/1297 1298/1298/1298 1299/1299/1299
f 1300/1300/1300 1301/1301/1301 1302/1302/1302
f 1303/1303/1303 1304/1304/1304 1305/1305/1305
f 1306/1306/1306 1307/1307/1307 1308/1308/1308
f 1309/1309/1309 1310/1310/1310 1311/1311/1311
f 1312/1312/1312 1313/1313/1313 1314/1314/1314
f 1315/1315/1315 1316/1316/1316 1317/1317/1317
f 1318/1318/1318 1319/1319/1319 1320/1320/1320
f 1321/1321/1321 1322/1322/1322 1323/1323/1323
f 1324/1324/1324 1325/1325/1325 1326/1326/1326
f 1327/1327/1327 1328/1328/1328 1329/1329/1329
f 1330/1330/1330 1331/1331/1331 1332/1332/1332
f 1333/1333/1333 1334/1334/1334 1335/1335/1335
f 1336/1336/1336 1337/1337/1337 1338/1338/1338
f 1339/1339/1339 1340/1340/1340 1341/1341/1341
f 1342/1342/1342 1343/1343/1343 1344/1344/1344
f 1345/1345/1345 1346/1346/1346 1347/1347/1347
f 1348/1348/1348 1349/1349/1349 1350/1350/1350
f 1351/1351/1351 1352/1352/1352 1353/1353/1353
f 1354/1354/1354 1355/1355/1355 1356/1356/1356
f 1357/1357/1357 1358/1358/1358 1359/1359/1359
f 1360/1360/1360 1361/1361/1361 1362/1362/1362
f 1363/1363/1363 1364/1364/1364 1365/1365/1365
f 1366/1366/1366 1367/1367/1367 1368/1368/1368
f 1369/1369/1369 1370/1370/1370 1371/1371/1371
f 1372/1372/1372 1373/1373/1373 1374/1374/1374
f 1375/1375/1375 1376/1376/1376 1377/1377/1377
f 1378/1378/1378 1379/1379/1379 1380/1380/1380
f 1381/1381/1381 1382/1382/1382 1383/1383/1383
f 1384/1384/1384 1385/1385/1385 1386/1386/1386
f 1387/1387/1387 1388/1388/1388 1389/1389/1389
f 1390/1390/1390 1391/1391/1391 1392/1392/1392
f 1393/1393/1393 1394/1394/1394 1395/1395/1395
f 1396/1396/1396 1397/1397/1397 1398/1398/1398
f 1399/1399/1399 1400/1400/1400 1401/1401/1401
f 1402/1402/1402 1403/1403/1403 1404/1404/1404
f 1405/1405/1405 1406/1406/1406 1407/1407/1407
f 1408/1408/1408 1409/1409/1409 1410/1410/1410
f 1411/1411/1411 1412/1412/1412 1413/1413/1413
f 1414/1414/1414 1415/1415/1415 1416/1416/1416
f 1417/1417/1417 1418/1418/1418 1419/1419/1419
f 1420/1420/1420 1421/1421/1421 1422/1422/1422
f 1423/1423/1423 1424/1424/1424 1425/1425/1425
f 1426/1426/1426 1427/1427/1427 1428/1428/1428
f 1429/1429/1429 1430/1430/1430 1431/1431/1431
f 1432/1432/1432 1433/1433/1433 1434/1434/1434
f 1435/1435/1435 1436/1436/1436 1437/1437/1437
f 1438/1438/1438 1439/1439/1439 1440/1440/1440
f 1441/1441/1441 1442/1442/1442 1443/1443/1443
f 1444/1444/1444 1445/1445/1445 1446/1446/1446
f 1447/1447/1447 1448/1448/1448 1449/1449/1449
f 1450/1450/1450 1451/1451/1451 1452/1452/1452
f 1453/1453/1453 1454/1454/1454 1455/1455/1455
f 1456/1456/1456 1457/1457/1457 1458/1458/1458
f 1459/1459/1459 1460/1460/1460 1461/1461/1461
f 1462/1462/1462 1463/1463/1463 1464/1464/1464
f 1465/1465/1465 1466/1466/1466 1467/1467/1467
f 1468/1468/1468 1469/1469/1469 1470/1470/1470
f 1471/1471/1471 1472/1472/1472 1473/1473/1473
f 1474/1474/1474 1475/1475/1475 1476/1476/1476
f 1477/1477/1477 1478/1478/1478 1479/1479/1479
f 1480/1480/1480 1481/1481/1481 1482/1482/1482
f 1483/1483/1483 1484/1484/1484 1485/1485/1485
f 1486/1486/1486 1487/1487/1487 1488/1488/1488
f 1489/1489/1489 1490/1490/1490 1491/1491/1491
f 1492/1492/1492 1493/1493/1493 1494/1494/1494
f 1495/1495/1495 1496/1496/1496 1497/1497/1497
f 1498/1498/1498 1499/1499/1499 1500/1500/1500
f 1501/1501/1501 1502/1502/1502 1503/1503/1503
f 1504/1504/1504 1505/1505/1505 1506/1506/1506
f 1507/1507/1507 1508/1508/1508 1509/1509/1509
f 1510/1510/1510 1511/1511/1511 1512/1512/1512
f 1513/1513/1513 1514/1514/1514 1515/1515/1515
f 1516/1516/1516 1517/1517/1517 1518/1518/1518
f 1519/1519/1519 1520/1520/1520 1521/1521/1521
f 1522/1522/1522 1523/1523/1523 1524/1524/1524
f 1525/1525/1525 1526/1526/1526 1527/1527/1527
f 1528/1528/1528 1529/1529/1529 1530/1530/1530
f 1531/1531/1531 1532/1532/1532 1533/1533/1533
f 1534/1534/1534 1535/1535/1535 1536/1536/1536
f 1537/1537/1537 1538/1538/1538 1539/1539/1539
f 1540/1540/1540 1541/1541/1541 1542/1542/1542
f 1543/1543/1543 1544/1544/1544 1545/1545/1545
f 1546/1546/1546 1547/1547/1547 1548/1548/1548
f 1549/1549/1549 1550/1550/1550 1551/1551/1551
f 1552/1552/1552 1553/1553/1553 1554/1554/1554
f 1555/1555/1555 1556/1556/1556 1557/1557/1557
f 1558/1558/1558 1559/1559/1559 1560/1560/1560
f 1561/1561/1561 1562/1562/1562 1563/1563/1563
f 1564/1564/1564 1565/1565/1565 1566/1566/1566
f 1567/1567/1567 1568/1568/1568 1569/1569/1569
f 1570/1570/1570 1571/1571/1571 1572/1572/1572
f 1573/1573/1573 1574/1574/1574 1575/1575/1575
f 1576/1576/1576 1577/1577/1577 1578/1578/1578
f 1579/1579/1579 1580/1580/1580 1581/1581/1581
f 1582/1582/1582 1583/1583/1583 1584/1584/1584
f 1585/1585/1585 1586/1586/1586 1587/1587/1587
f 1588/1588/1588 1589/1589/1589 1590/1590/1590
f 1591/1591/1591 1592/1592/1592 1593/1593/1593
f 1594/1594/1594 1595/1595/1595 1596/1596/1596
f 1597/1597/1597 1598/1598/1598 1599/1599/1599
f 1600/1600/1600 1601/1601/1601 1602/1602/1602
f 1603/1603/1603 1604/1604/1604 1605/1605/1605
f 1606/1606/1606 1607/1607/1607 1608/1608/1608
f 1609/1609/1609 1610/1610/1610 1611/1611/1611
f 1612/1612/1612 1613/1613/1613 1614/1614/1614
f 1615/1615/1615 1616/1616/1616 1617/1617/1617
f 1618/1618/1618 1619/1619/1619 1620/1620/1620
f 1621/1621/1621 1622/1622/1622 1623/1623/1623
f 1624/1624/1624 1625/1625/1625 1626/1626/1626
f 1627/1627/1627 1628/1628/1628 1629/1629/1629
f 1630/1630/1630 1631/1631/1631 1632/1632/1632
f 1633/1633/1633 1634/1634/1634 1635/1635/1635
f 1636/1636/1636 1637/1637/1637 1638/1638/1638
f 1639/1639/1639 1640/1640/1640 1641/1641/1641
f 1642/1642/1642 1643/1643/1643 1644/1644/1644
f 1645/1645/1645 1646/1646/1646 1647/1647/1647
f 1648/1648/1648 1649/1649/1649 1650/1650/1650
f 1651/1651/1651 1652/1652/1652 1653/1653/1653
f 1654/1654/1654 1655/1655/1655 1656/1656/1656
f 1657/1657/1657 1658/1658/1658 1659/1659/1659
f 1660/1660/1660 1661/1661/1661 1662/1662/1662
f 1663/1663/1663 1664/1664/1664 1665/1665/1665
f 1666/1666/1666 1667/1667/1667 1668/1668/1668
f 1669/1669/1669 1670/1670/1670 1671/1671/1671
f 1672/1672/1672 1673/1673/1673 1674/1674/1674
f 1675/1675/1675 1676/1676/1676 1677/1677/1677
f 1678/1678/1678 1679/1679/1679 1680/1680/1680
f 1681/1681/1681 1682/1682/1682 1683/1683/1683
f 1684/1684/1684 1685/1685/1685 1686/1686/1686
f 1687/1687/1687 1688/1688/1688 1689/1689/1689
f 1690/1690/1690 1691/1691/1691 1692/1692/1692
f 1693/1693/1693 1694/1694/1694 1695/1695/1695
f 1696/1696/1696 1697/1697/1697 1698/1698/1698
f 1699/1699/1699 1700/1700/1700 1701/1701/1701
f 1702/1702/1702 1703/1703/1703 1704/1704/1704
f 1705/1705/1705 1706/1706/1706 1707/1707/1707
f 1708/1708/1708 1709/1709/1709 1710/1710/1710
f 1711/1711/1711 1712/1712/1712 1713/1713/1713
f 1714/1714/1714 1715/1715/1715 1716/1716/1716
f 1717/1717/1717 1718/1718/1718 1719/1719/1719
f 1720/1720/1720 1721/1721/1721 1722/1722/1722
f 1723/1723/1723 1724/1724/1724 1725/1725/1725
f 1726/1726/1726 1727/1727/1727 1728/1728/1728
f 1729/1729/1729 1730/1730/1730 1731/1731/1731
f 1732/1732/1732 1733/1733/1733 1734/1734/1734
f 1735/1735/1735 1736/1736/1736 1737/1737/1737
f 1738/1738/1738 1739/1739/1739 1740/1740/1740
f 1741/1741/1741 1742/1742/1742 1743/1743/1743
f 1744/1744/1744 1745/1745/1745 1746/1746/1746
f 1747/1747/1747 1748/1748/1748 1749/1749/1749
f 1750/1750/1750 1751/1751/1751 1752/1752/1752
f 1753/1753/1753 1754/1754/1754 1755/1755/1755
f 1756/1756/1756 1757/1757/1757 1758/1758/1758
f 1759/1759/1759 1760/1760/1760 1761/1761/1761
f 1762/1762/1762 1763/1763/1763 1764/1764/1764
f 1765/1765/1765 1766/1766/1766 1767/1767/1767
f 1768/1768/1768 1769/1769/1769 1770/1770/1770
f 1771/1771/1771 1772/1772/1772 1773/1773/1773
f 1774/1774/1774 1775/1775/1775 1776/1776/1776
f 1777/1777/1777 1778/1778/1778 1779/1779/1779
f 1780/1780/1780 1781/1781/1781 1782/1782/1782
