# STALKER Armor converted geometry (MC model units, pivot-relative)
v -4.75000 -8.75000 -4.49485
v -4.75000 0.68972 4.75000
v -4.75000 0.68972 -4.49485
v -4.75000 -8.75000 4.75000
v -0.01401 0.68972 4.75000
v -4.75000 0.68972 4.75000
v -4.09442 -5.82031 -4.49485
v -3.75220 -5.63748 -3.77316
v -0.01401 -5.63748 -4.49485
v -4.09442 0.68972 4.11014
v -0.01401 0.68972 4.11014
v -0.01401 -8.09665 4.11014
v -4.09442 -8.09665 -4.49485
v -4.09442 0.68972 -4.49485
v -4.09442 0.68972 4.11014
v -4.75000 -8.75000 4.75000
v -0.01401 -8.75000 -4.49485
v -0.01401 -8.75000 4.75000
v -4.09442 0.68972 4.11014
v -4.75000 0.68972 -4.49485
v -4.75000 0.68972 4.75000
v -4.09442 -8.09665 -4.49485
v -4.75000 0.68972 -4.49485
v -4.09442 0.68972 -4.49485
v -4.09442 0.68972 4.11014
v -0.01401 0.68972 4.75000
v -0.01401 0.68972 4.11014
v -4.09442 -8.09665 -4.49485
v -0.01401 -8.75000 -4.49485
v -4.75000 -8.75000 -4.49485
v -4.09499 -8.09665 -3.77315
v -4.09442 0.68972 4.11014
v -4.10127 -8.09665 4.11014
v -0.01401 -8.09665 4.11014
v -4.10127 -8.09665 4.11014
v -4.09442 0.68972 4.11014
v -4.09499 -8.09665 -3.77315
v -4.09442 -5.82031 -4.49485
v -4.09442 -8.09665 -4.49485
v -0.01401 -8.09665 -4.49485
v -4.09442 -5.82031 -4.49485
v -0.01401 -5.63748 -4.49485
v -0.01401 -8.09665 -3.77316
v -3.75220 -8.09665 -3.77316
v -0.01401 -8.09665 4.11014
v -3.75220 -8.09665 -3.77316
v -4.10127 -8.09665 4.11014
v -0.01401 -8.09665 4.11014
v -3.75220 -8.09665 -3.77316
v -4.09499 -5.82031 -3.77315
v -4.09499 -8.09665 -3.77315
v -0.01401 -8.09665 -3.77316
v -3.75220 -5.63748 -3.77316
v -3.75220 -8.09665 -3.77316
v -3.96671 -6.02216 -4.34517
v -3.87444 -3.20366 -3.42068
v -3.87444 -3.20366 -4.34517
v -0.00118 -5.96424 -3.42068
v -0.00118 -4.10004 -3.42068
v -1.59492 -3.46091 -3.42068
v 0.00255 -4.54305 -4.33654
v -0.34716 -5.57830 -4.33654
v -0.34975 -4.40389 -4.33654
v -0.00118 -4.10004 -3.42068
v -1.59492 -3.46091 -4.34517
v -1.59492 -3.46091 -3.42068
v -3.96671 -6.02216 -3.42068
v -0.00118 -5.96424 -4.34517
v -0.00118 -5.96424 -3.42068
v -1.59492 -3.46091 -3.42068
v -3.87444 -3.20366 -4.34517
v -3.87444 -3.20366 -3.42068
v -3.68059 -3.41973 -4.34517
v -3.96671 -6.02216 -4.34517
v -3.87444 -3.20366 -4.34517
v -0.41789 -4.18503 -4.34517
v -1.59492 -3.46091 -4.34517
v -0.00118 -4.10004 -4.34517
v -0.42102 -5.74405 -4.34517
v -0.35717 -5.74287 -4.34517
v -0.00118 -5.96424 -4.34517
v -3.68059 -3.41973 -4.34517
v -1.59492 -3.46091 -4.34517
v -1.67261 -3.68687 -4.34517
v -3.53372 -3.58343 -4.07530
v -3.70792 -5.80476 -4.34517
v -3.68059 -3.41973 -4.34517
v -0.34975 -4.40389 -4.33654
v -0.00297 -4.34976 -4.34517
v 0.00255 -4.54305 -4.33654
v -3.51185 -5.64007 -4.07530
v -0.42102 -5.74405 -4.34517
v -3.70792 -5.80476 -4.34517
v -3.53372 -3.58343 -4.07530
v -1.67261 -3.68687 -4.34517
v -1.73147 -3.85806 -4.07530
v -4.09499 0.67656 -3.77315
v -3.75220 -5.63748 -3.77316
v -4.09499 -5.82031 -3.77315
v -3.75220 0.67656 -3.77316
v -1.38871 -1.87583 -3.77316
v -1.39555 -2.28466 -3.77316
v -1.02441 -2.96156 -4.45906
v -0.54798 -3.16004 -4.61678
v -0.61735 -3.31578 -4.48142
v -0.17523 0.21997 -4.25822
v -0.01401 0.40000 -3.77316
v -0.01401 0.21997 -4.25822
v -0.17523 -3.50722 -4.49351
v -0.33579 -3.67469 -3.77316
v -0.29072 -3.50478 -4.49335
v -0.29072 -3.50478 -4.49335
v -0.71183 -3.45665 -3.77316
v -0.61735 -3.31578 -4.48142
v -0.71183 -3.45665 -3.77316
v -1.02441 -2.96156 -4.45906
v -0.61735 -3.31578 -4.48142
v -1.14941 -3.07507 -3.77316
v -1.17197 -2.71884 -4.44374
v -1.02441 -2.96156 -4.45906
v -1.32718 -2.78207 -3.77316
v -1.23415 -2.26745 -4.41524
v -1.17197 -2.71884 -4.44374
v -1.39555 -2.28466 -3.77316
v -1.22786 -1.89233 -4.39156
v -1.23415 -2.26745 -4.41524
v -1.38871 -1.87583 -3.77316
v -1.07097 -1.33323 -4.35627
v -1.22786 -1.89233 -4.39156
v -1.22462 -1.28984 -3.77316
v -0.87685 -0.80064 -4.32265
v -1.07097 -1.33323 -4.35627
v -1.02635 -0.74473 -3.77316
v -0.54962 -0.07815 -4.27703
v -0.87685 -0.80064 -4.32265
v -0.68449 0.01161 -3.77316
v -0.26075 0.20913 -4.25890
v -0.54962 -0.07815 -4.27703
v -0.33579 0.35912 -3.77316
v -0.17523 0.21997 -4.25822
v -0.26075 0.20913 -4.25890
v 0.00260 -3.33473 -4.62781
v -0.01401 0.21997 -4.25822
v -0.01401 -3.50722 -4.49351
v -0.01401 -3.50722 -4.49351
v -0.01401 -3.68151 -3.77316
v -0.17523 -3.50722 -4.49351
v -0.78479 -0.86484 -4.47188
v -0.48617 -0.20554 -4.43026
v -0.14452 0.06652 -4.41308
v 0.00260 -3.33473 -4.62781
v -0.14452 0.06652 -4.41308
v 0.00260 0.06652 -4.41308
v -0.17523 0.21997 -4.25822
v -0.22256 0.05663 -4.41371
v -0.26075 0.20913 -4.25890
v -0.14452 -3.33473 -4.62781
v -0.01401 -3.50722 -4.49351
v -0.17523 -3.50722 -4.49351
v -1.17197 -2.71884 -4.44374
v -0.91944 -2.83679 -4.59637
v -1.02441 -2.96156 -4.45906
v -0.01401 0.21997 -4.25822
v -0.14452 0.06652 -4.41308
v -0.17523 0.21997 -4.25822
v -1.23415 -2.26745 -4.41524
v -1.05410 -2.61529 -4.58239
v -1.17197 -2.71884 -4.44374
v -1.22786 -1.89233 -4.39156
v -1.11084 -2.20338 -4.55638
v -1.23415 -2.26745 -4.41524
v -1.07097 -1.33323 -4.35627
v -1.10510 -1.86106 -4.53477
v -1.22786 -1.89233 -4.39156
v -0.78479 -0.86484 -4.47188
v -1.07097 -1.33323 -4.35627
v -0.87685 -0.80064 -4.32265
v -0.24991 -3.33250 -4.62766
v -0.17523 -3.50722 -4.49351
v -0.29072 -3.50478 -4.49335
v -0.48617 -0.20554 -4.43026
v -0.87685 -0.80064 -4.32265
v -0.54962 -0.07815 -4.27703
v -0.61735 -3.31578 -4.48142
v -0.24991 -3.33250 -4.62766
v -0.29072 -3.50478 -4.49335
v -0.22256 0.05663 -4.41371
v -0.54962 -0.07815 -4.27703
v -0.26075 0.20913 -4.25890
v -0.41789 -4.18503 -4.34517
v -1.73147 -3.85806 -4.07530
v -1.67261 -3.68687 -4.34517
v -0.42102 -5.74405 -4.34517
v -0.34716 -5.57830 -4.33654
v -0.35717 -5.74287 -4.34517
v -3.51185 -5.64007 -4.07530
v -3.53372 -3.58343 -4.07530
v -1.73147 -3.85806 -4.07530
v -0.34994 -4.21200 -4.34517
v -0.41484 -4.37817 -4.07530
v -0.41789 -4.18503 -4.34517
v -0.34975 -4.40389 -4.33654
v -0.41443 -5.57961 -4.07530
v -0.41484 -4.37817 -4.07530
v -0.34716 -5.57830 -4.33654
v -0.00297 -5.73633 -4.34517
v -0.35717 -5.74287 -4.34517
v -3.75220 0.67656 -3.77316
v -4.09442 0.68972 4.11014
v -0.01401 0.68972 4.11014
v 4.72198 0.68972 4.75000
v 4.72198 -8.75000 -4.49485
v 4.72198 0.68972 -4.49485
v -0.01401 0.68972 4.75000
v 4.72198 -8.75000 4.75000
v 4.72198 0.68972 4.75000
v -0.01401 -5.63748 -4.49485
v 3.72418 -5.63748 -3.77316
v 4.06640 -5.82031 -4.49485
v 4.06640 0.68972 4.11014
v -0.01401 -8.09665 4.11014
v -0.01401 0.68972 4.11014
v 4.06640 -8.09665 -4.49485
v 4.06640 0.68972 4.11014
v 4.06640 0.68972 -4.49485
v -0.01401 -8.75000 -4.49485
v 4.72198 -8.75000 4.75000
v -0.01401 -8.75000 4.75000
v 4.06640 0.68972 4.11014
v 4.72198 0.68972 -4.49485
v 4.06640 0.68972 -4.49485
v 4.72198 0.68972 -4.49485
v 4.06640 -8.09665 -4.49485
v 4.06640 0.68972 -4.49485
v -0.01401 0.68972 4.75000
v 4.06640 0.68972 4.11014
v -0.01401 0.68972 4.11014
v -0.01401 -8.09665 4.11014
v -0.01401 0.68972 4.75000
v -0.01401 0.68972 4.11014
v -0.01401 -8.75000 4.75000
v -0.01401 -8.09665 4.11014
v -0.01401 -8.09665 -3.77316
v 4.06640 -8.09665 -4.49485
v -0.01401 -8.75000 -4.49485
v -0.01401 -8.09665 -4.49485
v 4.06640 0.68972 4.11014
v 4.06697 -8.09665 -3.77315
v 4.07325 -8.09665 4.11014
v -0.01401 -8.09665 4.11014
v 4.06640 0.68972 4.11014
v 4.07325 -8.09665 4.11014
v 4.06640 -5.82031 -4.49485
v 4.06697 -8.09665 -3.77315
v 4.06640 -8.09665 -4.49485
v -0.01401 -8.09665 -4.49485
v 4.06640 -5.82031 -4.49485
v 4.06640 -8.09665 -4.49485
v -0.01401 -8.09665 -3.77316
v -0.01401 -8.09665 4.11014
v 3.72418 -8.09665 -3.77316
v 3.72418 -8.09665 -3.77316
v 4.07325 -8.09665 4.11014
v 4.06697 -8.09665 -3.77315
v 4.06697 -5.82031 -3.77315
v 3.72418 -8.09665 -3.77316
v 4.06697 -8.09665 -3.77315
v 3.72418 -5.63748 -3.77316
v -0.01401 -8.09665 -3.77316
v 3.72418 -8.09665 -3.77316
v -0.01401 -5.63748 -3.77316
v -0.01401 -8.09665 -4.49485
v -0.01401 -8.09665 -3.77316
v 3.84642 -3.20366 -3.42068
v 3.93869 -6.02216 -4.34517
v 3.84642 -3.20366 -4.34517
v 1.56690 -3.46091 -3.42068
v -0.02684 -5.96424 -3.42068
v 3.93869 -6.02216 -3.42068
v -0.03057 -4.54305 -4.33654
v 0.31914 -5.57830 -4.33654
v -0.03057 -5.57147 -4.33654
v 1.56690 -3.46091 -4.34517
v -0.02684 -4.10004 -3.42068
v 1.56690 -3.46091 -3.42068
v -0.02684 -5.96424 -4.34517
v 3.93869 -6.02216 -3.42068
v -0.02684 -5.96424 -3.42068
v 3.84642 -3.20366 -4.34517
v 1.56690 -3.46091 -3.42068
v 3.84642 -3.20366 -3.42068
v 3.65257 -3.41973 -4.34517
v 3.93869 -6.02216 -4.34517
v 3.67990 -5.80476 -4.34517
v 0.38987 -4.18503 -4.34517
v 0.32192 -4.21200 -4.34517
v -0.02684 -4.10004 -4.34517
v 0.32915 -5.74287 -4.34517
v 0.39300 -5.74405 -4.34517
v -0.02684 -5.96424 -4.34517
v 1.56690 -3.46091 -4.34517
v 3.65257 -3.41973 -4.34517
v 1.64459 -3.68687 -4.34517
v 3.50570 -3.58343 -4.07530
v 3.67990 -5.80476 -4.34517
v 3.48383 -5.64007 -4.07530
v -0.02505 -4.34976 -4.34517
v 0.32173 -4.40389 -4.33654
v -0.03057 -4.54305 -4.33654
v 3.48383 -5.64007 -4.07530
v 0.39300 -5.74405 -4.34517
v 0.38641 -5.57961 -4.07530
v 1.64459 -3.68687 -4.34517
v 3.50570 -3.58343 -4.07530
v 1.70345 -3.85806 -4.07530
v 3.72418 -5.63748 -3.77316
v 4.06697 0.67656 -3.77315
v 4.06697 -5.82031 -3.77315
v 1.36069 -1.87583 -3.77316
v 1.19660 -1.28984 -3.77316
v 3.72418 0.67656 -3.77316
v 0.99639 -2.96156 -4.45906
v 0.51996 -3.16004 -4.61678
v 0.89142 -2.83679 -4.59637
v 0.14721 0.21997 -4.25822
v -0.01401 0.21997 -4.25822
v -0.01401 0.40000 -3.77316
v 0.14721 -3.50722 -4.49351
v 0.30777 -3.67469 -3.77316
v -0.01401 -3.68151 -3.77316
v 0.26270 -3.50478 -4.49335
v 0.68381 -3.45665 -3.77316
v 0.30777 -3.67469 -3.77316
v 0.99639 -2.96156 -4.45906
v 0.68381 -3.45665 -3.77316
v 0.58933 -3.31578 -4.48142
v 1.14395 -2.71884 -4.44374
v 1.12139 -3.07507 -3.77316
v 0.99639 -2.96156 -4.45906
v 1.20613 -2.26745 -4.41524
v 1.29916 -2.78207 -3.77316
v 1.14395 -2.71884 -4.44374
v 1.19984 -1.89233 -4.39156
v 1.36753 -2.28466 -3.77316
v 1.20613 -2.26745 -4.41524
v 1.04295 -1.33323 -4.35627
v 1.36069 -1.87583 -3.77316
v 1.19984 -1.89233 -4.39156
v 0.84883 -0.80064 -4.32265
v 1.19660 -1.28984 -3.77316
v 1.04295 -1.33323 -4.35627
v 0.52160 -0.07815 -4.27703
v 0.99833 -0.74473 -3.77316
v 0.84883 -0.80064 -4.32265
v 0.23273 0.20913 -4.25890
v 0.65647 0.01161 -3.77316
v 0.52160 -0.07815 -4.27703
v 0.14721 0.21997 -4.25822
v 0.30777 0.35912 -3.77316
v 0.23273 0.20913 -4.25890
v -0.01401 0.21997 -4.25822
v -0.03062 -3.33473 -4.62781
v -0.01401 -3.50722 -4.49351
v -0.01401 -3.50722 -4.49351
v 0.14721 -3.50722 -4.49351
v -0.01401 -3.68151 -3.77316
v 0.51996 -3.16004 -4.61678
v 0.22189 -3.33250 -4.62766
v 0.11650 -3.33473 -4.62781
v 0.11650 0.06652 -4.41308
v -0.03062 -3.33473 -4.62781
v -0.03062 0.06652 -4.41308
v 0.14721 0.21997 -4.25822
v 0.19454 0.05663 -4.41371
v 0.11650 0.06652 -4.41308
v -0.01401 -3.50722 -4.49351
v 0.11650 -3.33473 -4.62781
v 0.14721 -3.50722 -4.49351
v 1.14395 -2.71884 -4.44374
v 0.89142 -2.83679 -4.59637
v 1.02608 -2.61529 -4.58239
v -0.01401 0.21997 -4.25822
v 0.11650 0.06652 -4.41308
v -0.03062 0.06652 -4.41308
v 1.20613 -2.26745 -4.41524
v 1.02608 -2.61529 -4.58239
v 1.08282 -2.20338 -4.55638
v 1.19984 -1.89233 -4.39156
v 1.08282 -2.20338 -4.55638
v 1.07708 -1.86106 -4.53477
v 1.04295 -1.33323 -4.35627
v 1.07708 -1.86106 -4.53477
v 0.93391 -1.35086 -4.50256
v 1.04295 -1.33323 -4.35627
v 0.75677 -0.86484 -4.47188
v 0.84883 -0.80064 -4.32265
v 0.14721 -3.50722 -4.49351
v 0.22189 -3.33250 -4.62766
v 0.26270 -3.50478 -4.49335
v 0.84883 -0.80064 -4.32265
v 0.45815 -0.20554 -4.43026
v 0.52160 -0.07815 -4.27703
v 0.58933 -3.31578 -4.48142
v 0.22189 -3.33250 -4.62766
v 0.51996 -3.16004 -4.61678
v 0.52160 -0.07815 -4.27703
v 0.19454 0.05663 -4.41371
v 0.23273 0.20913 -4.25890
v 0.38987 -4.18503 -4.34517
v 1.70345 -3.85806 -4.07530
v 0.38682 -4.37817 -4.07530
v 0.39300 -5.74405 -4.34517
v 0.31914 -5.57830 -4.33654
v 0.38641 -5.57961 -4.07530
v 1.70345 -3.85806 -4.07530
v 3.48383 -5.64007 -4.07530
v 0.38641 -5.57961 -4.07530
v 0.32192 -4.21200 -4.34517
v 0.38682 -4.37817 -4.07530
v 0.32173 -4.40389 -4.33654
v 0.32173 -4.40389 -4.33654
v 0.38641 -5.57961 -4.07530
v 0.31914 -5.57830 -4.33654
v -0.02505 -5.73633 -4.34517
v 0.31914 -5.57830 -4.33654
v 0.32915 -5.74287 -4.34517
v 4.06640 0.68972 4.11014
v 4.06697 0.67656 -3.77315
v 3.72418 0.67656 -3.77316
v 3.15660 -2.29089 -6.17406
v 2.98887 -2.89905 -4.81434
v 2.64830 -2.87908 -4.93871
v 3.49717 -2.31085 -6.04969
v 3.31635 -2.85377 -4.66530
v 2.98887 -2.89905 -4.81434
v 3.31635 -2.85377 -4.66530
v 4.12645 -2.15678 -5.73267
v 3.61815 -2.74498 -4.49732
v 4.12645 -2.15678 -5.73267
v 3.88269 -2.57685 -4.31686
v 3.61815 -2.74498 -4.49732
v 3.88269 -2.57685 -4.31686
v 4.60808 -1.76767 -5.36619
v 4.09978 -2.35587 -4.13084
v 4.60808 -1.76767 -5.36619
v 4.26110 -2.09051 -3.94642
v 4.09978 -2.35587 -4.13084
v 4.26110 -2.09051 -3.94642
v 4.86874 -1.20278 -5.00604
v 4.36044 -1.79097 -3.77069
v 4.86874 -1.20278 -5.00604
v 4.39398 -1.46876 -3.61040
v 4.36044 -1.79097 -3.77069
v 4.39398 -1.46876 -3.61040
v 4.86874 -0.54808 -4.70705
v 4.36044 -1.13627 -3.47171
v 4.36044 -1.13627 -3.47171
v 4.76940 -0.21808 -4.59529
v 4.26110 -0.80628 -3.35994
v 4.26110 -0.80628 -3.35994
v 4.60808 0.09674 -4.51475
v 4.09978 -0.49146 -3.27940
v 4.09978 -0.49146 -3.27940
v 4.39099 0.38428 -4.46852
v 3.88269 -0.20391 -3.23317
v 3.88269 -0.20391 -3.23317
v 4.12645 0.63351 -4.45840
v 3.61815 0.04531 -3.22305
v 3.61815 0.04531 -3.22305
v 3.82465 0.83483 -4.48476
v 3.31635 0.24664 -3.24940
v 3.82465 0.83483 -4.48476
v 2.98887 0.39232 -3.31123
v 3.31635 0.24664 -3.24940
v 3.49717 0.98051 -4.54658
v 2.64830 0.47677 -3.40616
v 2.98887 0.39232 -3.31123
v 2.64830 0.47677 -3.40616
v 2.81604 1.08493 -4.76588
v 2.30774 0.49674 -3.53053
v 2.30774 0.49674 -3.53053
v 2.48856 1.03965 -4.91492
v 1.98026 0.45145 -3.67957
v 1.98026 0.45145 -3.67957
v 2.18676 0.93086 -5.08290
v 1.67846 0.34266 -3.84755
v 1.67846 0.34266 -3.84755
v 1.92222 0.76274 -5.26337
v 1.41392 0.17454 -4.02802
v 1.92222 0.76274 -5.26337
v 1.19683 -0.04645 -4.21403
v 1.41392 0.17454 -4.02802
v 1.19683 -0.04645 -4.21403
v 1.54381 0.27639 -5.63380
v 1.03551 -0.31181 -4.39845
v 1.54381 0.27639 -5.63380
v 0.93617 -0.61135 -4.57418
v 1.03551 -0.31181 -4.39845
v 1.44447 -0.02315 -5.80953
v 0.90263 -0.93355 -4.73447
v 0.93617 -0.61135 -4.57418
v 0.90263 -0.93355 -4.73447
v 1.44447 -0.67785 -6.10852
v 0.93617 -1.26604 -4.87317
v 1.44447 -0.67785 -6.10852
v 1.03551 -1.59604 -4.98493
v 0.93617 -1.26604 -4.87317
v 1.54381 -1.00784 -6.22028
v 1.19683 -1.91086 -5.06548
v 1.03551 -1.59604 -4.98493
v 1.19683 -1.91086 -5.06548
v 1.92222 -1.61021 -6.34704
v 1.41392 -2.19841 -5.11169
v 1.41392 -2.19841 -5.11169
v 2.18676 -1.85944 -6.35717
v 1.67846 -2.44763 -5.12182
v 2.18676 -1.85944 -6.35717
v 1.98026 -2.64895 -5.09547
v 1.67846 -2.44763 -5.12182
v 2.60302 0.94056 -5.08516
v 4.66615 -0.19712 -4.79604
v 3.81157 -2.04916 -5.97680
v 2.48856 -2.06076 -6.33081
v 2.30774 -2.79463 -5.03364
v 1.98026 -2.64895 -5.09547
v 2.30774 -2.79463 -5.03364
v 3.15660 -2.29089 -6.17406
v 2.64830 -2.87908 -4.93871
v 2.66922 -2.08948 -2.60381
v 2.18242 -1.31458 -2.44074
v 1.45387 -1.67081 -2.88899
v 2.91267 -2.51914 -4.67071
v 2.64830 -2.87908 -4.93871
v 2.98887 -2.89905 -4.81434
v 3.16687 -2.48399 -4.55502
v 2.98887 -2.89905 -4.81434
v 3.31635 -2.85377 -4.66530
v 3.16687 -2.48399 -4.55502
v 3.61815 -2.74498 -4.49732
v 3.40115 -2.39954 -4.42463
v 3.60649 -2.26904 -4.28454
v 3.61815 -2.74498 -4.49732
v 3.88269 -2.57685 -4.31686
v 3.60649 -2.26904 -4.28454
v 4.09978 -2.35587 -4.13084
v 3.77501 -2.09750 -4.14015
v 3.90023 -1.89151 -3.99699
v 4.09978 -2.35587 -4.13084
v 4.26110 -2.09051 -3.94642
v 3.90023 -1.89151 -3.99699
v 4.36044 -1.79097 -3.77069
v 3.97734 -1.65900 -3.86059
v 4.00338 -1.40889 -3.73616
v 4.36044 -1.79097 -3.77069
v 4.39398 -1.46876 -3.61040
v 3.97735 -1.15079 -3.62850
v 4.39398 -1.46876 -3.61040
v 4.36044 -1.13627 -3.47171
v 3.97735 -1.15079 -3.62850
v 4.26110 -0.80628 -3.35994
v 3.90023 -0.89463 -3.54174
v 3.90023 -0.89463 -3.54174
v 4.09978 -0.49146 -3.27940
v 3.77501 -0.65025 -3.47922
v 3.60649 -0.42705 -3.44334
v 4.09978 -0.49146 -3.27940
v 3.88269 -0.20391 -3.23317
v 3.60649 -0.42705 -3.44334
v 3.61815 0.04531 -3.22305
v 3.40115 -0.23359 -3.43548
v 3.16687 -0.07732 -3.45594
v 3.61815 0.04531 -3.22305
v 3.31635 0.24664 -3.24940
v 3.16687 -0.07732 -3.45594
v 2.98887 0.39232 -3.31123
v 2.91267 0.03577 -3.50393
v 2.64830 0.10133 -3.57762
v 2.98887 0.39232 -3.31123
v 2.64830 0.47677 -3.40616
v 2.64830 0.10133 -3.57762
v 2.30774 0.49674 -3.53053
v 2.38394 0.11682 -3.67416
v 2.38394 0.11682 -3.67416
v 1.98026 0.45145 -3.67957
v 2.12974 0.08167 -3.78985
v 2.12974 0.08167 -3.78985
v 1.67846 0.34266 -3.84755
v 1.89547 -0.00277 -3.92025
v 1.69012 -0.13328 -4.06033
v 1.67846 0.34266 -3.84755
v 1.41392 0.17454 -4.02802
v 1.52160 -0.30482 -4.20472
v 1.41392 0.17454 -4.02802
v 1.19683 -0.04645 -4.21403
v 1.39638 -0.51080 -4.34788
v 1.19683 -0.04645 -4.21403
v 1.03551 -0.31181 -4.39845
v 1.39638 -0.51080 -4.34788
v 0.93617 -0.61135 -4.57418
v 1.31927 -0.74332 -4.48429
v 1.29323 -0.99343 -4.60872
v 0.93617 -0.61135 -4.57418
v 0.90263 -0.93355 -4.73447
v 1.29323 -0.99343 -4.60872
v 0.93617 -1.26604 -4.87317
v 1.31927 -1.25152 -4.71638
v 1.39638 -1.50768 -4.80313
v 0.93617 -1.26604 -4.87317
v 1.03551 -1.59604 -4.98493
v 1.39638 -1.50768 -4.80313
v 1.19683 -1.91086 -5.06548
v 1.52160 -1.75206 -4.86565
v 1.52160 -1.75206 -4.86565
v 1.41392 -2.19841 -5.11169
v 1.69012 -1.97527 -4.90153
v 1.89547 -2.16872 -4.90939
v 1.41392 -2.19841 -5.11169
v 1.67846 -2.44763 -5.12182
v 1.89547 -2.16872 -4.90939
v 1.98026 -2.64895 -5.09547
v 2.12974 -2.32500 -4.88893
v 2.38394 -2.43809 -4.84094
v 1.98026 -2.64895 -5.09547
v 2.30774 -2.79463 -5.03364
v 2.38394 -2.43809 -4.84094
v 2.64830 -2.87908 -4.93871
v 2.64830 -2.50364 -4.76725
v 2.18242 -2.48276 -2.97423
v 2.64830 -2.50364 -4.76725
v 2.91267 -2.51914 -4.67071
v 2.29865 -2.46669 -2.92133
v 2.91267 -2.51914 -4.67071
v 3.16687 -2.48399 -4.55502
v 2.29865 -2.46669 -2.92133
v 3.40115 -2.39954 -4.42463
v 2.40576 -2.42808 -2.86171
v 2.49965 -2.36841 -2.79766
v 3.40115 -2.39954 -4.42463
v 3.60649 -2.26904 -4.28454
v 2.57670 -2.28998 -2.73164
v 3.60649 -2.26904 -4.28454
v 3.77501 -2.09750 -4.14015
v 2.57670 -2.28998 -2.73164
v 3.90023 -1.89151 -3.99699
v 2.63396 -2.19580 -2.66618
v 2.63396 -2.19580 -2.66618
v 3.97734 -1.65900 -3.86059
v 2.66922 -2.08948 -2.60381
v 2.68112 -1.97512 -2.54692
v 3.97734 -1.65900 -3.86059
v 4.00338 -1.40889 -3.73616
v 2.66922 -1.85712 -2.49770
v 4.00338 -1.40889 -3.73616
v 3.97735 -1.15079 -3.62850
v 2.66922 -1.85712 -2.49770
v 3.90023 -0.89463 -3.54174
v 2.63396 -1.74000 -2.45803
v 2.57671 -1.62826 -2.42944
v 3.90023 -0.89463 -3.54174
v 3.77501 -0.65025 -3.47922
v 2.57671 -1.62826 -2.42944
v 3.60649 -0.42705 -3.44334
v 2.49965 -1.52620 -2.41304
v 2.40576 -1.43774 -2.40944
v 3.60649 -0.42705 -3.44334
v 3.40115 -0.23359 -3.43548
v 2.29865 -1.36629 -2.41880
v 3.40115 -0.23359 -3.43548
v 3.16687 -0.07732 -3.45594
v 2.29865 -1.36629 -2.41880
v 2.91267 0.03577 -3.50393
v 2.18242 -1.31458 -2.44074
v 2.06154 -1.28461 -2.47443
v 2.91267 0.03577 -3.50393
v 2.64830 0.10133 -3.57762
v 1.94067 -1.27752 -2.51858
v 2.64830 0.10133 -3.57762
v 2.38394 0.11682 -3.67416
v 1.94067 -1.27752 -2.51858
v 2.12974 0.08167 -3.78985
v 1.82444 -1.29360 -2.57147
v 1.71732 -1.33221 -2.63109
v 2.12974 0.08167 -3.78985
v 1.89547 -0.00277 -3.92025
v 1.71732 -1.33221 -2.63109
v 1.69012 -0.13328 -4.06033
v 1.62343 -1.39188 -2.69514
v 1.54638 -1.47031 -2.76116
v 1.69012 -0.13328 -4.06033
v 1.52160 -0.30482 -4.20472
v 1.48913 -1.56450 -2.82662
v 1.52160 -0.30482 -4.20472
v 1.39638 -0.51080 -4.34788
v 1.48913 -1.56450 -2.82662
v 1.31927 -0.74332 -4.48429
v 1.45387 -1.67081 -2.88899
v 1.44196 -1.78516 -2.94588
v 1.31927 -0.74332 -4.48429
v 1.29323 -0.99343 -4.60872
v 1.44196 -1.78516 -2.94588
v 1.31927 -1.25152 -4.71638
v 1.45387 -1.90317 -2.99511
v 1.45387 -1.90317 -2.99511
v 1.39638 -1.50768 -4.80313
v 1.48913 -2.02030 -3.03478
v 1.54638 -2.13203 -3.06336
v 1.39638 -1.50768 -4.80313
v 1.52160 -1.75206 -4.86565
v 1.54638 -2.13203 -3.06336
v 1.69012 -1.97527 -4.90153
v 1.62343 -2.23409 -3.07977
v 1.71733 -2.32254 -3.08336
v 1.69012 -1.97527 -4.90153
v 1.89547 -2.16872 -4.90939
v 1.71733 -2.32254 -3.08336
v 2.12974 -2.32500 -4.88893
v 1.82444 -2.39400 -3.07401
v 1.94067 -2.44571 -3.05206
v 2.12974 -2.32500 -4.88893
v 2.38394 -2.43809 -4.84094
v 1.94067 -2.44571 -3.05206
v 2.64830 -2.50364 -4.76725
v 2.06154 -2.47568 -3.01837
v 3.51535 -2.09013 -6.11161
v 3.15660 -2.29089 -6.17406
v 3.20730 -2.07207 -6.22411
v 3.81157 -2.04916 -5.97680
v 3.49717 -2.31085 -6.04969
v 3.51535 -2.09013 -6.11161
v 4.08457 -1.95076 -5.82486
v 3.82465 -2.26557 -5.90065
v 3.81157 -2.04916 -5.97680
v 4.08457 -1.95076 -5.82486
v 4.39099 -1.98866 -5.55220
v 4.12645 -2.15678 -5.73267
v 4.32385 -1.79869 -5.66162
v 4.60808 -1.76767 -5.36619
v 4.39099 -1.98866 -5.55220
v 4.52023 -1.59880 -5.49335
v 4.76940 -1.50231 -5.18177
v 4.60808 -1.76767 -5.36619
v 4.66615 -1.35876 -5.32654
v 4.86874 -1.20278 -5.00604
v 4.76940 -1.50231 -5.18177
v 4.78635 -0.79637 -5.02259
v 4.86874 -1.20278 -5.00604
v 4.75600 -1.08781 -5.16758
v 4.78635 -0.79637 -5.02259
v 4.86874 -0.54808 -4.70705
v 4.90228 -0.88057 -4.84575
v 4.75600 -0.49561 -4.89714
v 4.76940 -0.21808 -4.59529
v 4.86874 -0.54808 -4.70705
v 4.52023 0.08765 -4.72318
v 4.76940 -0.21808 -4.59529
v 4.66615 -0.19712 -4.79604
v 4.52023 0.08765 -4.72318
v 4.39099 0.38428 -4.46852
v 4.60808 0.09674 -4.51475
v 4.08457 0.57319 -4.67221
v 4.39099 0.38428 -4.46852
v 4.32385 0.34776 -4.68137
v 4.08457 0.57319 -4.67221
v 3.82465 0.83483 -4.48476
v 4.12645 0.63351 -4.45840
v 3.81157 0.75529 -4.69606
v 3.49717 0.98051 -4.54658
v 3.82465 0.83483 -4.48476
v 3.51535 0.88708 -4.75198
v 3.15660 1.06496 -4.64151
v 3.49717 0.98051 -4.54658
v 2.89924 0.98152 -4.95034
v 3.15660 1.06496 -4.64151
v 3.20730 0.96346 -4.83785
v 2.89924 0.98152 -4.95034
v 2.48856 1.03965 -4.91492
v 2.81604 1.08493 -4.76588
v 2.60302 0.94056 -5.08516
v 2.18676 0.93086 -5.08290
v 2.48856 1.03965 -4.91492
v 2.33002 0.84215 -5.23711
v 1.92222 0.76274 -5.26337
v 2.18676 0.93086 -5.08290
v 1.89437 0.49019 -5.56861
v 1.92222 0.76274 -5.26337
v 2.09074 0.69008 -5.40035
v 1.74845 0.25015 -5.73542
v 1.70513 0.54175 -5.44938
v 1.89437 0.49019 -5.56861
v 1.74845 0.25015 -5.73542
v 1.44447 -0.02315 -5.80953
v 1.54381 0.27639 -5.63380
v 1.62825 -0.31224 -6.03937
v 1.44447 -0.02315 -5.80953
v 1.65859 -0.02079 -5.89438
v 1.65859 -0.61300 -6.16483
v 1.41093 -0.34536 -5.96982
v 1.62825 -0.31224 -6.03937
v 1.74845 -0.91149 -6.26592
v 1.44447 -0.67785 -6.10852
v 1.65859 -0.61300 -6.16483
v 1.74845 -0.91149 -6.26592
v 1.70513 -1.32266 -6.30082
v 1.54381 -1.00784 -6.22028
v 2.09074 -1.45636 -6.38059
v 1.70513 -1.32266 -6.30082
v 1.89437 -1.19626 -6.33878
v 2.33003 -1.68179 -6.38974
v 1.92222 -1.61021 -6.34704
v 2.09074 -1.45636 -6.38059
v 2.33003 -1.68179 -6.38974
v 2.48856 -2.06076 -6.33081
v 2.18676 -1.85944 -6.35717
v 2.89924 -1.99568 -6.30997
v 2.48856 -2.06076 -6.33081
v 2.60302 -1.86390 -6.36590
v 3.20730 -2.07207 -6.22411
v 2.81604 -2.20644 -6.26898
v 2.89924 -1.99568 -6.30997
v -4.75000 -8.75000 -4.49485
v -4.75000 -8.75000 4.75000
v -4.75000 0.68972 4.75000
v -4.75000 -8.75000 4.75000
v -0.01401 -8.75000 4.75000
v -0.01401 0.68972 4.75000
v -4.09499 -5.82031 -3.77315
v -3.75220 -5.63748 -3.77316
v -4.09442 -5.82031 -4.49485
v -3.75220 -5.63748 -3.77316
v -0.01401 -5.63748 -3.77316
v -0.01401 -5.63748 -4.49485
v -4.75000 -8.75000 4.75000
v -4.75000 -8.75000 -4.49485
v -0.01401 -8.75000 -4.49485
v -4.09442 0.68972 4.11014
v -4.09442 0.68972 -4.49485
v -4.75000 0.68972 -4.49485
v -4.09442 -8.09665 -4.49485
v -4.75000 -8.75000 -4.49485
v -4.75000 0.68972 -4.49485
v -4.09442 0.68972 4.11014
v -4.75000 0.68972 4.75000
v -0.01401 0.68972 4.75000
v -4.09442 -8.09665 -4.49485
v -0.01401 -8.09665 -4.49485
v -0.01401 -8.75000 -4.49485
v -4.09499 -8.09665 -3.77315
v -4.09442 -8.09665 -4.49485
v -4.09442 0.68972 4.11014
v -4.09499 -8.09665 -3.77315
v -4.09499 -5.82031 -3.77315
v -4.09442 -5.82031 -4.49485
v -0.01401 -8.09665 -4.49485
v -4.09442 -8.09665 -4.49485
v -4.09442 -5.82031 -4.49485
v -3.75220 -8.09665 -3.77316
v -4.09499 -8.09665 -3.77315
v -4.10127 -8.09665 4.11014
v -3.75220 -8.09665 -3.77316
v -3.75220 -5.63748 -3.77316
v -4.09499 -5.82031 -3.77315
v -0.01401 -8.09665 -3.77316
v -0.01401 -5.63748 -3.77316
v -3.75220 -5.63748 -3.77316
v -3.96671 -6.02216 -4.34517
v -3.96671 -6.02216 -3.42068
v -3.87444 -3.20366 -3.42068
v -1.59492 -3.46091 -3.42068
v -3.87444 -3.20366 -3.42068
v -3.96671 -6.02216 -3.42068
v -3.96671 -6.02216 -3.42068
v -0.00118 -5.96424 -3.42068
v -1.59492 -3.46091 -3.42068
v 0.00255 -4.54305 -4.33654
v 0.00255 -5.57147 -4.33654
v -0.34716 -5.57830 -4.33654
v -0.00118 -4.10004 -3.42068
v -0.00118 -4.10004 -4.34517
v -1.59492 -3.46091 -4.34517
v -3.96671 -6.02216 -3.42068
v -3.96671 -6.02216 -4.34517
v -0.00118 -5.96424 -4.34517
v -1.59492 -3.46091 -3.42068
v -1.59492 -3.46091 -4.34517
v -3.87444 -3.20366 -4.34517
v -3.68059 -3.41973 -4.34517
v -3.70792 -5.80476 -4.34517
v -3.96671 -6.02216 -4.34517
v -0.00118 -4.10004 -4.34517
v -0.00297 -4.34976 -4.34517
v -0.34994 -4.21200 -4.34517
v -0.41789 -4.18503 -4.34517
v -1.67261 -3.68687 -4.34517
v -1.59492 -3.46091 -4.34517
v -0.00118 -4.10004 -4.34517
v -0.34994 -4.21200 -4.34517
v -0.41789 -4.18503 -4.34517
v -3.96671 -6.02216 -4.34517
v -3.70792 -5.80476 -4.34517
v -0.42102 -5.74405 -4.34517
v -0.35717 -5.74287 -4.34517
v -0.00297 -5.73633 -4.34517
v -0.00118 -5.96424 -4.34517
v -3.96671 -6.02216 -4.34517
v -0.42102 -5.74405 -4.34517
v -0.00118 -5.96424 -4.34517
v -3.68059 -3.41973 -4.34517
v -3.87444 -3.20366 -4.34517
v -1.59492 -3.46091 -4.34517
v -3.53372 -3.58343 -4.07530
v -3.51185 -5.64007 -4.07530
v -3.70792 -5.80476 -4.34517
v -0.34975 -4.40389 -4.33654
v -0.34994 -4.21200 -4.34517
v -0.00297 -4.34976 -4.34517
v -3.51185 -5.64007 -4.07530
v -0.41443 -5.57961 -4.07530
v -0.42102 -5.74405 -4.34517
v -3.53372 -3.58343 -4.07530
v -3.68059 -3.41973 -4.34517
v -1.67261 -3.68687 -4.34517
v -4.09499 0.67656 -3.77315
v -3.75220 0.67656 -3.77316
v -3.75220 -5.63748 -3.77316
v -0.01401 -5.63748 -3.77316
v -3.75220 -5.63748 -3.77316
v -0.71183 -3.45665 -3.77316
v -3.75220 -5.63748 -3.77316
v -3.75220 0.67656 -3.77316
v -1.39555 -2.28466 -3.77316
v -1.32718 -2.78207 -3.77316
v -3.75220 -5.63748 -3.77316
v -1.39555 -2.28466 -3.77316
v -3.75220 0.67656 -3.77316
v -0.01401 0.67656 -3.77316
v -0.33579 0.35912 -3.77316
v -0.01401 0.67656 -3.77316
v -0.01401 0.40000 -3.77316
v -0.33579 0.35912 -3.77316
v -0.33579 -3.67469 -3.77316
v -0.01401 -3.68151 -3.77316
v -0.01401 -5.63748 -3.77316
v -0.71183 -3.45665 -3.77316
v -0.33579 -3.67469 -3.77316
v -0.01401 -5.63748 -3.77316
v -3.75220 0.67656 -3.77316
v -0.33579 0.35912 -3.77316
v -0.68449 0.01161 -3.77316
v -3.75220 0.67656 -3.77316
v -0.68449 0.01161 -3.77316
v -1.02635 -0.74473 -3.77316
v -1.14941 -3.07507 -3.77316
v -0.71183 -3.45665 -3.77316
v -3.75220 -5.63748 -3.77316
v -1.32718 -2.78207 -3.77316
v -1.14941 -3.07507 -3.77316
v -3.75220 -5.63748 -3.77316
v -3.75220 0.67656 -3.77316
v -1.02635 -0.74473 -3.77316
v -1.22462 -1.28984 -3.77316
v -3.75220 0.67656 -3.77316
v -1.22462 -1.28984 -3.77316
v -1.38871 -1.87583 -3.77316
v -1.02441 -2.96156 -4.45906
v -0.91944 -2.83679 -4.59637
v -0.54798 -3.16004 -4.61678
v -0.17523 -3.50722 -4.49351
v -0.01401 -3.68151 -3.77316
v -0.33579 -3.67469 -3.77316
v -0.29072 -3.50478 -4.49335
v -0.33579 -3.67469 -3.77316
v -0.71183 -3.45665 -3.77316
v -0.71183 -3.45665 -3.77316
v -1.14941 -3.07507 -3.77316
v -1.02441 -2.96156 -4.45906
v -1.14941 -3.07507 -3.77316
v -1.32718 -2.78207 -3.77316
v -1.17197 -2.71884 -4.44374
v -1.32718 -2.78207 -3.77316
v -1.39555 -2.28466 -3.77316
v -1.23415 -2.26745 -4.41524
v -1.39555 -2.28466 -3.77316
v -1.38871 -1.87583 -3.77316
v -1.22786 -1.89233 -4.39156
v -1.38871 -1.87583 -3.77316
v -1.22462 -1.28984 -3.77316
v -1.07097 -1.33323 -4.35627
v -1.22462 -1.28984 -3.77316
v -1.02635 -0.74473 -3.77316
v -0.87685 -0.80064 -4.32265
v -1.02635 -0.74473 -3.77316
v -0.68449 0.01161 -3.77316
v -0.54962 -0.07815 -4.27703
v -0.68449 0.01161 -3.77316
v -0.33579 0.35912 -3.77316
v -0.26075 0.20913 -4.25890
v -0.33579 0.35912 -3.77316
v -0.01401 0.40000 -3.77316
v -0.17523 0.21997 -4.25822
v 0.00260 -3.33473 -4.62781
v 0.00260 0.06652 -4.41308
v -0.01401 0.21997 -4.25822
v -0.22256 0.05663 -4.41371
v -0.14452 0.06652 -4.41308
v -0.48617 -0.20554 -4.43026
v -0.14452 0.06652 -4.41308
v -0.14452 -3.33473 -4.62781
v -0.78479 -0.86484 -4.47188
v -0.14452 -3.33473 -4.62781
v -0.24991 -3.33250 -4.62766
v -0.54798 -3.16004 -4.61678
v -0.54798 -3.16004 -4.61678
v -0.91944 -2.83679 -4.59637
v -1.11084 -2.20338 -4.55638
v -0.91944 -2.83679 -4.59637
v -1.05410 -2.61529 -4.58239
v -1.11084 -2.20338 -4.55638
v -1.11084 -2.20338 -4.55638
v -1.10510 -1.86106 -4.53477
v -0.14452 -3.33473 -4.62781
v -0.54798 -3.16004 -4.61678
v -1.11084 -2.20338 -4.55638
v -0.14452 -3.33473 -4.62781
v -1.10510 -1.86106 -4.53477
v -0.96193 -1.35086 -4.50256
v -0.14452 -3.33473 -4.62781
v -0.96193 -1.35086 -4.50256
v -0.78479 -0.86484 -4.47188
v -0.14452 -3.33473 -4.62781
v 0.00260 -3.33473 -4.62781
v -0.14452 -3.33473 -4.62781
v -0.14452 0.06652 -4.41308
v -0.17523 0.21997 -4.25822
v -0.14452 0.06652 -4.41308
v -0.22256 0.05663 -4.41371
v -0.14452 -3.33473 -4.62781
v 0.00260 -3.33473 -4.62781
v -0.01401 -3.50722 -4.49351
v -1.17197 -2.71884 -4.44374
v -1.05410 -2.61529 -4.58239
v -0.91944 -2.83679 -4.59637
v -0.01401 0.21997 -4.25822
v 0.00260 0.06652 -4.41308
v -0.14452 0.06652 -4.41308
v -1.23415 -2.26745 -4.41524
v -1.11084 -2.20338 -4.55638
v -1.05410 -2.61529 -4.58239
v -1.22786 -1.89233 -4.39156
v -1.10510 -1.86106 -4.53477
v -1.11084 -2.20338 -4.55638
v -1.07097 -1.33323 -4.35627
v -0.96193 -1.35086 -4.50256
v -1.10510 -1.86106 -4.53477
v -0.78479 -0.86484 -4.47188
v -0.96193 -1.35086 -4.50256
v -1.07097 -1.33323 -4.35627
v -0.24991 -3.33250 -4.62766
v -0.14452 -3.33473 -4.62781
v -0.17523 -3.50722 -4.49351
v -0.48617 -0.20554 -4.43026
v -0.78479 -0.86484 -4.47188
v -0.87685 -0.80064 -4.32265
v -0.61735 -3.31578 -4.48142
v -0.54798 -3.16004 -4.61678
v -0.24991 -3.33250 -4.62766
v -0.22256 0.05663 -4.41371
v -0.48617 -0.20554 -4.43026
v -0.54962 -0.07815 -4.27703
v -0.41789 -4.18503 -4.34517
v -0.41484 -4.37817 -4.07530
v -1.73147 -3.85806 -4.07530
v -0.42102 -5.74405 -4.34517
v -0.41443 -5.57961 -4.07530
v -0.34716 -5.57830 -4.33654
v -1.73147 -3.85806 -4.07530
v -0.41484 -4.37817 -4.07530
v -0.41443 -5.57961 -4.07530
v -0.41443 -5.57961 -4.07530
v -3.51185 -5.64007 -4.07530
v -1.73147 -3.85806 -4.07530
v -0.34994 -4.21200 -4.34517
v -0.34975 -4.40389 -4.33654
v -0.41484 -4.37817 -4.07530
v -0.34975 -4.40389 -4.33654
v -0.34716 -5.57830 -4.33654
v -0.41443 -5.57961 -4.07530
v -0.34716 -5.57830 -4.33654
v 0.00255 -5.57147 -4.33654
v -0.00297 -5.73633 -4.34517
v -0.01401 0.68972 4.11014
v -0.01401 0.67656 -3.77316
v -3.75220 0.67656 -3.77316
v -3.75220 0.67656 -3.77316
v -4.09499 0.67656 -3.77315
v -4.09442 0.68972 4.11014
v 4.72198 0.68972 4.75000
v 4.72198 -8.75000 4.75000
v 4.72198 -8.75000 -4.49485
v -0.01401 0.68972 4.75000
v -0.01401 -8.75000 4.75000
v 4.72198 -8.75000 4.75000
v -0.01401 -5.63748 -3.77316
v 3.72418 -5.63748 -3.77316
v -0.01401 -5.63748 -4.49485
v 3.72418 -5.63748 -3.77316
v 4.06697 -5.82031 -3.77315
v 4.06640 -5.82031 -4.49485
v -0.01401 -8.75000 -4.49485
v 4.72198 -8.75000 -4.49485
v 4.72198 -8.75000 4.75000
v 4.06640 0.68972 4.11014
v 4.72198 0.68972 4.75000
v 4.72198 0.68972 -4.49485
v 4.72198 0.68972 -4.49485
v 4.72198 -8.75000 -4.49485
v 4.06640 -8.09665 -4.49485
v -0.01401 0.68972 4.75000
v 4.72198 0.68972 4.75000
v 4.06640 0.68972 4.11014
v -0.01401 -8.09665 4.11014
v -0.01401 -8.75000 4.75000
v -0.01401 0.68972 4.75000
v -0.01401 -8.09665 -3.77316
v -0.01401 -8.09665 -4.49485
v -0.01401 -8.75000 -4.49485
v -0.01401 -8.75000 -4.49485
v -0.01401 -8.75000 4.75000
v -0.01401 -8.09665 -3.77316
v 4.06640 -8.09665 -4.49485
v 4.72198 -8.75000 -4.49485
v -0.01401 -8.75000 -4.49485
v 4.06640 0.68972 4.11014
v 4.06640 -8.09665 -4.49485
v 4.06697 -8.09665 -3.77315
v 4.06640 -5.82031 -4.49485
v 4.06697 -5.82031 -3.77315
v 4.06697 -8.09665 -3.77315
v -0.01401 -8.09665 -4.49485
v -0.01401 -5.63748 -4.49485
v 4.06640 -5.82031 -4.49485
v 3.72418 -8.09665 -3.77316
v -0.01401 -8.09665 4.11014
v 4.07325 -8.09665 4.11014
v 4.06697 -5.82031 -3.77315
v 3.72418 -5.63748 -3.77316
v 3.72418 -8.09665 -3.77316
v 3.72418 -5.63748 -3.77316
v -0.01401 -5.63748 -3.77316
v -0.01401 -8.09665 -3.77316
v -0.01401 -5.63748 -3.77316
v -0.01401 -5.63748 -4.49485
v -0.01401 -8.09665 -4.49485
v 3.84642 -3.20366 -3.42068
v 3.93869 -6.02216 -3.42068
v 3.93869 -6.02216 -4.34517
v 3.93869 -6.02216 -3.42068
v 3.84642 -3.20366 -3.42068
v 1.56690 -3.46091 -3.42068
v 1.56690 -3.46091 -3.42068
v -0.02684 -4.10004 -3.42068
v -0.02684 -5.96424 -3.42068
v -0.03057 -4.54305 -4.33654
v 0.32173 -4.40389 -4.33654
v 0.31914 -5.57830 -4.33654
v 1.56690 -3.46091 -4.34517
v -0.02684 -4.10004 -4.34517
v -0.02684 -4.10004 -3.42068
v -0.02684 -5.96424 -4.34517
v 3.93869 -6.02216 -4.34517
v 3.93869 -6.02216 -3.42068
v 3.84642 -3.20366 -4.34517
v 1.56690 -3.46091 -4.34517
v 1.56690 -3.46091 -3.42068
v 3.65257 -3.41973 -4.34517
v 3.84642 -3.20366 -4.34517
v 3.93869 -6.02216 -4.34517
v 0.32192 -4.21200 -4.34517
v -0.02505 -4.34976 -4.34517
v -0.02684 -4.10004 -4.34517
v -0.02684 -4.10004 -4.34517
v 1.56690 -3.46091 -4.34517
v 0.38987 -4.18503 -4.34517
v 1.56690 -3.46091 -4.34517
v 1.64459 -3.68687 -4.34517
v 0.38987 -4.18503 -4.34517
v 0.39300 -5.74405 -4.34517
v 3.67990 -5.80476 -4.34517
v 3.93869 -6.02216 -4.34517
v 3.93869 -6.02216 -4.34517
v -0.02684 -5.96424 -4.34517
v 0.39300 -5.74405 -4.34517
v -0.02684 -5.96424 -4.34517
v -0.02505 -5.73633 -4.34517
v 0.32915 -5.74287 -4.34517
v 1.56690 -3.46091 -4.34517
v 3.84642 -3.20366 -4.34517
v 3.65257 -3.41973 -4.34517
v 3.50570 -3.58343 -4.07530
v 3.65257 -3.41973 -4.34517
v 3.67990 -5.80476 -4.34517
v -0.02505 -4.34976 -4.34517
v 0.32192 -4.21200 -4.34517
v 0.32173 -4.40389 -4.33654
v 3.48383 -5.64007 -4.07530
v 3.67990 -5.80476 -4.34517
v 0.39300 -5.74405 -4.34517
v 1.64459 -3.68687 -4.34517
v 3.65257 -3.41973 -4.34517
v 3.50570 -3.58343 -4.07530
v 3.72418 -5.63748 -3.77316
v 3.72418 0.67656 -3.77316
v 4.06697 0.67656 -3.77315
v 3.72418 0.67656 -3.77316
v 3.72418 -5.63748 -3.77316
v 1.36753 -2.28466 -3.77316
v 3.72418 -5.63748 -3.77316
v -0.01401 -5.63748 -3.77316
v 0.68381 -3.45665 -3.77316
v 1.29916 -2.78207 -3.77316
v 3.72418 -5.63748 -3.77316
v 1.12139 -3.07507 -3.77316
v -0.01401 -5.63748 -3.77316
v -0.01401 -3.68151 -3.77316
v 0.30777 -3.67469 -3.77316
v -0.01401 -5.63748 -3.77316
v 0.30777 -3.67469 -3.77316
v 0.68381 -3.45665 -3.77316
v -0.01401 0.40000 -3.77316
v -0.01401 0.67656 -3.77316
v 0.30777 0.35912 -3.77316
v -0.01401 0.67656 -3.77316
v 3.72418 0.67656 -3.77316
v 0.30777 0.35912 -3.77316
v 0.68381 -3.45665 -3.77316
v 1.12139 -3.07507 -3.77316
v 3.72418 -5.63748 -3.77316
v 0.65647 0.01161 -3.77316
v 0.30777 0.35912 -3.77316
v 3.72418 0.67656 -3.77316
v 0.99833 -0.74473 -3.77316
v 0.65647 0.01161 -3.77316
v 3.72418 0.67656 -3.77316
v 3.72418 -5.63748 -3.77316
v 1.29916 -2.78207 -3.77316
v 1.36753 -2.28466 -3.77316
v 1.19660 -1.28984 -3.77316
v 0.99833 -0.74473 -3.77316
v 3.72418 0.67656 -3.77316
v 3.72418 0.67656 -3.77316
v 1.36753 -2.28466 -3.77316
v 1.36069 -1.87583 -3.77316
v 0.99639 -2.96156 -4.45906
v 0.58933 -3.31578 -4.48142
v 0.51996 -3.16004 -4.61678
v 0.14721 -3.50722 -4.49351
v 0.26270 -3.50478 -4.49335
v 0.30777 -3.67469 -3.77316
v 0.26270 -3.50478 -4.49335
v 0.58933 -3.31578 -4.48142
v 0.68381 -3.45665 -3.77316
v 0.99639 -2.96156 -4.45906
v 1.12139 -3.07507 -3.77316
v 0.68381 -3.45665 -3.77316
v 1.14395 -2.71884 -4.44374
v 1.29916 -2.78207 -3.77316
v 1.12139 -3.07507 -3.77316
v 1.20613 -2.26745 -4.41524
v 1.36753 -2.28466 -3.77316
v 1.29916 -2.78207 -3.77316
v 1.19984 -1.89233 -4.39156
v 1.36069 -1.87583 -3.77316
v 1.36753 -2.28466 -3.77316
v 1.04295 -1.33323 -4.35627
v 1.19660 -1.28984 -3.77316
v 1.36069 -1.87583 -3.77316
v 0.84883 -0.80064 -4.32265
v 0.99833 -0.74473 -3.77316
v 1.19660 -1.28984 -3.77316
v 0.52160 -0.07815 -4.27703
v 0.65647 0.01161 -3.77316
v 0.99833 -0.74473 -3.77316
v 0.23273 0.20913 -4.25890
v 0.30777 0.35912 -3.77316
v 0.65647 0.01161 -3.77316
v 0.14721 0.21997 -4.25822
v -0.01401 0.40000 -3.77316
v 0.30777 0.35912 -3.77316
v -0.01401 0.21997 -4.25822
v -0.03062 0.06652 -4.41308
v -0.03062 -3.33473 -4.62781
v 0.11650 -3.33473 -4.62781
v 0.11650 0.06652 -4.41308
v 0.75677 -0.86484 -4.47188
v 0.11650 0.06652 -4.41308
v 0.19454 0.05663 -4.41371
v 0.45815 -0.20554 -4.43026
v 0.75677 -0.86484 -4.47188
v 0.11650 0.06652 -4.41308
v 0.45815 -0.20554 -4.43026
v 0.75677 -0.86484 -4.47188
v 0.93391 -1.35086 -4.50256
v 0.11650 -3.33473 -4.62781
v 0.93391 -1.35086 -4.50256
v 1.07708 -1.86106 -4.53477
v 0.11650 -3.33473 -4.62781
v 1.07708 -1.86106 -4.53477
v 1.08282 -2.20338 -4.55638
v 0.11650 -3.33473 -4.62781
v 1.08282 -2.20338 -4.55638
v 1.02608 -2.61529 -4.58239
v 0.89142 -2.83679 -4.59637
v 0.11650 -3.33473 -4.62781
v 1.08282 -2.20338 -4.55638
v 0.51996 -3.16004 -4.61678
v 0.89142 -2.83679 -4.59637
v 0.51996 -3.16004 -4.61678
v 1.08282 -2.20338 -4.55638
v 0.11650 0.06652 -4.41308
v 0.11650 -3.33473 -4.62781
v -0.03062 -3.33473 -4.62781
v 0.14721 0.21997 -4.25822
v 0.23273 0.20913 -4.25890
v 0.19454 0.05663 -4.41371
v -0.01401 -3.50722 -4.49351
v -0.03062 -3.33473 -4.62781
v 0.11650 -3.33473 -4.62781
v 1.14395 -2.71884 -4.44374
v 0.99639 -2.96156 -4.45906
v 0.89142 -2.83679 -4.59637
v -0.01401 0.21997 -4.25822
v 0.14721 0.21997 -4.25822
v 0.11650 0.06652 -4.41308
v 1.20613 -2.26745 -4.41524
v 1.14395 -2.71884 -4.44374
v 1.02608 -2.61529 -4.58239
v 1.19984 -1.89233 -4.39156
v 1.20613 -2.26745 -4.41524
v 1.08282 -2.20338 -4.55638
v 1.04295 -1.33323 -4.35627
v 1.19984 -1.89233 -4.39156
v 1.07708 -1.86106 -4.53477
v 1.04295 -1.33323 -4.35627
v 0.93391 -1.35086 -4.50256
v 0.75677 -0.86484 -4.47188
v 0.14721 -3.50722 -4.49351
v 0.11650 -3.33473 -4.62781
v 0.22189 -3.33250 -4.62766
v 0.84883 -0.80064 -4.32265
v 0.75677 -0.86484 -4.47188
v 0.45815 -0.20554 -4.43026
v 0.58933 -3.31578 -4.48142
v 0.26270 -3.50478 -4.49335
v 0.22189 -3.33250 -4.62766
v 0.52160 -0.07815 -4.27703
v 0.45815 -0.20554 -4.43026
v 0.19454 0.05663 -4.41371
v 0.38987 -4.18503 -4.34517
v 1.64459 -3.68687 -4.34517
v 1.70345 -3.85806 -4.07530
v 0.39300 -5.74405 -4.34517
v 0.32915 -5.74287 -4.34517
v 0.31914 -5.57830 -4.33654
v 0.38641 -5.57961 -4.07530
v 0.38682 -4.37817 -4.07530
v 1.70345 -3.85806 -4.07530
v 1.70345 -3.85806 -4.07530
v 3.50570 -3.58343 -4.07530
v 3.48383 -5.64007 -4.07530
v 0.32192 -4.21200 -4.34517
v 0.38987 -4.18503 -4.34517
v 0.38682 -4.37817 -4.07530
v 0.32173 -4.40389 -4.33654
v 0.38682 -4.37817 -4.07530
v 0.38641 -5.57961 -4.07530
v -0.02505 -5.73633 -4.34517
v -0.03057 -5.57147 -4.33654
v 0.31914 -5.57830 -4.33654
v 3.72418 0.67656 -3.77316
v -0.01401 0.67656 -3.77316
v -0.01401 0.68972 4.11014
v -0.01401 0.68972 4.11014
v 4.06640 0.68972 4.11014
v 3.72418 0.67656 -3.77316
v 3.15660 -2.29089 -6.17406
v 3.49717 -2.31085 -6.04969
v 2.98887 -2.89905 -4.81434
v 3.49717 -2.31085 -6.04969
v 3.82465 -2.26557 -5.90065
v 3.31635 -2.85377 -4.66530
v 3.31635 -2.85377 -4.66530
v 3.82465 -2.26557 -5.90065
v 4.12645 -2.15678 -5.73267
v 4.12645 -2.15678 -5.73267
v 4.39099 -1.98866 -5.55220
v 3.88269 -2.57685 -4.31686
v 3.88269 -2.57685 -4.31686
v 4.39099 -1.98866 -5.55220
v 4.60808 -1.76767 -5.36619
v 4.60808 -1.76767 -5.36619
v 4.76940 -1.50231 -5.18177
v 4.26110 -2.09051 -3.94642
v 4.26110 -2.09051 -3.94642
v 4.76940 -1.50231 -5.18177
v 4.86874 -1.20278 -5.00604
v 4.86874 -1.20278 -5.00604
v 4.90228 -0.88057 -4.84575
v 4.39398 -1.46876 -3.61040
v 4.39398 -1.46876 -3.61040
v 4.90228 -0.88057 -4.84575
v 4.86874 -0.54808 -4.70705
v 4.36044 -1.13627 -3.47171
v 4.86874 -0.54808 -4.70705
v 4.76940 -0.21808 -4.59529
v 4.26110 -0.80628 -3.35994
v 4.76940 -0.21808 -4.59529
v 4.60808 0.09674 -4.51475
v 4.09978 -0.49146 -3.27940
v 4.60808 0.09674 -4.51475
v 4.39099 0.38428 -4.46852
v 3.88269 -0.20391 -3.23317
v 4.39099 0.38428 -4.46852
v 4.12645 0.63351 -4.45840
v 3.61815 0.04531 -3.22305
v 4.12645 0.63351 -4.45840
v 3.82465 0.83483 -4.48476
v 3.82465 0.83483 -4.48476
v 3.49717 0.98051 -4.54658
v 2.98887 0.39232 -3.31123
v 3.49717 0.98051 -4.54658
v 3.15660 1.06496 -4.64151
v 2.64830 0.47677 -3.40616
v 2.64830 0.47677 -3.40616
v 3.15660 1.06496 -4.64151
v 2.81604 1.08493 -4.76588
v 2.30774 0.49674 -3.53053
v 2.81604 1.08493 -4.76588
v 2.48856 1.03965 -4.91492
v 1.98026 0.45145 -3.67957
v 2.48856 1.03965 -4.91492
v 2.18676 0.93086 -5.08290
v 1.67846 0.34266 -3.84755
v 2.18676 0.93086 -5.08290
v 1.92222 0.76274 -5.26337
v 1.92222 0.76274 -5.26337
v 1.70513 0.54175 -5.44938
v 1.19683 -0.04645 -4.21403
v 1.19683 -0.04645 -4.21403
v 1.70513 0.54175 -5.44938
v 1.54381 0.27639 -5.63380
v 1.54381 0.27639 -5.63380
v 1.44447 -0.02315 -5.80953
v 0.93617 -0.61135 -4.57418
v 1.44447 -0.02315 -5.80953
v 1.41093 -0.34536 -5.96982
v 0.90263 -0.93355 -4.73447
v 0.90263 -0.93355 -4.73447
v 1.41093 -0.34536 -5.96982
v 1.44447 -0.67785 -6.10852
v 1.44447 -0.67785 -6.10852
v 1.54381 -1.00784 -6.22028
v 1.03551 -1.59604 -4.98493
v 1.54381 -1.00784 -6.22028
v 1.70513 -1.32266 -6.30082
v 1.19683 -1.91086 -5.06548
v 1.19683 -1.91086 -5.06548
v 1.70513 -1.32266 -6.30082
v 1.92222 -1.61021 -6.34704
v 1.41392 -2.19841 -5.11169
v 1.92222 -1.61021 -6.34704
v 2.18676 -1.85944 -6.35717
v 2.18676 -1.85944 -6.35717
v 2.48856 -2.06076 -6.33081
v 1.98026 -2.64895 -5.09547
v 3.81157 -2.04916 -5.97680
v 3.51535 -2.09013 -6.11161
v 3.20730 -2.07207 -6.22411
v 3.20730 -2.07207 -6.22411
v 2.89924 -1.99568 -6.30997
v 2.60302 -1.86390 -6.36590
v 2.60302 -1.86390 -6.36590
v 2.33003 -1.68179 -6.38974
v 2.09074 -1.45636 -6.38059
v 2.09074 -1.45636 -6.38059
v 1.89437 -1.19626 -6.33878
v 1.74845 -0.91149 -6.26592
v 1.74845 -0.91149 -6.26592
v 1.65859 -0.61300 -6.16483
v 1.74845 0.25015 -5.73542
v 1.65859 -0.61300 -6.16483
v 1.62825 -0.31224 -6.03937
v 1.74845 0.25015 -5.73542
v 1.62825 -0.31224 -6.03937
v 1.65859 -0.02079 -5.89438
v 1.74845 0.25015 -5.73542
v 1.74845 0.25015 -5.73542
v 1.89437 0.49019 -5.56861
v 2.09074 0.69008 -5.40035
v 2.09074 0.69008 -5.40035
v 2.33002 0.84215 -5.23711
v 2.60302 0.94056 -5.08516
v 2.60302 0.94056 -5.08516
v 2.89924 0.98152 -4.95034
v 3.20730 0.96346 -4.83785
v 3.20730 0.96346 -4.83785
v 3.51535 0.88708 -4.75198
v 3.81157 0.75529 -4.69606
v 3.81157 0.75529 -4.69606
v 4.08457 0.57319 -4.67221
v 4.32385 0.34776 -4.68137
v 4.32385 0.34776 -4.68137
v 4.52023 0.08765 -4.72318
v 3.81157 0.75529 -4.69606
v 4.52023 0.08765 -4.72318
v 4.66615 -0.19712 -4.79604
v 3.81157 0.75529 -4.69606
v 4.66615 -0.19712 -4.79604
v 4.75600 -0.49561 -4.89714
v 4.78635 -0.79637 -5.02259
v 4.78635 -0.79637 -5.02259
v 4.75600 -1.08781 -5.16758
v 4.66615 -0.19712 -4.79604
v 4.75600 -1.08781 -5.16758
v 4.66615 -1.35876 -5.32654
v 4.66615 -0.19712 -4.79604
v 4.66615 -1.35876 -5.32654
v 4.52023 -1.59880 -5.49335
v 3.81157 -2.04916 -5.97680
v 4.52023 -1.59880 -5.49335
v 4.32385 -1.79869 -5.66162
v 3.81157 -2.04916 -5.97680
v 4.32385 -1.79869 -5.66162
v 4.08457 -1.95076 -5.82486
v 3.81157 -2.04916 -5.97680
v 3.81157 -2.04916 -5.97680
v 3.20730 -2.07207 -6.22411
v 2.60302 -1.86390 -6.36590
v 2.60302 -1.86390 -6.36590
v 2.09074 -1.45636 -6.38059
v 1.74845 -0.91149 -6.26592
v 1.74845 0.25015 -5.73542
v 2.09074 0.69008 -5.40035
v 1.74845 -0.91149 -6.26592
v 2.09074 0.69008 -5.40035
v 2.60302 0.94056 -5.08516
v 1.74845 -0.91149 -6.26592
v 2.60302 0.94056 -5.08516
v 3.20730 0.96346 -4.83785
v 4.66615 -0.19712 -4.79604
v 3.20730 0.96346 -4.83785
v 3.81157 0.75529 -4.69606
v 4.66615 -0.19712 -4.79604
v 3.81157 -2.04916 -5.97680
v 2.60302 -1.86390 -6.36590
v 1.74845 -0.91149 -6.26592
v 4.66615 -0.19712 -4.79604
v 4.66615 -1.35876 -5.32654
v 3.81157 -2.04916 -5.97680
v 3.81157 -2.04916 -5.97680
v 1.74845 -0.91149 -6.26592
v 2.60302 0.94056 -5.08516
v 2.48856 -2.06076 -6.33081
v 2.81604 -2.20644 -6.26898
v 2.30774 -2.79463 -5.03364
v 2.30774 -2.79463 -5.03364
v 2.81604 -2.20644 -6.26898
v 3.15660 -2.29089 -6.17406
v 1.94067 -2.44571 -3.05206
v 2.06154 -2.47568 -3.01837
v 2.18242 -2.48276 -2.97423
v 2.18242 -2.48276 -2.97423
v 2.29865 -2.46669 -2.92133
v 2.40576 -2.42808 -2.86171
v 2.40576 -2.42808 -2.86171
v 2.49965 -2.36841 -2.79766
v 2.57670 -2.28998 -2.73164
v 2.57670 -2.28998 -2.73164
v 2.63396 -2.19580 -2.66618
v 2.66922 -2.08948 -2.60381
v 2.66922 -2.08948 -2.60381
v 2.68112 -1.97512 -2.54692
v 2.57671 -1.62826 -2.42944
v 2.68112 -1.97512 -2.54692
v 2.66922 -1.85712 -2.49770
v 2.57671 -1.62826 -2.42944
v 2.66922 -1.85712 -2.49770
v 2.63396 -1.74000 -2.45803
v 2.57671 -1.62826 -2.42944
v 2.57671 -1.62826 -2.42944
v 2.49965 -1.52620 -2.41304
v 2.18242 -1.31458 -2.44074
v 2.49965 -1.52620 -2.41304
v 2.40576 -1.43774 -2.40944
v 2.18242 -1.31458 -2.44074
v 2.40576 -1.43774 -2.40944
v 2.29865 -1.36629 -2.41880
v 2.18242 -1.31458 -2.44074
v 2.18242 -1.31458 -2.44074
v 2.06154 -1.28461 -2.47443
v 1.94067 -1.27752 -2.51858
v 1.94067 -1.27752 -2.51858
v 1.82444 -1.29360 -2.57147
v 2.18242 -1.31458 -2.44074
v 1.82444 -1.29360 -2.57147
v 1.71732 -1.33221 -2.63109
v 2.18242 -1.31458 -2.44074
v 1.71732 -1.33221 -2.63109
v 1.62343 -1.39188 -2.69514
v 1.54638 -1.47031 -2.76116
v 1.54638 -1.47031 -2.76116
v 1.48913 -1.56450 -2.82662
v 1.45387 -1.67081 -2.88899
v 1.45387 -1.67081 -2.88899
v 1.44196 -1.78516 -2.94588
v 1.45387 -1.90317 -2.99511
v 1.45387 -1.90317 -2.99511
v 1.48913 -2.02030 -3.03478
v 1.45387 -1.67081 -2.88899
v 1.48913 -2.02030 -3.03478
v 1.54638 -2.13203 -3.06336
v 1.45387 -1.67081 -2.88899
v 1.54638 -2.13203 -3.06336
v 1.62343 -2.23409 -3.07977
v 1.94067 -2.44571 -3.05206
v 1.62343 -2.23409 -3.07977
v 1.71733 -2.32254 -3.08336
v 1.94067 -2.44571 -3.05206
v 1.71733 -2.32254 -3.08336
v 1.82444 -2.39400 -3.07401
v 1.94067 -2.44571 -3.05206
v 1.94067 -2.44571 -3.05206
v 2.18242 -2.48276 -2.97423
v 2.40576 -2.42808 -2.86171
v 2.40576 -2.42808 -2.86171
v 2.57670 -2.28998 -2.73164
v 1.94067 -2.44571 -3.05206
v 2.57670 -2.28998 -2.73164
v 2.66922 -2.08948 -2.60381
v 1.94067 -2.44571 -3.05206
v 1.71732 -1.33221 -2.63109
v 1.54638 -1.47031 -2.76116
v 1.45387 -1.67081 -2.88899
v 2.66922 -2.08948 -2.60381
v 2.57671 -1.62826 -2.42944
v 2.18242 -1.31458 -2.44074
v 2.18242 -1.31458 -2.44074
v 1.71732 -1.33221 -2.63109
v 1.45387 -1.67081 -2.88899
v 1.45387 -1.67081 -2.88899
v 1.54638 -2.13203 -3.06336
v 1.94067 -2.44571 -3.05206
v 1.94067 -2.44571 -3.05206
v 2.66922 -2.08948 -2.60381
v 1.45387 -1.67081 -2.88899
v 2.91267 -2.51914 -4.67071
v 2.64830 -2.50364 -4.76725
v 2.64830 -2.87908 -4.93871
v 3.16687 -2.48399 -4.55502
v 2.91267 -2.51914 -4.67071
v 2.98887 -2.89905 -4.81434
v 3.16687 -2.48399 -4.55502
v 3.31635 -2.85377 -4.66530
v 3.61815 -2.74498 -4.49732
v 3.60649 -2.26904 -4.28454
v 3.40115 -2.39954 -4.42463
v 3.61815 -2.74498 -4.49732
v 3.60649 -2.26904 -4.28454
v 3.88269 -2.57685 -4.31686
v 4.09978 -2.35587 -4.13084
v 3.90023 -1.89151 -3.99699
v 3.77501 -2.09750 -4.14015
v 4.09978 -2.35587 -4.13084
v 3.90023 -1.89151 -3.99699
v 4.26110 -2.09051 -3.94642
v 4.36044 -1.79097 -3.77069
v 4.00338 -1.40889 -3.73616
v 3.97734 -1.65900 -3.86059
v 4.36044 -1.79097 -3.77069
v 3.97735 -1.15079 -3.62850
v 4.00338 -1.40889 -3.73616
v 4.39398 -1.46876 -3.61040
v 3.97735 -1.15079 -3.62850
v 4.36044 -1.13627 -3.47171
v 4.26110 -0.80628 -3.35994
v 3.90023 -0.89463 -3.54174
v 4.26110 -0.80628 -3.35994
v 4.09978 -0.49146 -3.27940
v 3.60649 -0.42705 -3.44334
v 3.77501 -0.65025 -3.47922
v 4.09978 -0.49146 -3.27940
v 3.60649 -0.42705 -3.44334
v 3.88269 -0.20391 -3.23317
v 3.61815 0.04531 -3.22305
v 3.16687 -0.07732 -3.45594
v 3.40115 -0.23359 -3.43548
v 3.61815 0.04531 -3.22305
v 3.16687 -0.07732 -3.45594
v 3.31635 0.24664 -3.24940
v 2.98887 0.39232 -3.31123
v 2.64830 0.10133 -3.57762
v 2.91267 0.03577 -3.50393
v 2.98887 0.39232 -3.31123
v 2.64830 0.10133 -3.57762
v 2.64830 0.47677 -3.40616
v 2.30774 0.49674 -3.53053
v 2.38394 0.11682 -3.67416
v 2.30774 0.49674 -3.53053
v 1.98026 0.45145 -3.67957
v 2.12974 0.08167 -3.78985
v 1.98026 0.45145 -3.67957
v 1.67846 0.34266 -3.84755
v 1.69012 -0.13328 -4.06033
v 1.89547 -0.00277 -3.92025
v 1.67846 0.34266 -3.84755
v 1.52160 -0.30482 -4.20472
v 1.69012 -0.13328 -4.06033
v 1.41392 0.17454 -4.02802
v 1.39638 -0.51080 -4.34788
v 1.52160 -0.30482 -4.20472
v 1.19683 -0.04645 -4.21403
v 1.39638 -0.51080 -4.34788
v 1.03551 -0.31181 -4.39845
v 0.93617 -0.61135 -4.57418
v 1.29323 -0.99343 -4.60872
v 1.31927 -0.74332 -4.48429
v 0.93617 -0.61135 -4.57418
v 1.29323 -0.99343 -4.60872
v 0.90263 -0.93355 -4.73447
v 0.93617 -1.26604 -4.87317
v 1.39638 -1.50768 -4.80313
v 1.31927 -1.25152 -4.71638
v 0.93617 -1.26604 -4.87317
v 1.39638 -1.50768 -4.80313
v 1.03551 -1.59604 -4.98493
v 1.19683 -1.91086 -5.06548
v 1.52160 -1.75206 -4.86565
v 1.19683 -1.91086 -5.06548
v 1.41392 -2.19841 -5.11169
v 1.89547 -2.16872 -4.90939
v 1.69012 -1.97527 -4.90153
v 1.41392 -2.19841 -5.11169
v 1.89547 -2.16872 -4.90939
v 1.67846 -2.44763 -5.12182
v 1.98026 -2.64895 -5.09547
v 2.38394 -2.43809 -4.84094
v 2.12974 -2.32500 -4.88893
v 1.98026 -2.64895 -5.09547
v 2.38394 -2.43809 -4.84094
v 2.30774 -2.79463 -5.03364
v 2.64830 -2.87908 -4.93871
v 2.18242 -2.48276 -2.97423
v 2.06154 -2.47568 -3.01837
v 2.64830 -2.50364 -4.76725
v 2.29865 -2.46669 -2.92133
v 2.18242 -2.48276 -2.97423
v 2.91267 -2.51914 -4.67071
v 2.29865 -2.46669 -2.92133
v 3.16687 -2.48399 -4.55502
v 3.40115 -2.39954 -4.42463
v 2.49965 -2.36841 -2.79766
v 2.40576 -2.42808 -2.86171
v 3.40115 -2.39954 -4.42463
v 2.57670 -2.28998 -2.73164
v 2.49965 -2.36841 -2.79766
v 3.60649 -2.26904 -4.28454
v 2.57670 -2.28998 -2.73164
v 3.77501 -2.09750 -4.14015
v 3.90023 -1.89151 -3.99699
v 2.63396 -2.19580 -2.66618
v 3.90023 -1.89151 -3.99699
v 3.97734 -1.65900 -3.86059
v 2.68112 -1.97512 -2.54692
v 2.66922 -2.08948 -2.60381
v 3.97734 -1.65900 -3.86059
v 2.66922 -1.85712 -2.49770
v 2.68112 -1.97512 -2.54692
v 4.00338 -1.40889 -3.73616
v 2.66922 -1.85712 -2.49770
v 3.97735 -1.15079 -3.62850
v 3.90023 -0.89463 -3.54174
v 2.57671 -1.62826 -2.42944
v 2.63396 -1.74000 -2.45803
v 3.90023 -0.89463 -3.54174
v 2.57671 -1.62826 -2.42944
v 3.77501 -0.65025 -3.47922
v 3.60649 -0.42705 -3.44334
v 2.40576 -1.43774 -2.40944
v 2.49965 -1.52620 -2.41304
v 3.60649 -0.42705 -3.44334
v 2.29865 -1.36629 -2.41880
v 2.40576 -1.43774 -2.40944
v 3.40115 -0.23359 -3.43548
v 2.29865 -1.36629 -2.41880
v 3.16687 -0.07732 -3.45594
v 2.91267 0.03577 -3.50393
v 2.06154 -1.28461 -2.47443
v 2.18242 -1.31458 -2.44074
v 2.91267 0.03577 -3.50393
v 1.94067 -1.27752 -2.51858
v 2.06154 -1.28461 -2.47443
v 2.64830 0.10133 -3.57762
v 1.94067 -1.27752 -2.51858
v 2.38394 0.11682 -3.67416
v 2.12974 0.08167 -3.78985
v 1.71732 -1.33221 -2.63109
v 1.82444 -1.29360 -2.57147
v 2.12974 0.08167 -3.78985
v 1.71732 -1.33221 -2.63109
v 1.89547 -0.00277 -3.92025
v 1.69012 -0.13328 -4.06033
v 1.54638 -1.47031 -2.76116
v 1.62343 -1.39188 -2.69514
v 1.69012 -0.13328 -4.06033
v 1.48913 -1.56450 -2.82662
v 1.54638 -1.47031 -2.76116
v 1.52160 -0.30482 -4.20472
v 1.48913 -1.56450 -2.82662
v 1.39638 -0.51080 -4.34788
v 1.31927 -0.74332 -4.48429
v 1.44196 -1.78516 -2.94588
v 1.45387 -1.67081 -2.88899
v 1.31927 -0.74332 -4.48429
v 1.44196 -1.78516 -2.94588
v 1.29323 -0.99343 -4.60872
v 1.31927 -1.25152 -4.71638
v 1.45387 -1.90317 -2.99511
v 1.31927 -1.25152 -4.71638
v 1.39638 -1.50768 -4.80313
v 1.54638 -2.13203 -3.06336
v 1.48913 -2.02030 -3.03478
v 1.39638 -1.50768 -4.80313
v 1.54638 -2.13203 -3.06336
v 1.52160 -1.75206 -4.86565
v 1.69012 -1.97527 -4.90153
v 1.71733 -2.32254 -3.08336
v 1.62343 -2.23409 -3.07977
v 1.69012 -1.97527 -4.90153
v 1.71733 -2.32254 -3.08336
v 1.89547 -2.16872 -4.90939
v 2.12974 -2.32500 -4.88893
v 1.94067 -2.44571 -3.05206
v 1.82444 -2.39400 -3.07401
v 2.12974 -2.32500 -4.88893
v 1.94067 -2.44571 -3.05206
v 2.38394 -2.43809 -4.84094
v 2.64830 -2.50364 -4.76725
v 3.51535 -2.09013 -6.11161
v 3.49717 -2.31085 -6.04969
v 3.15660 -2.29089 -6.17406
v 3.81157 -2.04916 -5.97680
v 3.82465 -2.26557 -5.90065
v 3.49717 -2.31085 -6.04969
v 4.08457 -1.95076 -5.82486
v 4.12645 -2.15678 -5.73267
v 3.82465 -2.26557 -5.90065
v 4.08457 -1.95076 -5.82486
v 4.32385 -1.79869 -5.66162
v 4.39099 -1.98866 -5.55220
v 4.32385 -1.79869 -5.66162
v 4.52023 -1.59880 -5.49335
v 4.60808 -1.76767 -5.36619
v 4.52023 -1.59880 -5.49335
v 4.66615 -1.35876 -5.32654
v 4.76940 -1.50231 -5.18177
v 4.66615 -1.35876 -5.32654
v 4.75600 -1.08781 -5.16758
v 4.86874 -1.20278 -5.00604
v 4.78635 -0.79637 -5.02259
v 4.90228 -0.88057 -4.84575
v 4.86874 -1.20278 -5.00604
v 4.78635 -0.79637 -5.02259
v 4.75600 -0.49561 -4.89714
v 4.86874 -0.54808 -4.70705
v 4.75600 -0.49561 -4.89714
v 4.66615 -0.19712 -4.79604
v 4.76940 -0.21808 -4.59529
v 4.52023 0.08765 -4.72318
v 4.60808 0.09674 -4.51475
v 4.76940 -0.21808 -4.59529
v 4.52023 0.08765 -4.72318
v 4.32385 0.34776 -4.68137
v 4.39099 0.38428 -4.46852
v 4.08457 0.57319 -4.67221
v 4.12645 0.63351 -4.45840
v 4.39099 0.38428 -4.46852
v 4.08457 0.57319 -4.67221
v 3.81157 0.75529 -4.69606
v 3.82465 0.83483 -4.48476
v 3.81157 0.75529 -4.69606
v 3.51535 0.88708 -4.75198
v 3.49717 0.98051 -4.54658
v 3.51535 0.88708 -4.75198
v 3.20730 0.96346 -4.83785
v 3.15660 1.06496 -4.64151
v 2.89924 0.98152 -4.95034
v 2.81604 1.08493 -4.76588
v 3.15660 1.06496 -4.64151
v 2.89924 0.98152 -4.95034
v 2.60302 0.94056 -5.08516
v 2.48856 1.03965 -4.91492
v 2.60302 0.94056 -5.08516
v 2.33002 0.84215 -5.23711
v 2.18676 0.93086 -5.08290
v 2.33002 0.84215 -5.23711
v 2.09074 0.69008 -5.40035
v 1.92222 0.76274 -5.26337
v 1.89437 0.49019 -5.56861
v 1.70513 0.54175 -5.44938
v 1.92222 0.76274 -5.26337
v 1.74845 0.25015 -5.73542
v 1.54381 0.27639 -5.63380
v 1.70513 0.54175 -5.44938
v 1.74845 0.25015 -5.73542
v 1.65859 -0.02079 -5.89438
v 1.44447 -0.02315 -5.80953
v 1.62825 -0.31224 -6.03937
v 1.41093 -0.34536 -5.96982
v 1.44447 -0.02315 -5.80953
v 1.65859 -0.61300 -6.16483
v 1.44447 -0.67785 -6.10852
v 1.41093 -0.34536 -5.96982
v 1.74845 -0.91149 -6.26592
v 1.54381 -1.00784 -6.22028
v 1.44447 -0.67785 -6.10852
v 1.74845 -0.91149 -6.26592
v 1.89437 -1.19626 -6.33878
v 1.70513 -1.32266 -6.30082
v 2.09074 -1.45636 -6.38059
v 1.92222 -1.61021 -6.34704
v 1.70513 -1.32266 -6.30082
v 2.33003 -1.68179 -6.38974
v 2.18676 -1.85944 -6.35717
v 1.92222 -1.61021 -6.34704
v 2.33003 -1.68179 -6.38974
v 2.60302 -1.86390 -6.36590
v 2.48856 -2.06076 -6.33081
v 2.89924 -1.99568 -6.30997
v 2.81604 -2.20644 -6.26898
v 2.48856 -2.06076 -6.33081
v 3.20730 -2.07207 -6.22411
v 3.15660 -2.29089 -6.17406
v 2.81604 -2.20644 -6.26898
vt 0.47502 0.89874
vt 0.27124 0.69527
vt 0.47479 0.69527
vt 0.26846 0.87075
vt 0.35048 0.73851
vt 0.26554 0.72754
vt 0.68683 0.52601
vt 0.67997 0.53585
vt 0.54807 0.51745
vt 0.08939 0.78847
vt 0.18206 0.78847
vt 0.18206 0.98868
vt 0.23186 0.98847
vt 0.07326 0.98736
vt 0.07325 0.82841
vt 0.44955 0.81768
vt 0.26988 0.72791
vt 0.44947 0.72791
vt 0.38397 0.65980
vt 0.43602 0.83585
vt 0.35618 0.64980
vt 0.33916 0.92916
vt 0.32488 0.73718
vt 0.33916 0.73718
vt 0.38397 0.65980
vt 0.51700 0.62904
vt 0.52252 0.64191
vt 0.33916 0.92916
vt 0.42801 0.94344
vt 0.32488 0.94344
vt 0.23186 0.97513
vt 0.07325 0.82841
vt 0.23186 0.82950
vt 0.18206 0.98868
vt 0.08924 0.98868
vt 0.08939 0.78847
vt 0.58898 0.87801
vt 0.61484 0.79342
vt 0.61484 0.87803
vt 0.42801 0.92916
vt 0.33916 0.87646
vt 0.42801 0.87247
vt 0.07739 0.85122
vt 0.17261 0.85353
vt 0.10952 0.97562
vt 0.17261 0.85353
vt 0.21363 0.97814
vt 0.10952 0.97562
vt 0.66714 0.60928
vt 0.69080 0.54131
vt 0.67887 0.60957
vt 0.53919 0.60618
vt 0.67997 0.53585
vt 0.66714 0.60928
vt 0.58137 0.19375
vt 0.52881 0.20704
vt 0.52876 0.19375
vt 0.83771 0.84158
vt 0.78465 0.83428
vt 0.75832 0.78753
vt 0.60853 0.23788
vt 0.59918 0.27439
vt 0.60038 0.23094
vt 0.57322 0.28551
vt 0.53043 0.29986
vt 0.53378 0.28537
vt 0.28260 0.68317
vt 0.31574 0.82193
vt 0.28260 0.82192
vt 0.51275 0.27476
vt 0.49894 0.22912
vt 0.51115 0.22481
vt 0.60748 0.21811
vt 0.60081 0.28235
vt 0.59956 0.21360
vt 0.50290 0.26870
vt 0.51132 0.21688
vt 0.51132 0.27911
vt 0.25800 0.69871
vt 0.25799 0.69647
vt 0.26594 0.68413
vt 0.51129 0.28354
vt 0.50185 0.20997
vt 0.50974 0.21280
vt 0.50129 0.28607
vt 0.51052 0.20935
vt 0.51052 0.29132
vt 0.59901 0.26798
vt 0.60862 0.27783
vt 0.59912 0.27771
vt 0.25276 0.80679
vt 0.25800 0.69871
vt 0.25844 0.81374
vt 0.59931 0.21878
vt 0.60832 0.28467
vt 0.59882 0.28233
vt 0.72225 0.36129
vt 0.67997 0.53585
vt 0.69080 0.54131
vt 0.62879 0.40267
vt 0.56050 0.34167
vt 0.54981 0.34189
vt 0.61393 0.32415
vt 0.62100 0.34098
vt 0.62734 0.33660
vt 0.62585 0.33130
vt 0.65093 0.34804
vt 0.63311 0.32566
vt 0.63662 0.35066
vt 0.65339 0.33657
vt 0.63549 0.34686
vt 0.63549 0.34686
vt 0.64374 0.32492
vt 0.62734 0.33660
vt 0.64374 0.32492
vt 0.61393 0.32415
vt 0.62734 0.33660
vt 0.60088 0.41856
vt 0.58886 0.43246
vt 0.59401 0.43437
vt 0.59455 0.41669
vt 0.57871 0.42914
vt 0.58886 0.43246
vt 0.58318 0.41377
vt 0.57011 0.42644
vt 0.57871 0.42914
vt 0.57367 0.41145
vt 0.55691 0.42258
vt 0.57011 0.42644
vt 0.55962 0.40828
vt 0.54421 0.41896
vt 0.55691 0.42258
vt 0.54643 0.40539
vt 0.52682 0.41411
vt 0.54421 0.41896
vt 0.52795 0.40146
vt 0.51948 0.41236
vt 0.52682 0.41411
vt 0.63635 0.35930
vt 0.62585 0.33130
vt 0.62195 0.33426
vt 0.33724 0.48196
vt 0.33204 0.35666
vt 0.33204 0.48771
vt 0.63809 0.35598
vt 0.65653 0.34716
vt 0.63662 0.35066
vt 0.45491 0.22249
vt 0.46787 0.20063
vt 0.48298 0.19311
vt 0.49156 0.31754
vt 0.48298 0.19311
vt 0.48955 0.19413
vt 0.62585 0.33130
vt 0.61775 0.32579
vt 0.62195 0.33426
vt 0.62947 0.35381
vt 0.63809 0.35598
vt 0.63662 0.35066
vt 0.60595 0.31995
vt 0.60877 0.32962
vt 0.61393 0.32415
vt 0.63311 0.32566
vt 0.62130 0.32308
vt 0.62585 0.33130
vt 0.57871 0.42914
vt 0.58535 0.43530
vt 0.58886 0.43246
vt 0.57011 0.42644
vt 0.57609 0.43227
vt 0.57871 0.42914
vt 0.55691 0.42258
vt 0.56825 0.42981
vt 0.57011 0.42644
vt 0.54461 0.42298
vt 0.55691 0.42258
vt 0.54421 0.41896
vt 0.62844 0.35033
vt 0.63662 0.35066
vt 0.63549 0.34686
vt 0.52874 0.41856
vt 0.54421 0.41896
vt 0.52682 0.41411
vt 0.62734 0.33660
vt 0.62844 0.35033
vt 0.63549 0.34686
vt 0.52204 0.41696
vt 0.52682 0.41411
vt 0.51948 0.41236
vt 0.60848 0.26648
vt 0.59857 0.22984
vt 0.60808 0.23218
vt 0.25800 0.69871
vt 0.25222 0.69604
vt 0.25799 0.69647
vt 0.51852 0.27808
vt 0.51594 0.20510
vt 0.56842 0.20371
vt 0.60850 0.26834
vt 0.59899 0.26619
vt 0.60848 0.26648
vt 0.60038 0.23094
vt 0.59747 0.27447
vt 0.59888 0.22965
vt 0.25222 0.69604
vt 0.25794 0.68407
vt 0.25799 0.69647
vt 0.28246 0.80122
vt 0.43076 0.80750
vt 0.43076 0.73258
vt 0.27124 0.69527
vt 0.47502 0.89874
vt 0.47479 0.69527
vt 0.35048 0.73851
vt 0.26846 0.87075
vt 0.26554 0.72754
vt 0.54807 0.51745
vt 0.67997 0.53585
vt 0.68683 0.52601
vt 0.08939 0.78847
vt 0.18206 0.98868
vt 0.18206 0.78847
vt 0.23186 0.98847
vt 0.07325 0.82841
vt 0.07326 0.98736
vt 0.26988 0.72791
vt 0.44955 0.81768
vt 0.44947 0.72791
vt 0.38397 0.65980
vt 0.43602 0.83585
vt 0.45828 0.83297
vt 0.32488 0.73718
vt 0.33916 0.92916
vt 0.33916 0.73718
vt 0.51700 0.62904
vt 0.38397 0.65980
vt 0.52252 0.64191
vt 0.66320 0.03337
vt 0.35618 0.00833
vt 0.35618 0.03121
vt 0.68603 0.01065
vt 0.66320 0.03337
vt 0.66320 0.31527
vt 0.33916 0.92916
vt 0.42801 0.94344
vt 0.42801 0.92916
vt 0.07325 0.82841
vt 0.23186 0.97513
vt 0.23186 0.82950
vt 0.18206 0.98868
vt 0.08939 0.78847
vt 0.08924 0.98868
vt 0.61484 0.79342
vt 0.58898 0.87801
vt 0.61484 0.87803
vt 0.42801 0.92916
vt 0.33916 0.87646
vt 0.33916 0.92916
vt 0.07739 0.85122
vt 0.10952 0.97562
vt 0.17261 0.85353
vt 0.17261 0.85353
vt 0.21363 0.97814
vt 0.18134 0.85374
vt 0.69080 0.54131
vt 0.66714 0.60928
vt 0.67887 0.60957
vt 0.67997 0.53585
vt 0.53919 0.60618
vt 0.66714 0.60928
vt 0.57254 0.31464
vt 0.66320 0.34108
vt 0.66320 0.31527
vt 0.52881 0.20704
vt 0.58137 0.19375
vt 0.52876 0.19375
vt 0.75832 0.78753
vt 0.83771 0.84158
vt 0.83771 0.70604
vt 0.60853 0.23788
vt 0.59918 0.27439
vt 0.60810 0.27398
vt 0.53043 0.29986
vt 0.57322 0.28551
vt 0.53378 0.28537
vt 0.31574 0.82193
vt 0.28260 0.68317
vt 0.28260 0.82192
vt 0.49894 0.22912
vt 0.51275 0.27476
vt 0.51115 0.22481
vt 0.60748 0.21811
vt 0.60081 0.28235
vt 0.60853 0.27601
vt 0.50290 0.26870
vt 0.50294 0.27136
vt 0.51132 0.27911
vt 0.25799 0.69647
vt 0.25800 0.69871
vt 0.26594 0.68413
vt 0.50185 0.20997
vt 0.51129 0.28354
vt 0.50974 0.21280
vt 0.50129 0.28607
vt 0.51052 0.20935
vt 0.50129 0.21574
vt 0.60862 0.27783
vt 0.59901 0.26798
vt 0.59912 0.27771
vt 0.25276 0.80679
vt 0.25800 0.69871
vt 0.25223 0.69839
vt 0.60832 0.28467
vt 0.59931 0.21878
vt 0.59882 0.28233
vt 0.67997 0.53585
vt 0.72225 0.36129
vt 0.69080 0.54131
vt 0.56050 0.34167
vt 0.57511 0.33658
vt 0.62879 0.40267
vt 0.61393 0.32415
vt 0.62100 0.34098
vt 0.60877 0.32962
vt 0.62585 0.33130
vt 0.63311 0.32566
vt 0.65093 0.34804
vt 0.63662 0.35066
vt 0.65339 0.33657
vt 0.65653 0.34716
vt 0.63549 0.34686
vt 0.64374 0.32492
vt 0.65339 0.33657
vt 0.61393 0.32415
vt 0.64374 0.32492
vt 0.62734 0.33660
vt 0.58886 0.43246
vt 0.60088 0.41856
vt 0.59401 0.43437
vt 0.57871 0.42914
vt 0.59455 0.41669
vt 0.58886 0.43246
vt 0.57011 0.42644
vt 0.58318 0.41377
vt 0.57871 0.42914
vt 0.55691 0.42258
vt 0.57367 0.41145
vt 0.57011 0.42644
vt 0.54421 0.41896
vt 0.55962 0.40828
vt 0.55691 0.42258
vt 0.52682 0.41411
vt 0.54643 0.40539
vt 0.54421 0.41896
vt 0.51948 0.41236
vt 0.52795 0.40146
vt 0.52682 0.41411
vt 0.62585 0.33130
vt 0.63635 0.35930
vt 0.62195 0.33426
vt 0.33204 0.35666
vt 0.33724 0.48196
vt 0.33204 0.48771
vt 0.63809 0.35598
vt 0.63662 0.35066
vt 0.65653 0.34716
vt 0.46685 0.30740
vt 0.48027 0.31571
vt 0.48498 0.31652
vt 0.48298 0.19311
vt 0.49156 0.31754
vt 0.48955 0.19413
vt 0.62585 0.33130
vt 0.61775 0.32579
vt 0.62130 0.32308
vt 0.63809 0.35598
vt 0.62947 0.35381
vt 0.63662 0.35066
vt 0.60595 0.31995
vt 0.60877 0.32962
vt 0.60148 0.32579
vt 0.63311 0.32566
vt 0.62130 0.32308
vt 0.62793 0.31794
vt 0.57871 0.42914
vt 0.58535 0.43530
vt 0.57609 0.43227
vt 0.57011 0.42644
vt 0.57609 0.43227
vt 0.56825 0.42981
vt 0.55691 0.42258
vt 0.56825 0.42981
vt 0.55620 0.42629
vt 0.55691 0.42258
vt 0.54461 0.42298
vt 0.54421 0.41896
vt 0.63662 0.35066
vt 0.62844 0.35033
vt 0.63549 0.34686
vt 0.54421 0.41896
vt 0.52874 0.41856
vt 0.52682 0.41411
vt 0.62734 0.33660
vt 0.62844 0.35033
vt 0.62100 0.34098
vt 0.52682 0.41411
vt 0.52204 0.41696
vt 0.51948 0.41236
vt 0.60848 0.26648
vt 0.59857 0.22984
vt 0.59899 0.26619
vt 0.25800 0.69871
vt 0.25222 0.69604
vt 0.25223 0.69839
vt 0.56842 0.20371
vt 0.51852 0.27808
vt 0.59747 0.27447
vt 0.60850 0.26834
vt 0.59899 0.26619
vt 0.59901 0.26798
vt 0.60038 0.23094
vt 0.59747 0.27447
vt 0.59918 0.27439
vt 0.25794 0.68407
vt 0.25222 0.69604
vt 0.25799 0.69647
vt 0.43076 0.80750
vt 0.28246 0.80751
vt 0.28246 0.80122
vt 0.72134 0.19591
vt 0.67637 0.20103
vt 0.67637 0.19591
vt 0.72134 0.20103
vt 0.67637 0.20616
vt 0.67637 0.20103
vt 0.67637 0.20616
vt 0.72134 0.21128
vt 0.67637 0.21128
vt 0.72134 0.21128
vt 0.67637 0.21641
vt 0.67637 0.21128
vt 0.67637 0.21641
vt 0.72134 0.22153
vt 0.67637 0.22153
vt 0.72134 0.22153
vt 0.67637 0.22666
vt 0.67637 0.22153
vt 0.67637 0.22666
vt 0.72134 0.23178
vt 0.67637 0.23178
vt 0.72134 0.23178
vt 0.67637 0.23691
vt 0.67637 0.23178
vt 0.67637 0.23691
vt 0.72134 0.24204
vt 0.67637 0.24204
vt 0.67637 0.24204
vt 0.72134 0.24716
vt 0.67637 0.24716
vt 0.67637 0.24716
vt 0.72134 0.25228
vt 0.67637 0.25228
vt 0.67637 0.25228
vt 0.72134 0.25741
vt 0.67637 0.25741
vt 0.67637 0.25741
vt 0.72134 0.26254
vt 0.67637 0.26254
vt 0.67637 0.26254
vt 0.72134 0.26766
vt 0.67637 0.26766
vt 0.72134 0.26766
vt 0.67637 0.27279
vt 0.67637 0.26766
vt 0.72134 0.27279
vt 0.67637 0.27791
vt 0.67637 0.27279
vt 0.67637 0.27791
vt 0.72134 0.28304
vt 0.67637 0.28304
vt 0.67637 0.28304
vt 0.72134 0.28816
vt 0.67637 0.28816
vt 0.67637 0.28816
vt 0.72134 0.29329
vt 0.67637 0.29329
vt 0.67637 0.29329
vt 0.72134 0.29841
vt 0.67637 0.29841
vt 0.72134 0.29841
vt 0.67637 0.30354
vt 0.67637 0.29841
vt 0.67637 0.30354
vt 0.72134 0.30866
vt 0.67637 0.30866
vt 0.72134 0.30866
vt 0.67637 0.31379
vt 0.67637 0.30866
vt 0.72134 0.31379
vt 0.67637 0.31891
vt 0.67637 0.31379
vt 0.67637 0.31891
vt 0.72134 0.32404
vt 0.67637 0.32404
vt 0.72134 0.32404
vt 0.67637 0.32916
vt 0.67637 0.32404
vt 0.72134 0.32916
vt 0.67637 0.33429
vt 0.67637 0.32916
vt 0.67637 0.33429
vt 0.72134 0.33941
vt 0.67637 0.33941
vt 0.67637 0.33941
vt 0.72134 0.34454
vt 0.67637 0.34454
vt 0.72134 0.34454
vt 0.67637 0.34966
vt 0.67637 0.34454
vt 0.65312 0.37435
vt 0.71608 0.40043
vt 0.69000 0.46339
vt 0.72134 0.34966
vt 0.67637 0.35479
vt 0.67637 0.34966
vt 0.67637 0.35479
vt 0.72134 0.35991
vt 0.67637 0.35991
vt 0.83354 0.26662
vt 0.76662 0.16645
vt 0.66646 0.23338
vt 0.67899 0.45323
vt 0.67171 0.46469
vt 0.68109 0.46377
vt 0.68599 0.45110
vt 0.68109 0.46377
vt 0.69010 0.46104
vt 0.68599 0.45110
vt 0.69841 0.45660
vt 0.69244 0.44766
vt 0.69809 0.44302
vt 0.69841 0.45660
vt 0.70569 0.45062
vt 0.69809 0.44302
vt 0.71167 0.44334
vt 0.70273 0.43737
vt 0.70617 0.43092
vt 0.71167 0.44334
vt 0.71611 0.43503
vt 0.70617 0.43092
vt 0.71884 0.42602
vt 0.70830 0.42392
vt 0.70901 0.41665
vt 0.71884 0.42602
vt 0.71976 0.41665
vt 0.70830 0.40937
vt 0.71976 0.41665
vt 0.71884 0.40727
vt 0.70830 0.40937
vt 0.71611 0.39826
vt 0.70617 0.40237
vt 0.70617 0.40237
vt 0.71167 0.38995
vt 0.70273 0.39593
vt 0.69809 0.39027
vt 0.71167 0.38995
vt 0.70569 0.38267
vt 0.69809 0.39027
vt 0.69841 0.37670
vt 0.69244 0.38564
vt 0.68599 0.38219
vt 0.69841 0.37670
vt 0.69010 0.37226
vt 0.68599 0.38219
vt 0.68109 0.36952
vt 0.67899 0.38007
vt 0.67171 0.37935
vt 0.68109 0.36952
vt 0.67171 0.36860
vt 0.67171 0.37935
vt 0.66234 0.36952
vt 0.66444 0.38007
vt 0.66444 0.38007
vt 0.65333 0.37226
vt 0.65744 0.38219
vt 0.65744 0.38219
vt 0.64502 0.37670
vt 0.65099 0.38564
vt 0.64534 0.39027
vt 0.64502 0.37670
vt 0.63774 0.38267
vt 0.64070 0.39593
vt 0.63774 0.38267
vt 0.63177 0.38995
vt 0.63726 0.40237
vt 0.63177 0.38995
vt 0.62732 0.39826
vt 0.63726 0.40237
vt 0.62459 0.40727
vt 0.63514 0.40937
vt 0.63442 0.41665
vt 0.62459 0.40727
vt 0.62367 0.41665
vt 0.63442 0.41665
vt 0.62459 0.42602
vt 0.63514 0.42392
vt 0.63726 0.43092
vt 0.62459 0.42602
vt 0.62733 0.43503
vt 0.63726 0.43092
vt 0.63177 0.44334
vt 0.64070 0.43737
vt 0.64070 0.43737
vt 0.63774 0.45062
vt 0.64534 0.44302
vt 0.65099 0.44766
vt 0.63774 0.45062
vt 0.64502 0.45660
vt 0.65099 0.44766
vt 0.65333 0.46104
vt 0.65744 0.45110
vt 0.66444 0.45323
vt 0.65333 0.46104
vt 0.66234 0.46377
vt 0.66444 0.45323
vt 0.67171 0.46469
vt 0.67171 0.45394
vt 0.64547 0.25990
vt 0.64304 0.27494
vt 0.64836 0.27442
vt 0.64781 0.25919
vt 0.64836 0.27442
vt 0.65347 0.27287
vt 0.64781 0.25919
vt 0.65819 0.27035
vt 0.64996 0.25804
vt 0.65185 0.25649
vt 0.65819 0.27035
vt 0.66232 0.26696
vt 0.65340 0.25460
vt 0.66232 0.26696
vt 0.66571 0.26282
vt 0.65340 0.25460
vt 0.66823 0.25811
vt 0.65456 0.25245
vt 0.65456 0.25245
vt 0.66978 0.25300
vt 0.65526 0.25011
vt 0.65551 0.24768
vt 0.66978 0.25300
vt 0.67031 0.24768
vt 0.65526 0.24524
vt 0.67031 0.24768
vt 0.66978 0.24235
vt 0.65526 0.24524
vt 0.66823 0.23724
vt 0.65456 0.24290
vt 0.65340 0.24075
vt 0.66823 0.23724
vt 0.66571 0.23252
vt 0.65340 0.24075
vt 0.66232 0.22839
vt 0.65185 0.23886
vt 0.64996 0.23731
vt 0.66232 0.22839
vt 0.65819 0.22500
vt 0.64781 0.23616
vt 0.65819 0.22500
vt 0.65347 0.22248
vt 0.64781 0.23616
vt 0.64836 0.22093
vt 0.64547 0.23545
vt 0.64304 0.23521
vt 0.64836 0.22093
vt 0.64304 0.22040
vt 0.64060 0.23545
vt 0.64304 0.22040
vt 0.63772 0.22093
vt 0.64060 0.23545
vt 0.63260 0.22248
vt 0.63826 0.23616
vt 0.63611 0.23731
vt 0.63260 0.22248
vt 0.62789 0.22500
vt 0.63611 0.23731
vt 0.62375 0.22839
vt 0.63422 0.23886
vt 0.63267 0.24075
vt 0.62375 0.22839
vt 0.62036 0.23252
vt 0.63152 0.24290
vt 0.62036 0.23252
vt 0.61784 0.23724
vt 0.63152 0.24290
vt 0.61629 0.24235
vt 0.63081 0.24524
vt 0.63057 0.24768
vt 0.61629 0.24235
vt 0.61577 0.24768
vt 0.63057 0.24768
vt 0.61629 0.25300
vt 0.63081 0.25011
vt 0.63081 0.25011
vt 0.61784 0.25811
vt 0.63152 0.25245
vt 0.63267 0.25460
vt 0.61784 0.25811
vt 0.62036 0.26282
vt 0.63267 0.25460
vt 0.62375 0.26696
vt 0.63422 0.25649
vt 0.63611 0.25804
vt 0.62375 0.26696
vt 0.62789 0.27035
vt 0.63611 0.25804
vt 0.63260 0.27287
vt 0.63826 0.25919
vt 0.64060 0.25990
vt 0.63260 0.27287
vt 0.63772 0.27442
vt 0.64060 0.25990
vt 0.64304 0.27494
vt 0.64304 0.26014
vt 0.68080 0.46063
vt 0.67222 0.46612
vt 0.67222 0.46147
vt 0.68906 0.45812
vt 0.68171 0.46518
vt 0.68080 0.46063
vt 0.69667 0.45406
vt 0.69084 0.46241
vt 0.68906 0.45812
vt 0.69667 0.45406
vt 0.70662 0.45187
vt 0.69925 0.45792
vt 0.70333 0.44858
vt 0.71267 0.44449
vt 0.70662 0.45187
vt 0.70881 0.44192
vt 0.71716 0.43609
vt 0.71267 0.44449
vt 0.71287 0.43431
vt 0.71993 0.42696
vt 0.71716 0.43609
vt 0.71622 0.41747
vt 0.71993 0.42696
vt 0.71538 0.42605
vt 0.71622 0.41747
vt 0.71993 0.40798
vt 0.72087 0.41747
vt 0.71538 0.40888
vt 0.71716 0.39885
vt 0.71993 0.40798
vt 0.70881 0.39302
vt 0.71716 0.39885
vt 0.71287 0.40063
vt 0.70881 0.39302
vt 0.70662 0.38307
vt 0.71267 0.39044
vt 0.69667 0.38088
vt 0.70662 0.38307
vt 0.70333 0.38635
vt 0.69667 0.38088
vt 0.69084 0.37253
vt 0.69925 0.37702
vt 0.68906 0.37682
vt 0.68171 0.36976
vt 0.69084 0.37253
vt 0.68080 0.37431
vt 0.67222 0.36882
vt 0.68171 0.36976
vt 0.66363 0.37431
vt 0.67222 0.36882
vt 0.67222 0.37347
vt 0.66363 0.37431
vt 0.65360 0.37253
vt 0.66273 0.36976
vt 0.65538 0.37682
vt 0.64519 0.37702
vt 0.65360 0.37253
vt 0.64777 0.38088
vt 0.63782 0.38307
vt 0.64519 0.37702
vt 0.63563 0.39302
vt 0.63782 0.38307
vt 0.64111 0.38635
vt 0.63157 0.40063
vt 0.63177 0.39044
vt 0.63563 0.39302
vt 0.63157 0.40063
vt 0.62451 0.40798
vt 0.62728 0.39885
vt 0.62822 0.41747
vt 0.62451 0.40798
vt 0.62906 0.40888
vt 0.62906 0.42605
vt 0.62357 0.41747
vt 0.62822 0.41747
vt 0.63157 0.43431
vt 0.62451 0.42696
vt 0.62906 0.42605
vt 0.63157 0.43431
vt 0.63177 0.44449
vt 0.62728 0.43609
vt 0.64111 0.44858
vt 0.63177 0.44449
vt 0.63563 0.44192
vt 0.64777 0.45406
vt 0.63782 0.45187
vt 0.64111 0.44858
vt 0.64777 0.45406
vt 0.65360 0.46241
vt 0.64519 0.45792
vt 0.66363 0.46063
vt 0.65360 0.46241
vt 0.65538 0.45812
vt 0.67222 0.46147
vt 0.66273 0.46518
vt 0.66363 0.46063
vt 0.47502 0.89874
vt 0.27146 0.89874
vt 0.27124 0.69527
vt 0.26846 0.87075
vt 0.35340 0.88172
vt 0.35048 0.73851
vt 0.69080 0.54131
vt 0.67997 0.53585
vt 0.68683 0.52601
vt 0.67997 0.53585
vt 0.55202 0.53275
vt 0.54807 0.51745
vt 0.44955 0.81768
vt 0.26996 0.81768
vt 0.26988 0.72791
vt 0.38397 0.65980
vt 0.45828 0.83297
vt 0.43602 0.83585
vt 0.33916 0.92916
vt 0.32488 0.94344
vt 0.32488 0.73718
vt 0.38397 0.65980
vt 0.35618 0.64980
vt 0.51700 0.62904
vt 0.33916 0.92916
vt 0.42801 0.92916
vt 0.42801 0.94344
vt 0.23186 0.97513
vt 0.23186 0.98847
vt 0.07325 0.82841
vt 0.58898 0.87801
vt 0.58898 0.79339
vt 0.61484 0.79342
vt 0.42801 0.92916
vt 0.33916 0.92916
vt 0.33916 0.87646
vt 0.17261 0.85353
vt 0.18134 0.85374
vt 0.21363 0.97814
vt 0.66714 0.60928
vt 0.67997 0.53585
vt 0.69080 0.54131
vt 0.53919 0.60618
vt 0.55202 0.53275
vt 0.67997 0.53585
vt 0.58137 0.19375
vt 0.58143 0.20704
vt 0.52881 0.20704
vt 0.75832 0.78753
vt 0.75975 0.70938
vt 0.83771 0.70604
vt 0.83771 0.70604
vt 0.83771 0.84158
vt 0.75832 0.78753
vt 0.60853 0.23788
vt 0.60810 0.27398
vt 0.59918 0.27439
vt 0.57322 0.28551
vt 0.56986 0.30001
vt 0.53043 0.29986
vt 0.28260 0.68317
vt 0.31574 0.68319
vt 0.31574 0.82193
vt 0.51275 0.27476
vt 0.50055 0.27908
vt 0.49894 0.22912
vt 0.60748 0.21811
vt 0.60853 0.27601
vt 0.60081 0.28235
vt 0.51132 0.27911
vt 0.50315 0.28492
vt 0.50294 0.27136
vt 0.50290 0.26870
vt 0.50215 0.21966
vt 0.51132 0.21688
vt 0.51132 0.27911
vt 0.50294 0.27136
vt 0.50290 0.26870
vt 0.26594 0.82290
vt 0.25844 0.81374
vt 0.25800 0.69871
vt 0.25799 0.69647
vt 0.25794 0.68407
vt 0.26594 0.68413
vt 0.26594 0.82290
vt 0.25800 0.69871
vt 0.26594 0.68413
vt 0.51129 0.28354
vt 0.50360 0.29021
vt 0.50185 0.20997
vt 0.50129 0.28607
vt 0.50129 0.21574
vt 0.51052 0.20935
vt 0.59901 0.26798
vt 0.60850 0.26834
vt 0.60862 0.27783
vt 0.25276 0.80679
vt 0.25223 0.69839
vt 0.25800 0.69871
vt 0.59931 0.21878
vt 0.60886 0.21392
vt 0.60832 0.28467
vt 0.72225 0.36129
vt 0.71052 0.36100
vt 0.67997 0.53585
vt 0.45804 0.32048
vt 0.46670 0.40281
vt 0.52110 0.33032
vt 0.46670 0.40281
vt 0.62879 0.40267
vt 0.54981 0.34189
vt 0.53644 0.33979
vt 0.46670 0.40281
vt 0.54981 0.34189
vt 0.62879 0.40267
vt 0.62106 0.29911
vt 0.61423 0.30906
vt 0.62106 0.29911
vt 0.61380 0.29912
vt 0.61423 0.30906
vt 0.51271 0.32608
vt 0.50580 0.32043
vt 0.45804 0.32048
vt 0.52110 0.33032
vt 0.51271 0.32608
vt 0.45804 0.32048
vt 0.62879 0.40267
vt 0.61423 0.30906
vt 0.60674 0.31985
vt 0.62879 0.40267
vt 0.60674 0.31985
vt 0.58849 0.33044
vt 0.52792 0.33430
vt 0.52110 0.33032
vt 0.46670 0.40281
vt 0.53644 0.33979
vt 0.52792 0.33430
vt 0.46670 0.40281
vt 0.62879 0.40267
vt 0.58849 0.33044
vt 0.57511 0.33658
vt 0.62879 0.40267
vt 0.57511 0.33658
vt 0.56050 0.34167
vt 0.61393 0.32415
vt 0.60877 0.32962
vt 0.62100 0.34098
vt 0.63662 0.35066
vt 0.65653 0.34716
vt 0.65339 0.33657
vt 0.63549 0.34686
vt 0.65339 0.33657
vt 0.64374 0.32492
vt 0.64374 0.32492
vt 0.62885 0.31182
vt 0.61393 0.32415
vt 0.60088 0.41856
vt 0.59455 0.41669
vt 0.58886 0.43246
vt 0.59455 0.41669
vt 0.58318 0.41377
vt 0.57871 0.42914
vt 0.58318 0.41377
vt 0.57367 0.41145
vt 0.57011 0.42644
vt 0.57367 0.41145
vt 0.55962 0.40828
vt 0.55691 0.42258
vt 0.55962 0.40828
vt 0.54643 0.40539
vt 0.54421 0.41896
vt 0.54643 0.40539
vt 0.52795 0.40146
vt 0.52682 0.41411
vt 0.52795 0.40146
vt 0.51895 0.39986
vt 0.51948 0.41236
vt 0.63635 0.35930
vt 0.65093 0.34804
vt 0.62585 0.33130
vt 0.33724 0.48196
vt 0.33725 0.36238
vt 0.33204 0.35666
vt 0.47950 0.19293
vt 0.48298 0.19311
vt 0.46787 0.20063
vt 0.48298 0.19311
vt 0.48498 0.31652
vt 0.45491 0.22249
vt 0.48498 0.31652
vt 0.48027 0.31571
vt 0.46685 0.30740
vt 0.46685 0.30740
vt 0.45006 0.29310
vt 0.44113 0.26880
vt 0.45006 0.29310
vt 0.44391 0.28414
vt 0.44113 0.26880
vt 0.44113 0.26880
vt 0.44119 0.25642
vt 0.48498 0.31652
vt 0.46685 0.30740
vt 0.44113 0.26880
vt 0.48498 0.31652
vt 0.44119 0.25642
vt 0.44728 0.23890
vt 0.48498 0.31652
vt 0.44728 0.23890
vt 0.45491 0.22249
vt 0.48498 0.31652
vt 0.49156 0.31754
vt 0.48498 0.31652
vt 0.48298 0.19311
vt 0.62585 0.33130
vt 0.62130 0.32308
vt 0.61775 0.32579
vt 0.62947 0.35381
vt 0.63081 0.35866
vt 0.63809 0.35598
vt 0.60595 0.31995
vt 0.60148 0.32579
vt 0.60877 0.32962
vt 0.63311 0.32566
vt 0.62793 0.31794
vt 0.62130 0.32308
vt 0.57871 0.42914
vt 0.57609 0.43227
vt 0.58535 0.43530
vt 0.57011 0.42644
vt 0.56825 0.42981
vt 0.57609 0.43227
vt 0.55691 0.42258
vt 0.55620 0.42629
vt 0.56825 0.42981
vt 0.54461 0.42298
vt 0.55620 0.42629
vt 0.55691 0.42258
vt 0.62844 0.35033
vt 0.62947 0.35381
vt 0.63662 0.35066
vt 0.52874 0.41856
vt 0.54461 0.42298
vt 0.54421 0.41896
vt 0.62734 0.33660
vt 0.62100 0.34098
vt 0.62844 0.35033
vt 0.52204 0.41696
vt 0.52874 0.41856
vt 0.52682 0.41411
vt 0.60848 0.26648
vt 0.59899 0.26619
vt 0.59857 0.22984
vt 0.25800 0.69871
vt 0.25223 0.69839
vt 0.25222 0.69604
vt 0.56842 0.20371
vt 0.59888 0.22965
vt 0.59747 0.27447
vt 0.59747 0.27447
vt 0.51852 0.27808
vt 0.56842 0.20371
vt 0.60850 0.26834
vt 0.59901 0.26798
vt 0.59899 0.26619
vt 0.60038 0.23094
vt 0.59918 0.27439
vt 0.59747 0.27447
vt 0.25222 0.69604
vt 0.25216 0.68380
vt 0.25794 0.68407
vt 0.43076 0.73258
vt 0.28246 0.73258
vt 0.28246 0.80122
vt 0.28246 0.80122
vt 0.28246 0.80751
vt 0.43076 0.80750
vt 0.27124 0.69527
vt 0.27146 0.89874
vt 0.47502 0.89874
vt 0.35048 0.73851
vt 0.35340 0.88172
vt 0.26846 0.87075
vt 0.55202 0.53275
vt 0.67997 0.53585
vt 0.54807 0.51745
vt 0.67997 0.53585
vt 0.69080 0.54131
vt 0.68683 0.52601
vt 0.26988 0.72791
vt 0.26996 0.81768
vt 0.44955 0.81768
vt 0.38397 0.65980
vt 0.35618 0.64980
vt 0.43602 0.83585
vt 0.32488 0.73718
vt 0.32488 0.94344
vt 0.33916 0.92916
vt 0.51700 0.62904
vt 0.35618 0.64980
vt 0.38397 0.65980
vt 0.66320 0.03337
vt 0.68603 0.01065
vt 0.35618 0.00833
vt 0.66320 0.31527
vt 0.66320 0.34108
vt 0.68603 0.34124
vt 0.68603 0.34124
vt 0.68603 0.01065
vt 0.66320 0.31527
vt 0.33916 0.92916
vt 0.32488 0.94344
vt 0.42801 0.94344
vt 0.07325 0.82841
vt 0.23186 0.98847
vt 0.23186 0.97513
vt 0.61484 0.79342
vt 0.58898 0.79339
vt 0.58898 0.87801
vt 0.42801 0.92916
vt 0.42801 0.87247
vt 0.33916 0.87646
vt 0.17261 0.85353
vt 0.10952 0.97562
vt 0.21363 0.97814
vt 0.69080 0.54131
vt 0.67997 0.53585
vt 0.66714 0.60928
vt 0.67997 0.53585
vt 0.55202 0.53275
vt 0.53919 0.60618
vt 0.57254 0.31464
vt 0.57254 0.34044
vt 0.66320 0.34108
vt 0.52881 0.20704
vt 0.58143 0.20704
vt 0.58137 0.19375
vt 0.83771 0.70604
vt 0.75975 0.70938
vt 0.75832 0.78753
vt 0.75832 0.78753
vt 0.78465 0.83428
vt 0.83771 0.84158
vt 0.60853 0.23788
vt 0.60038 0.23094
vt 0.59918 0.27439
vt 0.53043 0.29986
vt 0.56986 0.30001
vt 0.57322 0.28551
vt 0.31574 0.82193
vt 0.31574 0.68319
vt 0.28260 0.68317
vt 0.49894 0.22912
vt 0.50055 0.27908
vt 0.51275 0.27476
vt 0.60748 0.21811
vt 0.59956 0.21360
vt 0.60081 0.28235
vt 0.50294 0.27136
vt 0.50315 0.28492
vt 0.51132 0.27911
vt 0.51132 0.27911
vt 0.51132 0.21688
vt 0.50290 0.26870
vt 0.51132 0.21688
vt 0.50215 0.21966
vt 0.50290 0.26870
vt 0.25800 0.69871
vt 0.25844 0.81374
vt 0.26594 0.82290
vt 0.26594 0.82290
vt 0.26594 0.68413
vt 0.25800 0.69871
vt 0.26594 0.68413
vt 0.25794 0.68407
vt 0.25799 0.69647
vt 0.50185 0.20997
vt 0.50360 0.29021
vt 0.51129 0.28354
vt 0.50129 0.28607
vt 0.51052 0.29132
vt 0.51052 0.20935
vt 0.60862 0.27783
vt 0.60850 0.26834
vt 0.59901 0.26798
vt 0.25276 0.80679
vt 0.25844 0.81374
vt 0.25800 0.69871
vt 0.60832 0.28467
vt 0.60886 0.21392
vt 0.59931 0.21878
vt 0.67997 0.53585
vt 0.71052 0.36100
vt 0.72225 0.36129
vt 0.62879 0.40267
vt 0.46670 0.40281
vt 0.54981 0.34189
vt 0.46670 0.40281
vt 0.45804 0.32048
vt 0.52110 0.33032
vt 0.53644 0.33979
vt 0.46670 0.40281
vt 0.52792 0.33430
vt 0.45804 0.32048
vt 0.50580 0.32043
vt 0.51271 0.32608
vt 0.45804 0.32048
vt 0.51271 0.32608
vt 0.52110 0.33032
vt 0.61380 0.29912
vt 0.62106 0.29911
vt 0.61423 0.30906
vt 0.62106 0.29911
vt 0.62879 0.40267
vt 0.61423 0.30906
vt 0.52110 0.33032
vt 0.52792 0.33430
vt 0.46670 0.40281
vt 0.60674 0.31985
vt 0.61423 0.30906
vt 0.62879 0.40267
vt 0.58849 0.33044
vt 0.60674 0.31985
vt 0.62879 0.40267
vt 0.46670 0.40281
vt 0.53644 0.33979
vt 0.54981 0.34189
vt 0.57511 0.33658
vt 0.58849 0.33044
vt 0.62879 0.40267
vt 0.62879 0.40267
vt 0.54981 0.34189
vt 0.56050 0.34167
vt 0.61393 0.32415
vt 0.62734 0.33660
vt 0.62100 0.34098
vt 0.63662 0.35066
vt 0.63549 0.34686
vt 0.65339 0.33657
vt 0.63549 0.34686
vt 0.62734 0.33660
vt 0.64374 0.32492
vt 0.61393 0.32415
vt 0.62885 0.31182
vt 0.64374 0.32492
vt 0.58886 0.43246
vt 0.59455 0.41669
vt 0.60088 0.41856
vt 0.57871 0.42914
vt 0.58318 0.41377
vt 0.59455 0.41669
vt 0.57011 0.42644
vt 0.57367 0.41145
vt 0.58318 0.41377
vt 0.55691 0.42258
vt 0.55962 0.40828
vt 0.57367 0.41145
vt 0.54421 0.41896
vt 0.54643 0.40539
vt 0.55962 0.40828
vt 0.52682 0.41411
vt 0.52795 0.40146
vt 0.54643 0.40539
vt 0.51948 0.41236
vt 0.51895 0.39986
vt 0.52795 0.40146
vt 0.62585 0.33130
vt 0.65093 0.34804
vt 0.63635 0.35930
vt 0.33204 0.35666
vt 0.33725 0.36238
vt 0.33724 0.48196
vt 0.48498 0.31652
vt 0.48298 0.19311
vt 0.45491 0.22249
vt 0.48298 0.19311
vt 0.47950 0.19293
vt 0.46787 0.20063
vt 0.45491 0.22249
vt 0.48298 0.19311
vt 0.46787 0.20063
vt 0.45491 0.22249
vt 0.44728 0.23890
vt 0.48498 0.31652
vt 0.44728 0.23890
vt 0.44119 0.25642
vt 0.48498 0.31652
vt 0.44119 0.25642
vt 0.44113 0.26880
vt 0.48498 0.31652
vt 0.44113 0.26880
vt 0.44391 0.28414
vt 0.45006 0.29310
vt 0.48498 0.31652
vt 0.44113 0.26880
vt 0.46685 0.30740
vt 0.45006 0.29310
vt 0.46685 0.30740
vt 0.44113 0.26880
vt 0.48298 0.19311
vt 0.48498 0.31652
vt 0.49156 0.31754
vt 0.62585 0.33130
vt 0.62195 0.33426
vt 0.61775 0.32579
vt 0.63809 0.35598
vt 0.63081 0.35866
vt 0.62947 0.35381
vt 0.60595 0.31995
vt 0.61393 0.32415
vt 0.60877 0.32962
vt 0.63311 0.32566
vt 0.62585 0.33130
vt 0.62130 0.32308
vt 0.57871 0.42914
vt 0.58886 0.43246
vt 0.58535 0.43530
vt 0.57011 0.42644
vt 0.57871 0.42914
vt 0.57609 0.43227
vt 0.55691 0.42258
vt 0.57011 0.42644
vt 0.56825 0.42981
vt 0.55691 0.42258
vt 0.55620 0.42629
vt 0.54461 0.42298
vt 0.63662 0.35066
vt 0.62947 0.35381
vt 0.62844 0.35033
vt 0.54421 0.41896
vt 0.54461 0.42298
vt 0.52874 0.41856
vt 0.62734 0.33660
vt 0.63549 0.34686
vt 0.62844 0.35033
vt 0.52682 0.41411
vt 0.52874 0.41856
vt 0.52204 0.41696
vt 0.60848 0.26648
vt 0.60808 0.23218
vt 0.59857 0.22984
vt 0.25800 0.69871
vt 0.25799 0.69647
vt 0.25222 0.69604
vt 0.59747 0.27447
vt 0.59888 0.22965
vt 0.56842 0.20371
vt 0.56842 0.20371
vt 0.51594 0.20510
vt 0.51852 0.27808
vt 0.60850 0.26834
vt 0.60848 0.26648
vt 0.59899 0.26619
vt 0.60038 0.23094
vt 0.59888 0.22965
vt 0.59747 0.27447
vt 0.25794 0.68407
vt 0.25216 0.68380
vt 0.25222 0.69604
vt 0.28246 0.80122
vt 0.28246 0.73258
vt 0.43076 0.73258
vt 0.43076 0.73258
vt 0.43076 0.80750
vt 0.28246 0.80122
vt 0.72134 0.19591
vt 0.72134 0.20103
vt 0.67637 0.20103
vt 0.72134 0.20103
vt 0.72134 0.20616
vt 0.67637 0.20616
vt 0.67637 0.20616
vt 0.72134 0.20616
vt 0.72134 0.21128
vt 0.72134 0.21128
vt 0.72134 0.21641
vt 0.67637 0.21641
vt 0.67637 0.21641
vt 0.72134 0.21641
vt 0.72134 0.22153
vt 0.72134 0.22153
vt 0.72134 0.22666
vt 0.67637 0.22666
vt 0.67637 0.22666
vt 0.72134 0.22666
vt 0.72134 0.23178
vt 0.72134 0.23178
vt 0.72134 0.23691
vt 0.67637 0.23691
vt 0.67637 0.23691
vt 0.72134 0.23691
vt 0.72134 0.24204
vt 0.67637 0.24204
vt 0.72134 0.24204
vt 0.72134 0.24716
vt 0.67637 0.24716
vt 0.72134 0.24716
vt 0.72134 0.25228
vt 0.67637 0.25228
vt 0.72134 0.25228
vt 0.72134 0.25741
vt 0.67637 0.25741
vt 0.72134 0.25741
vt 0.72134 0.26254
vt 0.67637 0.26254
vt 0.72134 0.26254
vt 0.72134 0.26766
vt 0.72134 0.26766
vt 0.72134 0.27279
vt 0.67637 0.27279
vt 0.72134 0.27279
vt 0.72134 0.27791
vt 0.67637 0.27791
vt 0.67637 0.27791
vt 0.72134 0.27791
vt 0.72134 0.28304
vt 0.67637 0.28304
vt 0.72134 0.28304
vt 0.72134 0.28816
vt 0.67637 0.28816
vt 0.72134 0.28816
vt 0.72134 0.29329
vt 0.67637 0.29329
vt 0.72134 0.29329
vt 0.72134 0.29841
vt 0.72134 0.29841
vt 0.72134 0.30354
vt 0.67637 0.30354
vt 0.67637 0.30354
vt 0.72134 0.30354
vt 0.72134 0.30866
vt 0.72134 0.30866
vt 0.72134 0.31379
vt 0.67637 0.31379
vt 0.72134 0.31379
vt 0.72134 0.31891
vt 0.67637 0.31891
vt 0.67637 0.31891
vt 0.72134 0.31891
vt 0.72134 0.32404
vt 0.72134 0.32404
vt 0.72134 0.32916
vt 0.67637 0.32916
vt 0.72134 0.32916
vt 0.72134 0.33429
vt 0.67637 0.33429
vt 0.67637 0.33429
vt 0.72134 0.33429
vt 0.72134 0.33941
vt 0.67637 0.33941
vt 0.72134 0.33941
vt 0.72134 0.34454
vt 0.72134 0.34454
vt 0.72134 0.34966
vt 0.67637 0.34966
vt 0.69000 0.46339
vt 0.68097 0.46613
vt 0.67156 0.46706
vt 0.67156 0.46706
vt 0.66216 0.46613
vt 0.65312 0.46339
vt 0.65312 0.46339
vt 0.64479 0.45894
vt 0.63749 0.45294
vt 0.63749 0.45294
vt 0.63150 0.44564
vt 0.62704 0.43731
vt 0.62704 0.43731
vt 0.62430 0.42827
vt 0.62704 0.40043
vt 0.62430 0.42827
vt 0.62338 0.41887
vt 0.62704 0.40043
vt 0.62338 0.41887
vt 0.62430 0.40947
vt 0.62704 0.40043
vt 0.62704 0.40043
vt 0.63150 0.39210
vt 0.63749 0.38479
vt 0.63749 0.38479
vt 0.64479 0.37880
vt 0.65312 0.37435
vt 0.65312 0.37435
vt 0.66216 0.37161
vt 0.67156 0.37068
vt 0.67156 0.37068
vt 0.68097 0.37161
vt 0.69000 0.37435
vt 0.69000 0.37435
vt 0.69834 0.37880
vt 0.70564 0.38479
vt 0.70564 0.38479
vt 0.71163 0.39210
vt 0.69000 0.37435
vt 0.71163 0.39210
vt 0.71608 0.40043
vt 0.69000 0.37435
vt 0.71608 0.40043
vt 0.71883 0.40947
vt 0.71975 0.41887
vt 0.71975 0.41887
vt 0.71883 0.42827
vt 0.71608 0.40043
vt 0.71883 0.42827
vt 0.71608 0.43731
vt 0.71608 0.40043
vt 0.71608 0.43731
vt 0.71163 0.44564
vt 0.69000 0.46339
vt 0.71163 0.44564
vt 0.70564 0.45294
vt 0.69000 0.46339
vt 0.70564 0.45294
vt 0.69834 0.45894
vt 0.69000 0.46339
vt 0.69000 0.46339
vt 0.67156 0.46706
vt 0.65312 0.46339
vt 0.65312 0.46339
vt 0.63749 0.45294
vt 0.62704 0.43731
vt 0.62704 0.40043
vt 0.63749 0.38479
vt 0.62704 0.43731
vt 0.63749 0.38479
vt 0.65312 0.37435
vt 0.62704 0.43731
vt 0.65312 0.37435
vt 0.67156 0.37068
vt 0.71608 0.40043
vt 0.67156 0.37068
vt 0.69000 0.37435
vt 0.71608 0.40043
vt 0.69000 0.46339
vt 0.65312 0.46339
vt 0.62704 0.43731
vt 0.71608 0.40043
vt 0.71608 0.43731
vt 0.69000 0.46339
vt 0.69000 0.46339
vt 0.62704 0.43731
vt 0.65312 0.37435
vt 0.72134 0.34966
vt 0.72134 0.35479
vt 0.67637 0.35479
vt 0.67637 0.35479
vt 0.72134 0.35479
vt 0.72134 0.35991
vt 0.73338 0.33354
vt 0.75000 0.33518
vt 0.76662 0.33354
vt 0.76662 0.33354
vt 0.78260 0.32870
vt 0.79732 0.32083
vt 0.79732 0.32083
vt 0.81023 0.31023
vt 0.82083 0.29732
vt 0.82083 0.29732
vt 0.82870 0.28260
vt 0.83354 0.26662
vt 0.83354 0.26662
vt 0.83518 0.25000
vt 0.82083 0.20268
vt 0.83518 0.25000
vt 0.83354 0.23338
vt 0.82083 0.20268
vt 0.83354 0.23338
vt 0.82870 0.21740
vt 0.82083 0.20268
vt 0.82083 0.20268
vt 0.81023 0.18977
vt 0.76662 0.16645
vt 0.81023 0.18977
vt 0.79732 0.17917
vt 0.76662 0.16645
vt 0.79732 0.17917
vt 0.78260 0.17130
vt 0.76662 0.16645
vt 0.76662 0.16645
vt 0.75000 0.16482
vt 0.73338 0.16645
vt 0.73338 0.16645
vt 0.71740 0.17130
vt 0.76662 0.16645
vt 0.71740 0.17130
vt 0.70268 0.17917
vt 0.76662 0.16645
vt 0.70268 0.17917
vt 0.68977 0.18977
vt 0.67917 0.20268
vt 0.67917 0.20268
vt 0.67130 0.21740
vt 0.66646 0.23338
vt 0.66646 0.23338
vt 0.66482 0.25000
vt 0.66646 0.26662
vt 0.66646 0.26662
vt 0.67130 0.28260
vt 0.66646 0.23338
vt 0.67130 0.28260
vt 0.67917 0.29732
vt 0.66646 0.23338
vt 0.67917 0.29732
vt 0.68977 0.31023
vt 0.73338 0.33354
vt 0.68977 0.31023
vt 0.70268 0.32083
vt 0.73338 0.33354
vt 0.70268 0.32083
vt 0.71740 0.32870
vt 0.73338 0.33354
vt 0.73338 0.33354
vt 0.76662 0.33354
vt 0.79732 0.32083
vt 0.79732 0.32083
vt 0.82083 0.29732
vt 0.73338 0.33354
vt 0.82083 0.29732
vt 0.83354 0.26662
vt 0.73338 0.33354
vt 0.70268 0.17917
vt 0.67917 0.20268
vt 0.66646 0.23338
vt 0.83354 0.26662
vt 0.82083 0.20268
vt 0.76662 0.16645
vt 0.76662 0.16645
vt 0.70268 0.17917
vt 0.66646 0.23338
vt 0.66646 0.23338
vt 0.67917 0.29732
vt 0.73338 0.33354
vt 0.73338 0.33354
vt 0.83354 0.26662
vt 0.66646 0.23338
vt 0.67899 0.45323
vt 0.67171 0.45394
vt 0.67171 0.46469
vt 0.68599 0.45110
vt 0.67899 0.45323
vt 0.68109 0.46377
vt 0.68599 0.45110
vt 0.69010 0.46104
vt 0.69841 0.45660
vt 0.69809 0.44302
vt 0.69244 0.44766
vt 0.69841 0.45660
vt 0.69809 0.44302
vt 0.70569 0.45062
vt 0.71167 0.44334
vt 0.70617 0.43092
vt 0.70273 0.43737
vt 0.71167 0.44334
vt 0.70617 0.43092
vt 0.71611 0.43503
vt 0.71884 0.42602
vt 0.70901 0.41665
vt 0.70830 0.42392
vt 0.71884 0.42602
vt 0.70830 0.40937
vt 0.70901 0.41665
vt 0.71976 0.41665
vt 0.70830 0.40937
vt 0.71884 0.40727
vt 0.71611 0.39826
vt 0.70617 0.40237
vt 0.71611 0.39826
vt 0.71167 0.38995
vt 0.69809 0.39027
vt 0.70273 0.39593
vt 0.71167 0.38995
vt 0.69809 0.39027
vt 0.70569 0.38267
vt 0.69841 0.37670
vt 0.68599 0.38219
vt 0.69244 0.38564
vt 0.69841 0.37670
vt 0.68599 0.38219
vt 0.69010 0.37226
vt 0.68109 0.36952
vt 0.67171 0.37935
vt 0.67899 0.38007
vt 0.68109 0.36952
vt 0.67171 0.37935
vt 0.67171 0.36860
vt 0.66234 0.36952
vt 0.66444 0.38007
vt 0.66234 0.36952
vt 0.65333 0.37226
vt 0.65744 0.38219
vt 0.65333 0.37226
vt 0.64502 0.37670
vt 0.64534 0.39027
vt 0.65099 0.38564
vt 0.64502 0.37670
vt 0.64070 0.39593
vt 0.64534 0.39027
vt 0.63774 0.38267
vt 0.63726 0.40237
vt 0.64070 0.39593
vt 0.63177 0.38995
vt 0.63726 0.40237
vt 0.62732 0.39826
vt 0.62459 0.40727
vt 0.63442 0.41665
vt 0.63514 0.40937
vt 0.62459 0.40727
vt 0.63442 0.41665
vt 0.62367 0.41665
vt 0.62459 0.42602
vt 0.63726 0.43092
vt 0.63514 0.42392
vt 0.62459 0.42602
vt 0.63726 0.43092
vt 0.62733 0.43503
vt 0.63177 0.44334
vt 0.64070 0.43737
vt 0.63177 0.44334
vt 0.63774 0.45062
vt 0.65099 0.44766
vt 0.64534 0.44302
vt 0.63774 0.45062
vt 0.65099 0.44766
vt 0.64502 0.45660
vt 0.65333 0.46104
vt 0.66444 0.45323
vt 0.65744 0.45110
vt 0.65333 0.46104
vt 0.66444 0.45323
vt 0.66234 0.46377
vt 0.67171 0.46469
vt 0.64547 0.25990
vt 0.64304 0.26014
vt 0.64304 0.27494
vt 0.64781 0.25919
vt 0.64547 0.25990
vt 0.64836 0.27442
vt 0.64781 0.25919
vt 0.65347 0.27287
vt 0.65819 0.27035
vt 0.65185 0.25649
vt 0.64996 0.25804
vt 0.65819 0.27035
vt 0.65340 0.25460
vt 0.65185 0.25649
vt 0.66232 0.26696
vt 0.65340 0.25460
vt 0.66571 0.26282
vt 0.66823 0.25811
vt 0.65456 0.25245
vt 0.66823 0.25811
vt 0.66978 0.25300
vt 0.65551 0.24768
vt 0.65526 0.25011
vt 0.66978 0.25300
vt 0.65526 0.24524
vt 0.65551 0.24768
vt 0.67031 0.24768
vt 0.65526 0.24524
vt 0.66978 0.24235
vt 0.66823 0.23724
vt 0.65340 0.24075
vt 0.65456 0.24290
vt 0.66823 0.23724
vt 0.65340 0.24075
vt 0.66571 0.23252
vt 0.66232 0.22839
vt 0.64996 0.23731
vt 0.65185 0.23886
vt 0.66232 0.22839
vt 0.64781 0.23616
vt 0.64996 0.23731
vt 0.65819 0.22500
vt 0.64781 0.23616
vt 0.65347 0.22248
vt 0.64836 0.22093
vt 0.64304 0.23521
vt 0.64547 0.23545
vt 0.64836 0.22093
vt 0.64060 0.23545
vt 0.64304 0.23521
vt 0.64304 0.22040
vt 0.64060 0.23545
vt 0.63772 0.22093
vt 0.63260 0.22248
vt 0.63611 0.23731
vt 0.63826 0.23616
vt 0.63260 0.22248
vt 0.63611 0.23731
vt 0.62789 0.22500
vt 0.62375 0.22839
vt 0.63267 0.24075
vt 0.63422 0.23886
vt 0.62375 0.22839
vt 0.63152 0.24290
vt 0.63267 0.24075
vt 0.62036 0.23252
vt 0.63152 0.24290
vt 0.61784 0.23724
vt 0.61629 0.24235
vt 0.63057 0.24768
vt 0.63081 0.24524
vt 0.61629 0.24235
vt 0.63057 0.24768
vt 0.61577 0.24768
vt 0.61629 0.25300
vt 0.63081 0.25011
vt 0.61629 0.25300
vt 0.61784 0.25811
vt 0.63267 0.25460
vt 0.63152 0.25245
vt 0.61784 0.25811
vt 0.63267 0.25460
vt 0.62036 0.26282
vt 0.62375 0.26696
vt 0.63611 0.25804
vt 0.63422 0.25649
vt 0.62375 0.26696
vt 0.63611 0.25804
vt 0.62789 0.27035
vt 0.63260 0.27287
vt 0.64060 0.25990
vt 0.63826 0.25919
vt 0.63260 0.27287
vt 0.64060 0.25990
vt 0.63772 0.27442
vt 0.64304 0.27494
vt 0.68080 0.46063
vt 0.68171 0.46518
vt 0.67222 0.46612
vt 0.68906 0.45812
vt 0.69084 0.46241
vt 0.68171 0.46518
vt 0.69667 0.45406
vt 0.69925 0.45792
vt 0.69084 0.46241
vt 0.69667 0.45406
vt 0.70333 0.44858
vt 0.70662 0.45187
vt 0.70333 0.44858
vt 0.70881 0.44192
vt 0.71267 0.44449
vt 0.70881 0.44192
vt 0.71287 0.43431
vt 0.71716 0.43609
vt 0.71287 0.43431
vt 0.71538 0.42605
vt 0.71993 0.42696
vt 0.71622 0.41747
vt 0.72087 0.41747
vt 0.71993 0.42696
vt 0.71622 0.41747
vt 0.71538 0.40888
vt 0.71993 0.40798
vt 0.71538 0.40888
vt 0.71287 0.40063
vt 0.71716 0.39885
vt 0.70881 0.39302
vt 0.71267 0.39044
vt 0.71716 0.39885
vt 0.70881 0.39302
vt 0.70333 0.38635
vt 0.70662 0.38307
vt 0.69667 0.38088
vt 0.69925 0.37702
vt 0.70662 0.38307
vt 0.69667 0.38088
vt 0.68906 0.37682
vt 0.69084 0.37253
vt 0.68906 0.37682
vt 0.68080 0.37431
vt 0.68171 0.36976
vt 0.68080 0.37431
vt 0.67222 0.37347
vt 0.67222 0.36882
vt 0.66363 0.37431
vt 0.66273 0.36976
vt 0.67222 0.36882
vt 0.66363 0.37431
vt 0.65538 0.37682
vt 0.65360 0.37253
vt 0.65538 0.37682
vt 0.64777 0.38088
vt 0.64519 0.37702
vt 0.64777 0.38088
vt 0.64111 0.38635
vt 0.63782 0.38307
vt 0.63563 0.39302
vt 0.63177 0.39044
vt 0.63782 0.38307
vt 0.63157 0.40063
vt 0.62728 0.39885
vt 0.63177 0.39044
vt 0.63157 0.40063
vt 0.62906 0.40888
vt 0.62451 0.40798
vt 0.62822 0.41747
vt 0.62357 0.41747
vt 0.62451 0.40798
vt 0.62906 0.42605
vt 0.62451 0.42696
vt 0.62357 0.41747
vt 0.63157 0.43431
vt 0.62728 0.43609
vt 0.62451 0.42696
vt 0.63157 0.43431
vt 0.63563 0.44192
vt 0.63177 0.44449
vt 0.64111 0.44858
vt 0.63782 0.45187
vt 0.63177 0.44449
vt 0.64777 0.45406
vt 0.64519 0.45792
vt 0.63782 0.45187
vt 0.64777 0.45406
vt 0.65538 0.45812
vt 0.65360 0.46241
vt 0.66363 0.46063
vt 0.66273 0.46518
vt 0.65360 0.46241
vt 0.67222 0.46147
vt 0.67222 0.46612
vt 0.66273 0.46518
vn -1.00000 -0.00000 -0.00000
vn -1.00000 -0.00000 -0.00000
vn -1.00000 -0.00000 -0.00000
vn 0.00000 -0.00000 1.00000
vn 0.00000 -0.00000 1.00000
vn 0.00000 -0.00000 1.00000
vn -0.04380 0.97420 -0.22140
vn -0.04380 0.97420 -0.22140
vn -0.04380 0.97420 -0.22140
vn 0.00000 -0.00000 -1.00000
vn 0.00000 -0.00000 -1.00000
vn 0.00000 -0.00000 -1.00000
vn 1.00000 -0.00000 -0.00000
vn 1.00000 -0.00000 -0.00000
vn 1.00000 -0.00000 -0.00000
vn 0.00000 -1.00000 0.00000
vn 0.00000 -1.00000 0.00000
vn 0.00000 -1.00000 0.00000
vn 0.00000 1.00000 -0.00000
vn 0.00000 1.00000 -0.00000
vn 0.00000 1.00000 -0.00000
vn 0.00000 -0.00000 -1.00000
vn 0.00000 -0.00000 -1.00000
vn 0.00000 -0.00000 -1.00000
vn 0.00000 1.00000 -0.00000
vn 0.00000 1.00000 -0.00000
vn 0.00000 1.00000 -0.00000
vn 0.00000 -0.00000 -1.00000
vn 0.00000 -0.00000 -1.00000
vn 0.00000 -0.00000 -1.00000
vn 1.00000 -0.00080 0.00080
vn 1.00000 -0.00080 0.00080
vn 1.00000 -0.00080 0.00080
vn 0.00000 -0.00000 -1.00000
vn 0.00000 -0.00000 -1.00000
vn 0.00000 -0.00000 -1.00000
vn -1.00000 -0.00000 -0.00080
vn -1.00000 -0.00000 -0.00080
vn -1.00000 -0.00000 -0.00080
vn 0.00000 -0.00000 -1.00000
vn 0.00000 -0.00000 -1.00000
vn 0.00000 -0.00000 -1.00000
vn 0.00000 1.00000 -0.00000
vn 0.00000 1.00000 -0.00000
vn 0.00000 1.00000 -0.00000
vn 0.00000 1.00000 -0.00000
vn 0.00000 1.00000 -0.00000
vn 0.00000 1.00000 -0.00000
vn 0.00000 -0.00000 1.00000
vn 0.00000 -0.00000 1.00000
vn 0.00000 -0.00000 1.00000
vn 0.00000 -0.00000 1.00000
vn 0.00000 -0.00000 1.00000
vn 0.00000 -0.00000 1.00000
vn -0.99947 0.03260 -0.00000
vn -0.99947 0.03260 -0.00000
vn -0.99947 0.03260 -0.00000
vn 0.00000 -0.00000 1.00000
vn 0.00000 -0.00000 1.00000
vn 0.00000 -0.00000 1.00000
vn 0.00000 -0.00000 -1.00000
vn 0.00000 -0.00000 -1.00000
vn 0.00000 -0.00000 -1.00000
vn 0.37330 0.92771 -0.00000
vn 0.37330 0.92771 -0.00000
vn 0.37330 0.92771 -0.00000
vn 0.01470 -0.99989 -0.00000
vn 0.01470 -0.99989 -0.00000
vn 0.01470 -0.99989 -0.00000
vn 0.11251 0.99365 -0.00000
vn 0.11251 0.99365 -0.00000
vn 0.11251 0.99365 -0.00000
vn 0.00000 -0.00000 -1.00000
vn 0.00000 -0.00000 -1.00000
vn 0.00000 -0.00000 -1.00000
vn 0.00000 -0.00000 -1.00000
vn 0.00000 -0.00000 -1.00000
vn 0.00000 -0.00000 -1.00000
vn 0.00000 -0.00000 -1.00000
vn 0.00000 -0.00000 -1.00000
vn 0.00000 -0.00000 -1.00000
vn 0.00000 -0.00000 -1.00000
vn 0.00000 -0.00000 -1.00000
vn 0.00000 -0.00000 -1.00000
vn 0.88062 -0.01010 -0.47371
vn 0.88062 -0.01010 -0.47371
vn 0.88062 -0.01010 -0.47371
vn -0.01830 -0.04610 -0.99877
vn -0.01830 -0.04610 -0.99877
vn -0.01830 -0.04610 -0.99877
vn -0.01600 0.86320 -0.50460
vn -0.01600 0.86320 -0.50460
vn -0.01600 0.86320 -0.50460
vn -0.12690 -0.83021 -0.54281
vn -0.12690 -0.83021 -0.54281
vn -0.12690 -0.83021 -0.54281
vn 0.00000 -0.00000 -1.00000
vn 0.00000 -0.00000 -1.00000
vn 0.00000 -0.00000 -1.00000
vn 0.00000 -0.00000 -1.00000
vn 0.00000 -0.00000 -1.00000
vn 0.00000 -0.00000 -1.00000
vn -0.45340 -0.47050 -0.75700
vn -0.45340 -0.47050 -0.75700
vn -0.45340 -0.47050 -0.75700
vn 0.00000 0.93984 -0.34161
vn 0.00000 0.93984 -0.34161
vn 0.00000 0.93984 -0.34161
vn -0.02100 -0.97383 -0.22631
vn -0.02100 -0.97383 -0.22631
vn -0.02100 -0.97383 -0.22631
vn -0.49531 -0.83832 -0.22780
vn -0.49531 -0.83832 -0.22780
vn -0.49531 -0.83832 -0.22780
vn -0.64791 -0.72741 -0.22600
vn -0.64791 -0.72741 -0.22600
vn -0.64791 -0.72741 -0.22600
vn -0.83896 -0.49358 -0.22919
vn -0.83896 -0.49358 -0.22919
vn -0.83896 -0.49358 -0.22919
vn -0.96621 -0.11790 -0.22920
vn -0.96621 -0.11790 -0.22920
vn -0.96621 -0.11790 -0.22920
vn -0.97090 0.03150 -0.23740
vn -0.97090 0.03150 -0.23740
vn -0.97090 0.03150 -0.23740
vn -0.92994 0.27571 -0.24331
vn -0.92994 0.27571 -0.24331
vn -0.92994 0.27571 -0.24331
vn -0.90283 0.34451 -0.25731
vn -0.90283 0.34451 -0.25731
vn -0.90283 0.34451 -0.25731
vn -0.87040 0.41040 -0.27200
vn -0.87040 0.41040 -0.27200
vn -0.87040 0.41040 -0.27200
vn -0.66572 0.68602 -0.29361
vn -0.66572 0.68602 -0.29361
vn -0.66572 0.68602 -0.29361
vn -0.11780 0.94546 -0.30369
vn -0.11780 0.94546 -0.30369
vn -0.11780 0.94546 -0.30369
vn 0.99379 -0.00720 0.11100
vn 0.99379 -0.00720 0.11100
vn 0.99379 -0.00720 0.11100
vn 0.00000 -0.97305 -0.23059
vn 0.00000 -0.97305 -0.23059
vn 0.00000 -0.97305 -0.23059
vn -0.00000 0.06430 -0.99793
vn -0.00000 0.06430 -0.99793
vn -0.00000 0.06430 -0.99793
vn -0.00000 0.06430 -0.99793
vn -0.00000 0.06430 -0.99793
vn -0.00000 0.06430 -0.99793
vn -0.08420 0.70689 -0.70229
vn -0.08420 0.70689 -0.70229
vn -0.08420 0.70689 -0.70229
vn 0.00000 -0.62229 -0.78279
vn 0.00000 -0.62229 -0.78279
vn 0.00000 -0.62229 -0.78279
vn -0.60240 -0.31780 -0.73220
vn -0.60240 -0.31780 -0.73220
vn -0.60240 -0.31780 -0.73220
vn 0.00000 0.71763 -0.69643
vn 0.00000 0.71763 -0.69643
vn 0.00000 0.71763 -0.69643
vn -0.74631 -0.05970 -0.66291
vn -0.74631 -0.05970 -0.66291
vn -0.74631 -0.05970 -0.66291
vn -0.77148 0.05370 -0.63398
vn -0.77148 0.05370 -0.63398
vn -0.77148 0.05370 -0.63398
vn -0.76799 0.25270 -0.58850
vn -0.76799 0.25270 -0.58850
vn -0.76799 0.25270 -0.58850
vn -0.75091 0.31040 -0.58291
vn -0.75091 0.31040 -0.58291
vn -0.75091 0.31040 -0.58291
vn -0.01420 -0.62071 -0.78391
vn -0.01420 -0.62071 -0.78391
vn -0.01420 -0.62071 -0.78391
vn -0.72221 0.36390 -0.58821
vn -0.72221 0.36390 -0.58821
vn -0.72221 0.36390 -0.58821
vn -0.33980 -0.53530 -0.77330
vn -0.33980 -0.53530 -0.77330
vn -0.33980 -0.53530 -0.77330
vn -0.51059 0.55409 -0.65749
vn -0.51059 0.55409 -0.65749
vn -0.51059 0.55409 -0.65749
vn -0.30949 -0.77678 -0.54848
vn -0.30949 -0.77678 -0.54848
vn -0.30949 -0.77678 -0.54848
vn -0.00100 0.05350 -0.99857
vn -0.00100 0.05350 -0.99857
vn -0.00100 0.05350 -0.99857
vn 0.00000 -0.00000 -1.00000
vn 0.00000 -0.00000 -1.00000
vn 0.00000 -0.00000 -1.00000
vn -0.31068 -0.77996 -0.54327
vn -0.31068 -0.77996 -0.54327
vn -0.31068 -0.77996 -0.54327
vn -0.97168 -0.00030 -0.23630
vn -0.97168 -0.00030 -0.23630
vn -0.97168 -0.00030 -0.23630
vn -0.00100 0.05350 -0.99857
vn -0.00100 0.05350 -0.99857
vn -0.00100 0.05350 -0.99857
vn 0.00000 1.00000 -0.00160
vn 0.00000 1.00000 -0.00160
vn 0.00000 1.00000 -0.00160
vn 1.00000 -0.00000 -0.00000
vn 1.00000 -0.00000 -0.00000
vn 1.00000 -0.00000 -0.00000
vn 0.00000 -0.00000 1.00000
vn 0.00000 -0.00000 1.00000
vn 0.00000 -0.00000 1.00000
vn 0.04380 0.97420 -0.22140
vn 0.04380 0.97420 -0.22140
vn 0.04380 0.97420 -0.22140
vn 0.00000 -0.00000 -1.00000
vn 0.00000 -0.00000 -1.00000
vn 0.00000 -0.00000 -1.00000
vn -1.00000 -0.00000 -0.00000
vn -1.00000 -0.00000 -0.00000
vn -1.00000 -0.00000 -0.00000
vn 0.00000 -1.00000 0.00000
vn 0.00000 -1.00000 0.00000
vn 0.00000 -1.00000 0.00000
vn 0.00000 1.00000 -0.00000
vn 0.00000 1.00000 -0.00000
vn 0.00000 1.00000 -0.00000
vn 0.00000 -0.00000 -1.00000
vn 0.00000 -0.00000 -1.00000
vn 0.00000 -0.00000 -1.00000
vn 0.00000 1.00000 -0.00000
vn 0.00000 1.00000 -0.00000
vn 0.00000 1.00000 -0.00000
vn -1.00000 -0.00000 -0.00000
vn -1.00000 -0.00000 -0.00000
vn -1.00000 -0.00000 -0.00000
vn -1.00000 -0.00000 -0.00000
vn -1.00000 -0.00000 -0.00000
vn -1.00000 -0.00000 -0.00000
vn 0.00000 -0.00000 -1.00000
vn 0.00000 -0.00000 -1.00000
vn 0.00000 -0.00000 -1.00000
vn -1.00000 -0.00080 0.00080
vn -1.00000 -0.00080 0.00080
vn -1.00000 -0.00080 0.00080
vn 0.00000 -0.00000 -1.00000
vn 0.00000 -0.00000 -1.00000
vn 0.00000 -0.00000 -1.00000
vn 1.00000 -0.00000 -0.00080
vn 1.00000 -0.00000 -0.00080
vn 1.00000 -0.00000 -0.00080
vn 0.00000 -0.00000 -1.00000
vn 0.00000 -0.00000 -1.00000
vn 0.00000 -0.00000 -1.00000
vn 0.00000 1.00000 -0.00000
vn 0.00000 1.00000 -0.00000
vn 0.00000 1.00000 -0.00000
vn 0.00000 1.00000 -0.00000
vn 0.00000 1.00000 -0.00000
vn 0.00000 1.00000 -0.00000
vn 0.00000 -0.00000 1.00000
vn 0.00000 -0.00000 1.00000
vn 0.00000 -0.00000 1.00000
vn 0.00000 -0.00000 1.00000
vn 0.00000 -0.00000 1.00000
vn 0.00000 -0.00000 1.00000
vn -1.00000 -0.00000 -0.00000
vn -1.00000 -0.00000 -0.00000
vn -1.00000 -0.00000 -0.00000
vn 0.99947 0.03260 -0.00000
vn 0.99947 0.03260 -0.00000
vn 0.99947 0.03260 -0.00000
vn 0.00000 -0.00000 1.00000
vn 0.00000 -0.00000 1.00000
vn 0.00000 -0.00000 1.00000
vn 0.00000 -0.00000 -1.00000
vn 0.00000 -0.00000 -1.00000
vn 0.00000 -0.00000 -1.00000
vn -0.37330 0.92771 -0.00000
vn -0.37330 0.92771 -0.00000
vn -0.37330 0.92771 -0.00000
vn -0.01470 -0.99989 -0.00000
vn -0.01470 -0.99989 -0.00000
vn -0.01470 -0.99989 -0.00000
vn -0.11251 0.99365 -0.00000
vn -0.11251 0.99365 -0.00000
vn -0.11251 0.99365 -0.00000
vn 0.00000 -0.00000 -1.00000
vn 0.00000 -0.00000 -1.00000
vn 0.00000 -0.00000 -1.00000
vn 0.00000 -0.00000 -1.00000
vn 0.00000 -0.00000 -1.00000
vn 0.00000 -0.00000 -1.00000
vn 0.00000 -0.00000 -1.00000
vn 0.00000 -0.00000 -1.00000
vn 0.00000 -0.00000 -1.00000
vn 0.00000 -0.00000 -1.00000
vn 0.00000 -0.00000 -1.00000
vn 0.00000 -0.00000 -1.00000
vn -0.81329 0.00860 -0.58179
vn -0.81329 0.00860 -0.58179
vn -0.81329 0.00860 -0.58179
vn 0.01830 -0.04610 -0.99877
vn 0.01830 -0.04610 -0.99877
vn 0.01830 -0.04610 -0.99877
vn 0.01680 0.85877 -0.51208
vn 0.01680 0.85877 -0.51208
vn 0.01680 0.85877 -0.51208
vn 0.12690 -0.83021 -0.54281
vn 0.12690 -0.83021 -0.54281
vn 0.12690 -0.83021 -0.54281
vn 0.00000 -0.00000 -1.00000
vn 0.00000 -0.00000 -1.00000
vn 0.00000 -0.00000 -1.00000
vn 0.00000 -0.00000 -1.00000
vn 0.00000 -0.00000 -1.00000
vn 0.00000 -0.00000 -1.00000
vn 0.45340 -0.47050 -0.75700
vn 0.45340 -0.47050 -0.75700
vn 0.45340 -0.47050 -0.75700
vn 0.00000 0.93984 -0.34161
vn 0.00000 0.93984 -0.34161
vn 0.00000 0.93984 -0.34161
vn 0.02070 -0.97386 -0.22619
vn 0.02070 -0.97386 -0.22619
vn 0.02070 -0.97386 -0.22619
vn 0.49008 -0.84227 -0.22449
vn 0.49008 -0.84227 -0.22449
vn 0.49008 -0.84227 -0.22449
vn 0.64791 -0.72741 -0.22600
vn 0.64791 -0.72741 -0.22600
vn 0.64791 -0.72741 -0.22600
vn 0.83896 -0.49358 -0.22919
vn 0.83896 -0.49358 -0.22919
vn 0.83896 -0.49358 -0.22919
vn 0.96621 -0.11790 -0.22920
vn 0.96621 -0.11790 -0.22920
vn 0.96621 -0.11790 -0.22920
vn 0.97090 0.03150 -0.23740
vn 0.97090 0.03150 -0.23740
vn 0.97090 0.03150 -0.23740
vn 0.92994 0.27571 -0.24331
vn 0.92994 0.27571 -0.24331
vn 0.92994 0.27571 -0.24331
vn 0.90283 0.34451 -0.25731
vn 0.90283 0.34451 -0.25731
vn 0.90283 0.34451 -0.25731
vn 0.87040 0.41040 -0.27200
vn 0.87040 0.41040 -0.27200
vn 0.87040 0.41040 -0.27200
vn 0.66572 0.68602 -0.29361
vn 0.66572 0.68602 -0.29361
vn 0.66572 0.68602 -0.29361
vn 0.11780 0.94546 -0.30369
vn 0.11780 0.94546 -0.30369
vn 0.11780 0.94546 -0.30369
vn -0.99379 -0.00720 0.11100
vn -0.99379 -0.00720 0.11100
vn -0.99379 -0.00720 0.11100
vn 0.00000 -0.97305 -0.23059
vn 0.00000 -0.97305 -0.23059
vn 0.00000 -0.97305 -0.23059
vn -0.00000 0.06430 -0.99793
vn -0.00000 0.06430 -0.99793
vn -0.00000 0.06430 -0.99793
vn -0.00000 0.06430 -0.99793
vn -0.00000 0.06430 -0.99793
vn -0.00000 0.06430 -0.99793
vn 0.08420 0.70689 -0.70229
vn 0.08420 0.70689 -0.70229
vn 0.08420 0.70689 -0.70229
vn 0.00000 -0.62229 -0.78279
vn 0.00000 -0.62229 -0.78279
vn 0.00000 -0.62229 -0.78279
vn 0.60240 -0.31780 -0.73220
vn 0.60240 -0.31780 -0.73220
vn 0.60240 -0.31780 -0.73220
vn 0.00000 0.71763 -0.69643
vn 0.00000 0.71763 -0.69643
vn 0.00000 0.71763 -0.69643
vn 0.74631 -0.05970 -0.66291
vn 0.74631 -0.05970 -0.66291
vn 0.74631 -0.05970 -0.66291
vn 0.77148 0.05380 -0.63398
vn 0.77148 0.05380 -0.63398
vn 0.77148 0.05380 -0.63398
vn 0.76799 0.25270 -0.58850
vn 0.76799 0.25270 -0.58850
vn 0.76799 0.25270 -0.58850
vn 0.75091 0.31040 -0.58291
vn 0.75091 0.31040 -0.58291
vn 0.75091 0.31040 -0.58291
vn 0.01420 -0.62071 -0.78391
vn 0.01420 -0.62071 -0.78391
vn 0.01420 -0.62071 -0.78391
vn 0.72221 0.36390 -0.58821
vn 0.72221 0.36390 -0.58821
vn 0.72221 0.36390 -0.58821
vn 0.33978 -0.53537 -0.77326
vn 0.33978 -0.53537 -0.77326
vn 0.33978 -0.53537 -0.77326
vn 0.51059 0.55409 -0.65749
vn 0.51059 0.55409 -0.65749
vn 0.51059 0.55409 -0.65749
vn 0.30931 -0.78033 -0.54352
vn 0.30931 -0.78033 -0.54352
vn 0.30931 -0.78033 -0.54352
vn 0.88694 0.40562 -0.22091
vn 0.88694 0.40562 -0.22091
vn 0.88694 0.40562 -0.22091
vn 0.00000 -0.00000 -1.00000
vn 0.00000 -0.00000 -1.00000
vn 0.00000 -0.00000 -1.00000
vn 0.97188 -0.01180 -0.23519
vn 0.97188 -0.01180 -0.23519
vn 0.97188 -0.01180 -0.23519
vn 0.96982 -0.00210 -0.24381
vn 0.96982 -0.00210 -0.24381
vn 0.96982 -0.00210 -0.24381
vn 0.00100 0.05350 -0.99857
vn 0.00100 0.05350 -0.99857
vn 0.00100 0.05350 -0.99857
vn 0.00000 1.00000 -0.00160
vn 0.00000 1.00000 -0.00160
vn 0.00000 1.00000 -0.00160
vn 0.09210 -0.91611 -0.39020
vn 0.09210 -0.91611 -0.39020
vn 0.09210 -0.91611 -0.39020
vn 0.27281 -0.90924 -0.31441
vn 0.27281 -0.90924 -0.31441
vn 0.27281 -0.90924 -0.31441
vn 0.44300 -0.86741 -0.22660
vn 0.44300 -0.86741 -0.22660
vn 0.44300 -0.86741 -0.22660
vn 0.59611 -0.79231 -0.13000
vn 0.59611 -0.79231 -0.13000
vn 0.59611 -0.79231 -0.13000
vn 0.72639 -0.68669 -0.02850
vn 0.72639 -0.68669 -0.02850
vn 0.72639 -0.68669 -0.02850
vn 0.82872 -0.55472 0.07420
vn 0.82872 -0.55472 0.07420
vn 0.82872 -0.55472 0.07420
vn 0.89923 -0.40142 0.17391
vn 0.89923 -0.40142 0.17391
vn 0.89923 -0.40142 0.17391
vn 0.93516 -0.23269 0.26709
vn 0.93516 -0.23269 0.26709
vn 0.93516 -0.23269 0.26709
vn 0.93517 -0.05500 0.34989
vn 0.93517 -0.05500 0.34989
vn 0.93517 -0.05500 0.34989
vn 0.89922 0.12480 0.41931
vn 0.89922 0.12480 0.41931
vn 0.89922 0.12480 0.41931
vn 0.82871 0.29980 0.47261
vn 0.82871 0.29980 0.47261
vn 0.82871 0.29980 0.47261
vn 0.72641 0.46321 0.50771
vn 0.72641 0.46321 0.50771
vn 0.72641 0.46321 0.50771
vn 0.59612 0.60892 0.52332
vn 0.59612 0.60892 0.52332
vn 0.59612 0.60892 0.52332
vn 0.44299 0.73118 0.51879
vn 0.44299 0.73118 0.51879
vn 0.44299 0.73118 0.51879
vn 0.27280 0.82531 0.49441
vn 0.27280 0.82531 0.49441
vn 0.27280 0.82531 0.49441
vn 0.09210 0.88777 0.45098
vn 0.09210 0.88777 0.45098
vn 0.09210 0.88777 0.45098
vn -0.09210 0.91611 0.39020
vn -0.09210 0.91611 0.39020
vn -0.09210 0.91611 0.39020
vn -0.27281 0.90924 0.31441
vn -0.27281 0.90924 0.31441
vn -0.27281 0.90924 0.31441
vn -0.44300 0.86741 0.22660
vn -0.44300 0.86741 0.22660
vn -0.44300 0.86741 0.22660
vn -0.59611 0.79231 0.13000
vn -0.59611 0.79231 0.13000
vn -0.59611 0.79231 0.13000
vn -0.72639 0.68669 0.02850
vn -0.72639 0.68669 0.02850
vn -0.72639 0.68669 0.02850
vn -0.82872 0.55472 -0.07420
vn -0.82872 0.55472 -0.07420
vn -0.82872 0.55472 -0.07420
vn -0.89923 0.40142 -0.17391
vn -0.89923 0.40142 -0.17391
vn -0.89923 0.40142 -0.17391
vn -0.93516 0.23269 -0.26709
vn -0.93516 0.23269 -0.26709
vn -0.93516 0.23269 -0.26709
vn -0.93517 0.05500 -0.34989
vn -0.93517 0.05500 -0.34989
vn -0.93517 0.05500 -0.34989
vn -0.89922 -0.12480 -0.41931
vn -0.89922 -0.12480 -0.41931
vn -0.89922 -0.12480 -0.41931
vn -0.82871 -0.29980 -0.47261
vn -0.82871 -0.29980 -0.47261
vn -0.82871 -0.29980 -0.47261
vn -0.72641 -0.46321 -0.50771
vn -0.72641 -0.46321 -0.50771
vn -0.72641 -0.46321 -0.50771
vn -0.59612 -0.60892 -0.52332
vn -0.59612 -0.60892 -0.52332
vn -0.59612 -0.60892 -0.52332
vn -0.44299 -0.73118 -0.51879
vn -0.44299 -0.73118 -0.51879
vn -0.44299 -0.73118 -0.51879
vn 0.34199 0.39709 -0.85168
vn 0.34199 0.39709 -0.85168
vn 0.34199 0.39709 -0.85168
vn -0.27280 -0.82531 -0.49441
vn -0.27280 -0.82531 -0.49441
vn -0.27280 -0.82531 -0.49441
vn -0.09210 -0.88777 -0.45098
vn -0.09210 -0.88777 -0.45098
vn -0.09210 -0.88777 -0.45098
vn -0.34199 -0.39709 0.85168
vn -0.34199 -0.39709 0.85168
vn -0.34199 -0.39709 0.85168
vn -0.34199 -0.39709 0.85168
vn -0.34199 -0.39709 0.85168
vn -0.34199 -0.39709 0.85168
vn -0.34199 -0.39709 0.85168
vn -0.34199 -0.39709 0.85168
vn -0.34199 -0.39709 0.85168
vn -0.34202 -0.39712 0.85165
vn -0.34202 -0.39712 0.85165
vn -0.34202 -0.39712 0.85165
vn -0.34199 -0.39709 0.85168
vn -0.34199 -0.39709 0.85168
vn -0.34199 -0.39709 0.85168
vn -0.34199 -0.39709 0.85168
vn -0.34199 -0.39709 0.85168
vn -0.34199 -0.39709 0.85168
vn -0.34199 -0.39709 0.85168
vn -0.34199 -0.39709 0.85168
vn -0.34199 -0.39709 0.85168
vn -0.34199 -0.39709 0.85168
vn -0.34199 -0.39709 0.85168
vn -0.34199 -0.39709 0.85168
vn -0.34199 -0.39709 0.85168
vn -0.34199 -0.39709 0.85168
vn -0.34199 -0.39709 0.85168
vn -0.34199 -0.39709 0.85168
vn -0.34199 -0.39709 0.85168
vn -0.34199 -0.39709 0.85168
vn -0.34199 -0.39709 0.85168
vn -0.34199 -0.39709 0.85168
vn -0.34199 -0.39709 0.85168
vn -0.34199 -0.39709 0.85168
vn -0.34199 -0.39709 0.85168
vn -0.34199 -0.39709 0.85168
vn -0.34199 -0.39709 0.85168
vn -0.34199 -0.39709 0.85168
vn -0.34199 -0.39709 0.85168
vn -0.34199 -0.39709 0.85168
vn -0.34199 -0.39709 0.85168
vn -0.34199 -0.39709 0.85168
vn -0.34199 -0.39709 0.85168
vn -0.34199 -0.39709 0.85168
vn -0.34199 -0.39709 0.85168
vn -0.34199 -0.39709 0.85168
vn -0.34199 -0.39709 0.85168
vn -0.34199 -0.39709 0.85168
vn -0.34199 -0.39709 0.85168
vn -0.34199 -0.39709 0.85168
vn -0.34199 -0.39709 0.85168
vn -0.34202 -0.39712 0.85165
vn -0.34202 -0.39712 0.85165
vn -0.34202 -0.39712 0.85165
vn -0.34199 -0.39709 0.85168
vn -0.34199 -0.39709 0.85168
vn -0.34199 -0.39709 0.85168
vn -0.34202 -0.39712 0.85165
vn -0.34202 -0.39712 0.85165
vn -0.34202 -0.39712 0.85165
vn -0.34199 -0.39709 0.85168
vn -0.34199 -0.39709 0.85168
vn -0.34199 -0.39709 0.85168
vn -0.34199 -0.39709 0.85168
vn -0.34199 -0.39709 0.85168
vn -0.34199 -0.39709 0.85168
vn -0.34199 -0.39709 0.85168
vn -0.34199 -0.39709 0.85168
vn -0.34199 -0.39709 0.85168
vn -0.34199 -0.39709 0.85168
vn -0.34199 -0.39709 0.85168
vn -0.34199 -0.39709 0.85168
vn -0.34199 -0.39709 0.85168
vn -0.34199 -0.39709 0.85168
vn -0.34199 -0.39709 0.85168
vn -0.34199 -0.39709 0.85168
vn -0.34199 -0.39709 0.85168
vn -0.34199 -0.39709 0.85168
vn -0.34199 -0.39709 0.85168
vn -0.34199 -0.39709 0.85168
vn -0.34199 -0.39709 0.85168
vn -0.34199 -0.39709 0.85168
vn -0.34199 -0.39709 0.85168
vn -0.34199 -0.39709 0.85168
vn -0.34199 -0.39709 0.85168
vn -0.34199 -0.39709 0.85168
vn -0.34199 -0.39709 0.85168
vn -0.34199 -0.39709 0.85168
vn -0.34199 -0.39709 0.85168
vn -0.34199 -0.39709 0.85168
vn -0.34199 -0.39709 0.85168
vn -0.34199 -0.39709 0.85168
vn -0.34199 -0.39709 0.85168
vn -0.34199 -0.39709 0.85168
vn -0.34199 -0.39709 0.85168
vn -0.34199 -0.39709 0.85168
vn -0.34199 -0.39709 0.85168
vn -0.34199 -0.39709 0.85168
vn -0.34199 -0.39709 0.85168
vn -0.05750 -0.99834 -0.00320
vn -0.05750 -0.99834 -0.00320
vn -0.05750 -0.99834 -0.00320
vn 0.10700 -0.99208 0.06580
vn 0.10700 -0.99208 0.06580
vn 0.10700 -0.99208 0.06580
vn 0.26190 -0.95402 0.14580
vn 0.26190 -0.95402 0.14580
vn 0.26190 -0.95402 0.14580
vn 0.40139 -0.88559 0.23370
vn 0.40139 -0.88559 0.23370
vn 0.40139 -0.88559 0.23370
vn 0.52003 -0.78944 0.32612
vn 0.52003 -0.78944 0.32612
vn 0.52003 -0.78944 0.32612
vn 0.61319 -0.66929 0.41959
vn 0.61319 -0.66929 0.41959
vn 0.61319 -0.66929 0.41959
vn 0.67738 -0.52968 0.51048
vn 0.67738 -0.52968 0.51048
vn 0.67738 -0.52968 0.51048
vn 0.71010 -0.37600 0.59530
vn 0.71010 -0.37600 0.59530
vn 0.71010 -0.37600 0.59530
vn 0.71010 -0.21430 0.67070
vn 0.71010 -0.21430 0.67070
vn 0.71010 -0.21430 0.67070
vn 0.67739 -0.05060 0.73389
vn 0.67739 -0.05060 0.73389
vn 0.67739 -0.05060 0.73389
vn 0.61320 0.10880 0.78240
vn 0.61320 0.10880 0.78240
vn 0.61320 0.10880 0.78240
vn 0.52000 0.25760 0.81440
vn 0.52000 0.25760 0.81440
vn 0.52000 0.25760 0.81440
vn 0.40141 0.39021 0.82862
vn 0.40141 0.39021 0.82862
vn 0.40141 0.39021 0.82862
vn 0.26190 0.50160 0.82450
vn 0.26190 0.50160 0.82450
vn 0.26190 0.50160 0.82450
vn 0.10700 0.58728 0.80228
vn 0.10700 0.58728 0.80228
vn 0.10700 0.58728 0.80228
vn -0.05750 0.64420 0.76270
vn -0.05750 0.64420 0.76270
vn -0.05750 0.64420 0.76270
vn -0.22529 0.66997 0.70737
vn -0.22529 0.66997 0.70737
vn -0.22529 0.66997 0.70737
vn -0.38980 0.66370 0.63840
vn -0.38980 0.66370 0.63840
vn -0.38980 0.66370 0.63840
vn -0.54470 0.62570 0.55840
vn -0.54470 0.62570 0.55840
vn -0.54470 0.62570 0.55840
vn -0.68421 0.55721 0.47051
vn -0.68421 0.55721 0.47051
vn -0.68421 0.55721 0.47051
vn -0.80281 0.46110 0.37800
vn -0.80281 0.46110 0.37800
vn -0.80281 0.46110 0.37800
vn -0.89599 0.34090 0.28460
vn -0.89599 0.34090 0.28460
vn -0.89599 0.34090 0.28460
vn -0.96019 0.20130 0.19370
vn -0.96019 0.20130 0.19370
vn -0.96019 0.20130 0.19370
vn -0.99291 0.04770 0.10890
vn -0.99291 0.04770 0.10890
vn -0.99291 0.04770 0.10890
vn -0.99290 -0.11410 0.03350
vn -0.99290 -0.11410 0.03350
vn -0.99290 -0.11410 0.03350
vn -0.96018 -0.27779 -0.02970
vn -0.96018 -0.27779 -0.02970
vn -0.96018 -0.27779 -0.02970
vn -0.89601 -0.43710 -0.07820
vn -0.89601 -0.43710 -0.07820
vn -0.89601 -0.43710 -0.07820
vn -0.80279 -0.58599 -0.11020
vn -0.80279 -0.58599 -0.11020
vn -0.80279 -0.58599 -0.11020
vn -0.68420 -0.71860 -0.12440
vn -0.68420 -0.71860 -0.12440
vn -0.68420 -0.71860 -0.12440
vn -0.54473 -0.82994 -0.12031
vn -0.54473 -0.82994 -0.12031
vn -0.54473 -0.82994 -0.12031
vn -0.38979 -0.91567 -0.09810
vn -0.38979 -0.91567 -0.09810
vn -0.38979 -0.91567 -0.09810
vn -0.22531 -0.97253 -0.05850
vn -0.22531 -0.97253 -0.05850
vn -0.22531 -0.97253 -0.05850
vn 0.32110 -0.28510 -0.90311
vn 0.32110 -0.28510 -0.90311
vn 0.32110 -0.28510 -0.90311
vn 0.43729 -0.28070 -0.85439
vn 0.43729 -0.28070 -0.85439
vn 0.43729 -0.28070 -0.85439
vn 0.54679 -0.25379 -0.79788
vn 0.54679 -0.25379 -0.79788
vn 0.54679 -0.25379 -0.79788
vn 0.64530 -0.20540 -0.73580
vn 0.64530 -0.20540 -0.73580
vn 0.64530 -0.20540 -0.73580
vn 0.72908 -0.13750 -0.67048
vn 0.72908 -0.13750 -0.67048
vn 0.72908 -0.13750 -0.67048
vn 0.79488 -0.05260 -0.60448
vn 0.79488 -0.05260 -0.60448
vn 0.79488 -0.05260 -0.60448
vn 0.84021 0.04600 -0.54031
vn 0.84021 0.04600 -0.54031
vn 0.84021 0.04600 -0.54031
vn 0.86333 0.15450 -0.48041
vn 0.86333 0.15450 -0.48041
vn 0.86333 0.15450 -0.48041
vn 0.86334 0.26871 -0.42712
vn 0.86334 0.26871 -0.42712
vn 0.86334 0.26871 -0.42712
vn 0.84023 0.38431 -0.38251
vn 0.84023 0.38431 -0.38251
vn 0.84023 0.38431 -0.38251
vn 0.79489 0.49690 -0.34820
vn 0.79489 0.49690 -0.34820
vn 0.79489 0.49690 -0.34820
vn 0.72910 0.60200 -0.32560
vn 0.72910 0.60200 -0.32560
vn 0.72910 0.60200 -0.32560
vn 0.64530 0.69570 -0.31560
vn 0.64530 0.69570 -0.31560
vn 0.64530 0.69570 -0.31560
vn 0.54681 0.77431 -0.31850
vn 0.54681 0.77431 -0.31850
vn 0.54681 0.77431 -0.31850
vn 0.43730 0.83491 -0.33420
vn 0.43730 0.83491 -0.33420
vn 0.43730 0.83491 -0.33420
vn 0.32110 0.87509 -0.36210
vn 0.32110 0.87509 -0.36210
vn 0.32110 0.87509 -0.36210
vn 0.20270 0.89328 -0.40119
vn 0.20270 0.89328 -0.40119
vn 0.20270 0.89328 -0.40119
vn 0.08650 0.88888 -0.44989
vn 0.08650 0.88888 -0.44989
vn 0.08650 0.88888 -0.44989
vn -0.02300 0.86199 -0.50640
vn -0.02300 0.86199 -0.50640
vn -0.02300 0.86199 -0.50640
vn -0.12151 0.81364 -0.56853
vn -0.12151 0.81364 -0.56853
vn -0.12151 0.81364 -0.56853
vn -0.20531 0.74573 -0.63383
vn -0.20531 0.74573 -0.63383
vn -0.20531 0.74573 -0.63383
vn -0.27110 0.66090 -0.69980
vn -0.27110 0.66090 -0.69980
vn -0.27110 0.66090 -0.69980
vn -0.31640 0.56230 -0.76401
vn -0.31640 0.56230 -0.76401
vn -0.31640 0.56230 -0.76401
vn -0.33951 0.45372 -0.82393
vn -0.33951 0.45372 -0.82393
vn -0.33951 0.45372 -0.82393
vn -0.33950 0.33950 -0.87720
vn -0.33950 0.33950 -0.87720
vn -0.33950 0.33950 -0.87720
vn -0.31641 0.22390 -0.92182
vn -0.31641 0.22390 -0.92182
vn -0.31641 0.22390 -0.92182
vn -0.27110 0.11130 -0.95610
vn -0.27110 0.11130 -0.95610
vn -0.27110 0.11130 -0.95610
vn -0.20530 0.00620 -0.97868
vn -0.20530 0.00620 -0.97868
vn -0.20530 0.00620 -0.97868
vn -0.12150 -0.08750 -0.98873
vn -0.12150 -0.08750 -0.98873
vn -0.12150 -0.08750 -0.98873
vn -0.02300 -0.16611 -0.98584
vn -0.02300 -0.16611 -0.98584
vn -0.02300 -0.16611 -0.98584
vn 0.08650 -0.22670 -0.97011
vn 0.08650 -0.22670 -0.97011
vn 0.08650 -0.22670 -0.97011
vn 0.20270 -0.26680 -0.94220
vn 0.20270 -0.26680 -0.94220
vn 0.20270 -0.26680 -0.94220
vn -1.00000 -0.00000 -0.00000
vn -1.00000 -0.00000 -0.00000
vn -1.00000 -0.00000 -0.00000
vn 0.00000 -0.00000 1.00000
vn 0.00000 -0.00000 1.00000
vn 0.00000 -0.00000 1.00000
vn -0.47188 0.88166 -0.00040
vn -0.47188 0.88166 -0.00040
vn -0.47188 0.88166 -0.00040
vn 0.00000 1.00000 -0.00000
vn 0.00000 1.00000 -0.00000
vn 0.00000 1.00000 -0.00000
vn 0.00000 -1.00000 0.00000
vn 0.00000 -1.00000 0.00000
vn 0.00000 -1.00000 0.00000
vn 0.00000 1.00000 -0.00000
vn 0.00000 1.00000 -0.00000
vn 0.00000 1.00000 -0.00000
vn 0.00000 -0.00000 -1.00000
vn 0.00000 -0.00000 -1.00000
vn 0.00000 -0.00000 -1.00000
vn 0.00000 1.00000 -0.00000
vn 0.00000 1.00000 -0.00000
vn 0.00000 1.00000 -0.00000
vn 0.00000 -0.00000 -1.00000
vn 0.00000 -0.00000 -1.00000
vn 0.00000 -0.00000 -1.00000
vn 1.00000 -0.00080 0.00080
vn 1.00000 -0.00080 0.00080
vn 1.00000 -0.00080 0.00080
vn -1.00000 -0.00000 -0.00080
vn -1.00000 -0.00000 -0.00080
vn -1.00000 -0.00000 -0.00080
vn 0.00000 -0.00000 -1.00000
vn 0.00000 -0.00000 -1.00000
vn 0.00000 -0.00000 -1.00000
vn 0.00000 1.00000 -0.00000
vn 0.00000 1.00000 -0.00000
vn 0.00000 1.00000 -0.00000
vn 0.00000 -0.00000 1.00000
vn 0.00000 -0.00000 1.00000
vn 0.00000 -0.00000 1.00000
vn 0.00000 -0.00000 1.00000
vn 0.00000 -0.00000 1.00000
vn 0.00000 -0.00000 1.00000
vn -0.99947 0.03260 -0.00000
vn -0.99947 0.03260 -0.00000
vn -0.99947 0.03260 -0.00000
vn 0.00000 -0.00000 1.00000
vn 0.00000 -0.00000 1.00000
vn 0.00000 -0.00000 1.00000
vn 0.00000 -0.00000 1.00000
vn 0.00000 -0.00000 1.00000
vn 0.00000 -0.00000 1.00000
vn 0.00000 -0.00000 -1.00000
vn 0.00000 -0.00000 -1.00000
vn 0.00000 -0.00000 -1.00000
vn 0.37330 0.92771 -0.00000
vn 0.37330 0.92771 -0.00000
vn 0.37330 0.92771 -0.00000
vn 0.01470 -0.99989 -0.00000
vn 0.01470 -0.99989 -0.00000
vn 0.01470 -0.99989 -0.00000
vn 0.11251 0.99365 -0.00000
vn 0.11251 0.99365 -0.00000
vn 0.11251 0.99365 -0.00000
vn 0.00000 -0.00000 -1.00000
vn 0.00000 -0.00000 -1.00000
vn 0.00000 -0.00000 -1.00000
vn 0.00000 -0.00000 -1.00000
vn 0.00000 -0.00000 -1.00000
vn 0.00000 -0.00000 -1.00000
vn 0.00000 -0.00000 -1.00000
vn 0.00000 -0.00000 -1.00000
vn 0.00000 -0.00000 -1.00000
vn 0.00000 -0.00000 -1.00000
vn 0.00000 -0.00000 -1.00000
vn 0.00000 -0.00000 -1.00000
vn 0.00000 -0.00000 -1.00000
vn 0.00000 -0.00000 -1.00000
vn 0.00000 -0.00000 -1.00000
vn 0.00000 -0.00000 -1.00000
vn 0.00000 -0.00000 -1.00000
vn 0.00000 -0.00000 -1.00000
vn 0.00000 -0.00000 -1.00000
vn 0.00000 -0.00000 -1.00000
vn 0.00000 -0.00000 -1.00000
vn 0.00000 -0.00000 -1.00000
vn 0.00000 -0.00000 -1.00000
vn 0.00000 -0.00000 -1.00000
vn 0.81329 0.00860 -0.58179
vn 0.81329 0.00860 -0.58179
vn 0.81329 0.00860 -0.58179
vn -0.01830 -0.04590 -0.99878
vn -0.01830 -0.04590 -0.99878
vn -0.01830 -0.04590 -0.99878
vn -0.01680 0.85877 -0.51208
vn -0.01680 0.85877 -0.51208
vn -0.01680 0.85877 -0.51208
vn -0.11751 -0.87994 -0.46032
vn -0.11751 -0.87994 -0.46032
vn -0.11751 -0.87994 -0.46032
vn 0.00000 -0.00000 -1.00000
vn 0.00000 -0.00000 -1.00000
vn 0.00000 -0.00000 -1.00000
vn 0.00000 -0.00000 -1.00000
vn 0.00000 -0.00000 -1.00000
vn 0.00000 -0.00000 -1.00000
vn 0.00000 -0.00000 -1.00000
vn 0.00000 -0.00000 -1.00000
vn 0.00000 -0.00000 -1.00000
vn 0.00000 -0.00000 -1.00000
vn 0.00000 -0.00000 -1.00000
vn 0.00000 -0.00000 -1.00000
vn 0.00000 -0.00000 -1.00000
vn 0.00000 -0.00000 -1.00000
vn 0.00000 -0.00000 -1.00000
vn 0.00000 -0.00000 -1.00000
vn 0.00000 -0.00000 -1.00000
vn 0.00000 -0.00000 -1.00000
vn 0.00000 -0.00000 -1.00000
vn 0.00000 -0.00000 -1.00000
vn 0.00000 -0.00000 -1.00000
vn 0.00000 -0.00000 -1.00000
vn 0.00000 -0.00000 -1.00000
vn 0.00000 -0.00000 -1.00000
vn 0.00000 -0.00000 -1.00000
vn 0.00000 -0.00000 -1.00000
vn 0.00000 -0.00000 -1.00000
vn 0.00000 -0.00000 -1.00000
vn 0.00000 -0.00000 -1.00000
vn 0.00000 -0.00000 -1.00000
vn 0.00000 -0.00000 -1.00000
vn 0.00000 -0.00000 -1.00000
vn 0.00000 -0.00000 -1.00000
vn 0.00000 -0.00000 -1.00000
vn 0.00000 -0.00000 -1.00000
vn 0.00000 -0.00000 -1.00000
vn 0.00000 -0.00000 -1.00000
vn 0.00000 -0.00000 -1.00000
vn 0.00000 -0.00000 -1.00000
vn 0.00000 -0.00000 -1.00000
vn 0.00000 -0.00000 -1.00000
vn 0.00000 -0.00000 -1.00000
vn -0.45340 -0.47050 -0.75700
vn -0.45340 -0.47050 -0.75700
vn -0.45340 -0.47050 -0.75700
vn -0.02070 -0.97386 -0.22619
vn -0.02070 -0.97386 -0.22619
vn -0.02070 -0.97386 -0.22619
vn -0.49008 -0.84227 -0.22449
vn -0.49008 -0.84227 -0.22449
vn -0.49008 -0.84227 -0.22449
vn -0.64049 -0.73189 -0.23260
vn -0.64049 -0.73189 -0.23260
vn -0.64049 -0.73189 -0.23260
vn -0.83190 -0.50300 -0.23440
vn -0.83190 -0.50300 -0.23440
vn -0.83190 -0.50300 -0.23440
vn -0.96191 -0.13180 -0.23950
vn -0.96191 -0.13180 -0.23950
vn -0.96191 -0.13180 -0.23950
vn -0.96903 0.01610 -0.24641
vn -0.96903 0.01610 -0.24641
vn -0.96903 0.01610 -0.24641
vn -0.93053 0.25971 -0.25821
vn -0.93053 0.25971 -0.25821
vn -0.93053 0.25971 -0.25821
vn -0.90447 0.32789 -0.27279
vn -0.90447 0.32789 -0.27279
vn -0.90447 0.32789 -0.27279
vn -0.87091 0.39230 -0.29600
vn -0.87091 0.39230 -0.29600
vn -0.87091 0.39230 -0.29600
vn -0.67337 0.67337 -0.30519
vn -0.67337 0.67337 -0.30519
vn -0.67337 0.67337 -0.30519
vn -0.12050 0.94489 -0.30440
vn -0.12050 0.94489 -0.30440
vn -0.12050 0.94489 -0.30440
vn 0.99379 -0.00720 0.11100
vn 0.99379 -0.00720 0.11100
vn 0.99379 -0.00720 0.11100
vn -0.00000 0.06430 -0.99793
vn -0.00000 0.06430 -0.99793
vn -0.00000 0.06430 -0.99793
vn -0.00000 0.06430 -0.99793
vn -0.00000 0.06430 -0.99793
vn -0.00000 0.06430 -0.99793
vn -0.00000 0.06430 -0.99793
vn -0.00000 0.06430 -0.99793
vn -0.00000 0.06430 -0.99793
vn -0.00000 0.06430 -0.99793
vn -0.00000 0.06430 -0.99793
vn -0.00000 0.06430 -0.99793
vn -0.00000 0.06430 -0.99793
vn -0.00000 0.06430 -0.99793
vn -0.00000 0.06430 -0.99793
vn -0.00000 0.06430 -0.99793
vn -0.00000 0.06430 -0.99793
vn -0.00000 0.06430 -0.99793
vn -0.00000 0.06430 -0.99793
vn -0.00000 0.06430 -0.99793
vn -0.00000 0.06430 -0.99793
vn -0.00000 0.06430 -0.99793
vn -0.00000 0.06430 -0.99793
vn -0.00000 0.06430 -0.99793
vn -0.00000 0.06430 -0.99793
vn -0.00000 0.06430 -0.99793
vn -0.00000 0.06430 -0.99793
vn -0.00000 0.06430 -0.99793
vn -0.00000 0.06430 -0.99793
vn -0.00000 0.06430 -0.99793
vn -0.08420 0.70689 -0.70229
vn -0.08420 0.70689 -0.70229
vn -0.08420 0.70689 -0.70229
vn 0.00000 -0.62229 -0.78279
vn 0.00000 -0.62229 -0.78279
vn 0.00000 -0.62229 -0.78279
vn -0.60240 -0.31780 -0.73220
vn -0.60240 -0.31780 -0.73220
vn -0.60240 -0.31780 -0.73220
vn 0.00000 0.71763 -0.69643
vn 0.00000 0.71763 -0.69643
vn 0.00000 0.71763 -0.69643
vn -0.74631 -0.05970 -0.66291
vn -0.74631 -0.05970 -0.66291
vn -0.74631 -0.05970 -0.66291
vn -0.77148 0.05380 -0.63398
vn -0.77148 0.05380 -0.63398
vn -0.77148 0.05380 -0.63398
vn -0.76799 0.25270 -0.58850
vn -0.76799 0.25270 -0.58850
vn -0.76799 0.25270 -0.58850
vn -0.75091 0.31040 -0.58291
vn -0.75091 0.31040 -0.58291
vn -0.75091 0.31040 -0.58291
vn -0.01420 -0.62071 -0.78391
vn -0.01420 -0.62071 -0.78391
vn -0.01420 -0.62071 -0.78391
vn -0.72221 0.36390 -0.58821
vn -0.72221 0.36390 -0.58821
vn -0.72221 0.36390 -0.58821
vn -0.33978 -0.53537 -0.77326
vn -0.33978 -0.53537 -0.77326
vn -0.33978 -0.53537 -0.77326
vn -0.51059 0.55409 -0.65749
vn -0.51059 0.55409 -0.65749
vn -0.51059 0.55409 -0.65749
vn -0.30931 -0.78033 -0.54352
vn -0.30931 -0.78033 -0.54352
vn -0.30931 -0.78033 -0.54352
vn -0.88694 0.40562 -0.22091
vn -0.88694 0.40562 -0.22091
vn -0.88694 0.40562 -0.22091
vn 0.00000 -0.00000 -1.00000
vn 0.00000 -0.00000 -1.00000
vn 0.00000 -0.00000 -1.00000
vn 0.00000 -0.00000 -1.00000
vn 0.00000 -0.00000 -1.00000
vn 0.00000 -0.00000 -1.00000
vn -0.97188 -0.01180 -0.23519
vn -0.97188 -0.01180 -0.23519
vn -0.97188 -0.01180 -0.23519
vn -0.96982 -0.00210 -0.24381
vn -0.96982 -0.00210 -0.24381
vn -0.96982 -0.00210 -0.24381
vn -0.00100 0.05340 -0.99857
vn -0.00100 0.05340 -0.99857
vn -0.00100 0.05340 -0.99857
vn 0.00000 1.00000 -0.00160
vn 0.00000 1.00000 -0.00160
vn 0.00000 1.00000 -0.00160
vn 0.00000 1.00000 -0.00160
vn 0.00000 1.00000 -0.00160
vn 0.00000 1.00000 -0.00160
vn 1.00000 -0.00000 -0.00000
vn 1.00000 -0.00000 -0.00000
vn 1.00000 -0.00000 -0.00000
vn 0.00000 -0.00000 1.00000
vn 0.00000 -0.00000 1.00000
vn 0.00000 -0.00000 1.00000
vn 0.00000 1.00000 -0.00000
vn 0.00000 1.00000 -0.00000
vn 0.00000 1.00000 -0.00000
vn 0.47188 0.88166 -0.00040
vn 0.47188 0.88166 -0.00040
vn 0.47188 0.88166 -0.00040
vn 0.00000 -1.00000 0.00000
vn 0.00000 -1.00000 0.00000
vn 0.00000 -1.00000 0.00000
vn 0.00000 1.00000 -0.00000
vn 0.00000 1.00000 -0.00000
vn 0.00000 1.00000 -0.00000
vn 0.00000 -0.00000 -1.00000
vn 0.00000 -0.00000 -1.00000
vn 0.00000 -0.00000 -1.00000
vn 0.00000 1.00000 -0.00000
vn 0.00000 1.00000 -0.00000
vn 0.00000 1.00000 -0.00000
vn -1.00000 -0.00000 -0.00000
vn -1.00000 -0.00000 -0.00000
vn -1.00000 -0.00000 -0.00000
vn -1.00000 -0.00000 -0.00000
vn -1.00000 -0.00000 -0.00000
vn -1.00000 -0.00000 -0.00000
vn -1.00000 -0.00000 -0.00000
vn -1.00000 -0.00000 -0.00000
vn -1.00000 -0.00000 -0.00000
vn 0.00000 -0.00000 -1.00000
vn 0.00000 -0.00000 -1.00000
vn 0.00000 -0.00000 -1.00000
vn -1.00000 -0.00080 0.00080
vn -1.00000 -0.00080 0.00080
vn -1.00000 -0.00080 0.00080
vn 1.00000 -0.00000 -0.00080
vn 1.00000 -0.00000 -0.00080
vn 1.00000 -0.00000 -0.00080
vn 0.00000 -0.00000 -1.00000
vn 0.00000 -0.00000 -1.00000
vn 0.00000 -0.00000 -1.00000
vn 0.00000 1.00000 -0.00000
vn 0.00000 1.00000 -0.00000
vn 0.00000 1.00000 -0.00000
vn 0.00000 -0.00000 1.00000
vn 0.00000 -0.00000 1.00000
vn 0.00000 -0.00000 1.00000
vn 0.00000 -0.00000 1.00000
vn 0.00000 -0.00000 1.00000
vn 0.00000 -0.00000 1.00000
vn -1.00000 -0.00000 -0.00000
vn -1.00000 -0.00000 -0.00000
vn -1.00000 -0.00000 -0.00000
vn 0.99947 0.03260 -0.00000
vn 0.99947 0.03260 -0.00000
vn 0.99947 0.03260 -0.00000
vn 0.00000 -0.00000 1.00000
vn 0.00000 -0.00000 1.00000
vn 0.00000 -0.00000 1.00000
vn 0.00000 -0.00000 1.00000
vn 0.00000 -0.00000 1.00000
vn 0.00000 -0.00000 1.00000
vn 0.00000 -0.00000 -1.00000
vn 0.00000 -0.00000 -1.00000
vn 0.00000 -0.00000 -1.00000
vn -0.37330 0.92771 -0.00000
vn -0.37330 0.92771 -0.00000
vn -0.37330 0.92771 -0.00000
vn -0.01470 -0.99989 -0.00000
vn -0.01470 -0.99989 -0.00000
vn -0.01470 -0.99989 -0.00000
vn -0.11251 0.99365 -0.00000
vn -0.11251 0.99365 -0.00000
vn -0.11251 0.99365 -0.00000
vn 0.00000 -0.00000 -1.00000
vn 0.00000 -0.00000 -1.00000
vn 0.00000 -0.00000 -1.00000
vn 0.00000 -0.00000 -1.00000
vn 0.00000 -0.00000 -1.00000
vn 0.00000 -0.00000 -1.00000
vn 0.00000 -0.00000 -1.00000
vn 0.00000 -0.00000 -1.00000
vn 0.00000 -0.00000 -1.00000
vn 0.00000 -0.00000 -1.00000
vn 0.00000 -0.00000 -1.00000
vn 0.00000 -0.00000 -1.00000
vn 0.00000 -0.00000 -1.00000
vn 0.00000 -0.00000 -1.00000
vn 0.00000 -0.00000 -1.00000
vn 0.00000 -0.00000 -1.00000
vn 0.00000 -0.00000 -1.00000
vn 0.00000 -0.00000 -1.00000
vn 0.00000 -0.00000 -1.00000
vn 0.00000 -0.00000 -1.00000
vn 0.00000 -0.00000 -1.00000
vn 0.00000 -0.00000 -1.00000
vn 0.00000 -0.00000 -1.00000
vn 0.00000 -0.00000 -1.00000
vn -0.88062 -0.01010 -0.47371
vn -0.88062 -0.01010 -0.47371
vn -0.88062 -0.01010 -0.47371
vn 0.01830 -0.04590 -0.99878
vn 0.01830 -0.04590 -0.99878
vn 0.01830 -0.04590 -0.99878
vn 0.01600 0.86320 -0.50460
vn 0.01600 0.86320 -0.50460
vn 0.01600 0.86320 -0.50460
vn 0.11751 -0.87994 -0.46032
vn 0.11751 -0.87994 -0.46032
vn 0.11751 -0.87994 -0.46032
vn 0.00000 -0.00000 -1.00000
vn 0.00000 -0.00000 -1.00000
vn 0.00000 -0.00000 -1.00000
vn 0.00000 -0.00000 -1.00000
vn 0.00000 -0.00000 -1.00000
vn 0.00000 -0.00000 -1.00000
vn 0.00000 -0.00000 -1.00000
vn 0.00000 -0.00000 -1.00000
vn 0.00000 -0.00000 -1.00000
vn 0.00000 -0.00000 -1.00000
vn 0.00000 -0.00000 -1.00000
vn 0.00000 -0.00000 -1.00000
vn 0.00000 -0.00000 -1.00000
vn 0.00000 -0.00000 -1.00000
vn 0.00000 -0.00000 -1.00000
vn 0.00000 -0.00000 -1.00000
vn 0.00000 -0.00000 -1.00000
vn 0.00000 -0.00000 -1.00000
vn 0.00000 -0.00000 -1.00000
vn 0.00000 -0.00000 -1.00000
vn 0.00000 -0.00000 -1.00000
vn 0.00000 -0.00000 -1.00000
vn 0.00000 -0.00000 -1.00000
vn 0.00000 -0.00000 -1.00000
vn 0.00000 -0.00000 -1.00000
vn 0.00000 -0.00000 -1.00000
vn 0.00000 -0.00000 -1.00000
vn 0.00000 -0.00000 -1.00000
vn 0.00000 -0.00000 -1.00000
vn 0.00000 -0.00000 -1.00000
vn 0.00000 -0.00000 -1.00000
vn 0.00000 -0.00000 -1.00000
vn 0.00000 -0.00000 -1.00000
vn 0.00000 -0.00000 -1.00000
vn 0.00000 -0.00000 -1.00000
vn 0.00000 -0.00000 -1.00000
vn 0.00000 -0.00000 -1.00000
vn 0.00000 -0.00000 -1.00000
vn 0.00000 -0.00000 -1.00000
vn 0.00000 -0.00000 -1.00000
vn 0.00000 -0.00000 -1.00000
vn 0.00000 -0.00000 -1.00000
vn 0.45340 -0.47050 -0.75700
vn 0.45340 -0.47050 -0.75700
vn 0.45340 -0.47050 -0.75700
vn 0.02100 -0.97383 -0.22631
vn 0.02100 -0.97383 -0.22631
vn 0.02100 -0.97383 -0.22631
vn 0.49531 -0.83832 -0.22780
vn 0.49531 -0.83832 -0.22780
vn 0.49531 -0.83832 -0.22780
vn 0.64043 -0.73194 -0.23261
vn 0.64043 -0.73194 -0.23261
vn 0.64043 -0.73194 -0.23261
vn 0.83190 -0.50300 -0.23440
vn 0.83190 -0.50300 -0.23440
vn 0.83190 -0.50300 -0.23440
vn 0.96191 -0.13180 -0.23950
vn 0.96191 -0.13180 -0.23950
vn 0.96191 -0.13180 -0.23950
vn 0.96903 0.01610 -0.24641
vn 0.96903 0.01610 -0.24641
vn 0.96903 0.01610 -0.24641
vn 0.93053 0.25971 -0.25821
vn 0.93053 0.25971 -0.25821
vn 0.93053 0.25971 -0.25821
vn 0.90447 0.32789 -0.27279
vn 0.90447 0.32789 -0.27279
vn 0.90447 0.32789 -0.27279
vn 0.87091 0.39230 -0.29600
vn 0.87091 0.39230 -0.29600
vn 0.87091 0.39230 -0.29600
vn 0.67337 0.67337 -0.30519
vn 0.67337 0.67337 -0.30519
vn 0.67337 0.67337 -0.30519
vn 0.12050 0.94489 -0.30440
vn 0.12050 0.94489 -0.30440
vn 0.12050 0.94489 -0.30440
vn -0.99379 -0.00720 0.11100
vn -0.99379 -0.00720 0.11100
vn -0.99379 -0.00720 0.11100
vn -0.00000 0.06430 -0.99793
vn -0.00000 0.06430 -0.99793
vn -0.00000 0.06430 -0.99793
vn -0.00000 0.06430 -0.99793
vn -0.00000 0.06430 -0.99793
vn -0.00000 0.06430 -0.99793
vn -0.00000 0.06430 -0.99793
vn -0.00000 0.06430 -0.99793
vn -0.00000 0.06430 -0.99793
vn -0.00000 0.06430 -0.99793
vn -0.00000 0.06430 -0.99793
vn -0.00000 0.06430 -0.99793
vn -0.00000 0.06430 -0.99793
vn -0.00000 0.06430 -0.99793
vn -0.00000 0.06430 -0.99793
vn -0.00000 0.06430 -0.99793
vn -0.00000 0.06430 -0.99793
vn -0.00000 0.06430 -0.99793
vn -0.00000 0.06430 -0.99793
vn -0.00000 0.06430 -0.99793
vn -0.00000 0.06430 -0.99793
vn -0.00000 0.06430 -0.99793
vn -0.00000 0.06430 -0.99793
vn -0.00000 0.06430 -0.99793
vn -0.00000 0.06430 -0.99793
vn -0.00000 0.06430 -0.99793
vn -0.00000 0.06430 -0.99793
vn -0.00000 0.06430 -0.99793
vn -0.00000 0.06430 -0.99793
vn -0.00000 0.06430 -0.99793
vn 0.08420 0.70689 -0.70229
vn 0.08420 0.70689 -0.70229
vn 0.08420 0.70689 -0.70229
vn 0.00000 -0.62229 -0.78279
vn 0.00000 -0.62229 -0.78279
vn 0.00000 -0.62229 -0.78279
vn 0.60240 -0.31780 -0.73220
vn 0.60240 -0.31780 -0.73220
vn 0.60240 -0.31780 -0.73220
vn 0.00000 0.71763 -0.69643
vn 0.00000 0.71763 -0.69643
vn 0.00000 0.71763 -0.69643
vn 0.74631 -0.05970 -0.66291
vn 0.74631 -0.05970 -0.66291
vn 0.74631 -0.05970 -0.66291
vn 0.77148 0.05370 -0.63398
vn 0.77148 0.05370 -0.63398
vn 0.77148 0.05370 -0.63398
vn 0.76799 0.25270 -0.58850
vn 0.76799 0.25270 -0.58850
vn 0.76799 0.25270 -0.58850
vn 0.75091 0.31040 -0.58291
vn 0.75091 0.31040 -0.58291
vn 0.75091 0.31040 -0.58291
vn 0.01420 -0.62071 -0.78391
vn 0.01420 -0.62071 -0.78391
vn 0.01420 -0.62071 -0.78391
vn 0.72221 0.36390 -0.58821
vn 0.72221 0.36390 -0.58821
vn 0.72221 0.36390 -0.58821
vn 0.33980 -0.53530 -0.77330
vn 0.33980 -0.53530 -0.77330
vn 0.33980 -0.53530 -0.77330
vn 0.51059 0.55409 -0.65749
vn 0.51059 0.55409 -0.65749
vn 0.51059 0.55409 -0.65749
vn 0.30949 -0.77678 -0.54848
vn 0.30949 -0.77678 -0.54848
vn 0.30949 -0.77678 -0.54848
vn 0.00100 0.05350 -0.99857
vn 0.00100 0.05350 -0.99857
vn 0.00100 0.05350 -0.99857
vn 0.00000 -0.00000 -1.00000
vn 0.00000 -0.00000 -1.00000
vn 0.00000 -0.00000 -1.00000
vn 0.00000 -0.00000 -1.00000
vn 0.00000 -0.00000 -1.00000
vn 0.00000 -0.00000 -1.00000
vn 0.31068 -0.77996 -0.54327
vn 0.31068 -0.77996 -0.54327
vn 0.31068 -0.77996 -0.54327
vn 0.97168 -0.00030 -0.23630
vn 0.97168 -0.00030 -0.23630
vn 0.97168 -0.00030 -0.23630
vn 0.00100 0.05340 -0.99857
vn 0.00100 0.05340 -0.99857
vn 0.00100 0.05340 -0.99857
vn 0.00000 1.00000 -0.00160
vn 0.00000 1.00000 -0.00160
vn 0.00000 1.00000 -0.00160
vn 0.00000 1.00000 -0.00160
vn 0.00000 1.00000 -0.00160
vn 0.00000 1.00000 -0.00160
vn 0.09210 -0.91611 -0.39020
vn 0.09210 -0.91611 -0.39020
vn 0.09210 -0.91611 -0.39020
vn 0.27281 -0.90924 -0.31441
vn 0.27281 -0.90924 -0.31441
vn 0.27281 -0.90924 -0.31441
vn 0.44300 -0.86741 -0.22660
vn 0.44300 -0.86741 -0.22660
vn 0.44300 -0.86741 -0.22660
vn 0.59611 -0.79231 -0.13000
vn 0.59611 -0.79231 -0.13000
vn 0.59611 -0.79231 -0.13000
vn 0.72639 -0.68669 -0.02850
vn 0.72639 -0.68669 -0.02850
vn 0.72639 -0.68669 -0.02850
vn 0.82872 -0.55472 0.07420
vn 0.82872 -0.55472 0.07420
vn 0.82872 -0.55472 0.07420
vn 0.89923 -0.40142 0.17391
vn 0.89923 -0.40142 0.17391
vn 0.89923 -0.40142 0.17391
vn 0.93516 -0.23269 0.26709
vn 0.93516 -0.23269 0.26709
vn 0.93516 -0.23269 0.26709
vn 0.93517 -0.05500 0.34989
vn 0.93517 -0.05500 0.34989
vn 0.93517 -0.05500 0.34989
vn 0.89922 0.12480 0.41931
vn 0.89922 0.12480 0.41931
vn 0.89922 0.12480 0.41931
vn 0.82871 0.29980 0.47261
vn 0.82871 0.29980 0.47261
vn 0.82871 0.29980 0.47261
vn 0.72641 0.46321 0.50771
vn 0.72641 0.46321 0.50771
vn 0.72641 0.46321 0.50771
vn 0.59612 0.60892 0.52332
vn 0.59612 0.60892 0.52332
vn 0.59612 0.60892 0.52332
vn 0.44299 0.73118 0.51879
vn 0.44299 0.73118 0.51879
vn 0.44299 0.73118 0.51879
vn 0.27280 0.82531 0.49441
vn 0.27280 0.82531 0.49441
vn 0.27280 0.82531 0.49441
vn 0.09210 0.88777 0.45098
vn 0.09210 0.88777 0.45098
vn 0.09210 0.88777 0.45098
vn -0.09210 0.91611 0.39020
vn -0.09210 0.91611 0.39020
vn -0.09210 0.91611 0.39020
vn -0.27281 0.90924 0.31441
vn -0.27281 0.90924 0.31441
vn -0.27281 0.90924 0.31441
vn -0.44300 0.86741 0.22660
vn -0.44300 0.86741 0.22660
vn -0.44300 0.86741 0.22660
vn -0.59611 0.79231 0.13000
vn -0.59611 0.79231 0.13000
vn -0.59611 0.79231 0.13000
vn -0.72639 0.68669 0.02850
vn -0.72639 0.68669 0.02850
vn -0.72639 0.68669 0.02850
vn -0.82872 0.55472 -0.07420
vn -0.82872 0.55472 -0.07420
vn -0.82872 0.55472 -0.07420
vn -0.89923 0.40142 -0.17391
vn -0.89923 0.40142 -0.17391
vn -0.89923 0.40142 -0.17391
vn -0.93516 0.23269 -0.26709
vn -0.93516 0.23269 -0.26709
vn -0.93516 0.23269 -0.26709
vn -0.93517 0.05500 -0.34989
vn -0.93517 0.05500 -0.34989
vn -0.93517 0.05500 -0.34989
vn -0.89922 -0.12480 -0.41931
vn -0.89922 -0.12480 -0.41931
vn -0.89922 -0.12480 -0.41931
vn -0.82871 -0.29980 -0.47261
vn -0.82871 -0.29980 -0.47261
vn -0.82871 -0.29980 -0.47261
vn -0.72641 -0.46321 -0.50771
vn -0.72641 -0.46321 -0.50771
vn -0.72641 -0.46321 -0.50771
vn -0.59612 -0.60892 -0.52332
vn -0.59612 -0.60892 -0.52332
vn -0.59612 -0.60892 -0.52332
vn -0.44299 -0.73118 -0.51879
vn -0.44299 -0.73118 -0.51879
vn -0.44299 -0.73118 -0.51879
vn 0.34199 0.39709 -0.85168
vn 0.34199 0.39709 -0.85168
vn 0.34199 0.39709 -0.85168
vn 0.34199 0.39709 -0.85168
vn 0.34199 0.39709 -0.85168
vn 0.34199 0.39709 -0.85168
vn 0.34199 0.39709 -0.85168
vn 0.34199 0.39709 -0.85168
vn 0.34199 0.39709 -0.85168
vn 0.34211 0.39711 -0.85162
vn 0.34211 0.39711 -0.85162
vn 0.34211 0.39711 -0.85162
vn 0.34199 0.39709 -0.85168
vn 0.34199 0.39709 -0.85168
vn 0.34199 0.39709 -0.85168
vn 0.34199 0.39709 -0.85168
vn 0.34199 0.39709 -0.85168
vn 0.34199 0.39709 -0.85168
vn 0.34202 0.39712 -0.85165
vn 0.34202 0.39712 -0.85165
vn 0.34202 0.39712 -0.85165
vn 0.34202 0.39712 -0.85165
vn 0.34202 0.39712 -0.85165
vn 0.34202 0.39712 -0.85165
vn 0.34199 0.39709 -0.85168
vn 0.34199 0.39709 -0.85168
vn 0.34199 0.39709 -0.85168
vn 0.34202 0.39712 -0.85165
vn 0.34202 0.39712 -0.85165
vn 0.34202 0.39712 -0.85165
vn 0.34199 0.39709 -0.85168
vn 0.34199 0.39709 -0.85168
vn 0.34199 0.39709 -0.85168
vn 0.34202 0.39712 -0.85165
vn 0.34202 0.39712 -0.85165
vn 0.34202 0.39712 -0.85165
vn 0.34199 0.39709 -0.85168
vn 0.34199 0.39709 -0.85168
vn 0.34199 0.39709 -0.85168
vn 0.34199 0.39709 -0.85168
vn 0.34199 0.39709 -0.85168
vn 0.34199 0.39709 -0.85168
vn 0.34202 0.39712 -0.85165
vn 0.34202 0.39712 -0.85165
vn 0.34202 0.39712 -0.85165
vn 0.34202 0.39712 -0.85165
vn 0.34202 0.39712 -0.85165
vn 0.34202 0.39712 -0.85165
vn 0.34199 0.39709 -0.85168
vn 0.34199 0.39709 -0.85168
vn 0.34199 0.39709 -0.85168
vn 0.34199 0.39709 -0.85168
vn 0.34199 0.39709 -0.85168
vn 0.34199 0.39709 -0.85168
vn 0.34199 0.39709 -0.85168
vn 0.34199 0.39709 -0.85168
vn 0.34199 0.39709 -0.85168
vn 0.34199 0.39709 -0.85168
vn 0.34199 0.39709 -0.85168
vn 0.34199 0.39709 -0.85168
vn 0.34199 0.39709 -0.85168
vn 0.34199 0.39709 -0.85168
vn 0.34199 0.39709 -0.85168
vn 0.34202 0.39712 -0.85165
vn 0.34202 0.39712 -0.85165
vn 0.34202 0.39712 -0.85165
vn 0.34199 0.39709 -0.85168
vn 0.34199 0.39709 -0.85168
vn 0.34199 0.39709 -0.85168
vn 0.34199 0.39709 -0.85168
vn 0.34199 0.39709 -0.85168
vn 0.34199 0.39709 -0.85168
vn 0.34199 0.39709 -0.85168
vn 0.34199 0.39709 -0.85168
vn 0.34199 0.39709 -0.85168
vn 0.34199 0.39709 -0.85168
vn 0.34199 0.39709 -0.85168
vn 0.34199 0.39709 -0.85168
vn 0.34199 0.39709 -0.85168
vn 0.34199 0.39709 -0.85168
vn 0.34199 0.39709 -0.85168
vn 0.34199 0.39709 -0.85168
vn 0.34199 0.39709 -0.85168
vn 0.34199 0.39709 -0.85168
vn 0.34199 0.39709 -0.85168
vn 0.34199 0.39709 -0.85168
vn 0.34199 0.39709 -0.85168
vn -0.27280 -0.82531 -0.49441
vn -0.27280 -0.82531 -0.49441
vn -0.27280 -0.82531 -0.49441
vn -0.09210 -0.88777 -0.45098
vn -0.09210 -0.88777 -0.45098
vn -0.09210 -0.88777 -0.45098
vn -0.34199 -0.39709 0.85168
vn -0.34199 -0.39709 0.85168
vn -0.34199 -0.39709 0.85168
vn -0.34201 -0.39721 0.85162
vn -0.34201 -0.39721 0.85162
vn -0.34201 -0.39721 0.85162
vn -0.34199 -0.39709 0.85168
vn -0.34199 -0.39709 0.85168
vn -0.34199 -0.39709 0.85168
vn -0.34199 -0.39709 0.85168
vn -0.34199 -0.39709 0.85168
vn -0.34199 -0.39709 0.85168
vn -0.34199 -0.39709 0.85168
vn -0.34199 -0.39709 0.85168
vn -0.34199 -0.39709 0.85168
vn -0.34199 -0.39709 0.85168
vn -0.34199 -0.39709 0.85168
vn -0.34199 -0.39709 0.85168
vn -0.34211 -0.39711 0.85162
vn -0.34211 -0.39711 0.85162
vn -0.34211 -0.39711 0.85162
vn -0.34199 -0.39709 0.85168
vn -0.34199 -0.39709 0.85168
vn -0.34199 -0.39709 0.85168
vn -0.34199 -0.39709 0.85168
vn -0.34199 -0.39709 0.85168
vn -0.34199 -0.39709 0.85168
vn -0.34199 -0.39709 0.85168
vn -0.34199 -0.39709 0.85168
vn -0.34199 -0.39709 0.85168
vn -0.34199 -0.39709 0.85168
vn -0.34199 -0.39709 0.85168
vn -0.34199 -0.39709 0.85168
vn -0.34199 -0.39709 0.85168
vn -0.34199 -0.39709 0.85168
vn -0.34199 -0.39709 0.85168
vn -0.34199 -0.39709 0.85168
vn -0.34199 -0.39709 0.85168
vn -0.34199 -0.39709 0.85168
vn -0.34198 -0.39718 0.85165
vn -0.34198 -0.39718 0.85165
vn -0.34198 -0.39718 0.85165
vn -0.34202 -0.39712 0.85165
vn -0.34202 -0.39712 0.85165
vn -0.34202 -0.39712 0.85165
vn -0.34211 -0.39711 0.85162
vn -0.34211 -0.39711 0.85162
vn -0.34211 -0.39711 0.85162
vn -0.34202 -0.39712 0.85165
vn -0.34202 -0.39712 0.85165
vn -0.34202 -0.39712 0.85165
vn -0.34199 -0.39709 0.85168
vn -0.34199 -0.39709 0.85168
vn -0.34199 -0.39709 0.85168
vn -0.34199 -0.39709 0.85168
vn -0.34199 -0.39709 0.85168
vn -0.34199 -0.39709 0.85168
vn -0.34202 -0.39712 0.85165
vn -0.34202 -0.39712 0.85165
vn -0.34202 -0.39712 0.85165
vn -0.34199 -0.39709 0.85168
vn -0.34199 -0.39709 0.85168
vn -0.34199 -0.39709 0.85168
vn -0.34199 -0.39709 0.85168
vn -0.34199 -0.39709 0.85168
vn -0.34199 -0.39709 0.85168
vn -0.34199 -0.39709 0.85168
vn -0.34199 -0.39709 0.85168
vn -0.34199 -0.39709 0.85168
vn -0.34202 -0.39712 0.85165
vn -0.34202 -0.39712 0.85165
vn -0.34202 -0.39712 0.85165
vn -0.34199 -0.39709 0.85168
vn -0.34199 -0.39709 0.85168
vn -0.34199 -0.39709 0.85168
vn -0.34199 -0.39709 0.85168
vn -0.34199 -0.39709 0.85168
vn -0.34199 -0.39709 0.85168
vn -0.34199 -0.39709 0.85168
vn -0.34199 -0.39709 0.85168
vn -0.34199 -0.39709 0.85168
vn -0.34199 -0.39709 0.85168
vn -0.34199 -0.39709 0.85168
vn -0.34199 -0.39709 0.85168
vn -0.34199 -0.39709 0.85168
vn -0.34199 -0.39709 0.85168
vn -0.34199 -0.39709 0.85168
vn -0.34199 -0.39709 0.85168
vn -0.34199 -0.39709 0.85168
vn -0.34199 -0.39709 0.85168
vn -0.34199 -0.39709 0.85168
vn -0.34199 -0.39709 0.85168
vn -0.34199 -0.39709 0.85168
vn -0.34199 -0.39709 0.85168
vn -0.34199 -0.39709 0.85168
vn -0.34199 -0.39709 0.85168
vn -0.34199 -0.39709 0.85168
vn -0.34199 -0.39709 0.85168
vn -0.34199 -0.39709 0.85168
vn -0.34199 -0.39709 0.85168
vn -0.34199 -0.39709 0.85168
vn -0.34199 -0.39709 0.85168
vn -0.34199 -0.39709 0.85168
vn -0.34199 -0.39709 0.85168
vn -0.34199 -0.39709 0.85168
vn -0.34202 -0.39712 0.85165
vn -0.34202 -0.39712 0.85165
vn -0.34202 -0.39712 0.85165
vn -0.34199 -0.39709 0.85168
vn -0.34199 -0.39709 0.85168
vn -0.34199 -0.39709 0.85168
vn -0.34199 -0.39709 0.85168
vn -0.34199 -0.39709 0.85168
vn -0.34199 -0.39709 0.85168
vn -0.34202 -0.39712 0.85165
vn -0.34202 -0.39712 0.85165
vn -0.34202 -0.39712 0.85165
vn -0.34199 -0.39709 0.85168
vn -0.34199 -0.39709 0.85168
vn -0.34199 -0.39709 0.85168
vn -0.34199 -0.39709 0.85168
vn -0.34199 -0.39709 0.85168
vn -0.34199 -0.39709 0.85168
vn -0.34199 -0.39709 0.85168
vn -0.34199 -0.39709 0.85168
vn -0.34199 -0.39709 0.85168
vn -0.34199 -0.39709 0.85168
vn -0.34199 -0.39709 0.85168
vn -0.34199 -0.39709 0.85168
vn -0.34199 -0.39709 0.85168
vn -0.34199 -0.39709 0.85168
vn -0.34199 -0.39709 0.85168
vn -0.34199 -0.39709 0.85168
vn -0.34199 -0.39709 0.85168
vn -0.34199 -0.39709 0.85168
vn -0.34199 -0.39709 0.85168
vn -0.34199 -0.39709 0.85168
vn -0.34199 -0.39709 0.85168
vn -0.34199 -0.39709 0.85168
vn -0.34199 -0.39709 0.85168
vn -0.34199 -0.39709 0.85168
vn -0.34199 -0.39709 0.85168
vn -0.34199 -0.39709 0.85168
vn -0.34199 -0.39709 0.85168
vn -0.34199 -0.39709 0.85168
vn -0.34199 -0.39709 0.85168
vn -0.34199 -0.39709 0.85168
vn -0.34199 -0.39709 0.85168
vn -0.34199 -0.39709 0.85168
vn -0.34199 -0.39709 0.85168
vn -0.34199 -0.39709 0.85168
vn -0.34199 -0.39709 0.85168
vn -0.34199 -0.39709 0.85168
vn -0.34199 -0.39709 0.85168
vn -0.34199 -0.39709 0.85168
vn -0.34199 -0.39709 0.85168
vn -0.34202 -0.39712 0.85165
vn -0.34202 -0.39712 0.85165
vn -0.34202 -0.39712 0.85165
vn -0.34199 -0.39709 0.85168
vn -0.34199 -0.39709 0.85168
vn -0.34199 -0.39709 0.85168
vn -0.34199 -0.39709 0.85168
vn -0.34199 -0.39709 0.85168
vn -0.34199 -0.39709 0.85168
vn -0.34202 -0.39712 0.85165
vn -0.34202 -0.39712 0.85165
vn -0.34202 -0.39712 0.85165
vn -0.34202 -0.39712 0.85165
vn -0.34202 -0.39712 0.85165
vn -0.34202 -0.39712 0.85165
vn -0.34199 -0.39709 0.85168
vn -0.34199 -0.39709 0.85168
vn -0.34199 -0.39709 0.85168
vn -0.34199 -0.39709 0.85168
vn -0.34199 -0.39709 0.85168
vn -0.34199 -0.39709 0.85168
vn -0.34202 -0.39712 0.85165
vn -0.34202 -0.39712 0.85165
vn -0.34202 -0.39712 0.85165
vn -0.34199 -0.39709 0.85168
vn -0.34199 -0.39709 0.85168
vn -0.34199 -0.39709 0.85168
vn -0.05750 -0.99834 -0.00320
vn -0.05750 -0.99834 -0.00320
vn -0.05750 -0.99834 -0.00320
vn 0.10700 -0.99208 0.06580
vn 0.10700 -0.99208 0.06580
vn 0.10700 -0.99208 0.06580
vn 0.26190 -0.95402 0.14580
vn 0.26190 -0.95402 0.14580
vn 0.26190 -0.95402 0.14580
vn 0.40139 -0.88559 0.23370
vn 0.40139 -0.88559 0.23370
vn 0.40139 -0.88559 0.23370
vn 0.52003 -0.78944 0.32612
vn 0.52003 -0.78944 0.32612
vn 0.52003 -0.78944 0.32612
vn 0.61319 -0.66929 0.41959
vn 0.61319 -0.66929 0.41959
vn 0.61319 -0.66929 0.41959
vn 0.67738 -0.52968 0.51048
vn 0.67738 -0.52968 0.51048
vn 0.67738 -0.52968 0.51048
vn 0.71007 -0.37609 0.59528
vn 0.71007 -0.37609 0.59528
vn 0.71007 -0.37609 0.59528
vn 0.71010 -0.21430 0.67070
vn 0.71010 -0.21430 0.67070
vn 0.71010 -0.21430 0.67070
vn 0.67739 -0.05060 0.73389
vn 0.67739 -0.05060 0.73389
vn 0.67739 -0.05060 0.73389
vn 0.61320 0.10880 0.78240
vn 0.61320 0.10880 0.78240
vn 0.61320 0.10880 0.78240
vn 0.52000 0.25760 0.81440
vn 0.52000 0.25760 0.81440
vn 0.52000 0.25760 0.81440
vn 0.40141 0.39021 0.82862
vn 0.40141 0.39021 0.82862
vn 0.40141 0.39021 0.82862
vn 0.26190 0.50160 0.82450
vn 0.26190 0.50160 0.82450
vn 0.26190 0.50160 0.82450
vn 0.10700 0.58728 0.80228
vn 0.10700 0.58728 0.80228
vn 0.10700 0.58728 0.80228
vn -0.05750 0.64420 0.76270
vn -0.05750 0.64420 0.76270
vn -0.05750 0.64420 0.76270
vn -0.22529 0.66997 0.70737
vn -0.22529 0.66997 0.70737
vn -0.22529 0.66997 0.70737
vn -0.38980 0.66370 0.63840
vn -0.38980 0.66370 0.63840
vn -0.38980 0.66370 0.63840
vn -0.54473 0.62564 0.55843
vn -0.54473 0.62564 0.55843
vn -0.54473 0.62564 0.55843
vn -0.68421 0.55721 0.47051
vn -0.68421 0.55721 0.47051
vn -0.68421 0.55721 0.47051
vn -0.80281 0.46110 0.37800
vn -0.80281 0.46110 0.37800
vn -0.80281 0.46110 0.37800
vn -0.89599 0.34090 0.28460
vn -0.89599 0.34090 0.28460
vn -0.89599 0.34090 0.28460
vn -0.96019 0.20130 0.19370
vn -0.96019 0.20130 0.19370
vn -0.96019 0.20130 0.19370
vn -0.99291 0.04770 0.10890
vn -0.99291 0.04770 0.10890
vn -0.99291 0.04770 0.10890
vn -0.99290 -0.11410 0.03350
vn -0.99290 -0.11410 0.03350
vn -0.99290 -0.11410 0.03350
vn -0.96018 -0.27779 -0.02970
vn -0.96018 -0.27779 -0.02970
vn -0.96018 -0.27779 -0.02970
vn -0.89601 -0.43710 -0.07820
vn -0.89601 -0.43710 -0.07820
vn -0.89601 -0.43710 -0.07820
vn -0.80279 -0.58599 -0.11020
vn -0.80279 -0.58599 -0.11020
vn -0.80279 -0.58599 -0.11020
vn -0.68420 -0.71860 -0.12440
vn -0.68420 -0.71860 -0.12440
vn -0.68420 -0.71860 -0.12440
vn -0.54473 -0.82994 -0.12031
vn -0.54473 -0.82994 -0.12031
vn -0.54473 -0.82994 -0.12031
vn -0.38979 -0.91567 -0.09810
vn -0.38979 -0.91567 -0.09810
vn -0.38979 -0.91567 -0.09810
vn -0.22531 -0.97253 -0.05850
vn -0.22531 -0.97253 -0.05850
vn -0.22531 -0.97253 -0.05850
vn 0.32110 -0.28510 -0.90311
vn 0.32110 -0.28510 -0.90311
vn 0.32110 -0.28510 -0.90311
vn 0.43729 -0.28070 -0.85439
vn 0.43729 -0.28070 -0.85439
vn 0.43729 -0.28070 -0.85439
vn 0.54679 -0.25379 -0.79788
vn 0.54679 -0.25379 -0.79788
vn 0.54679 -0.25379 -0.79788
vn 0.64530 -0.20540 -0.73580
vn 0.64530 -0.20540 -0.73580
vn 0.64530 -0.20540 -0.73580
vn 0.72908 -0.13750 -0.67048
vn 0.72908 -0.13750 -0.67048
vn 0.72908 -0.13750 -0.67048
vn 0.79488 -0.05260 -0.60448
vn 0.79488 -0.05260 -0.60448
vn 0.79488 -0.05260 -0.60448
vn 0.84021 0.04600 -0.54031
vn 0.84021 0.04600 -0.54031
vn 0.84021 0.04600 -0.54031
vn 0.86333 0.15450 -0.48041
vn 0.86333 0.15450 -0.48041
vn 0.86333 0.15450 -0.48041
vn 0.86334 0.26871 -0.42712
vn 0.86334 0.26871 -0.42712
vn 0.86334 0.26871 -0.42712
vn 0.84023 0.38431 -0.38251
vn 0.84023 0.38431 -0.38251
vn 0.84023 0.38431 -0.38251
vn 0.79489 0.49690 -0.34820
vn 0.79489 0.49690 -0.34820
vn 0.79489 0.49690 -0.34820
vn 0.72910 0.60200 -0.32560
vn 0.72910 0.60200 -0.32560
vn 0.72910 0.60200 -0.32560
vn 0.64530 0.69570 -0.31560
vn 0.64530 0.69570 -0.31560
vn 0.64530 0.69570 -0.31560
vn 0.54681 0.77431 -0.31850
vn 0.54681 0.77431 -0.31850
vn 0.54681 0.77431 -0.31850
vn 0.43730 0.83491 -0.33420
vn 0.43730 0.83491 -0.33420
vn 0.43730 0.83491 -0.33420
vn 0.32110 0.87509 -0.36210
vn 0.32110 0.87509 -0.36210
vn 0.32110 0.87509 -0.36210
vn 0.20270 0.89328 -0.40119
vn 0.20270 0.89328 -0.40119
vn 0.20270 0.89328 -0.40119
vn 0.08650 0.88888 -0.44989
vn 0.08650 0.88888 -0.44989
vn 0.08650 0.88888 -0.44989
vn -0.02300 0.86199 -0.50640
vn -0.02300 0.86199 -0.50640
vn -0.02300 0.86199 -0.50640
vn -0.12151 0.81364 -0.56853
vn -0.12151 0.81364 -0.56853
vn -0.12151 0.81364 -0.56853
vn -0.20531 0.74573 -0.63383
vn -0.20531 0.74573 -0.63383
vn -0.20531 0.74573 -0.63383
vn -0.27110 0.66090 -0.69980
vn -0.27110 0.66090 -0.69980
vn -0.27110 0.66090 -0.69980
vn -0.31640 0.56230 -0.76401
vn -0.31640 0.56230 -0.76401
vn -0.31640 0.56230 -0.76401
vn -0.33951 0.45372 -0.82393
vn -0.33951 0.45372 -0.82393
vn -0.33951 0.45372 -0.82393
vn -0.33950 0.33950 -0.87720
vn -0.33950 0.33950 -0.87720
vn -0.33950 0.33950 -0.87720
vn -0.31641 0.22390 -0.92182
vn -0.31641 0.22390 -0.92182
vn -0.31641 0.22390 -0.92182
vn -0.27110 0.11130 -0.95610
vn -0.27110 0.11130 -0.95610
vn -0.27110 0.11130 -0.95610
vn -0.20530 0.00620 -0.97868
vn -0.20530 0.00620 -0.97868
vn -0.20530 0.00620 -0.97868
vn -0.12150 -0.08750 -0.98873
vn -0.12150 -0.08750 -0.98873
vn -0.12150 -0.08750 -0.98873
vn -0.02300 -0.16611 -0.98584
vn -0.02300 -0.16611 -0.98584
vn -0.02300 -0.16611 -0.98584
vn 0.08650 -0.22670 -0.97011
vn 0.08650 -0.22670 -0.97011
vn 0.08650 -0.22670 -0.97011
vn 0.20270 -0.26680 -0.94220
vn 0.20270 -0.26680 -0.94220
vn 0.20270 -0.26680 -0.94220
f 1/1/1 2/2/2 3/3/3
f 4/4/4 5/5/5 6/6/6
f 7/7/7 8/8/8 9/9/9
f 10/10/10 11/11/11 12/12/12
f 13/13/13 14/14/14 15/15/15
f 16/16/16 17/17/17 18/18/18
f 19/19/19 20/20/20 21/21/21
f 22/22/22 23/23/23 24/24/24
f 25/25/25 26/26/26 27/27/27
f 28/28/28 29/29/29 30/30/30
f 31/31/31 32/32/32 33/33/33
f 34/34/34 35/35/35 36/36/36
f 37/37/37 38/38/38 39/39/39
f 40/40/40 41/41/41 42/42/42
f 43/43/43 44/44/44 45/45/45
f 46/46/46 47/47/47 48/48/48
f 49/49/49 50/50/50 51/51/51
f 52/52/52 53/53/53 54/54/54
f 55/55/55 56/56/56 57/57/57
f 58/58/58 59/59/59 60/60/60
f 61/61/61 62/62/62 63/63/63
f 64/64/64 65/65/65 66/66/66
f 67/67/67 68/68/68 69/69/69
f 70/70/70 71/71/71 72/72/72
f 73/73/73 74/74/74 75/75/75
f 76/76/76 77/77/77 78/78/78
f 79/79/79 80/80/80 81/81/81
f 82/82/82 83/83/83 84/84/84
f 85/85/85 86/86/86 87/87/87
f 88/88/88 89/89/89 90/90/90
f 91/91/91 92/92/92 93/93/93
f 94/94/94 95/95/95 96/96/96
f 97/97/97 98/98/98 99/99/99
f 100/100/100 101/101/101 102/102/102
f 103/103/103 104/104/104 105/105/105
f 106/106/106 107/107/107 108/108/108
f 109/109/109 110/110/110 111/111/111
f 112/112/112 113/113/113 114/114/114
f 115/115/115 116/116/116 117/117/117
f 118/118/118 119/119/119 120/120/120
f 121/121/121 122/122/122 123/123/123
f 124/124/124 125/125/125 126/126/126
f 127/127/127 128/128/128 129/129/129
f 130/130/130 131/131/131 132/132/132
f 133/133/133 134/134/134 135/135/135
f 136/136/136 137/137/137 138/138/138
f 139/139/139 140/140/140 141/141/141
f 142/142/142 143/143/143 144/144/144
f 145/145/145 146/146/146 147/147/147
f 148/148/148 149/149/149 150/150/150
f 151/151/151 152/152/152 153/153/153
f 154/154/154 155/155/155 156/156/156
f 157/157/157 158/158/158 159/159/159
f 160/160/160 161/161/161 162/162/162
f 163/163/163 164/164/164 165/165/165
f 166/166/166 167/167/167 168/168/168
f 169/169/169 170/170/170 171/171/171
f 172/172/172 173/173/173 174/174/174
f 175/175/175 176/176/176 177/177/177
f 178/178/178 179/179/179 180/180/180
f 181/181/181 182/182/182 183/183/183
f 184/184/184 185/185/185 186/186/186
f 187/187/187 188/188/188 189/189/189
f 190/190/190 191/191/191 192/192/192
f 193/193/193 194/194/194 195/195/195
f 196/196/196 197/197/197 198/198/198
f 199/199/199 200/200/200 201/201/201
f 202/202/202 203/203/203 204/204/204
f 205/205/205 206/206/206 207/207/207
f 208/208/208 209/209/209 210/210/210
f 211/211/211 212/212/212 213/213/213
f 214/214/214 215/215/215 216/216/216
f 217/217/217 218/218/218 219/219/219
f 220/220/220 221/221/221 222/222/222
f 223/223/223 224/224/224 225/225/225
f 226/226/226 227/227/227 228/228/228
f 229/229/229 230/230/230 231/231/231
f 232/232/232 233/233/233 234/234/234
f 235/235/235 236/236/236 237/237/237
f 238/238/238 239/239/239 240/240/240
f 241/241/241 242/242/242 243/243/243
f 244/244/244 245/245/245 246/246/246
f 247/247/247 248/248/248 249/249/249
f 250/250/250 251/251/251 252/252/252
f 253/253/253 254/254/254 255/255/255
f 256/256/256 257/257/257 258/258/258
f 259/259/259 260/260/260 261/261/261
f 262/262/262 263/263/263 264/264/264
f 265/265/265 266/266/266 267/267/267
f 268/268/268 269/269/269 270/270/270
f 271/271/271 272/272/272 273/273/273
f 274/274/274 275/275/275 276/276/276
f 277/277/277 278/278/278 279/279/279
f 280/280/280 281/281/281 282/282/282
f 283/283/283 284/284/284 285/285/285
f 286/286/286 287/287/287 288/288/288
f 289/289/289 290/290/290 291/291/291
f 292/292/292 293/293/293 294/294/294
f 295/295/295 296/296/296 297/297/297
f 298/298/298 299/299/299 300/300/300
f 301/301/301 302/302/302 303/303/303
f 304/304/304 305/305/305 306/306/306
f 307/307/307 308/308/308 309/309/309
f 310/310/310 311/311/311 312/312/312
f 313/313/313 314/314/314 315/315/315
f 316/316/316 317/317/317 318/318/318
f 319/319/319 320/320/320 321/321/321
f 322/322/322 323/323/323 324/324/324
f 325/325/325 326/326/326 327/327/327
f 328/328/328 329/329/329 330/330/330
f 331/331/331 332/332/332 333/333/333
f 334/334/334 335/335/335 336/336/336
f 337/337/337 338/338/338 339/339/339
f 340/340/340 341/341/341 342/342/342
f 343/343/343 344/344/344 345/345/345
f 346/346/346 347/347/347 348/348/348
f 349/349/349 350/350/350 351/351/351
f 352/352/352 353/353/353 354/354/354
f 355/355/355 356/356/356 357/357/357
f 358/358/358 359/359/359 360/360/360
f 361/361/361 362/362/362 363/363/363
f 364/364/364 365/365/365 366/366/366
f 367/367/367 368/368/368 369/369/369
f 370/370/370 371/371/371 372/372/372
f 373/373/373 374/374/374 375/375/375
f 376/376/376 377/377/377 378/378/378
f 379/379/379 380/380/380 381/381/381
f 382/382/382 383/383/383 384/384/384
f 385/385/385 386/386/386 387/387/387
f 388/388/388 389/389/389 390/390/390
f 391/391/391 392/392/392 393/393/393
f 394/394/394 395/395/395 396/396/396
f 397/397/397 398/398/398 399/399/399
f 400/400/400 401/401/401 402/402/402
f 403/403/403 404/404/404 405/405/405
f 406/406/406 407/407/407 408/408/408
f 409/409/409 410/410/410 411/411/411
f 412/412/412 413/413/413 414/414/414
f 415/415/415 416/416/416 417/417/417
f 418/418/418 419/419/419 420/420/420
f 421/421/421 422/422/422 423/423/423
f 424/424/424 425/425/425 426/426/426
f 427/427/427 428/428/428 429/429/429
f 430/430/430 431/431/431 432/432/432
f 433/433/433 434/434/434 435/435/435
f 436/436/436 437/437/437 438/438/438
f 439/439/439 440/440/440 441/441/441
f 442/442/442 443/443/443 444/444/444
f 445/445/445 446/446/446 447/447/447
f 448/448/448 449/449/449 450/450/450
f 451/451/451 452/452/452 453/453/453
f 454/454/454 455/455/455 456/456/456
f 457/457/457 458/458/458 459/459/459
f 460/460/460 461/461/461 462/462/462
f 463/463/463 464/464/464 465/465/465
f 466/466/466 467/467/467 468/468/468
f 469/469/469 470/470/470 471/471/471
f 472/472/472 473/473/473 474/474/474
f 475/475/475 476/476/476 477/477/477
f 478/478/478 479/479/479 480/480/480
f 481/481/481 482/482/482 483/483/483
f 484/484/484 485/485/485 486/486/486
f 487/487/487 488/488/488 489/489/489
f 490/490/490 491/491/491 492/492/492
f 493/493/493 494/494/494 495/495/495
f 496/496/496 497/497/497 498/498/498
f 499/499/499 500/500/500 501/501/501
f 502/502/502 503/503/503 504/504/504
f 505/505/505 506/506/506 507/507/507
f 508/508/508 509/509/509 510/510/510
f 511/511/511 512/512/512 513/513/513
f 514/514/514 515/515/515 516/516/516
f 517/517/517 518/518/518 519/519/519
f 520/520/520 521/521/521 522/522/522
f 523/523/523 524/524/524 525/525/525
f 526/526/526 527/527/527 528/528/528
f 529/529/529 530/530/530 531/531/531
f 532/532/532 533/533/533 534/534/534
f 535/535/535 536/536/536 537/537/537
f 538/538/538 539/539/539 540/540/540
f 541/541/541 542/542/542 543/543/543
f 544/544/544 545/545/545 546/546/546
f 547/547/547 548/548/548 549/549/549
f 550/550/550 551/551/551 552/552/552
f 553/553/553 554/554/554 555/555/555
f 556/556/556 557/557/557 558/558/558
f 559/559/559 560/560/560 561/561/561
f 562/562/562 563/563/563 564/564/564
f 565/565/565 566/566/566 567/567/567
f 568/568/568 569/569/569 570/570/570
f 571/571/571 572/572/572 573/573/573
f 574/574/574 575/575/575 576/576/576
f 577/577/577 578/578/578 579/579/579
f 580/580/580 581/581/581 582/582/582
f 583/583/583 584/584/584 585/585/585
f 586/586/586 587/587/587 588/588/588
f 589/589/589 590/590/590 591/591/591
f 592/592/592 593/593/593 594/594/594
f 595/595/595 596/596/596 597/597/597
f 598/598/598 599/599/599 600/600/600
f 601/601/601 602/602/602 603/603/603
f 604/604/604 605/605/605 606/606/606
f 607/607/607 608/608/608 609/609/609
f 610/610/610 611/611/611 612/612/612
f 613/613/613 614/614/614 615/615/615
f 616/616/616 617/617/617 618/618/618
f 619/619/619 620/620/620 621/621/621
f 622/622/622 623/623/623 624/624/624
f 625/625/625 626/626/626 627/627/627
f 628/628/628 629/629/629 630/630/630
f 631/631/631 632/632/632 633/633/633
f 634/634/634 635/635/635 636/636/636
f 637/637/637 638/638/638 639/639/639
f 640/640/640 641/641/641 642/642/642
f 643/643/643 644/644/644 645/645/645
f 646/646/646 647/647/647 648/648/648
f 649/649/649 650/650/650 651/651/651
f 652/652/652 653/653/653 654/654/654
f 655/655/655 656/656/656 657/657/657
f 658/658/658 659/659/659 660/660/660
f 661/661/661 662/662/662 663/663/663
f 664/664/664 665/665/665 666/666/666
f 667/667/667 668/668/668 669/669/669
f 670/670/670 671/671/671 672/672/672
f 673/673/673 674/674/674 675/675/675
f 676/676/676 677/677/677 678/678/678
f 679/679/679 680/680/680 681/681/681
f 682/682/682 683/683/683 684/684/684
f 685/685/685 686/686/686 687/687/687
f 688/688/688 689/689/689 690/690/690
f 691/691/691 692/692/692 693/693/693
f 694/694/694 695/695/695 696/696/696
f 697/697/697 698/698/698 699/699/699
f 700/700/700 701/701/701 702/702/702
f 703/703/703 704/704/704 705/705/705
f 706/706/706 707/707/707 708/708/708
f 709/709/709 710/710/710 711/711/711
f 712/712/712 713/713/713 714/714/714
f 715/715/715 716/716/716 717/717/717
f 718/718/718 719/719/719 720/720/720
f 721/721/721 722/722/722 723/723/723
f 724/724/724 725/725/725 726/726/726
f 727/727/727 728/728/728 729/729/729
f 730/730/730 731/731/731 732/732/732
f 733/733/733 734/734/734 735/735/735
f 736/736/736 737/737/737 738/738/738
f 739/739/739 740/740/740 741/741/741
f 742/742/742 743/743/743 744/744/744
f 745/745/745 746/746/746 747/747/747
f 748/748/748 749/749/749 750/750/750
f 751/751/751 752/752/752 753/753/753
f 754/754/754 755/755/755 756/756/756
f 757/757/757 758/758/758 759/759/759
f 760/760/760 761/761/761 762/762/762
f 763/763/763 764/764/764 765/765/765
f 766/766/766 767/767/767 768/768/768
f 769/769/769 770/770/770 771/771/771
f 772/772/772 773/773/773 774/774/774
f 775/775/775 776/776/776 777/777/777
f 778/778/778 779/779/779 780/780/780
f 781/781/781 782/782/782 783/783/783
f 784/784/784 785/785/785 786/786/786
f 787/787/787 788/788/788 789/789/789
f 790/790/790 791/791/791 792/792/792
f 793/793/793 794/794/794 795/795/795
f 796/796/796 797/797/797 798/798/798
f 799/799/799 800/800/800 801/801/801
f 802/802/802 803/803/803 804/804/804
f 805/805/805 806/806/806 807/807/807
f 808/808/808 809/809/809 810/810/810
f 811/811/811 812/812/812 813/813/813
f 814/814/814 815/815/815 816/816/816
f 817/817/817 818/818/818 819/819/819
f 820/820/820 821/821/821 822/822/822
f 823/823/823 824/824/824 825/825/825
f 826/826/826 827/827/827 828/828/828
f 829/829/829 830/830/830 831/831/831
f 832/832/832 833/833/833 834/834/834
f 835/835/835 836/836/836 837/837/837
f 838/838/838 839/839/839 840/840/840
f 841/841/841 842/842/842 843/843/843
f 844/844/844 845/845/845 846/846/846
f 847/847/847 848/848/848 849/849/849
f 850/850/850 851/851/851 852/852/852
f 853/853/853 854/854/854 855/855/855
f 856/856/856 857/857/857 858/858/858
f 859/859/859 860/860/860 861/861/861
f 862/862/862 863/863/863 864/864/864
f 865/865/865 866/866/866 867/867/867
f 868/868/868 869/869/869 870/870/870
f 871/871/871 872/872/872 873/873/873
f 874/874/874 875/875/875 876/876/876
f 877/877/877 878/878/878 879/879/879
f 880/880/880 881/881/881 882/882/882
f 883/883/883 884/884/884 885/885/885
f 886/886/886 887/887/887 888/888/888
f 889/889/889 890/890/890 891/891/891
f 892/892/892 893/893/893 894/894/894
f 895/895/895 896/896/896 897/897/897
f 898/898/898 899/899/899 900/900/900
f 901/901/901 902/902/902 903/903/903
f 904/904/904 905/905/905 906/906/906
f 907/907/907 908/908/908 909/909/909
f 910/910/910 911/911/911 912/912/912
f 913/913/913 914/914/914 915/915/915
f 916/916/916 917/917/917 918/918/918
f 919/919/919 920/920/920 921/921/921
f 922/922/922 923/923/923 924/924/924
f 925/925/925 926/926/926 927/927/927
f 928/928/928 929/929/929 930/930/930
f 931/931/931 932/932/932 933/933/933
f 934/934/934 935/935/935 936/936/936
f 937/937/937 938/938/938 939/939/939
f 940/940/940 941/941/941 942/942/942
f 943/943/943 944/944/944 945/945/945
f 946/946/946 947/947/947 948/948/948
f 949/949/949 950/950/950 951/951/951
f 952/952/952 953/953/953 954/954/954
f 955/955/955 956/956/956 957/957/957
f 958/958/958 959/959/959 960/960/960
f 961/961/961 962/962/962 963/963/963
f 964/964/964 965/965/965 966/966/966
f 967/967/967 968/968/968 969/969/969
f 970/970/970 971/971/971 972/972/972
f 973/973/973 974/974/974 975/975/975
f 976/976/976 977/977/977 978/978/978
f 979/979/979 980/980/980 981/981/981
f 982/982/982 983/983/983 984/984/984
f 985/985/985 986/986/986 987/987/987
f 988/988/988 989/989/989 990/990/990
f 991/991/991 992/992/992 993/993/993
f 994/994/994 995/995/995 996/996/996
f 997/997/997 998/998/998 999/999/999
f 1000/1000/1000 1001/1001/1001 1002/1002/1002
f 1003/1003/1003 1004/1004/1004 1005/1005/1005
f 1006/1006/1006 1007/1007/1007 1008/1008/1008
f 1009/1009/1009 1010/1010/1010 1011/1011/1011
f 1012/1012/1012 1013/1013/1013 1014/1014/1014
f 1015/1015/1015 1016/1016/1016 1017/1017/1017
f 1018/1018/1018 1019/1019/1019 1020/1020/1020
f 1021/1021/1021 1022/1022/1022 1023/1023/1023
f 1024/1024/1024 1025/1025/1025 1026/1026/1026
f 1027/1027/1027 1028/1028/1028 1029/1029/1029
f 1030/1030/1030 1031/1031/1031 1032/1032/1032
f 1033/1033/1033 1034/1034/1034 1035/1035/1035
f 1036/1036/1036 1037/1037/1037 1038/1038/1038
f 1039/1039/1039 1040/1040/1040 1041/1041/1041
f 1042/1042/1042 1043/1043/1043 1044/1044/1044
f 1045/1045/1045 1046/1046/1046 1047/1047/1047
f 1048/1048/1048 1049/1049/1049 1050/1050/1050
f 1051/1051/1051 1052/1052/1052 1053/1053/1053
f 1054/1054/1054 1055/1055/1055 1056/1056/1056
f 1057/1057/1057 1058/1058/1058 1059/1059/1059
f 1060/1060/1060 1061/1061/1061 1062/1062/1062
f 1063/1063/1063 1064/1064/1064 1065/1065/1065
f 1066/1066/1066 1067/1067/1067 1068/1068/1068
f 1069/1069/1069 1070/1070/1070 1071/1071/1071
f 1072/1072/1072 1073/1073/1073 1074/1074/1074
f 1075/1075/1075 1076/1076/1076 1077/1077/1077
f 1078/1078/1078 1079/1079/1079 1080/1080/1080
f 1081/1081/1081 1082/1082/1082 1083/1083/1083
f 1084/1084/1084 1085/1085/1085 1086/1086/1086
f 1087/1087/1087 1088/1088/1088 1089/1089/1089
f 1090/1090/1090 1091/1091/1091 1092/1092/1092
f 1093/1093/1093 1094/1094/1094 1095/1095/1095
f 1096/1096/1096 1097/1097/1097 1098/1098/1098
f 1099/1099/1099 1100/1100/1100 1101/1101/1101
f 1102/1102/1102 1103/1103/1103 1104/1104/1104
f 1105/1105/1105 1106/1106/1106 1107/1107/1107
f 1108/1108/1108 1109/1109/1109 1110/1110/1110
f 1111/1111/1111 1112/1112/1112 1113/1113/1113
f 1114/1114/1114 1115/1115/1115 1116/1116/1116
f 1117/1117/1117 1118/1118/1118 1119/1119/1119
f 1120/1120/1120 1121/1121/1121 1122/1122/1122
f 1123/1123/1123 1124/1124/1124 1125/1125/1125
f 1126/1126/1126 1127/1127/1127 1128/1128/1128
f 1129/1129/1129 1130/1130/1130 1131/1131/1131
f 1132/1132/1132 1133/1133/1133 1134/1134/1134
f 1135/1135/1135 1136/1136/1136 1137/1137/1137
f 1138/1138/1138 1139/1139/1139 1140/1140/1140
f 1141/1141/1141 1142/1142/1142 1143/1143/1143
f 1144/1144/1144 1145/1145/1145 1146/1146/1146
f 1147/1147/1147 1148/1148/1148 1149/1149/1149
f 1150/1150/1150 1151/1151/1151 1152/1152/1152
f 1153/1153/1153 1154/1154/1154 1155/1155/1155
f 1156/1156/1156 1157/1157/1157 1158/1158/1158
f 1159/1159/1159 1160/1160/1160 1161/1161/1161
f 1162/1162/1162 1163/1163/1163 1164/1164/1164
f 1165/1165/1165 1166/1166/1166 1167/1167/1167
f 1168/1168/1168 1169/1169/1169 1170/1170/1170
f 1171/1171/1171 1172/1172/1172 1173/1173/1173
f 1174/1174/1174 1175/1175/1175 1176/1176/1176
f 1177/1177/1177 1178/1178/1178 1179/1179/1179
f 1180/1180/1180 1181/1181/1181 1182/1182/1182
f 1183/1183/1183 1184/1184/1184 1185/1185/1185
f 1186/1186/1186 1187/1187/1187 1188/1188/1188
f 1189/1189/1189 1190/1190/1190 1191/1191/1191
f 1192/1192/1192 1193/1193/1193 1194/1194/1194
f 1195/1195/1195 1196/1196/1196 1197/1197/1197
f 1198/1198/1198 1199/1199/1199 1200/1200/1200
f 1201/1201/1201 1202/1202/1202 1203/1203/1203
f 1204/1204/1204 1205/1205/1205 1206/1206/1206
f 1207/1207/1207 1208/1208/1208 1209/1209/1209
f 1210/1210/1210 1211/1211/1211 1212/1212/1212
f 1213/1213/1213 1214/1214/1214 1215/1215/1215
f 1216/1216/1216 1217/1217/1217 1218/1218/1218
f 1219/1219/1219 1220/1220/1220 1221/1221/1221
f 1222/1222/1222 1223/1223/1223 1224/1224/1224
f 1225/1225/1225 1226/1226/1226 1227/1227/1227
f 1228/1228/1228 1229/1229/1229 1230/1230/1230
f 1231/1231/1231 1232/1232/1232 1233/1233/1233
f 1234/1234/1234 1235/1235/1235 1236/1236/1236
f 1237/1237/1237 1238/1238/1238 1239/1239/1239
f 1240/1240/1240 1241/1241/1241 1242/1242/1242
f 1243/1243/1243 1244/1244/1244 1245/1245/1245
f 1246/1246/1246 1247/1247/1247 1248/1248/1248
f 1249/1249/1249 1250/1250/1250 1251/1251/1251
f 1252/1252/1252 1253/1253/1253 1254/1254/1254
f 1255/1255/1255 1256/1256/1256 1257/1257/1257
f 1258/1258/1258 1259/1259/1259 1260/1260/1260
f 1261/1261/1261 1262/1262/1262 1263/1263/1263
f 1264/1264/1264 1265/1265/1265 1266/1266/1266
f 1267/1267/1267 1268/1268/1268 1269/1269/1269
f 1270/1270/1270 1271/1271/1271 1272/1272/1272
f 1273/1273/1273 1274/1274/1274 1275/1275/1275
f 1276/1276/1276 1277/1277/1277 1278/1278/1278
f 1279/1279/1279 1280/1280/1280 1281/1281/1281
f 1282/1282/1282 1283/1283/1283 1284/1284/1284
f 1285/1285/1285 1286/1286/1286 1287/1287/1287
f 1288/1288/1288 1289/1289/1289 1290/1290/1290
f 1291/1291/1291 1292/1292/1292 1293/1293/1293
f 1294/1294/1294 1295/1295/1295 1296/1296/1296
f 1297/1297/1297 1298/1298/1298 1299/1299/1299
f 1300/1300/1300 1301/1301/1301 1302/1302/1302
f 1303/1303/1303 1304/1304/1304 1305/1305/1305
f 1306/1306/1306 1307/1307/1307 1308/1308/1308
f 1309/1309/1309 1310/1310/1310 1311/1311/1311
f 1312/1312/1312 1313/1313/1313 1314/1314/1314
f 1315/1315/1315 1316/1316/1316 1317/1317/1317
f 1318/1318/1318 1319/1319/1319 1320/1320/1320
f 1321/1321/1321 1322/1322/1322 1323/1323/1323
f 1324/1324/1324 1325/1325/1325 1326/1326/1326
f 1327/1327/1327 1328/1328/1328 1329/1329/1329
f 1330/1330/1330 1331/1331/1331 1332/1332/1332
f 1333/1333/1333 1334/1334/1334 1335/1335/1335
f 1336/1336/1336 1337/1337/1337 1338/1338/1338
f 1339/1339/1339 1340/1340/1340 1341/1341/1341
f 1342/1342/1342 1343/1343/1343 1344/1344/1344
f 1345/1345/1345 1346/1346/1346 1347/1347/1347
f 1348/1348/1348 1349/1349/1349 1350/1350/1350
f 1351/1351/1351 1352/1352/1352 1353/1353/1353
f 1354/1354/1354 1355/1355/1355 1356/1356/1356
f 1357/1357/1357 1358/1358/1358 1359/1359/1359
f 1360/1360/1360 1361/1361/1361 1362/1362/1362
f 1363/1363/1363 1364/1364/1364 1365/1365/1365
f 1366/1366/1366 1367/1367/1367 1368/1368/1368
f 1369/1369/1369 1370/1370/1370 1371/1371/1371
f 1372/1372/1372 1373/1373/1373 1374/1374/1374
f 1375/1375/1375 1376/1376/1376 1377/1377/1377
f 1378/1378/1378 1379/1379/1379 1380/1380/1380
f 1381/1381/1381 1382/1382/1382 1383/1383/1383
f 1384/1384/1384 1385/1385/1385 1386/1386/1386
f 1387/1387/1387 1388/1388/1388 1389/1389/1389
f 1390/1390/1390 1391/1391/1391 1392/1392/1392
f 1393/1393/1393 1394/1394/1394 1395/1395/1395
f 1396/1396/1396 1397/1397/1397 1398/1398/1398
f 1399/1399/1399 1400/1400/1400 1401/1401/1401
f 1402/1402/1402 1403/1403/1403 1404/1404/1404
f 1405/1405/1405 1406/1406/1406 1407/1407/1407
f 1408/1408/1408 1409/1409/1409 1410/1410/1410
f 1411/1411/1411 1412/1412/1412 1413/1413/1413
f 1414/1414/1414 1415/1415/1415 1416/1416/1416
f 1417/1417/1417 1418/1418/1418 1419/1419/1419
f 1420/1420/1420 1421/1421/1421 1422/1422/1422
f 1423/1423/1423 1424/1424/1424 1425/1425/1425
f 1426/1426/1426 1427/1427/1427 1428/1428/1428
f 1429/1429/1429 1430/1430/1430 1431/1431/1431
f 1432/1432/1432 1433/1433/1433 1434/1434/1434
f 1435/1435/1435 1436/1436/1436 1437/1437/1437
f 1438/1438/1438 1439/1439/1439 1440/1440/1440
f 1441/1441/1441 1442/1442/1442 1443/1443/1443
f 1444/1444/1444 1445/1445/1445 1446/1446/1446
f 1447/1447/1447 1448/1448/1448 1449/1449/1449
f 1450/1450/1450 1451/1451/1451 1452/1452/1452
f 1453/1453/1453 1454/1454/1454 1455/1455/1455
f 1456/1456/1456 1457/1457/1457 1458/1458/1458
f 1459/1459/1459 1460/1460/1460 1461/1461/1461
f 1462/1462/1462 1463/1463/1463 1464/1464/1464
f 1465/1465/1465 1466/1466/1466 1467/1467/1467
f 1468/1468/1468 1469/1469/1469 1470/1470/1470
f 1471/1471/1471 1472/1472/1472 1473/1473/1473
f 1474/1474/1474 1475/1475/1475 1476/1476/1476
f 1477/1477/1477 1478/1478/1478 1479/1479/1479
f 1480/1480/1480 1481/1481/1481 1482/1482/1482
f 1483/1483/1483 1484/1484/1484 1485/1485/1485
f 1486/1486/1486 1487/1487/1487 1488/1488/1488
f 1489/1489/1489 1490/1490/1490 1491/1491/1491
f 1492/1492/1492 1493/1493/1493 1494/1494/1494
f 1495/1495/1495 1496/1496/1496 1497/1497/1497
f 1498/1498/1498 1499/1499/1499 1500/1500/1500
f 1501/1501/1501 1502/1502/1502 1503/1503/1503
f 1504/1504/1504 1505/1505/1505 1506/1506/1506
f 1507/1507/1507 1508/1508/1508 1509/1509/1509
f 1510/1510/1510 1511/1511/1511 1512/1512/1512
f 1513/1513/1513 1514/1514/1514 1515/1515/1515
f 1516/1516/1516 1517/1517/1517 1518/1518/1518
f 1519/1519/1519 1520/1520/1520 1521/1521/1521
f 1522/1522/1522 1523/1523/1523 1524/1524/1524
f 1525/1525/1525 1526/1526/1526 1527/1527/1527
f 1528/1528/1528 1529/1529/1529 1530/1530/1530
f 1531/1531/1531 1532/1532/1532 1533/1533/1533
f 1534/1534/1534 1535/1535/1535 1536/1536/1536
f 1537/1537/1537 1538/1538/1538 1539/1539/1539
f 1540/1540/1540 1541/1541/1541 1542/1542/1542
f 1543/1543/1543 1544/1544/1544 1545/1545/1545
f 1546/1546/1546 1547/1547/1547 1548/1548/1548
f 1549/1549/1549 1550/1550/1550 1551/1551/1551
f 1552/1552/1552 1553/1553/1553 1554/1554/1554
f 1555/1555/1555 1556/1556/1556 1557/1557/1557
f 1558/1558/1558 1559/1559/1559 1560/1560/1560
f 1561/1561/1561 1562/1562/1562 1563/1563/1563
f 1564/1564/1564 1565/1565/1565 1566/1566/1566
f 1567/1567/1567 1568/1568/1568 1569/1569/1569
f 1570/1570/1570 1571/1571/1571 1572/1572/1572
f 1573/1573/1573 1574/1574/1574 1575/1575/1575
f 1576/1576/1576 1577/1577/1577 1578/1578/1578
f 1579/1579/1579 1580/1580/1580 1581/1581/1581
f 1582/1582/1582 1583/1583/1583 1584/1584/1584
f 1585/1585/1585 1586/1586/1586 1587/1587/1587
f 1588/1588/1588 1589/1589/1589 1590/1590/1590
f 1591/1591/1591 1592/1592/1592 1593/1593/1593
f 1594/1594/1594 1595/1595/1595 1596/1596/1596
f 1597/1597/1597 1598/1598/1598 1599/1599/1599
f 1600/1600/1600 1601/1601/1601 1602/1602/1602
f 1603/1603/1603 1604/1604/1604 1605/1605/1605
f 1606/1606/1606 1607/1607/1607 1608/1608/1608
f 1609/1609/1609 1610/1610/1610 1611/1611/1611
f 1612/1612/1612 1613/1613/1613 1614/1614/1614
f 1615/1615/1615 1616/1616/1616 1617/1617/1617
f 1618/1618/1618 1619/1619/1619 1620/1620/1620
f 1621/1621/1621 1622/1622/1622 1623/1623/1623
f 1624/1624/1624 1625/1625/1625 1626/1626/1626
f 1627/1627/1627 1628/1628/1628 1629/1629/1629
f 1630/1630/1630 1631/1631/1631 1632/1632/1632
f 1633/1633/1633 1634/1634/1634 1635/1635/1635
f 1636/1636/1636 1637/1637/1637 1638/1638/1638
f 1639/1639/1639 1640/1640/1640 1641/1641/1641
f 1642/1642/1642 1643/1643/1643 1644/1644/1644
f 1645/1645/1645 1646/1646/1646 1647/1647/1647
f 1648/1648/1648 1649/1649/1649 1650/1650/1650
f 1651/1651/1651 1652/1652/1652 1653/1653/1653
f 1654/1654/1654 1655/1655/1655 1656/1656/1656
f 1657/1657/1657 1658/1658/1658 1659/1659/1659
f 1660/1660/1660 1661/1661/1661 1662/1662/1662
f 1663/1663/1663 1664/1664/1664 1665/1665/1665
f 1666/1666/1666 1667/1667/1667 1668/1668/1668
f 1669/1669/1669 1670/1670/1670 1671/1671/1671
f 1672/1672/1672 1673/1673/1673 1674/1674/1674
f 1675/1675/1675 1676/1676/1676 1677/1677/1677
f 1678/1678/1678 1679/1679/1679 1680/1680/1680
f 1681/1681/1681 1682/1682/1682 1683/1683/1683
f 1684/1684/1684 1685/1685/1685 1686/1686/1686
f 1687/1687/1687 1688/1688/1688 1689/1689/1689
f 1690/1690/1690 1691/1691/1691 1692/1692/1692
f 1693/1693/1693 1694/1694/1694 1695/1695/1695
f 1696/1696/1696 1697/1697/1697 1698/1698/1698
f 1699/1699/1699 1700/1700/1700 1701/1701/1701
f 1702/1702/1702 1703/1703/1703 1704/1704/1704
f 1705/1705/1705 1706/1706/1706 1707/1707/1707
f 1708/1708/1708 1709/1709/1709 1710/1710/1710
f 1711/1711/1711 1712/1712/1712 1713/1713/1713
f 1714/1714/1714 1715/1715/1715 1716/1716/1716
f 1717/1717/1717 1718/1718/1718 1719/1719/1719
f 1720/1720/1720 1721/1721/1721 1722/1722/1722
f 1723/1723/1723 1724/1724/1724 1725/1725/1725
f 1726/1726/1726 1727/1727/1727 1728/1728/1728
f 1729/1729/1729 1730/1730/1730 1731/1731/1731
f 1732/1732/1732 1733/1733/1733 1734/1734/1734
f 1735/1735/1735 1736/1736/1736 1737/1737/1737
f 1738/1738/1738 1739/1739/1739 1740/1740/1740
f 1741/1741/1741 1742/1742/1742 1743/1743/1743
f 1744/1744/1744 1745/1745/1745 1746/1746/1746
f 1747/1747/1747 1748/1748/1748 1749/1749/1749
f 1750/1750/1750 1751/1751/1751 1752/1752/1752
f 1753/1753/1753 1754/1754/1754 1755/1755/1755
f 1756/1756/1756 1757/1757/1757 1758/1758/1758
f 1759/1759/1759 1760/1760/1760 1761/1761/1761
f 1762/1762/1762 1763/1763/1763 1764/1764/1764
f 1765/1765/1765 1766/1766/1766 1767/1767/1767
f 1768/1768/1768 1769/1769/1769 1770/1770/1770
f 1771/1771/1771 1772/1772/1772 1773/1773/1773
f 1774/1774/1774 1775/1775/1775 1776/1776/1776
f 1777/1777/1777 1778/1778/1778 1779/1779/1779
f 1780/1780/1780 1781/1781/1781 1782/1782/1782
f 1783/1783/1783 1784/1784/1784 1785/1785/1785
f 1786/1786/1786 1787/1787/1787 1788/1788/1788
f 1789/1789/1789 1790/1790/1790 1791/1791/1791
f 1792/1792/1792 1793/1793/1793 1794/1794/1794
f 1795/1795/1795 1796/1796/1796 1797/1797/1797
f 1798/1798/1798 1799/1799/1799 1800/1800/1800
f 1801/1801/1801 1802/1802/1802 1803/1803/1803
f 1804/1804/1804 1805/1805/1805 1806/1806/1806
f 1807/1807/1807 1808/1808/1808 1809/1809/1809
f 1810/1810/1810 1811/1811/1811 1812/1812/1812
f 1813/1813/1813 1814/1814/1814 1815/1815/1815
f 1816/1816/1816 1817/1817/1817 1818/1818/1818
f 1819/1819/1819 1820/1820/1820 1821/1821/1821
f 1822/1822/1822 1823/1823/1823 1824/1824/1824
f 1825/1825/1825 1826/1826/1826 1827/1827/1827
f 1828/1828/1828 1829/1829/1829 1830/1830/1830
f 1831/1831/1831 1832/1832/1832 1833/1833/1833
f 1834/1834/1834 1835/1835/1835 1836/1836/1836
f 1837/1837/1837 1838/1838/1838 1839/1839/1839
f 1840/1840/1840 1841/1841/1841 1842/1842/1842
f 1843/1843/1843 1844/1844/1844 1845/1845/1845
f 1846/1846/1846 1847/1847/1847 1848/1848/1848
f 1849/1849/1849 1850/1850/1850 1851/1851/1851
f 1852/1852/1852 1853/1853/1853 1854/1854/1854
f 1855/1855/1855 1856/1856/1856 1857/1857/1857
f 1858/1858/1858 1859/1859/1859 1860/1860/1860
f 1861/1861/1861 1862/1862/1862 1863/1863/1863
f 1864/1864/1864 1865/1865/1865 1866/1866/1866
f 1867/1867/1867 1868/1868/1868 1869/1869/1869
f 1870/1870/1870 1871/1871/1871 1872/1872/1872
f 1873/1873/1873 1874/1874/1874 1875/1875/1875
f 1876/1876/1876 1877/1877/1877 1878/1878/1878
f 1879/1879/1879 1880/1880/1880 1881/1881/1881
f 1882/1882/1882 1883/1883/1883 1884/1884/1884
f 1885/1885/1885 1886/1886/1886 1887/1887/1887
f 1888/1888/1888 1889/1889/1889 1890/1890/1890
f 1891/1891/1891 1892/1892/1892 1893/1893/1893
f 1894/1894/1894 1895/1895/1895 1896/1896/1896
f 1897/1897/1897 1898/1898/1898 1899/1899/1899
f 1900/1900/1900 1901/1901/1901 1902/1902/1902
f 1903/1903/1903 1904/1904/1904 1905/1905/1905
f 1906/1906/1906 1907/1907/1907 1908/1908/1908
f 1909/1909/1909 1910/1910/1910 1911/1911/1911
f 1912/1912/1912 1913/1913/1913 1914/1914/1914
f 1915/1915/1915 1916/1916/1916 1917/1917/1917
f 1918/1918/1918 1919/1919/1919 1920/1920/1920
f 1921/1921/1921 1922/1922/1922 1923/1923/1923
f 1924/1924/1924 1925/1925/1925 1926/1926/1926
f 1927/1927/1927 1928/1928/1928 1929/1929/1929
f 1930/1930/1930 1931/1931/1931 1932/1932/1932
f 1933/1933/1933 1934/1934/1934 1935/1935/1935
f 1936/1936/1936 1937/1937/1937 1938/1938/1938
f 1939/1939/1939 1940/1940/1940 1941/1941/1941
