# STALKER Armor converted geometry (MC model units, pivot-relative)
v 0.00000 7.02734 4.12216
v 0.00000 1.63071 4.32808
v 0.00605 1.65434 3.84099
v -2.28628 9.37318 4.45518
v 0.01309 9.37195 4.22227
v -2.28101 9.36888 4.17946
v -2.23940 1.63179 4.32808
v -2.87594 3.28946 4.37307
v -2.22432 4.42094 4.35856
v -2.06444 10.78738 5.03237
v 0.01915 10.91947 5.01910
v -2.06444 10.91947 5.01910
v -2.06444 10.98134 4.72810
v -2.06444 11.04650 4.97981
v -2.06444 11.16356 4.91602
v -2.06444 11.11150 4.62302
v -2.06444 11.26617 4.83015
v -2.06444 11.35038 4.72553
v -2.06444 11.16608 4.14418
v -2.06444 11.41295 4.07775
v -2.06444 11.35038 3.95839
v -2.06444 10.83650 3.91101
v -2.06444 10.91947 3.66481
v -2.06444 10.78738 3.65155
v -2.06444 10.36327 4.37691
v -2.06444 10.11026 4.34196
v -2.06444 10.12327 4.47665
v -2.06444 10.45379 4.61127
v -2.06444 10.22438 4.72553
v -2.06444 10.30858 4.83015
v -2.06444 10.36327 4.37691
v -3.61609 10.36327 4.30701
v -2.06444 10.37186 4.25768
v -2.06444 10.39597 4.50727
v -3.61609 10.38243 4.47516
v -2.06444 10.36327 4.37691
v -2.06444 10.99450 3.96299
v -3.61609 11.05149 4.00182
v -2.06444 11.08695 4.03650
v -2.06444 10.83650 3.91101
v -3.61609 10.90373 3.92465
v -2.06444 10.99450 3.96299
v -2.06444 10.98134 4.72810
v -3.61609 10.91801 4.75485
v -2.06444 10.82165 4.77439
v -2.06444 11.11150 4.62302
v -3.61609 11.06303 4.67245
v -2.06444 10.98134 4.72810
v -2.06444 10.82165 4.77439
v -3.61609 10.75311 4.77439
v -2.06444 10.70472 4.76563
v -3.61609 11.06303 4.67245
v -3.61609 11.01683 4.79875
v -3.61609 10.91801 4.75485
v -3.61609 10.65674 3.92907
v -3.61609 10.74683 3.83040
v -3.61609 10.78738 3.90998
v -3.61609 11.06303 4.67245
v -3.61609 11.17081 4.67445
v -3.61609 11.01683 4.79875
v -3.61609 10.65674 3.92907
v -3.61609 10.55792 3.88516
v -3.61609 10.74683 3.83040
v -3.61609 11.13963 4.58195
v -3.61609 11.17081 4.67445
v -3.61609 11.06303 4.67245
v -3.61609 10.51172 4.01147
v -3.61609 10.55792 3.88516
v -3.61609 10.65674 3.92907
v -3.61609 10.51172 4.01147
v -3.61609 10.40395 4.00947
v -3.61609 10.55792 3.88516
v -3.61609 10.40867 4.14418
v -3.61609 10.40395 4.00947
v -3.61609 10.51172 4.01147
v -3.61609 10.40867 4.14418
v -3.61609 10.30834 4.18439
v -3.61609 10.40395 4.00947
v -3.61609 10.36327 4.30701
v -3.61609 10.30834 4.18439
v -3.61609 10.40867 4.14418
v -3.61609 10.36327 4.30701
v -3.61609 10.28620 4.34196
v -3.61609 10.30834 4.18439
v -3.61609 10.82792 4.85351
v -4.16541 10.74683 4.85351
v -3.61609 10.68960 4.84315
v 0.01371 7.33657 6.24508
v 0.01372 7.39276 5.31888
v 0.01371 9.35313 5.29713
v -0.45103 4.88239 3.96389
v -0.31415 7.38291 5.45022
v -0.31808 5.07959 3.79463
v 0.01372 4.60335 4.20338
v 0.01372 5.16386 3.72229
v 0.01372 7.39276 5.31888
v 0.01372 7.39276 5.31888
v -0.31808 5.07959 3.79463
v -0.31415 7.38291 5.45022
v 0.01372 11.23150 4.76806
v 0.01371 9.35313 5.29713
v 0.01372 11.07230 3.86186
v -0.31916 9.66232 5.95645
v 0.01372 11.23150 4.76806
v -0.31680 11.20795 4.63396
v -4.24351 12.97100 -3.18265
v -4.24351 11.83376 3.70423
v -4.24351 12.97100 3.70423
v -0.31772 9.40029 5.41638
v -0.45237 8.72299 5.72141
v -0.45301 9.53421 5.68507
v -0.31942 4.68750 4.13116
v 0.01372 4.60335 4.20338
v 0.01371 7.33657 6.24508
v 0.01371 9.35313 5.29713
v -0.31415 7.38291 5.45022
v -0.31772 9.40029 5.41638
v 0.00274 7.55343 4.14700
v 4.11014 9.16281 3.48907
v -0.02077 8.14308 3.48907
v 0.00000 1.63071 4.32808
v 0.00000 7.02734 4.12216
v -0.00605 1.65434 3.84099
v 2.29292 1.65542 3.84099
v 4.00509 0.48264 3.83126
v 2.29398 -0.06303 3.75923
v 2.23940 1.63179 4.32808
v 2.22432 4.42094 4.35856
v 2.87594 3.28946 4.37307
v 3.61609 10.91801 4.75485
v 2.06444 10.98134 4.72810
v 2.06444 10.82165 4.77439
v 3.61609 11.06303 4.67245
v 2.06444 11.11150 4.62302
v 2.06444 10.98134 4.72810
v 3.61609 10.75311 4.77439
v 2.06444 10.82165 4.77439
v 2.06444 10.70472 4.76563
v 3.61609 11.16608 4.53973
v 2.06444 11.19232 4.47516
v 2.06444 11.11150 4.62302
v 3.61609 11.21148 4.37690
v 2.06444 11.21103 4.34196
v 2.06444 11.19232 4.47516
v 3.61609 10.90373 3.92465
v 3.61609 10.84549 3.83217
v 3.61609 10.78738 3.90998
v 3.61609 11.01683 4.79875
v 3.61609 11.06303 4.67245
v 3.61609 10.91801 4.75485
v 3.61609 11.17080 4.67445
v 3.61609 11.16608 4.53973
v 3.61609 11.06303 4.67245
v 3.61609 10.55792 3.88516
v 3.61609 10.51172 4.01147
v 3.61609 10.65674 3.92907
v 3.61609 11.26641 4.49953
v 3.61609 11.21148 4.37690
v 3.61609 11.16608 4.53973
v 3.61609 10.40395 4.00947
v 3.61609 10.40867 4.14418
v 3.61609 10.51172 4.01147
v 3.61609 10.30834 4.18439
v 3.61609 10.37186 4.25768
v 3.61609 10.40867 4.14418
v 3.61609 10.36473 4.39205
v 3.61609 10.30322 4.48230
v 3.61609 10.39597 4.50727
v 4.16541 11.28908 4.38329
v 3.61609 11.28855 4.34196
v 3.61609 11.26641 4.49953
v 4.16541 10.92502 3.84830
v 3.61609 10.84549 3.83217
v 3.61609 10.97916 3.86985
v 4.16541 10.72926 3.83217
v 3.61609 10.68960 3.84076
v 3.61609 10.84549 3.83217
v 0.31439 7.38468 5.45170
v 0.45127 4.88286 3.96350
v 0.31789 5.08000 3.79429
v 0.31789 5.08000 3.79429
v -0.01372 7.39254 5.31889
v 0.31439 7.38468 5.45170
v -0.01371 9.35347 5.29686
v -0.01371 7.33622 6.24480
v -0.01371 9.71249 6.07405
v -0.01371 7.33622 6.24480
v 0.31674 8.81673 6.01347
v -0.01371 9.71249 6.07405
v -0.01372 11.23150 4.76806
v 0.31569 9.66407 5.95785
v 0.31680 11.20795 4.63396
v 0.45237 8.72299 5.72141
v 0.31772 9.40029 5.41638
v 0.45301 9.53421 5.68507
v -0.01372 4.60381 4.20300
v 0.31887 4.68741 4.13124
v -0.01371 7.33622 6.24480
v -0.01372 11.23150 4.76806
v -0.01371 9.35347 5.29686
v -0.01371 9.71249 6.07405
v -4.24351 12.97100 3.70423
v 0.02521 11.83376 3.70423
v 0.02521 12.97100 3.70423
v 0.02077 13.13792 3.48907
v 0.02077 11.66684 -2.96749
v 0.02077 13.13792 -2.96749
v 0.02521 12.97100 -3.18265
v -4.24351 11.83377 -3.18265
v -4.24351 12.97100 -3.18265
v -4.11014 13.13792 3.48907
v 0.02077 13.13792 -2.96749
v -4.11014 13.13792 -2.96749
v 0.02077 -0.09099 -2.96749
v -2.04469 -0.09099 3.48907
v -2.04469 -0.09099 -2.96749
v -0.00274 7.55343 4.14700
v -4.53836 8.73573 4.14700
v -2.42792 7.59157 4.11310
v 0.02077 1.57599 3.48907
v 0.02077 8.14308 -2.96749
v 0.02077 8.14308 3.48907
v -4.34559 -0.38020 -3.31941
v -5.11371 4.15265 3.84099
v -5.11371 4.15265 -3.31941
v -5.11371 4.15265 -3.31941
v 0.01892 7.55343 -3.92123
v -1.64185 1.44024 -3.52000
v 0.02077 -0.09099 3.48907
v 0.02077 1.12150 -2.96749
v 0.02077 1.57599 3.48907
v 0.02077 -0.09099 -2.96749
v -1.43770 1.12150 -2.96749
v 0.02077 1.12150 -2.96749
v -4.33571 -0.47116 3.84099
v -2.37951 -0.24923 -3.31941
v -2.22228 -0.39723 3.84099
v 0.02077 -0.09099 3.48907
v -1.43770 1.57600 3.48907
v -2.04469 -0.09099 3.48907
v 0.02077 1.12150 -2.96749
v 0.01892 7.55343 -3.92123
v 0.02077 8.14308 -2.96749
v 0.02077 8.14308 3.48907
v -0.00274 7.55343 4.14700
v 0.00000 7.02734 4.12216
v -4.11014 9.16281 3.48907
v -0.00274 7.55343 4.14700
v 0.02077 8.14308 3.48907
v -4.11014 9.16281 -2.96749
v 0.01892 7.55343 -3.92123
v -4.53836 8.73573 -3.62542
v -4.53836 8.73573 -3.62542
v -4.11014 9.16281 3.48907
v -4.11014 9.16281 -2.96749
v -2.04469 -0.09099 -2.96749
v -1.64185 1.44024 -3.52000
v -1.43770 1.12150 -2.96749
v -1.43770 1.12150 -2.96749
v 0.00000 1.43869 -3.61521
v 0.02077 1.12150 -2.96749
v -2.04469 -0.09099 3.48907
v -2.37951 -0.24923 -3.31941
v -2.04469 -0.09099 -2.96749
v -2.04469 -0.09099 3.48907
v -1.47474 1.65577 3.84099
v -2.22228 -0.39723 3.84099
v -2.29292 1.65542 3.84099
v -1.47474 1.65577 3.84099
v 0.02077 1.57599 3.48907
v -4.53836 8.73573 4.14700
v -5.11371 4.15265 -3.31941
v -5.11371 4.15265 3.84099
v 0.02077 11.66684 -2.96749
v 0.02077 8.14308 3.48907
v 0.02077 8.14308 -2.96749
v -4.11014 9.16281 -2.96749
v 0.02077 11.66684 -2.96749
v 0.02077 8.14308 -2.96749
v -4.11014 11.66684 3.48907
v -4.11014 9.16281 -2.96749
v -4.11014 9.16281 3.48907
v -4.11014 9.16281 3.48907
v 0.02077 11.66684 3.48907
v -4.11014 11.66684 3.48907
v -4.11014 13.13792 3.48907
v -4.24351 12.97100 -3.18265
v -4.24351 12.97100 3.70423
v -4.11014 13.13792 3.48907
v 0.02521 12.97100 3.70423
v 0.02077 13.13792 3.48907
v 0.02077 13.13792 3.48907
v 0.02521 11.83376 3.70423
v 0.02077 11.66684 3.48907
v 0.02077 13.13792 -2.96749
v 0.02521 11.83377 -3.18265
v 0.02521 12.97100 -3.18265
v -4.11014 13.13792 -2.96749
v 0.02521 12.97100 -3.18265
v -4.24351 12.97100 -3.18265
v -4.11014 11.66684 -2.96749
v 0.02521 11.83377 -3.18265
v 0.02077 11.66684 -2.96749
v -4.24351 11.83376 3.70423
v -4.11014 11.66684 -2.96749
v -4.11014 11.66684 3.48907
v -4.11014 11.66684 3.48907
v 0.02521 11.83376 3.70423
v -4.24351 11.83376 3.70423
v -2.23940 1.63179 4.32808
v 0.00000 7.03137 4.60983
v -2.29890 7.02857 4.56700
v -2.29778 -0.66046 3.98889
v -2.29395 -0.06321 3.76122
v -2.29432 -0.63683 3.73516
v -2.28101 9.36888 4.17946
v -2.29890 7.02857 4.56700
v -2.28628 9.37318 4.45518
v -2.23940 1.63179 4.32808
v -2.29362 7.02427 4.07935
v -2.29292 1.65542 3.84099
v 0.00000 -0.70378 3.98891
v -2.29432 -0.63683 3.73516
v 0.00000 -0.68015 3.73514
v 0.00000 7.02734 4.12216
v 0.00000 7.03137 4.60983
v 0.00000 1.63071 4.32808
v 0.00000 -0.70378 3.98891
v 0.00605 1.65434 3.84099
v 0.00000 1.63071 4.32808
v 0.00000 -0.68015 3.73514
v -2.29432 -0.63683 3.73516
v -2.29395 -0.06321 3.76122
v -2.29817 -0.08781 4.07284
v -2.29778 -0.66046 3.98889
v 0.00000 -0.70378 3.98891
v -2.28628 9.37318 4.45518
v 0.00000 7.03137 4.60983
v 0.01134 9.37598 4.49801
v -2.28101 9.36888 4.17946
v 0.00000 7.02734 4.12216
v -2.29362 7.02427 4.07935
v 0.01309 9.37195 4.22227
v 0.00000 7.03137 4.60983
v 0.00000 7.02734 4.12216
v -4.00511 0.48231 3.83197
v -2.29395 -0.06321 3.76122
v -2.35662 -0.10755 3.75591
v -4.00511 0.48231 3.83197
v -2.33745 -0.11778 4.06995
v -3.98366 0.47104 4.31906
v -3.98366 0.47104 4.31906
v -2.29817 -0.08781 4.07284
v -2.23940 1.63179 4.32808
v -2.33745 -0.11778 4.06995
v -2.29395 -0.06321 3.76122
v -2.29817 -0.08781 4.07284
v -3.62539 3.32674 3.89195
v -3.98366 0.47104 4.31906
v -3.60394 3.31546 4.37904
v -2.95232 4.12838 4.42055
v -2.87594 3.28946 4.37307
v -2.22432 4.42094 4.35856
v -3.60394 3.31546 4.37904
v -2.23940 1.63179 4.32808
v -2.87594 3.28946 4.37307
v -2.87594 3.28946 4.37307
v -2.29292 1.65542 3.84099
v -2.92946 3.31309 3.88598
v -3.62539 3.32674 3.89195
v -2.29292 1.65542 3.84099
v -4.00511 0.48231 3.83197
v -2.97377 4.13965 3.93346
v -2.22432 4.42094 4.35856
v -2.27784 4.44457 3.87147
v -2.27784 4.44457 3.87147
v -2.87594 3.28946 4.37307
v -2.92946 3.31309 3.88598
v -2.97377 4.13965 3.93346
v -2.92946 3.31309 3.88598
v -3.62539 3.32674 3.89195
v -2.97377 4.13965 3.93346
v -3.60394 3.31546 4.37904
v -2.95232 4.12838 4.42055
v -2.42792 7.59157 4.11310
v -3.44730 5.34311 4.02928
v -2.42812 5.34311 4.01093
v -2.29292 1.65542 3.84099
v -2.29362 7.02427 4.07935
v -2.42812 5.34311 4.01093
v -2.06444 10.91947 5.01910
v 0.01915 11.04650 4.97981
v -2.06444 11.04650 4.97981
v -2.06444 11.04650 4.97981
v 0.01915 11.16356 4.91602
v -2.06444 11.16356 4.91602
v -2.06444 11.16356 4.91602
v 0.01915 11.26617 4.83015
v -2.06444 11.26617 4.83015
v -2.06444 11.26617 4.83015
v 0.01915 11.35038 4.72553
v -2.06444 11.35038 4.72553
v -2.06444 11.35038 4.72553
v 0.01915 11.41295 4.60616
v -2.06444 11.41295 4.60616
v -2.06444 11.41295 4.60616
v 0.01915 11.45148 4.47665
v -2.06444 11.45148 4.47665
v -2.06444 11.45148 4.47665
v 0.01915 11.46449 4.34196
v -2.06444 11.46449 4.34196
v -2.06444 11.46449 4.34196
v 0.01915 11.45148 4.20727
v -2.06444 11.45148 4.20727
v -2.06444 11.45148 4.20727
v 0.01915 11.41295 4.07775
v -2.06444 11.41295 4.07775
v -2.06444 11.41295 4.07775
v 0.01915 11.35038 3.95839
v -2.06444 11.35038 3.95839
v -2.06444 11.35038 3.95839
v 0.01915 11.26617 3.85376
v -2.06444 11.26617 3.85376
v -2.06444 11.26617 3.85376
v 0.01915 11.16356 3.76790
v -2.06444 11.16356 3.76790
v -2.06444 11.16356 3.76790
v 0.01915 11.04650 3.70410
v -2.06444 11.04650 3.70410
v -2.06444 11.04650 3.70410
v 0.01915 10.91947 3.66481
v -2.06444 10.91947 3.66481
v -2.06444 10.91947 3.66481
v 0.01915 10.78738 3.65155
v -2.06444 10.78738 3.65155
v -2.06444 10.78738 3.65155
v 0.01915 10.65528 3.66481
v -2.06444 10.65528 3.66481
v -2.06444 10.65528 3.66481
v 0.01915 10.52825 3.70410
v -2.06444 10.52825 3.70410
v -2.06444 10.52825 3.70410
v 0.01915 10.41119 3.76790
v -2.06444 10.41119 3.76790
v -2.06444 10.41119 3.76790
v 0.01915 10.30858 3.85376
v -2.06444 10.30858 3.85376
v -2.06444 10.30858 3.85376
v 0.01915 10.22437 3.95839
v -2.06444 10.22437 3.95839
v -2.06444 10.22437 3.95839
v 0.01915 10.16180 4.07775
v -2.06444 10.16180 4.07775
v -2.06444 10.16180 4.07775
v 0.01915 10.12327 4.20727
v -2.06444 10.12327 4.20727
v -2.06444 10.12327 4.20727
v 0.01915 10.11026 4.34196
v -2.06444 10.11026 4.34196
v -2.06444 10.11026 4.34196
v 0.01915 10.12327 4.47665
v -2.06444 10.12327 4.47665
v -2.06444 10.12327 4.47665
v 0.01915 10.16180 4.60617
v -2.06444 10.16180 4.60617
v -2.06444 10.16180 4.60617
v 0.01915 10.22438 4.72553
v -2.06444 10.22438 4.72553
v -2.06444 10.22438 4.72553
v 0.01915 10.30858 4.83015
v -2.06444 10.30858 4.83015
v -2.06444 10.30858 4.83015
v 0.01915 10.41119 4.91602
v -2.06444 10.41119 4.91602
v -2.06444 10.41119 4.91602
v 0.01915 10.52826 4.97982
v -2.06444 10.52826 4.97982
v -2.06444 10.52826 4.97982
v 0.01915 10.65528 5.01910
v -2.06444 10.65528 5.01910
v 0.01915 11.16356 4.91602
v 0.01915 10.22438 4.72553
v 0.01915 10.41119 3.76790
v -2.06444 10.65528 5.01910
v 0.01915 10.78738 5.03237
v -2.06444 10.78738 5.03237
v -3.61609 10.40867 4.14418
v -2.06444 10.37186 4.25768
v -3.61609 10.36327 4.30701
v -2.06444 10.91947 5.01910
v -2.06444 10.98134 4.72810
v -2.06444 10.82165 4.77439
v -2.06444 10.82165 4.77439
v -2.06444 10.78738 5.03237
v -2.06444 10.91947 5.01910
v -2.06444 11.11150 4.62302
v -2.06444 11.16356 4.91602
v -2.06444 11.26617 4.83015
v -2.06444 11.19232 4.47516
v -2.06444 11.35038 4.72553
v -2.06444 11.41295 4.60616
v -2.06444 11.45148 4.47665
v -2.06444 11.21148 4.30701
v -2.06444 11.19232 4.47516
v -2.06444 11.19232 4.47516
v -2.06444 11.41295 4.60616
v -2.06444 11.45148 4.47665
v -2.06444 11.16608 4.14418
v -2.06444 11.45148 4.20727
v -2.06444 11.41295 4.07775
v -2.06444 11.21148 4.30701
v -2.06444 11.46449 4.34196
v -2.06444 11.45148 4.20727
v -2.06444 11.08695 4.03650
v -2.06444 11.35038 3.95839
v -2.06444 11.26617 3.85376
v -2.06444 11.16356 3.76790
v -2.06444 11.08695 4.03650
v -2.06444 11.26617 3.85376
v -2.06444 11.04650 3.70410
v -2.06444 10.83650 3.91101
v -2.06444 10.99450 3.96299
v -2.06444 10.99450 3.96299
v -2.06444 11.16356 3.76790
v -2.06444 11.04650 3.70410
v -2.06444 10.67102 3.92465
v -2.06444 10.78738 3.65155
v -2.06444 10.65528 3.66481
v -2.06444 10.52825 3.70410
v -2.06444 10.52326 4.00182
v -2.06444 10.67102 3.92465
v -2.06444 10.67102 3.92465
v -2.06444 10.65528 3.66481
v -2.06444 10.52825 3.70410
v -2.06444 10.30858 3.85376
v -2.06444 10.41570 4.13076
v -2.06444 10.52326 4.00182
v -2.06444 10.52326 4.00182
v -2.06444 10.41119 3.76790
v -2.06444 10.30858 3.85376
v -2.06444 10.16180 4.07775
v -2.06444 10.37186 4.25768
v -2.06444 10.41570 4.13076
v -2.06444 10.41570 4.13076
v -2.06444 10.22437 3.95839
v -2.06444 10.16180 4.07775
v -2.06444 10.11026 4.34196
v -2.06444 10.37186 4.25768
v -2.06444 10.12327 4.20727
v -2.06444 10.39597 4.50727
v -2.06444 10.12327 4.47665
v -2.06444 10.16180 4.60617
v -2.06444 10.22438 4.72553
v -2.06444 10.39597 4.50727
v -2.06444 10.16180 4.60617
v -2.06444 10.58025 4.72093
v -2.06444 10.30858 4.83015
v -2.06444 10.41119 4.91602
v -2.06444 10.70472 4.76563
v -2.06444 10.52826 4.97982
v -2.06444 10.65528 5.01910
v -2.06444 10.58025 4.72093
v -2.06444 10.41119 4.91602
v -2.06444 10.52826 4.97982
v -2.06444 10.78738 5.03237
v -2.06444 10.70472 4.76563
v -2.06444 10.65528 5.01910
v -3.61609 10.94191 3.85352
v -3.61609 11.05149 4.00182
v -3.61609 10.90373 3.92465
v -3.61609 11.21002 4.29187
v -2.06444 11.16608 4.14418
v -3.61609 11.15905 4.13076
v -3.61609 11.15905 4.13076
v -2.06444 11.08695 4.03650
v -3.61609 11.05149 4.00182
v -2.06444 10.36327 4.37691
v -3.61609 10.38243 4.47516
v -3.61609 10.36327 4.30701
v -2.06444 10.39597 4.50727
v -3.61609 10.46325 4.62303
v -3.61609 10.38243 4.47516
v -3.61609 10.46325 4.62303
v -2.06444 10.58025 4.72093
v -3.61609 10.59341 4.72810
v -2.06444 10.99450 3.96299
v -3.61609 10.90373 3.92465
v -3.61609 11.05149 4.00182
v -2.06444 10.82165 4.77439
v -3.61609 10.91801 4.75485
v -3.61609 10.75311 4.77439
v -3.61609 10.78738 3.90998
v -2.06444 10.67102 3.92465
v -3.61609 10.65674 3.92907
v -2.06444 10.83650 3.91101
v -3.61609 10.78738 3.90998
v -3.61609 10.90373 3.92465
v -2.06444 10.98134 4.72810
v -3.61609 11.06303 4.67245
v -3.61609 10.91801 4.75485
v -3.61609 10.59341 4.72810
v -2.06444 10.70472 4.76563
v -3.61609 10.75311 4.77439
v -3.61609 10.65674 3.92907
v -2.06444 10.52326 4.00182
v -3.61609 10.51172 4.01147
v -2.06444 11.11150 4.62302
v -3.61609 11.13963 4.58195
v -3.61609 11.06303 4.67245
v -3.61609 11.13963 4.58195
v -2.06444 11.19232 4.47516
v -3.61609 11.19665 4.46060
v -3.61609 10.51172 4.01147
v -2.06444 10.41570 4.13076
v -3.61609 10.40867 4.14418
v -3.61609 11.19665 4.46060
v -2.06444 11.21148 4.30701
v -3.61609 11.21002 4.29187
v -4.16541 11.03240 4.79026
v -3.61609 11.17081 4.67445
v -4.16541 11.18201 4.66053
v -3.61609 10.54235 4.79027
v -3.61609 10.46325 4.62303
v -3.61609 10.59341 4.72810
v -3.61609 10.75311 4.77439
v -3.61609 10.91801 4.75485
v -3.61609 10.82792 4.85351
v -3.61609 10.91801 4.75485
v -3.61609 11.01683 4.79875
v -3.61609 10.82792 4.85351
v -3.61609 10.94191 3.85352
v -3.61609 10.78738 3.90998
v -3.61609 10.74683 3.83040
v -3.61609 10.68960 4.84315
v -3.61609 10.59341 4.72810
v -3.61609 10.75311 4.77439
v -3.61609 11.26641 4.49953
v -3.61609 11.13963 4.58195
v -3.61609 11.19665 4.46060
v -3.61609 10.75311 4.77439
v -3.61609 10.82792 4.85351
v -3.61609 10.68960 4.84315
v -3.61609 11.19665 4.46060
v -3.61609 11.28908 4.30062
v -3.61609 11.26641 4.49953
v -3.61609 11.23537 4.10800
v -3.61609 11.21002 4.29187
v -3.61609 11.15905 4.13076
v -3.61609 10.28620 4.34196
v -3.61609 10.38243 4.47516
v -3.61609 10.30322 4.48230
v -3.61609 11.11346 3.95100
v -3.61609 11.15905 4.13076
v -3.61609 11.05149 4.00182
v -3.61609 10.39276 4.66054
v -3.61609 10.38243 4.47516
v -3.61609 10.46325 4.62303
v -4.16541 10.55792 4.79875
v -3.61609 10.68960 4.84315
v -4.16541 10.74683 4.85351
v -4.16541 10.28620 4.34196
v -4.16541 10.40395 4.67445
v -4.16541 10.88515 4.84315
v -4.16541 10.72926 3.83217
v -3.61609 10.55792 3.88516
v -4.16541 10.54235 3.89365
v -4.16541 11.18201 4.66053
v -3.61609 11.26641 4.49953
v -4.16541 11.27153 4.48230
v -4.16541 10.54235 3.89365
v -3.61609 10.40395 4.00947
v -4.16541 10.39275 4.02338
v -4.16541 11.27153 4.48230
v -3.61609 11.28908 4.30062
v -4.16541 11.28735 4.28270
v -4.16541 10.39275 4.02338
v -3.61609 10.30834 4.18439
v -4.16541 10.30322 4.20161
v -4.16541 11.28735 4.28270
v -3.61609 11.23537 4.10800
v -4.16541 11.22705 4.09212
v -4.16541 10.30322 4.20161
v -3.61609 10.28620 4.34196
v -4.16541 10.28620 4.34196
v -4.16541 10.28620 4.34196
v -3.61609 10.30322 4.48230
v -4.16541 10.30834 4.49953
v -4.16541 11.22705 4.09212
v -3.61609 11.11346 3.95100
v -4.16541 11.09982 3.93958
v -4.16541 10.30834 4.49953
v -3.61609 10.39276 4.66054
v -4.16541 10.40395 4.67445
v -4.16541 11.09982 3.93958
v -3.61609 10.94191 3.85352
v -4.16541 10.92502 3.84830
v -4.16541 10.88515 4.84315
v -3.61609 11.01683 4.79875
v -4.16541 11.03240 4.79026
v -3.61609 10.82792 4.85351
v -4.16541 10.88515 4.84315
v -4.16541 10.74683 4.85351
v -4.16541 10.40395 4.67445
v -3.61609 10.54235 4.79027
v -4.16541 10.55792 4.79875
v -4.16541 10.92502 3.84830
v -3.61609 10.74683 3.83040
v -4.16541 10.72926 3.83217
v -0.31720 11.09585 3.99589
v -0.45210 11.15180 4.31439
v -0.31680 11.20795 4.63396
v -0.31415 7.38291 5.45022
v 0.01371 9.35313 5.29713
v 0.01372 7.39276 5.31888
v -0.31942 4.68750 4.13116
v -0.45103 4.88239 3.96389
v -0.31808 5.07959 3.79463
v -0.31808 5.07959 3.79463
v 0.01372 7.39276 5.31888
v 0.01372 5.16386 3.72229
v -0.31942 4.68750 4.13116
v -0.45425 7.36220 5.77924
v -0.45103 4.88239 3.96389
v -0.31264 7.34423 6.11335
v -0.31942 4.68750 4.13116
v 0.01371 7.33657 6.24508
v -0.31680 11.20795 4.63396
v -0.45301 9.53421 5.68507
v -0.31916 9.66232 5.95645
v -0.45210 11.15180 4.31439
v -0.31772 9.40029 5.41638
v -0.45301 9.53421 5.68507
v -0.31720 11.09585 3.99589
v 0.01371 9.35313 5.29713
v -0.31772 9.40029 5.41638
v 0.01371 7.33657 6.24508
v -0.31916 9.66232 5.95645
v -0.31264 7.34423 6.11335
v -0.45301 9.53421 5.68507
v -0.45237 8.72299 5.72141
v -0.31916 9.66232 5.95645
v 0.01372 7.39276 5.31888
v 0.01371 7.33657 6.24508
v 0.01372 4.60335 4.20338
v 0.01372 11.23150 4.76806
v 0.01371 9.71054 6.07571
v 0.01371 9.35313 5.29713
v 0.01371 9.35313 5.29713
v 0.01371 9.71054 6.07571
v 0.01371 7.33657 6.24508
v -0.45237 8.72299 5.72141
v -0.31415 7.38291 5.45022
v -0.45425 7.36220 5.77924
v -0.31264 7.34423 6.11335
v -0.45237 8.72299 5.72141
v -0.45425 7.36220 5.77924
v -0.31916 9.66232 5.95645
v 0.01371 9.71054 6.07571
v 0.01372 11.23150 4.76806
v 4.24351 12.97100 -3.18265
v 4.24351 11.83376 3.70423
v 4.24351 11.83377 -3.18265
v 4.24351 12.97100 3.70423
v -0.02521 11.83376 3.70423
v 4.24351 11.83376 3.70423
v -0.02077 13.13792 3.48907
v -0.02077 11.66684 -2.96749
v -0.02077 11.66684 3.48907
v -0.02521 12.97100 -3.18265
v 4.24351 11.83377 -3.18265
v -0.02521 11.83377 -3.18265
v 4.11014 13.13792 3.48907
v -0.02077 13.13792 -2.96749
v -0.02077 13.13792 3.48907
v 2.04469 -0.09099 3.48907
v -0.02077 -0.09099 -2.96749
v 2.04469 -0.09099 -2.96749
v -0.02077 1.57599 3.48907
v -0.02077 8.14308 -2.96749
v -0.02077 1.12150 -2.96749
v 2.42792 7.59157 4.11310
v 3.44730 7.59157 4.10377
v 4.53836 8.73573 4.14700
v 4.34559 -0.38020 -3.31941
v 2.37951 -0.24923 -3.31941
v 1.64185 1.44024 -3.52000
v 4.34559 -0.38020 -3.31941
v 5.11371 4.15265 3.84099
v 4.33571 -0.47116 3.84099
v -0.02077 -0.09099 3.48907
v -0.02077 1.12150 -2.96749
v -0.02077 -0.09099 -2.96749
v 1.43770 1.12150 -2.96749
v -0.02077 -0.09099 -2.96749
v -0.02077 1.12150 -2.96749
v 4.33571 -0.47116 3.84099
v 2.37951 -0.24923 -3.31941
v 4.34559 -0.38020 -3.31941
v 1.43770 1.57600 3.48907
v -0.02077 -0.09099 3.48907
v 2.04469 -0.09099 3.48907
v -0.01892 7.55343 -3.92123
v -0.02077 1.12150 -2.96749
v -0.02077 8.14308 -2.96749
v -0.02077 1.57599 3.48907
v -0.00605 1.65434 3.84099
v 0.00000 7.02734 4.12216
v 4.11014 9.16281 -2.96749
v -0.01892 7.55343 -3.92123
v -0.02077 8.14308 -2.96749
v 4.53836 8.73573 -3.62542
v 4.11014 9.16281 3.48907
v 4.53836 8.73573 4.14700
v 1.64185 1.44024 -3.52000
v 2.04469 -0.09099 -2.96749
v 1.43770 1.12150 -2.96749
v 0.00000 1.43869 -3.61521
v 1.43770 1.12150 -2.96749
v -0.02077 1.12150 -2.96749
v 2.37951 -0.24923 -3.31941
v 2.04469 -0.09099 3.48907
v 2.04469 -0.09099 -2.96749
v 2.04469 -0.09099 3.48907
v 1.47474 1.65577 3.84099
v 1.43770 1.57600 3.48907
v 1.47474 1.65577 3.84099
v 2.29292 1.65542 3.84099
v -0.02077 1.57599 3.48907
v 4.53836 8.73573 4.14700
v 5.11371 4.15265 -3.31941
v 4.53836 8.73573 -3.62542
v -0.02077 11.66684 -2.96749
v -0.02077 8.14308 3.48907
v -0.02077 11.66684 3.48907
v -0.02077 11.66684 -2.96749
v 4.11014 9.16281 -2.96749
v -0.02077 8.14308 -2.96749
v 4.11014 11.66684 3.48907
v 4.11014 9.16281 -2.96749
v 4.11014 11.66684 -2.96749
v 4.11014 9.16281 3.48907
v -0.02077 11.66684 3.48907
v -0.02077 8.14308 3.48907
v 4.24351 12.97100 3.70423
v 4.11014 13.13792 -2.96749
v 4.11014 13.13792 3.48907
v -0.02521 12.97100 3.70423
v 4.11014 13.13792 3.48907
v -0.02077 13.13792 3.48907
v -0.02521 11.83376 3.70423
v -0.02077 13.13792 3.48907
v -0.02077 11.66684 3.48907
v -0.02077 13.13792 -2.96749
v -0.02521 11.83377 -3.18265
v -0.02077 11.66684 -2.96749
v 4.11014 13.13792 -2.96749
v -0.02521 12.97100 -3.18265
v -0.02077 13.13792 -2.96749
v -0.02521 11.83377 -3.18265
v 4.11014 11.66684 -2.96749
v -0.02077 11.66684 -2.96749
v 4.24351 11.83376 3.70423
v 4.11014 11.66684 -2.96749
v 4.24351 11.83377 -3.18265
v 4.11014 11.66684 3.48907
v -0.02521 11.83376 3.70423
v -0.02077 11.66684 3.48907
v 2.23940 1.63179 4.32808
v 0.00000 7.03137 4.60983
v 0.00000 1.63071 4.32808
v 2.29398 -0.06303 3.75923
v 2.29778 -0.66046 3.98889
v 2.29432 -0.63683 3.73516
v 2.29890 7.02857 4.56700
v 2.28101 9.36888 4.17946
v 2.28628 9.37318 4.45518
v 2.23940 1.63179 4.32808
v 2.29362 7.02427 4.07935
v 2.29890 7.02857 4.56700
v 0.00000 -0.70378 3.98891
v 2.29432 -0.63683 3.73516
v 2.29778 -0.66046 3.98889
v 0.00000 -0.70378 3.98891
v -0.00605 1.65434 3.84099
v 0.00000 -0.68015 3.73514
v -0.00605 1.65434 3.84099
v 2.29292 1.65542 3.84099
v 2.29398 -0.06303 3.75923
v 0.00000 -0.70378 3.98891
v 2.29778 -0.66046 3.98889
v 2.29873 -0.09000 4.07187
v 2.28628 9.37318 4.45518
v -0.01309 9.37195 4.22227
v -0.01134 9.37598 4.49801
v 0.00000 7.03137 4.60983
v 2.28628 9.37318 4.45518
v -0.01134 9.37598 4.49801
v 2.28101 9.36888 4.17946
v 0.00000 7.02734 4.12216
v -0.01309 9.37195 4.22227
v -0.01309 9.37195 4.22227
v 0.00000 7.03137 4.60983
v -0.01134 9.37598 4.49801
v 4.00509 0.48264 3.83126
v 2.33777 -0.11772 4.06602
v 2.35897 -0.10665 3.75260
v 3.98366 0.47104 4.31906
v 2.29873 -0.09000 4.07187
v 2.33777 -0.11772 4.06602
v 2.33777 -0.11772 4.06602
v 2.29398 -0.06303 3.75923
v 2.35897 -0.10665 3.75260
v 3.98366 0.47104 4.31906
v 3.62539 3.32674 3.89195
v 3.60394 3.31546 4.37904
v 2.29398 -0.06303 3.75923
v 4.00509 0.48264 3.83126
v 2.35897 -0.10665 3.75260
v 2.87594 3.28946 4.37307
v 2.95232 4.12838 4.42055
v 2.22432 4.42094 4.35856
v 2.23940 1.63179 4.32808
v 3.60394 3.31546 4.37904
v 2.87594 3.28946 4.37307
v 2.29292 1.65542 3.84099
v 2.87594 3.28946 4.37307
v 2.92946 3.31309 3.88598
v 3.62539 3.32674 3.89195
v 2.29292 1.65542 3.84099
v 2.92946 3.31309 3.88598
v 2.97377 4.13965 3.93346
v 2.22432 4.42094 4.35856
v 2.95232 4.12838 4.42055
v 2.27784 4.44457 3.87147
v 2.87594 3.28946 4.37307
v 2.22432 4.42094 4.35856
v 2.97377 4.13965 3.93346
v 2.92946 3.31309 3.88598
v 2.27784 4.44457 3.87147
v 3.60394 3.31546 4.37904
v 2.97377 4.13965 3.93346
v 2.95232 4.12838 4.42055
v 2.42792 7.59157 4.11310
v 3.44730 5.34311 4.02928
v 3.44730 7.59157 4.10377
v 2.06444 10.78738 5.03237
v -0.01915 10.91947 5.01910
v -0.01915 10.78738 5.03237
v 3.44730 5.34311 4.02928
v 2.42812 5.34311 4.01093
v 2.29292 1.65542 3.84099
v 2.06444 10.91947 5.01910
v -0.01915 11.04650 4.97981
v -0.01915 10.91947 5.01910
v 2.06444 11.04650 4.97981
v -0.01915 11.16356 4.91602
v -0.01915 11.04650 4.97981
v 2.06444 11.16356 4.91602
v -0.01915 11.26617 4.83015
v -0.01915 11.16356 4.91602
v 2.06444 11.26617 4.83015
v -0.01915 11.35038 4.72553
v -0.01915 11.26617 4.83015
v 2.06444 11.35038 4.72553
v -0.01915 11.41295 4.60616
v -0.01915 11.35038 4.72553
v 2.06444 11.41295 4.60616
v -0.01915 11.45148 4.47665
v -0.01915 11.41295 4.60616
v 2.06444 11.45148 4.47665
v -0.01915 11.46449 4.34196
v -0.01915 11.45148 4.47665
v 2.06444 11.46449 4.34196
v -0.01915 11.45148 4.20727
v -0.01915 11.46449 4.34196
v 2.06444 11.45148 4.20727
v -0.01915 11.41295 4.07775
v -0.01915 11.45148 4.20727
v 2.06444 11.41295 4.07775
v -0.01915 11.35038 3.95839
v -0.01915 11.41295 4.07775
v 2.06444 11.35038 3.95839
v -0.01915 11.26617 3.85376
v -0.01915 11.35038 3.95839
v 2.06444 11.26617 3.85376
v -0.01915 11.16356 3.76790
v -0.01915 11.26617 3.85376
v 2.06444 11.16356 3.76790
v -0.01915 11.04650 3.70410
v -0.01915 11.16356 3.76790
v 2.06444 11.04650 3.70410
v -0.01915 10.91947 3.66481
v -0.01915 11.04650 3.70410
v 2.06444 10.91947 3.66481
v -0.01915 10.78738 3.65155
v -0.01915 10.91947 3.66481
v 2.06444 10.78738 3.65155
v -0.01915 10.65528 3.66481
v -0.01915 10.78738 3.65155
v 2.06444 10.65528 3.66481
v -0.01915 10.52825 3.70410
v -0.01915 10.65528 3.66481
v 2.06444 10.52825 3.70410
v -0.01915 10.41119 3.76790
v -0.01915 10.52825 3.70410
v 2.06444 10.41119 3.76790
v -0.01915 10.30858 3.85376
v -0.01915 10.41119 3.76790
v 2.06444 10.30858 3.85376
v -0.01915 10.22437 3.95839
v -0.01915 10.30858 3.85376
v 2.06444 10.22437 3.95839
v -0.01915 10.16180 4.07775
v -0.01915 10.22437 3.95839
v 2.06444 10.16180 4.07775
v -0.01915 10.12327 4.20727
v -0.01915 10.16180 4.07775
v 2.06444 10.12327 4.20727
v -0.01915 10.11026 4.34196
v -0.01915 10.12327 4.20727
v 2.06444 10.11026 4.34196
v -0.01915 10.12327 4.47665
v -0.01915 10.11026 4.34196
v 2.06444 10.12327 4.47665
v -0.01915 10.16180 4.60617
v -0.01915 10.12327 4.47665
v 2.06444 10.16180 4.60617
v -0.01915 10.22438 4.72553
v -0.01915 10.16180 4.60617
v 2.06444 10.22438 4.72553
v -0.01915 10.30858 4.83015
v -0.01915 10.22438 4.72553
v 2.06444 10.30858 4.83015
v -0.01915 10.41119 4.91602
v -0.01915 10.30858 4.83015
v 2.06444 10.41119 4.91602
v -0.01915 10.52826 4.97982
v -0.01915 10.41119 4.91602
v 2.06444 10.52826 4.97982
v -0.01915 10.65528 5.01910
v -0.01915 10.52826 4.97982
v -0.01915 10.65528 5.01910
v -0.01915 11.45148 4.47665
v -0.01915 10.91947 3.66481
v 2.06444 10.65528 5.01910
v -0.01915 10.78738 5.03237
v -0.01915 10.65528 5.01910
v 2.06444 10.37186 4.25768
v 3.61609 10.40867 4.14418
v 3.61609 10.37186 4.25768
v 2.06444 10.91947 5.01910
v 2.06444 10.98134 4.72810
v 2.06444 11.04650 4.97981
v 2.06444 10.91947 5.01910
v 2.06444 10.78738 5.03237
v 2.06444 10.82165 4.77439
v 2.06444 11.11150 4.62302
v 2.06444 11.16356 4.91602
v 2.06444 10.98134 4.72810
v 2.06444 10.98134 4.72810
v 2.06444 11.16356 4.91602
v 2.06444 11.04650 4.97981
v 2.06444 11.19232 4.47516
v 2.06444 11.35038 4.72553
v 2.06444 11.11150 4.62302
v 2.06444 11.11150 4.62302
v 2.06444 11.35038 4.72553
v 2.06444 11.26617 4.83015
v 2.06444 11.45148 4.47665
v 2.06444 11.21103 4.34196
v 2.06444 11.46449 4.34196
v 2.06444 11.45148 4.47665
v 2.06444 11.41295 4.60616
v 2.06444 11.19232 4.47516
v 2.06444 11.21103 4.34196
v 2.06444 11.45148 4.20727
v 2.06444 11.46449 4.34196
v 2.06444 11.41295 4.07775
v 2.06444 11.13963 4.10196
v 2.06444 11.35038 3.95839
v 2.06444 11.41295 4.07775
v 2.06444 11.45148 4.20727
v 2.06444 11.19665 4.22332
v 2.06444 11.13963 4.10196
v 2.06444 11.26617 3.85376
v 2.06444 11.35038 3.95839
v 2.06444 10.91801 3.92907
v 2.06444 11.16356 3.76790
v 2.06444 11.06303 4.01147
v 2.06444 11.06303 4.01147
v 2.06444 11.16356 3.76790
v 2.06444 11.26617 3.85376
v 2.06444 10.91947 3.66481
v 2.06444 10.78738 3.90998
v 2.06444 10.78738 3.65155
v 2.06444 10.91801 3.92907
v 2.06444 10.91947 3.66481
v 2.06444 11.04650 3.70410
v 2.06444 10.78738 3.90998
v 2.06444 10.65528 3.66481
v 2.06444 10.78738 3.65155
v 2.06444 10.52825 3.70410
v 2.06444 10.52326 4.00182
v 2.06444 10.41119 3.76790
v 2.06444 10.52825 3.70410
v 2.06444 10.65528 3.66481
v 2.06444 10.67102 3.92465
v 2.06444 10.30858 3.85376
v 2.06444 10.41570 4.13076
v 2.06444 10.22437 3.95839
v 2.06444 10.30858 3.85376
v 2.06444 10.41119 3.76790
v 2.06444 10.52326 4.00182
v 2.06444 10.16180 4.07775
v 2.06444 10.37186 4.25768
v 2.06444 10.12327 4.20727
v 2.06444 10.16180 4.07775
v 2.06444 10.22437 3.95839
v 2.06444 10.41570 4.13076
v 2.06444 10.37186 4.25768
v 2.06444 10.11026 4.34196
v 2.06444 10.12327 4.20727
v 2.06444 10.39597 4.50727
v 2.06444 10.12327 4.47665
v 2.06444 10.36327 4.37691
v 2.06444 10.36327 4.37691
v 2.06444 10.12327 4.47665
v 2.06444 10.11026 4.34196
v 2.06444 10.39597 4.50727
v 2.06444 10.22438 4.72553
v 2.06444 10.16180 4.60617
v 2.06444 10.58025 4.72093
v 2.06444 10.30858 4.83015
v 2.06444 10.45379 4.61127
v 2.06444 10.45379 4.61127
v 2.06444 10.30858 4.83015
v 2.06444 10.22438 4.72553
v 2.06444 10.70472 4.76563
v 2.06444 10.52826 4.97982
v 2.06444 10.58025 4.72093
v 2.06444 10.52826 4.97982
v 2.06444 10.41119 4.91602
v 2.06444 10.58025 4.72093
v 2.06444 10.70472 4.76563
v 2.06444 10.78738 5.03237
v 2.06444 10.65528 5.01910
v 3.61609 10.97916 3.86985
v 3.61609 11.05149 4.00182
v 3.61609 11.11346 3.95100
v 2.06444 10.36327 4.37691
v 3.61609 10.37186 4.25768
v 3.61609 10.36473 4.39205
v 2.06444 11.13963 4.10196
v 3.61609 11.19232 4.20876
v 3.61609 11.13963 4.10196
v 2.06444 11.06303 4.01147
v 3.61609 11.13963 4.10196
v 3.61609 11.05149 4.00182
v 2.06444 10.39597 4.50727
v 3.61609 10.36473 4.39205
v 3.61609 10.39597 4.50727
v 2.06444 10.45379 4.61127
v 3.61609 10.39597 4.50727
v 3.61609 10.46325 4.62303
v 2.06444 10.91801 3.92907
v 3.61609 11.05149 4.00182
v 3.61609 10.90373 3.92465
v 2.06444 10.58025 4.72093
v 3.61609 10.46325 4.62303
v 3.61609 10.59341 4.72810
v 3.61609 10.75311 4.77439
v 3.61609 10.91801 4.75485
v 2.06444 10.82165 4.77439
v 2.06444 10.78738 3.90998
v 3.61609 10.90373 3.92465
v 3.61609 10.78738 3.90998
v 2.06444 10.67102 3.92465
v 3.61609 10.78738 3.90998
v 3.61609 10.65674 3.92907
v 3.61609 10.91801 4.75485
v 3.61609 11.06303 4.67245
v 2.06444 10.98134 4.72810
v 2.06444 10.70472 4.76563
v 3.61609 10.59341 4.72810
v 3.61609 10.75311 4.77439
v 2.06444 10.52326 4.00182
v 3.61609 10.65674 3.92907
v 3.61609 10.51172 4.01147
v 3.61609 11.06303 4.67245
v 3.61609 11.16608 4.53973
v 2.06444 11.11150 4.62302
v 2.06444 10.41570 4.13076
v 3.61609 10.51172 4.01147
v 3.61609 10.40867 4.14418
v 3.61609 11.16608 4.53973
v 3.61609 11.21148 4.37690
v 2.06444 11.19232 4.47516
v 2.06444 11.21103 4.34196
v 3.61609 11.19232 4.20876
v 2.06444 11.19665 4.22332
v 3.61609 11.17080 4.67445
v 4.16541 11.03240 4.79026
v 4.16541 11.18201 4.66053
v 3.61609 10.88515 4.84315
v 3.61609 10.75311 4.77439
v 3.61609 10.72927 4.85175
v 3.61609 10.54235 4.79027
v 3.61609 10.46325 4.62303
v 3.61609 10.39276 4.66054
v 3.61609 10.90373 3.92465
v 3.61609 10.97916 3.86985
v 3.61609 10.84549 3.83217
v 3.61609 10.88515 4.84315
v 3.61609 11.01683 4.79875
v 3.61609 10.91801 4.75485
v 3.61609 10.78738 3.90998
v 3.61609 10.68960 3.84076
v 3.61609 10.65674 3.92907
v 3.61609 10.72927 4.85175
v 3.61609 10.59341 4.72810
v 3.61609 10.54235 4.79027
v 3.61609 11.06303 4.67245
v 3.61609 11.01683 4.79875
v 3.61609 11.17080 4.67445
v 3.61609 11.19232 4.20876
v 3.61609 11.28855 4.34196
v 3.61609 11.27153 4.20161
v 3.61609 10.65674 3.92907
v 3.61609 10.68960 3.84076
v 3.61609 10.55792 3.88516
v 3.61609 11.16608 4.53973
v 3.61609 11.17080 4.67445
v 3.61609 11.26641 4.49953
v 3.61609 10.51172 4.01147
v 3.61609 10.55792 3.88516
v 3.61609 10.40395 4.00947
v 3.61609 11.26641 4.49953
v 3.61609 11.28855 4.34196
v 3.61609 11.21148 4.37690
v 3.61609 10.40867 4.14418
v 3.61609 10.40395 4.00947
v 3.61609 10.30834 4.18439
v 3.61609 10.28620 4.34196
v 3.61609 10.37186 4.25768
v 3.61609 10.30834 4.18439
v 3.61609 11.19232 4.20876
v 3.61609 11.20409 4.05805
v 3.61609 11.13963 4.10196
v 3.61609 11.11346 3.95100
v 3.61609 11.13963 4.10196
v 3.61609 11.20409 4.05805
v 3.61609 10.28620 4.34196
v 3.61609 10.30322 4.48230
v 3.61609 10.36473 4.39205
v 3.61609 10.39276 4.66054
v 3.61609 10.39597 4.50727
v 3.61609 10.30322 4.48230
v 4.16541 10.40395 4.67445
v 4.16541 10.28620 4.34196
v 4.16541 10.88515 4.84315
v 3.61609 10.72927 4.85175
v 4.16541 10.55792 4.79875
v 4.16541 10.74683 4.85351
v 3.61609 10.68960 3.84076
v 4.16541 10.54235 3.89365
v 3.61609 10.55792 3.88516
v 3.61609 11.17080 4.67445
v 4.16541 11.25040 4.53751
v 3.61609 11.26641 4.49953
v 3.61609 10.40395 4.00947
v 4.16541 10.54235 3.89365
v 4.16541 10.39275 4.02338
v 3.61609 10.30834 4.18439
v 4.16541 10.39275 4.02338
v 4.16541 10.30322 4.20161
v 4.16541 11.25040 4.53751
v 4.16541 11.28908 4.38329
v 3.61609 11.26641 4.49953
v 3.61609 11.28855 4.34196
v 4.16541 11.26641 4.18439
v 3.61609 11.27153 4.20161
v 3.61609 10.28620 4.34196
v 4.16541 10.30322 4.20161
v 4.16541 10.28620 4.34196
v 3.61609 11.20409 4.05805
v 4.16541 11.26641 4.18439
v 4.16541 11.20409 4.05805
v 3.61609 10.30322 4.48230
v 4.16541 10.28620 4.34196
v 4.16541 10.30834 4.49953
v 3.61609 11.11346 3.95100
v 4.16541 11.20409 4.05805
v 4.16541 11.09982 3.93958
v 3.61609 10.39276 4.66054
v 4.16541 10.30834 4.49953
v 4.16541 10.40395 4.67445
v 3.61609 10.97916 3.86985
v 4.16541 11.09982 3.93958
v 4.16541 10.92502 3.84830
v 3.61609 10.88515 4.84315
v 4.16541 10.74683 4.85351
v 4.16541 10.88515 4.84315
v 3.61609 11.01683 4.79875
v 4.16541 10.88515 4.84315
v 4.16541 11.03240 4.79026
v 3.61609 10.54235 4.79027
v 4.16541 10.40395 4.67445
v 4.16541 10.55792 4.79875
v 4.16541 10.92502 3.84830
v 4.16541 10.72926 3.83217
v 3.61609 10.84549 3.83217
v -0.01372 11.07230 3.86186
v -0.01372 11.23150 4.76806
v 0.31680 11.20795 4.63396
v 0.31789 5.08000 3.79429
v 0.31887 4.68741 4.13124
v -0.01372 4.60381 4.20300
v 0.45391 7.36468 5.78116
v 0.31887 4.68741 4.13124
v 0.45127 4.88286 3.96350
v -0.01371 7.33622 6.24480
v 0.31887 4.68741 4.13124
v 0.31353 7.34514 6.11338
v -0.01372 11.23150 4.76806
v -0.01372 11.07230 3.86186
v -0.01371 9.35347 5.29686
v 0.45301 9.53421 5.68507
v 0.31680 11.20795 4.63396
v 0.31569 9.66407 5.95785
v 0.31772 9.40029 5.41638
v 0.45210 11.15181 4.31439
v 0.45301 9.53421 5.68507
v -0.01371 9.35347 5.29686
v 0.31720 11.09585 3.99589
v 0.31772 9.40029 5.41638
v 0.45301 9.53421 5.68507
v 0.31674 8.81673 6.01347
v 0.45237 8.72299 5.72141
v -0.01372 4.60381 4.20300
v -0.01372 7.39254 5.31889
v -0.01372 5.16403 3.72215
v -0.01371 9.71249 6.07405
v 0.31674 8.81673 6.01347
v 0.31569 9.66407 5.95785
v 0.31789 5.08000 3.79429
v -0.01372 5.16403 3.72215
v -0.01372 7.39254 5.31889
v -0.01371 9.35347 5.29686
v 0.31439 7.38468 5.45170
v -0.01372 7.39254 5.31889
v -0.01371 9.35347 5.29686
v -0.01372 7.39254 5.31889
v -0.01371 7.33622 6.24480
v 0.45237 8.72299 5.72141
v 0.31439 7.38468 5.45170
v 0.31772 9.40029 5.41638
v -0.01371 7.33622 6.24480
v 0.31353 7.34514 6.11338
v 0.31674 8.81673 6.01347
v 0.45237 8.72299 5.72141
v 0.31353 7.34514 6.11338
v 0.45391 7.36468 5.78116
v -0.01372 11.23150 4.76806
v -0.01371 9.71249 6.07405
v 0.31569 9.66407 5.95785
v -2.28628 9.37318 4.45518
v 0.01134 9.37598 4.49801
v 0.01309 9.37195 4.22227
v -2.06444 10.78738 5.03237
v 0.01915 10.78738 5.03237
v 0.01915 10.91947 5.01910
v -0.45103 4.88239 3.96389
v -0.45425 7.36220 5.77924
v -0.31415 7.38291 5.45022
v -4.24351 12.97100 -3.18265
v -4.24351 11.83377 -3.18265
v -4.24351 11.83376 3.70423
v 0.00274 7.55343 4.14700
v 4.53836 8.73573 4.14700
v 4.11014 9.16281 3.48907
v 0.31439 7.38468 5.45170
v 0.45391 7.36468 5.78116
v 0.45127 4.88286 3.96350
v -4.24351 12.97100 3.70423
v -4.24351 11.83376 3.70423
v 0.02521 11.83376 3.70423
v 0.02077 13.13792 3.48907
v 0.02077 11.66684 3.48907
v 0.02077 11.66684 -2.96749
v 0.02521 12.97100 -3.18265
v 0.02521 11.83377 -3.18265
v -4.24351 11.83377 -3.18265
v -4.11014 13.13792 3.48907
v 0.02077 13.13792 3.48907
v 0.02077 13.13792 -2.96749
v 0.02077 -0.09099 -2.96749
v 0.02077 -0.09099 3.48907
v -2.04469 -0.09099 3.48907
v -2.29362 7.02427 4.07935
v 0.00000 7.02734 4.12216
v -0.00274 7.55343 4.14700
v -4.53836 8.73573 4.14700
v -5.11371 4.15265 3.84099
v -3.44730 7.59157 4.10377
v -5.11371 4.15265 3.84099
v -3.44730 5.34311 4.02928
v -3.44730 7.59157 4.10377
v -2.42792 7.59157 4.11310
v -2.42812 5.34311 4.01093
v -2.29362 7.02427 4.07935
v -4.53836 8.73573 4.14700
v -3.44730 7.59157 4.10377
v -2.42792 7.59157 4.11310
v -2.42792 7.59157 4.11310
v -2.29362 7.02427 4.07935
v -0.00274 7.55343 4.14700
v 0.02077 1.57599 3.48907
v 0.02077 1.12150 -2.96749
v 0.02077 8.14308 -2.96749
v -4.34559 -0.38020 -3.31941
v -4.33571 -0.47116 3.84099
v -5.11371 4.15265 3.84099
v -2.37951 -0.24923 -3.31941
v -4.34559 -0.38020 -3.31941
v -1.64185 1.44024 -3.52000
v -4.34559 -0.38020 -3.31941
v -5.11371 4.15265 -3.31941
v -1.64185 1.44024 -3.52000
v -5.11371 4.15265 -3.31941
v -4.53836 8.73573 -3.62542
v 0.01892 7.55343 -3.92123
v 0.01892 7.55343 -3.92123
v 0.00000 1.43869 -3.61521
v -1.64185 1.44024 -3.52000
v 0.02077 -0.09099 3.48907
v 0.02077 -0.09099 -2.96749
v 0.02077 1.12150 -2.96749
v 0.02077 -0.09099 -2.96749
v -2.04469 -0.09099 -2.96749
v -1.43770 1.12150 -2.96749
v -4.33571 -0.47116 3.84099
v -4.34559 -0.38020 -3.31941
v -2.37951 -0.24923 -3.31941
v 0.02077 -0.09099 3.48907
v 0.02077 1.57599 3.48907
v -1.43770 1.57600 3.48907
v 0.02077 1.12150 -2.96749
v 0.00000 1.43869 -3.61521
v 0.01892 7.55343 -3.92123
v 0.00605 1.65434 3.84099
v 0.02077 1.57599 3.48907
v 0.00000 7.02734 4.12216
v 0.02077 1.57599 3.48907
v 0.02077 8.14308 3.48907
v 0.00000 7.02734 4.12216
v -4.11014 9.16281 3.48907
v -4.53836 8.73573 4.14700
v -0.00274 7.55343 4.14700
v -4.11014 9.16281 -2.96749
v 0.02077 8.14308 -2.96749
v 0.01892 7.55343 -3.92123
v -4.53836 8.73573 -3.62542
v -4.53836 8.73573 4.14700
v -4.11014 9.16281 3.48907
v -2.04469 -0.09099 -2.96749
v -2.37951 -0.24923 -3.31941
v -1.64185 1.44024 -3.52000
v -1.43770 1.12150 -2.96749
v -1.64185 1.44024 -3.52000
v 0.00000 1.43869 -3.61521
v -2.04469 -0.09099 3.48907
v -2.22228 -0.39723 3.84099
v -2.37951 -0.24923 -3.31941
v -2.04469 -0.09099 3.48907
v -1.43770 1.57600 3.48907
v -1.47474 1.65577 3.84099
v -1.47474 1.65577 3.84099
v -1.43770 1.57600 3.48907
v 0.02077 1.57599 3.48907
v 0.02077 1.57599 3.48907
v 0.00605 1.65434 3.84099
v -2.29292 1.65542 3.84099
v -4.53836 8.73573 4.14700
v -4.53836 8.73573 -3.62542
v -5.11371 4.15265 -3.31941
v 0.02077 11.66684 -2.96749
v 0.02077 11.66684 3.48907
v 0.02077 8.14308 3.48907
v -4.11014 9.16281 -2.96749
v -4.11014 11.66684 -2.96749
v 0.02077 11.66684 -2.96749
v -4.11014 11.66684 3.48907
v -4.11014 11.66684 -2.96749
v -4.11014 9.16281 -2.96749
v -4.11014 9.16281 3.48907
v 0.02077 8.14308 3.48907
v 0.02077 11.66684 3.48907
v -4.11014 13.13792 3.48907
v -4.11014 13.13792 -2.96749
v -4.24351 12.97100 -3.18265
v -4.11014 13.13792 3.48907
v -4.24351 12.97100 3.70423
v 0.02521 12.97100 3.70423
v 0.02077 13.13792 3.48907
v 0.02521 12.97100 3.70423
v 0.02521 11.83376 3.70423
v 0.02077 13.13792 -2.96749
v 0.02077 11.66684 -2.96749
v 0.02521 11.83377 -3.18265
v -4.11014 13.13792 -2.96749
v 0.02077 13.13792 -2.96749
v 0.02521 12.97100 -3.18265
v -4.11014 11.66684 -2.96749
v -4.24351 11.83377 -3.18265
v 0.02521 11.83377 -3.18265
v -4.24351 11.83376 3.70423
v -4.24351 11.83377 -3.18265
v -4.11014 11.66684 -2.96749
v -4.11014 11.66684 3.48907
v 0.02077 11.66684 3.48907
v 0.02521 11.83376 3.70423
v -2.23940 1.63179 4.32808
v 0.00000 1.63071 4.32808
v 0.00000 7.03137 4.60983
v -2.29778 -0.66046 3.98889
v -2.29817 -0.08781 4.07284
v -2.29395 -0.06321 3.76122
v -2.28101 9.36888 4.17946
v -2.29362 7.02427 4.07935
v -2.29890 7.02857 4.56700
v -2.23940 1.63179 4.32808
v -2.29890 7.02857 4.56700
v -2.29362 7.02427 4.07935
v 0.00000 -0.70378 3.98891
v -2.29778 -0.66046 3.98889
v -2.29432 -0.63683 3.73516
v 0.00000 -0.70378 3.98891
v 0.00000 -0.68015 3.73514
v 0.00605 1.65434 3.84099
v -2.29292 1.65542 3.84099
v 0.00605 1.65434 3.84099
v -2.29395 -0.06321 3.76122
v 0.00605 1.65434 3.84099
v 0.00000 -0.68015 3.73514
v -2.29395 -0.06321 3.76122
v 0.00000 -0.70378 3.98891
v 0.00000 1.63071 4.32808
v -2.29817 -0.08781 4.07284
v 0.00000 1.63071 4.32808
v -2.23940 1.63179 4.32808
v -2.29817 -0.08781 4.07284
v -2.28628 9.37318 4.45518
v -2.29890 7.02857 4.56700
v 0.00000 7.03137 4.60983
v -2.28101 9.36888 4.17946
v 0.01309 9.37195 4.22227
v 0.00000 7.02734 4.12216
v 0.01309 9.37195 4.22227
v 0.01134 9.37598 4.49801
v 0.00000 7.03137 4.60983
v -4.00511 0.48231 3.83197
v -2.29292 1.65542 3.84099
v -2.29395 -0.06321 3.76122
v -4.00511 0.48231 3.83197
v -2.35662 -0.10755 3.75591
v -2.33745 -0.11778 4.06995
v -3.98366 0.47104 4.31906
v -2.33745 -0.11778 4.06995
v -2.29817 -0.08781 4.07284
v -2.33745 -0.11778 4.06995
v -2.35662 -0.10755 3.75591
v -2.29395 -0.06321 3.76122
v -3.62539 3.32674 3.89195
v -4.00511 0.48231 3.83197
v -3.98366 0.47104 4.31906
v -2.95232 4.12838 4.42055
v -3.60394 3.31546 4.37904
v -2.87594 3.28946 4.37307
v -3.60394 3.31546 4.37904
v -3.98366 0.47104 4.31906
v -2.23940 1.63179 4.32808
v -2.87594 3.28946 4.37307
v -2.23940 1.63179 4.32808
v -2.29292 1.65542 3.84099
v -3.62539 3.32674 3.89195
v -2.92946 3.31309 3.88598
v -2.29292 1.65542 3.84099
v -2.97377 4.13965 3.93346
v -2.95232 4.12838 4.42055
v -2.22432 4.42094 4.35856
v -2.27784 4.44457 3.87147
v -2.22432 4.42094 4.35856
v -2.87594 3.28946 4.37307
v -2.97377 4.13965 3.93346
v -2.27784 4.44457 3.87147
v -2.92946 3.31309 3.88598
v -2.97377 4.13965 3.93346
v -3.62539 3.32674 3.89195
v -3.60394 3.31546 4.37904
v -2.42792 7.59157 4.11310
v -3.44730 7.59157 4.10377
v -3.44730 5.34311 4.02928
v -2.42812 5.34311 4.01093
v -3.44730 5.34311 4.02928
v -2.29292 1.65542 3.84099
v -3.44730 5.34311 4.02928
v -5.11371 4.15265 3.84099
v -2.29292 1.65542 3.84099
v -5.11371 4.15265 3.84099
v -4.33571 -0.47116 3.84099
v -2.29292 1.65542 3.84099
v -4.33571 -0.47116 3.84099
v -2.22228 -0.39723 3.84099
v -2.29292 1.65542 3.84099
v -2.22228 -0.39723 3.84099
v -1.47474 1.65577 3.84099
v -2.29292 1.65542 3.84099
v -2.06444 10.91947 5.01910
v 0.01915 10.91947 5.01910
v 0.01915 11.04650 4.97981
v -2.06444 11.04650 4.97981
v 0.01915 11.04650 4.97981
v 0.01915 11.16356 4.91602
v -2.06444 11.16356 4.91602
v 0.01915 11.16356 4.91602
v 0.01915 11.26617 4.83015
v -2.06444 11.26617 4.83015
v 0.01915 11.26617 4.83015
v 0.01915 11.35038 4.72553
v -2.06444 11.35038 4.72553
v 0.01915 11.35038 4.72553
v 0.01915 11.41295 4.60616
v -2.06444 11.41295 4.60616
v 0.01915 11.41295 4.60616
v 0.01915 11.45148 4.47665
v -2.06444 11.45148 4.47665
v 0.01915 11.45148 4.47665
v 0.01915 11.46449 4.34196
v -2.06444 11.46449 4.34196
v 0.01915 11.46449 4.34196
v 0.01915 11.45148 4.20727
v -2.06444 11.45148 4.20727
v 0.01915 11.45148 4.20727
v 0.01915 11.41295 4.07775
v -2.06444 11.41295 4.07775
v 0.01915 11.41295 4.07775
v 0.01915 11.35038 3.95839
v -2.06444 11.35038 3.95839
v 0.01915 11.35038 3.95839
v 0.01915 11.26617 3.85376
v -2.06444 11.26617 3.85376
v 0.01915 11.26617 3.85376
v 0.01915 11.16356 3.76790
v -2.06444 11.16356 3.76790
v 0.01915 11.16356 3.76790
v 0.01915 11.04650 3.70410
v -2.06444 11.04650 3.70410
v 0.01915 11.04650 3.70410
v 0.01915 10.91947 3.66481
v -2.06444 10.91947 3.66481
v 0.01915 10.91947 3.66481
v 0.01915 10.78738 3.65155
v -2.06444 10.78738 3.65155
v 0.01915 10.78738 3.65155
v 0.01915 10.65528 3.66481
v -2.06444 10.65528 3.66481
v 0.01915 10.65528 3.66481
v 0.01915 10.52825 3.70410
v -2.06444 10.52825 3.70410
v 0.01915 10.52825 3.70410
v 0.01915 10.41119 3.76790
v -2.06444 10.41119 3.76790
v 0.01915 10.41119 3.76790
v 0.01915 10.30858 3.85376
v -2.06444 10.30858 3.85376
v 0.01915 10.30858 3.85376
v 0.01915 10.22437 3.95839
v -2.06444 10.22437 3.95839
v 0.01915 10.22437 3.95839
v 0.01915 10.16180 4.07775
v -2.06444 10.16180 4.07775
v 0.01915 10.16180 4.07775
v 0.01915 10.12327 4.20727
v -2.06444 10.12327 4.20727
v 0.01915 10.12327 4.20727
v 0.01915 10.11026 4.34196
v -2.06444 10.11026 4.34196
v 0.01915 10.11026 4.34196
v 0.01915 10.12327 4.47665
v -2.06444 10.12327 4.47665
v 0.01915 10.12327 4.47665
v 0.01915 10.16180 4.60617
v -2.06444 10.16180 4.60617
v 0.01915 10.16180 4.60617
v 0.01915 10.22438 4.72553
v -2.06444 10.22438 4.72553
v 0.01915 10.22438 4.72553
v 0.01915 10.30858 4.83015
v -2.06444 10.30858 4.83015
v 0.01915 10.30858 4.83015
v 0.01915 10.41119 4.91602
v -2.06444 10.41119 4.91602
v 0.01915 10.41119 4.91602
v 0.01915 10.52826 4.97982
v -2.06444 10.52826 4.97982
v 0.01915 10.52826 4.97982
v 0.01915 10.65528 5.01910
v 0.01915 10.41119 3.76790
v 0.01915 10.52825 3.70410
v 0.01915 10.91947 3.66481
v 0.01915 10.52825 3.70410
v 0.01915 10.65528 3.66481
v 0.01915 10.91947 3.66481
v 0.01915 10.65528 3.66481
v 0.01915 10.78738 3.65155
v 0.01915 10.91947 3.66481
v 0.01915 10.91947 3.66481
v 0.01915 11.04650 3.70410
v 0.01915 11.16356 3.76790
v 0.01915 11.16356 3.76790
v 0.01915 11.26617 3.85376
v 0.01915 11.35038 3.95839
v 0.01915 11.35038 3.95839
v 0.01915 11.41295 4.07775
v 0.01915 11.45148 4.47665
v 0.01915 11.41295 4.07775
v 0.01915 11.45148 4.20727
v 0.01915 11.45148 4.47665
v 0.01915 11.45148 4.20727
v 0.01915 11.46449 4.34196
v 0.01915 11.45148 4.47665
v 0.01915 11.45148 4.47665
v 0.01915 11.41295 4.60616
v 0.01915 11.16356 4.91602
v 0.01915 11.41295 4.60616
v 0.01915 11.35038 4.72553
v 0.01915 11.16356 4.91602
v 0.01915 11.35038 4.72553
v 0.01915 11.26617 4.83015
v 0.01915 11.16356 4.91602
v 0.01915 11.16356 4.91602
v 0.01915 11.04650 4.97981
v 0.01915 10.91947 5.01910
v 0.01915 10.91947 5.01910
v 0.01915 10.78738 5.03237
v 0.01915 10.65528 5.01910
v 0.01915 10.65528 5.01910
v 0.01915 10.52826 4.97982
v 0.01915 10.41119 4.91602
v 0.01915 10.41119 4.91602
v 0.01915 10.30858 4.83015
v 0.01915 10.22438 4.72553
v 0.01915 10.22438 4.72553
v 0.01915 10.16180 4.60617
v 0.01915 10.12327 4.47665
v 0.01915 10.12327 4.47665
v 0.01915 10.11026 4.34196
v 0.01915 10.22438 4.72553
v 0.01915 10.11026 4.34196
v 0.01915 10.12327 4.20727
v 0.01915 10.22438 4.72553
v 0.01915 10.12327 4.20727
v 0.01915 10.16180 4.07775
v 0.01915 10.41119 3.76790
v 0.01915 10.16180 4.07775
v 0.01915 10.22437 3.95839
v 0.01915 10.41119 3.76790
v 0.01915 10.22437 3.95839
v 0.01915 10.30858 3.85376
v 0.01915 10.41119 3.76790
v 0.01915 10.91947 3.66481
v 0.01915 11.16356 3.76790
v 0.01915 10.41119 3.76790
v 0.01915 11.16356 3.76790
v 0.01915 11.35038 3.95839
v 0.01915 10.41119 3.76790
v 0.01915 11.16356 4.91602
v 0.01915 10.91947 5.01910
v 0.01915 10.65528 5.01910
v 0.01915 10.65528 5.01910
v 0.01915 10.41119 4.91602
v 0.01915 10.22438 4.72553
v 0.01915 11.35038 3.95839
v 0.01915 11.45148 4.47665
v 0.01915 10.41119 3.76790
v 0.01915 11.45148 4.47665
v 0.01915 11.16356 4.91602
v 0.01915 10.41119 3.76790
v 0.01915 11.16356 4.91602
v 0.01915 10.65528 5.01910
v 0.01915 10.22438 4.72553
v 0.01915 10.22438 4.72553
v 0.01915 10.12327 4.20727
v 0.01915 10.41119 3.76790
v -2.06444 10.65528 5.01910
v 0.01915 10.65528 5.01910
v 0.01915 10.78738 5.03237
v -3.61609 10.40867 4.14418
v -2.06444 10.41570 4.13076
v -2.06444 10.37186 4.25768
v -2.06444 10.91947 5.01910
v -2.06444 11.04650 4.97981
v -2.06444 10.98134 4.72810
v -2.06444 11.11150 4.62302
v -2.06444 10.98134 4.72810
v -2.06444 11.16356 4.91602
v -2.06444 11.19232 4.47516
v -2.06444 11.11150 4.62302
v -2.06444 11.35038 4.72553
v -2.06444 11.45148 4.47665
v -2.06444 11.46449 4.34196
v -2.06444 11.21148 4.30701
v -2.06444 11.16608 4.14418
v -2.06444 11.21148 4.30701
v -2.06444 11.45148 4.20727
v -2.06444 11.08695 4.03650
v -2.06444 11.16608 4.14418
v -2.06444 11.35038 3.95839
v -2.06444 11.16356 3.76790
v -2.06444 10.99450 3.96299
v -2.06444 11.08695 4.03650
v -2.06444 11.04650 3.70410
v -2.06444 10.91947 3.66481
v -2.06444 10.83650 3.91101
v -2.06444 10.67102 3.92465
v -2.06444 10.83650 3.91101
v -2.06444 10.78738 3.65155
v -2.06444 10.52825 3.70410
v -2.06444 10.41119 3.76790
v -2.06444 10.52326 4.00182
v -2.06444 10.30858 3.85376
v -2.06444 10.22437 3.95839
v -2.06444 10.41570 4.13076
v -2.06444 10.16180 4.07775
v -2.06444 10.12327 4.20727
v -2.06444 10.37186 4.25768
v -2.06444 10.11026 4.34196
v -2.06444 10.36327 4.37691
v -2.06444 10.37186 4.25768
v -2.06444 10.39597 4.50727
v -2.06444 10.36327 4.37691
v -2.06444 10.12327 4.47665
v -2.06444 10.22438 4.72553
v -2.06444 10.45379 4.61127
v -2.06444 10.39597 4.50727
v -2.06444 10.58025 4.72093
v -2.06444 10.45379 4.61127
v -2.06444 10.30858 4.83015
v -2.06444 10.70472 4.76563
v -2.06444 10.58025 4.72093
v -2.06444 10.52826 4.97982
v -2.06444 10.78738 5.03237
v -2.06444 10.82165 4.77439
v -2.06444 10.70472 4.76563
v -3.61609 10.94191 3.85352
v -3.61609 11.11346 3.95100
v -3.61609 11.05149 4.00182
v -3.61609 11.21002 4.29187
v -2.06444 11.21148 4.30701
v -2.06444 11.16608 4.14418
v -3.61609 11.15905 4.13076
v -2.06444 11.16608 4.14418
v -2.06444 11.08695 4.03650
v -2.06444 10.39597 4.50727
v -2.06444 10.45379 4.61127
v -3.61609 10.46325 4.62303
v -3.61609 10.46325 4.62303
v -2.06444 10.45379 4.61127
v -2.06444 10.58025 4.72093
v -3.61609 10.78738 3.90998
v -2.06444 10.83650 3.91101
v -2.06444 10.67102 3.92465
v -3.61609 10.59341 4.72810
v -2.06444 10.58025 4.72093
v -2.06444 10.70472 4.76563
v -3.61609 10.65674 3.92907
v -2.06444 10.67102 3.92465
v -2.06444 10.52326 4.00182
v -3.61609 11.13963 4.58195
v -2.06444 11.11150 4.62302
v -2.06444 11.19232 4.47516
v -3.61609 10.51172 4.01147
v -2.06444 10.52326 4.00182
v -2.06444 10.41570 4.13076
v -3.61609 11.19665 4.46060
v -2.06444 11.19232 4.47516
v -2.06444 11.21148 4.30701
v -4.16541 11.03240 4.79026
v -3.61609 11.01683 4.79875
v -3.61609 11.17081 4.67445
v -3.61609 10.54235 4.79027
v -3.61609 10.39276 4.66054
v -3.61609 10.46325 4.62303
v -3.61609 10.94191 3.85352
v -3.61609 10.90373 3.92465
v -3.61609 10.78738 3.90998
v -3.61609 10.68960 4.84315
v -3.61609 10.54235 4.79027
v -3.61609 10.59341 4.72810
v -3.61609 11.26641 4.49953
v -3.61609 11.17081 4.67445
v -3.61609 11.13963 4.58195
v -3.61609 11.19665 4.46060
v -3.61609 11.21002 4.29187
v -3.61609 11.28908 4.30062
v -3.61609 11.23537 4.10800
v -3.61609 11.28908 4.30062
v -3.61609 11.21002 4.29187
v -3.61609 10.28620 4.34196
v -3.61609 10.36327 4.30701
v -3.61609 10.38243 4.47516
v -3.61609 11.11346 3.95100
v -3.61609 11.23537 4.10800
v -3.61609 11.15905 4.13076
v -3.61609 10.39276 4.66054
v -3.61609 10.30322 4.48230
v -3.61609 10.38243 4.47516
v -4.16541 10.55792 4.79875
v -3.61609 10.54235 4.79027
v -3.61609 10.68960 4.84315
v -4.16541 11.09982 3.93958
v -4.16541 10.92502 3.84830
v -4.16541 10.28620 4.34196
v -4.16541 10.92502 3.84830
v -4.16541 10.72926 3.83217
v -4.16541 10.28620 4.34196
v -4.16541 10.72926 3.83217
v -4.16541 10.54235 3.89365
v -4.16541 10.28620 4.34196
v -4.16541 10.54235 3.89365
v -4.16541 10.39275 4.02338
v -4.16541 10.28620 4.34196
v -4.16541 10.39275 4.02338
v -4.16541 10.30322 4.20161
v -4.16541 10.28620 4.34196
v -4.16541 10.28620 4.34196
v -4.16541 10.30834 4.49953
v -4.16541 10.40395 4.67445
v -4.16541 10.40395 4.67445
v -4.16541 10.55792 4.79875
v -4.16541 10.88515 4.84315
v -4.16541 10.55792 4.79875
v -4.16541 10.74683 4.85351
v -4.16541 10.88515 4.84315
v -4.16541 10.88515 4.84315
v -4.16541 11.03240 4.79026
v -4.16541 11.18201 4.66053
v -4.16541 11.27153 4.48230
v -4.16541 10.88515 4.84315
v -4.16541 11.18201 4.66053
v -4.16541 11.27153 4.48230
v -4.16541 11.28735 4.28270
v -4.16541 10.88515 4.84315
v -4.16541 11.28735 4.28270
v -4.16541 11.22705 4.09212
v -4.16541 10.88515 4.84315
v -4.16541 11.22705 4.09212
v -4.16541 11.09982 3.93958
v -4.16541 10.88515 4.84315
v -4.16541 10.88515 4.84315
v -4.16541 11.09982 3.93958
v -4.16541 10.28620 4.34196
v -4.16541 10.72926 3.83217
v -3.61609 10.74683 3.83040
v -3.61609 10.55792 3.88516
v -4.16541 11.18201 4.66053
v -3.61609 11.17081 4.67445
v -3.61609 11.26641 4.49953
v -4.16541 10.54235 3.89365
v -3.61609 10.55792 3.88516
v -3.61609 10.40395 4.00947
v -4.16541 11.27153 4.48230
v -3.61609 11.26641 4.49953
v -3.61609 11.28908 4.30062
v -4.16541 10.39275 4.02338
v -3.61609 10.40395 4.00947
v -3.61609 10.30834 4.18439
v -4.16541 11.28735 4.28270
v -3.61609 11.28908 4.30062
v -3.61609 11.23537 4.10800
v -4.16541 10.30322 4.20161
v -3.61609 10.30834 4.18439
v -3.61609 10.28620 4.34196
v -4.16541 10.28620 4.34196
v -3.61609 10.28620 4.34196
v -3.61609 10.30322 4.48230
v -4.16541 11.22705 4.09212
v -3.61609 11.23537 4.10800
v -3.61609 11.11346 3.95100
v -4.16541 10.30834 4.49953
v -3.61609 10.30322 4.48230
v -3.61609 10.39276 4.66054
v -4.16541 11.09982 3.93958
v -3.61609 11.11346 3.95100
v -3.61609 10.94191 3.85352
v -4.16541 10.88515 4.84315
v -3.61609 10.82792 4.85351
v -3.61609 11.01683 4.79875
v -4.16541 10.40395 4.67445
v -3.61609 10.39276 4.66054
v -3.61609 10.54235 4.79027
v -4.16541 10.92502 3.84830
v -3.61609 10.94191 3.85352
v -3.61609 10.74683 3.83040
v 0.01372 11.23150 4.76806
v 0.01372 11.07230 3.86186
v -0.31680 11.20795 4.63396
v 0.01372 11.07230 3.86186
v -0.31720 11.09585 3.99589
v -0.31680 11.20795 4.63396
v 0.01372 5.16386 3.72229
v 0.01372 4.60335 4.20338
v -0.31808 5.07959 3.79463
v 0.01372 4.60335 4.20338
v -0.31942 4.68750 4.13116
v -0.31808 5.07959 3.79463
v -0.31942 4.68750 4.13116
v -0.31264 7.34423 6.11335
v -0.45425 7.36220 5.77924
v -0.31680 11.20795 4.63396
v -0.45210 11.15180 4.31439
v -0.45301 9.53421 5.68507
v -0.45210 11.15180 4.31439
v -0.31720 11.09585 3.99589
v -0.31772 9.40029 5.41638
v -0.31720 11.09585 3.99589
v 0.01372 11.07230 3.86186
v 0.01371 9.35313 5.29713
v 0.01371 7.33657 6.24508
v 0.01371 9.71054 6.07571
v -0.31916 9.66232 5.95645
v -0.45237 8.72299 5.72141
v -0.31772 9.40029 5.41638
v -0.31415 7.38291 5.45022
v -0.31264 7.34423 6.11335
v -0.31916 9.66232 5.95645
v -0.45237 8.72299 5.72141
v 4.24351 12.97100 -3.18265
v 4.24351 12.97100 3.70423
v 4.24351 11.83376 3.70423
v 4.24351 12.97100 3.70423
v -0.02521 12.97100 3.70423
v -0.02521 11.83376 3.70423
v -0.02077 13.13792 3.48907
v -0.02077 13.13792 -2.96749
v -0.02077 11.66684 -2.96749
v -0.02521 12.97100 -3.18265
v 4.24351 12.97100 -3.18265
v 4.24351 11.83377 -3.18265
v 4.11014 13.13792 3.48907
v 4.11014 13.13792 -2.96749
v -0.02077 13.13792 -2.96749
v 2.04469 -0.09099 3.48907
v -0.02077 -0.09099 3.48907
v -0.02077 -0.09099 -2.96749
v -0.02077 1.57599 3.48907
v -0.02077 8.14308 3.48907
v -0.02077 8.14308 -2.96749
v 3.44730 5.34311 4.02928
v 5.11371 4.15265 3.84099
v 3.44730 7.59157 4.10377
v 5.11371 4.15265 3.84099
v 4.53836 8.73573 4.14700
v 3.44730 7.59157 4.10377
v 4.53836 8.73573 4.14700
v 0.00274 7.55343 4.14700
v 2.42792 7.59157 4.11310
v 0.00274 7.55343 4.14700
v 0.00000 7.02734 4.12216
v 2.29362 7.02427 4.07935
v 2.42792 7.59157 4.11310
v 0.00274 7.55343 4.14700
v 2.29362 7.02427 4.07935
v 2.29362 7.02427 4.07935
v 2.42812 5.34311 4.01093
v 2.42792 7.59157 4.11310
v 0.00000 1.43869 -3.61521
v -0.01892 7.55343 -3.92123
v 1.64185 1.44024 -3.52000
v -0.01892 7.55343 -3.92123
v 4.53836 8.73573 -3.62542
v 5.11371 4.15265 -3.31941
v 1.64185 1.44024 -3.52000
v -0.01892 7.55343 -3.92123
v 5.11371 4.15265 -3.31941
v 5.11371 4.15265 -3.31941
v 4.34559 -0.38020 -3.31941
v 1.64185 1.44024 -3.52000
v 4.34559 -0.38020 -3.31941
v 5.11371 4.15265 -3.31941
v 5.11371 4.15265 3.84099
v -0.02077 -0.09099 3.48907
v -0.02077 1.57599 3.48907
v -0.02077 1.12150 -2.96749
v 1.43770 1.12150 -2.96749
v 2.04469 -0.09099 -2.96749
v -0.02077 -0.09099 -2.96749
v 4.33571 -0.47116 3.84099
v 2.22228 -0.39723 3.84099
v 2.37951 -0.24923 -3.31941
v 1.43770 1.57600 3.48907
v -0.02077 1.57599 3.48907
v -0.02077 -0.09099 3.48907
v -0.01892 7.55343 -3.92123
v 0.00000 1.43869 -3.61521
v -0.02077 1.12150 -2.96749
v 0.00274 7.55343 4.14700
v -0.02077 8.14308 3.48907
v 0.00000 7.02734 4.12216
v -0.02077 8.14308 3.48907
v -0.02077 1.57599 3.48907
v 0.00000 7.02734 4.12216
v 4.11014 9.16281 -2.96749
v 4.53836 8.73573 -3.62542
v -0.01892 7.55343 -3.92123
v 4.53836 8.73573 -3.62542
v 4.11014 9.16281 -2.96749
v 4.11014 9.16281 3.48907
v 1.64185 1.44024 -3.52000
v 2.37951 -0.24923 -3.31941
v 2.04469 -0.09099 -2.96749
v 0.00000 1.43869 -3.61521
v 1.64185 1.44024 -3.52000
v 1.43770 1.12150 -2.96749
v 2.37951 -0.24923 -3.31941
v 2.22228 -0.39723 3.84099
v 2.04469 -0.09099 3.48907
v 2.04469 -0.09099 3.48907
v 2.22228 -0.39723 3.84099
v 1.47474 1.65577 3.84099
v 2.29292 1.65542 3.84099
v -0.00605 1.65434 3.84099
v -0.02077 1.57599 3.48907
v -0.02077 1.57599 3.48907
v 1.43770 1.57600 3.48907
v 1.47474 1.65577 3.84099
v 4.53836 8.73573 4.14700
v 5.11371 4.15265 3.84099
v 5.11371 4.15265 -3.31941
v -0.02077 11.66684 -2.96749
v -0.02077 8.14308 -2.96749
v -0.02077 8.14308 3.48907
v -0.02077 11.66684 -2.96749
v 4.11014 11.66684 -2.96749
v 4.11014 9.16281 -2.96749
v 4.11014 11.66684 3.48907
v 4.11014 9.16281 3.48907
v 4.11014 9.16281 -2.96749
v 4.11014 9.16281 3.48907
v 4.11014 11.66684 3.48907
v -0.02077 11.66684 3.48907
v 4.24351 12.97100 3.70423
v 4.24351 12.97100 -3.18265
v 4.11014 13.13792 -2.96749
v -0.02521 12.97100 3.70423
v 4.24351 12.97100 3.70423
v 4.11014 13.13792 3.48907
v -0.02521 11.83376 3.70423
v -0.02521 12.97100 3.70423
v -0.02077 13.13792 3.48907
v -0.02077 13.13792 -2.96749
v -0.02521 12.97100 -3.18265
v -0.02521 11.83377 -3.18265
v 4.11014 13.13792 -2.96749
v 4.24351 12.97100 -3.18265
v -0.02521 12.97100 -3.18265
v -0.02521 11.83377 -3.18265
v 4.24351 11.83377 -3.18265
v 4.11014 11.66684 -2.96749
v 4.24351 11.83376 3.70423
v 4.11014 11.66684 3.48907
v 4.11014 11.66684 -2.96749
v 4.11014 11.66684 3.48907
v 4.24351 11.83376 3.70423
v -0.02521 11.83376 3.70423
v 2.23940 1.63179 4.32808
v 2.29890 7.02857 4.56700
v 0.00000 7.03137 4.60983
v 2.29398 -0.06303 3.75923
v 2.29873 -0.09000 4.07187
v 2.29778 -0.66046 3.98889
v 2.29890 7.02857 4.56700
v 2.29362 7.02427 4.07935
v 2.28101 9.36888 4.17946
v 2.23940 1.63179 4.32808
v 2.29292 1.65542 3.84099
v 2.29362 7.02427 4.07935
v 0.00000 -0.70378 3.98891
v 0.00000 -0.68015 3.73514
v 2.29432 -0.63683 3.73516
v 0.00000 -0.70378 3.98891
v 0.00000 1.63071 4.32808
v -0.00605 1.65434 3.84099
v 2.29432 -0.63683 3.73516
v 0.00000 -0.68015 3.73514
v 2.29398 -0.06303 3.75923
v 0.00000 -0.68015 3.73514
v -0.00605 1.65434 3.84099
v 2.29398 -0.06303 3.75923
v 2.23940 1.63179 4.32808
v 0.00000 1.63071 4.32808
v 2.29873 -0.09000 4.07187
v 0.00000 1.63071 4.32808
v 0.00000 -0.70378 3.98891
v 2.29873 -0.09000 4.07187
v 2.28628 9.37318 4.45518
v 2.28101 9.36888 4.17946
v -0.01309 9.37195 4.22227
v 0.00000 7.03137 4.60983
v 2.29890 7.02857 4.56700
v 2.28628 9.37318 4.45518
v 2.28101 9.36888 4.17946
v 2.29362 7.02427 4.07935
v 0.00000 7.02734 4.12216
v -0.01309 9.37195 4.22227
v 0.00000 7.02734 4.12216
v 0.00000 7.03137 4.60983
v 4.00509 0.48264 3.83126
v 3.98366 0.47104 4.31906
v 2.33777 -0.11772 4.06602
v 3.98366 0.47104 4.31906
v 2.23940 1.63179 4.32808
v 2.29873 -0.09000 4.07187
v 2.33777 -0.11772 4.06602
v 2.29873 -0.09000 4.07187
v 2.29398 -0.06303 3.75923
v 3.98366 0.47104 4.31906
v 4.00509 0.48264 3.83126
v 3.62539 3.32674 3.89195
v 2.87594 3.28946 4.37307
v 3.60394 3.31546 4.37904
v 2.95232 4.12838 4.42055
v 2.23940 1.63179 4.32808
v 3.98366 0.47104 4.31906
v 3.60394 3.31546 4.37904
v 2.29292 1.65542 3.84099
v 2.23940 1.63179 4.32808
v 2.87594 3.28946 4.37307
v 3.62539 3.32674 3.89195
v 4.00509 0.48264 3.83126
v 2.29292 1.65542 3.84099
v 2.97377 4.13965 3.93346
v 2.27784 4.44457 3.87147
v 2.22432 4.42094 4.35856
v 2.27784 4.44457 3.87147
v 2.92946 3.31309 3.88598
v 2.87594 3.28946 4.37307
v 2.97377 4.13965 3.93346
v 3.62539 3.32674 3.89195
v 2.92946 3.31309 3.88598
v 3.60394 3.31546 4.37904
v 3.62539 3.32674 3.89195
v 2.97377 4.13965 3.93346
v 2.42792 7.59157 4.11310
v 2.42812 5.34311 4.01093
v 3.44730 5.34311 4.02928
v 2.06444 10.78738 5.03237
v 2.06444 10.91947 5.01910
v -0.01915 10.91947 5.01910
v 1.47474 1.65577 3.84099
v 2.22228 -0.39723 3.84099
v 2.29292 1.65542 3.84099
v 2.22228 -0.39723 3.84099
v 4.33571 -0.47116 3.84099
v 2.29292 1.65542 3.84099
v 4.33571 -0.47116 3.84099
v 5.11371 4.15265 3.84099
v 2.29292 1.65542 3.84099
v 5.11371 4.15265 3.84099
v 3.44730 5.34311 4.02928
v 2.29292 1.65542 3.84099
v 2.42812 5.34311 4.01093
v 2.29362 7.02427 4.07935
v 2.29292 1.65542 3.84099
v 2.06444 10.91947 5.01910
v 2.06444 11.04650 4.97981
v -0.01915 11.04650 4.97981
v 2.06444 11.04650 4.97981
v 2.06444 11.16356 4.91602
v -0.01915 11.16356 4.91602
v 2.06444 11.16356 4.91602
v 2.06444 11.26617 4.83015
v -0.01915 11.26617 4.83015
v 2.06444 11.26617 4.83015
v 2.06444 11.35038 4.72553
v -0.01915 11.35038 4.72553
v 2.06444 11.35038 4.72553
v 2.06444 11.41295 4.60616
v -0.01915 11.41295 4.60616
v 2.06444 11.41295 4.60616
v 2.06444 11.45148 4.47665
v -0.01915 11.45148 4.47665
v 2.06444 11.45148 4.47665
v 2.06444 11.46449 4.34196
v -0.01915 11.46449 4.34196
v 2.06444 11.46449 4.34196
v 2.06444 11.45148 4.20727
v -0.01915 11.45148 4.20727
v 2.06444 11.45148 4.20727
v 2.06444 11.41295 4.07775
v -0.01915 11.41295 4.07775
v 2.06444 11.41295 4.07775
v 2.06444 11.35038 3.95839
v -0.01915 11.35038 3.95839
v 2.06444 11.35038 3.95839
v 2.06444 11.26617 3.85376
v -0.01915 11.26617 3.85376
v 2.06444 11.26617 3.85376
v 2.06444 11.16356 3.76790
v -0.01915 11.16356 3.76790
v 2.06444 11.16356 3.76790
v 2.06444 11.04650 3.70410
v -0.01915 11.04650 3.70410
v 2.06444 11.04650 3.70410
v 2.06444 10.91947 3.66481
v -0.01915 10.91947 3.66481
v 2.06444 10.91947 3.66481
v 2.06444 10.78738 3.65155
v -0.01915 10.78738 3.65155
v 2.06444 10.78738 3.65155
v 2.06444 10.65528 3.66481
v -0.01915 10.65528 3.66481
v 2.06444 10.65528 3.66481
v 2.06444 10.52825 3.70410
v -0.01915 10.52825 3.70410
v 2.06444 10.52825 3.70410
v 2.06444 10.41119 3.76790
v -0.01915 10.41119 3.76790
v 2.06444 10.41119 3.76790
v 2.06444 10.30858 3.85376
v -0.01915 10.30858 3.85376
v 2.06444 10.30858 3.85376
v 2.06444 10.22437 3.95839
v -0.01915 10.22437 3.95839
v 2.06444 10.22437 3.95839
v 2.06444 10.16180 4.07775
v -0.01915 10.16180 4.07775
v 2.06444 10.16180 4.07775
v 2.06444 10.12327 4.20727
v -0.01915 10.12327 4.20727
v 2.06444 10.12327 4.20727
v 2.06444 10.11026 4.34196
v -0.01915 10.11026 4.34196
v 2.06444 10.11026 4.34196
v 2.06444 10.12327 4.47665
v -0.01915 10.12327 4.47665
v 2.06444 10.12327 4.47665
v 2.06444 10.16180 4.60617
v -0.01915 10.16180 4.60617
v 2.06444 10.16180 4.60617
v 2.06444 10.22438 4.72553
v -0.01915 10.22438 4.72553
v 2.06444 10.22438 4.72553
v 2.06444 10.30858 4.83015
v -0.01915 10.30858 4.83015
v 2.06444 10.30858 4.83015
v 2.06444 10.41119 4.91602
v -0.01915 10.41119 4.91602
v 2.06444 10.41119 4.91602
v 2.06444 10.52826 4.97982
v -0.01915 10.52826 4.97982
v 2.06444 10.52826 4.97982
v 2.06444 10.65528 5.01910
v -0.01915 10.65528 5.01910
v -0.01915 10.65528 5.01910
v -0.01915 10.78738 5.03237
v -0.01915 10.91947 5.01910
v -0.01915 10.91947 5.01910
v -0.01915 11.04650 4.97981
v -0.01915 11.16356 4.91602
v -0.01915 11.16356 4.91602
v -0.01915 11.26617 4.83015
v -0.01915 11.35038 4.72553
v -0.01915 11.35038 4.72553
v -0.01915 11.41295 4.60616
v -0.01915 11.16356 4.91602
v -0.01915 11.41295 4.60616
v -0.01915 11.45148 4.47665
v -0.01915 11.16356 4.91602
v -0.01915 11.45148 4.47665
v -0.01915 11.46449 4.34196
v -0.01915 11.45148 4.20727
v -0.01915 11.45148 4.20727
v -0.01915 11.41295 4.07775
v -0.01915 11.45148 4.47665
v -0.01915 11.41295 4.07775
v -0.01915 11.35038 3.95839
v -0.01915 11.45148 4.47665
v -0.01915 11.35038 3.95839
v -0.01915 11.26617 3.85376
v -0.01915 11.16356 3.76790
v -0.01915 11.16356 3.76790
v -0.01915 11.04650 3.70410
v -0.01915 10.91947 3.66481
v -0.01915 10.91947 3.66481
v -0.01915 10.78738 3.65155
v -0.01915 10.65528 3.66481
v -0.01915 10.65528 3.66481
v -0.01915 10.52825 3.70410
v -0.01915 10.91947 3.66481
v -0.01915 10.52825 3.70410
v -0.01915 10.41119 3.76790
v -0.01915 10.91947 3.66481
v -0.01915 10.41119 3.76790
v -0.01915 10.30858 3.85376
v -0.01915 10.22437 3.95839
v -0.01915 10.22437 3.95839
v -0.01915 10.16180 4.07775
v -0.01915 10.41119 3.76790
v -0.01915 10.16180 4.07775
v -0.01915 10.12327 4.20727
v -0.01915 10.41119 3.76790
v -0.01915 10.12327 4.20727
v -0.01915 10.11026 4.34196
v -0.01915 10.22438 4.72553
v -0.01915 10.11026 4.34196
v -0.01915 10.12327 4.47665
v -0.01915 10.22438 4.72553
v -0.01915 10.12327 4.47665
v -0.01915 10.16180 4.60617
v -0.01915 10.22438 4.72553
v -0.01915 10.22438 4.72553
v -0.01915 10.30858 4.83015
v -0.01915 10.41119 4.91602
v -0.01915 10.41119 4.91602
v -0.01915 10.52826 4.97982
v -0.01915 10.65528 5.01910
v -0.01915 10.65528 5.01910
v -0.01915 10.91947 5.01910
v -0.01915 11.16356 4.91602
v -0.01915 11.35038 3.95839
v -0.01915 11.16356 3.76790
v -0.01915 11.45148 4.47665
v -0.01915 11.16356 3.76790
v -0.01915 10.91947 3.66481
v -0.01915 11.45148 4.47665
v -0.01915 10.22438 4.72553
v -0.01915 10.41119 4.91602
v -0.01915 10.65528 5.01910
v -0.01915 10.65528 5.01910
v -0.01915 11.16356 4.91602
v -0.01915 11.45148 4.47665
v -0.01915 10.91947 3.66481
v -0.01915 10.41119 3.76790
v -0.01915 10.12327 4.20727
v -0.01915 10.12327 4.20727
v -0.01915 10.22438 4.72553
v -0.01915 10.91947 3.66481
v -0.01915 10.22438 4.72553
v -0.01915 10.65528 5.01910
v -0.01915 10.91947 3.66481
v 2.06444 10.65528 5.01910
v 2.06444 10.78738 5.03237
v -0.01915 10.78738 5.03237
v 2.06444 10.37186 4.25768
v 2.06444 10.41570 4.13076
v 3.61609 10.40867 4.14418
v 2.06444 10.91947 5.01910
v 2.06444 10.82165 4.77439
v 2.06444 10.98134 4.72810
v 2.06444 11.11150 4.62302
v 2.06444 11.26617 4.83015
v 2.06444 11.16356 4.91602
v 2.06444 11.19232 4.47516
v 2.06444 11.41295 4.60616
v 2.06444 11.35038 4.72553
v 2.06444 11.45148 4.47665
v 2.06444 11.19232 4.47516
v 2.06444 11.21103 4.34196
v 2.06444 11.21103 4.34196
v 2.06444 11.19665 4.22332
v 2.06444 11.45148 4.20727
v 2.06444 11.41295 4.07775
v 2.06444 11.19665 4.22332
v 2.06444 11.13963 4.10196
v 2.06444 11.13963 4.10196
v 2.06444 11.06303 4.01147
v 2.06444 11.26617 3.85376
v 2.06444 10.91801 3.92907
v 2.06444 11.04650 3.70410
v 2.06444 11.16356 3.76790
v 2.06444 10.91947 3.66481
v 2.06444 10.91801 3.92907
v 2.06444 10.78738 3.90998
v 2.06444 10.78738 3.90998
v 2.06444 10.67102 3.92465
v 2.06444 10.65528 3.66481
v 2.06444 10.52825 3.70410
v 2.06444 10.67102 3.92465
v 2.06444 10.52326 4.00182
v 2.06444 10.30858 3.85376
v 2.06444 10.52326 4.00182
v 2.06444 10.41570 4.13076
v 2.06444 10.16180 4.07775
v 2.06444 10.41570 4.13076
v 2.06444 10.37186 4.25768
v 2.06444 10.37186 4.25768
v 2.06444 10.36327 4.37691
v 2.06444 10.11026 4.34196
v 2.06444 10.39597 4.50727
v 2.06444 10.16180 4.60617
v 2.06444 10.12327 4.47665
v 2.06444 10.39597 4.50727
v 2.06444 10.45379 4.61127
v 2.06444 10.22438 4.72553
v 2.06444 10.58025 4.72093
v 2.06444 10.41119 4.91602
v 2.06444 10.30858 4.83015
v 2.06444 10.70472 4.76563
v 2.06444 10.65528 5.01910
v 2.06444 10.52826 4.97982
v 2.06444 10.70472 4.76563
v 2.06444 10.82165 4.77439
v 2.06444 10.78738 5.03237
v 3.61609 10.97916 3.86985
v 3.61609 10.90373 3.92465
v 3.61609 11.05149 4.00182
v 2.06444 10.36327 4.37691
v 2.06444 10.37186 4.25768
v 3.61609 10.37186 4.25768
v 2.06444 11.13963 4.10196
v 2.06444 11.19665 4.22332
v 3.61609 11.19232 4.20876
v 2.06444 11.06303 4.01147
v 2.06444 11.13963 4.10196
v 3.61609 11.13963 4.10196
v 2.06444 10.39597 4.50727
v 2.06444 10.36327 4.37691
v 3.61609 10.36473 4.39205
v 2.06444 10.45379 4.61127
v 2.06444 10.39597 4.50727
v 3.61609 10.39597 4.50727
v 2.06444 10.91801 3.92907
v 2.06444 11.06303 4.01147
v 3.61609 11.05149 4.00182
v 2.06444 10.58025 4.72093
v 2.06444 10.45379 4.61127
v 3.61609 10.46325 4.62303
v 2.06444 10.78738 3.90998
v 2.06444 10.91801 3.92907
v 3.61609 10.90373 3.92465
v 2.06444 10.67102 3.92465
v 2.06444 10.78738 3.90998
v 3.61609 10.78738 3.90998
v 2.06444 10.70472 4.76563
v 2.06444 10.58025 4.72093
v 3.61609 10.59341 4.72810
v 2.06444 10.52326 4.00182
v 2.06444 10.67102 3.92465
v 3.61609 10.65674 3.92907
v 2.06444 10.41570 4.13076
v 2.06444 10.52326 4.00182
v 3.61609 10.51172 4.01147
v 2.06444 11.21103 4.34196
v 3.61609 11.21148 4.37690
v 3.61609 11.19232 4.20876
v 3.61609 11.17080 4.67445
v 3.61609 11.01683 4.79875
v 4.16541 11.03240 4.79026
v 3.61609 10.88515 4.84315
v 3.61609 10.91801 4.75485
v 3.61609 10.75311 4.77439
v 3.61609 10.54235 4.79027
v 3.61609 10.59341 4.72810
v 3.61609 10.46325 4.62303
v 3.61609 10.78738 3.90998
v 3.61609 10.84549 3.83217
v 3.61609 10.68960 3.84076
v 3.61609 10.72927 4.85175
v 3.61609 10.75311 4.77439
v 3.61609 10.59341 4.72810
v 3.61609 11.19232 4.20876
v 3.61609 11.21148 4.37690
v 3.61609 11.28855 4.34196
v 3.61609 10.28620 4.34196
v 3.61609 10.36473 4.39205
v 3.61609 10.37186 4.25768
v 3.61609 11.19232 4.20876
v 3.61609 11.27153 4.20161
v 3.61609 11.20409 4.05805
v 3.61609 11.11346 3.95100
v 3.61609 11.05149 4.00182
v 3.61609 11.13963 4.10196
v 3.61609 10.39276 4.66054
v 3.61609 10.46325 4.62303
v 3.61609 10.39597 4.50727
v 4.16541 10.54235 3.89365
v 4.16541 10.72926 3.83217
v 4.16541 10.28620 4.34196
v 4.16541 10.72926 3.83217
v 4.16541 10.92502 3.84830
v 4.16541 11.20409 4.05805
v 4.16541 10.92502 3.84830
v 4.16541 11.09982 3.93958
v 4.16541 11.20409 4.05805
v 4.16541 11.20409 4.05805
v 4.16541 11.26641 4.18439
v 4.16541 11.28908 4.38329
v 4.16541 11.28908 4.38329
v 4.16541 11.25040 4.53751
v 4.16541 11.20409 4.05805
v 4.16541 11.25040 4.53751
v 4.16541 11.18201 4.66053
v 4.16541 11.03240 4.79026
v 4.16541 11.20409 4.05805
v 4.16541 11.25040 4.53751
v 4.16541 10.88515 4.84315
v 4.16541 11.03240 4.79026
v 4.16541 10.88515 4.84315
v 4.16541 11.25040 4.53751
v 4.16541 10.88515 4.84315
v 4.16541 10.74683 4.85351
v 4.16541 10.55792 4.79875
v 4.16541 10.55792 4.79875
v 4.16541 10.40395 4.67445
v 4.16541 10.88515 4.84315
v 4.16541 10.40395 4.67445
v 4.16541 10.30834 4.49953
v 4.16541 10.28620 4.34196
v 4.16541 10.28620 4.34196
v 4.16541 10.30322 4.20161
v 4.16541 10.39275 4.02338
v 4.16541 10.39275 4.02338
v 4.16541 10.54235 3.89365
v 4.16541 10.28620 4.34196
v 4.16541 10.72926 3.83217
v 4.16541 11.20409 4.05805
v 4.16541 10.28620 4.34196
v 4.16541 11.20409 4.05805
v 4.16541 10.88515 4.84315
v 4.16541 10.28620 4.34196
v 3.61609 10.72927 4.85175
v 3.61609 10.54235 4.79027
v 4.16541 10.55792 4.79875
v 3.61609 10.68960 3.84076
v 4.16541 10.72926 3.83217
v 4.16541 10.54235 3.89365
v 3.61609 11.17080 4.67445
v 4.16541 11.18201 4.66053
v 4.16541 11.25040 4.53751
v 3.61609 10.40395 4.00947
v 3.61609 10.55792 3.88516
v 4.16541 10.54235 3.89365
v 3.61609 10.30834 4.18439
v 3.61609 10.40395 4.00947
v 4.16541 10.39275 4.02338
v 3.61609 11.28855 4.34196
v 4.16541 11.28908 4.38329
v 4.16541 11.26641 4.18439
v 3.61609 10.28620 4.34196
v 3.61609 10.30834 4.18439
v 4.16541 10.30322 4.20161
v 3.61609 11.20409 4.05805
v 3.61609 11.27153 4.20161
v 4.16541 11.26641 4.18439
v 3.61609 10.30322 4.48230
v 3.61609 10.28620 4.34196
v 4.16541 10.28620 4.34196
v 3.61609 11.11346 3.95100
v 3.61609 11.20409 4.05805
v 4.16541 11.20409 4.05805
v 3.61609 10.39276 4.66054
v 3.61609 10.30322 4.48230
v 4.16541 10.30834 4.49953
v 3.61609 10.97916 3.86985
v 3.61609 11.11346 3.95100
v 4.16541 11.09982 3.93958
v 3.61609 10.88515 4.84315
v 3.61609 10.72927 4.85175
v 4.16541 10.74683 4.85351
v 3.61609 11.01683 4.79875
v 3.61609 10.88515 4.84315
v 4.16541 10.88515 4.84315
v 3.61609 10.54235 4.79027
v 3.61609 10.39276 4.66054
v 4.16541 10.40395 4.67445
v 0.45210 11.15181 4.31439
v 0.31720 11.09585 3.99589
v 0.31680 11.20795 4.63396
v 0.31720 11.09585 3.99589
v -0.01372 11.07230 3.86186
v 0.31680 11.20795 4.63396
v -0.01372 4.60381 4.20300
v -0.01372 5.16403 3.72215
v 0.31789 5.08000 3.79429
v 0.31789 5.08000 3.79429
v 0.45127 4.88286 3.96350
v 0.31887 4.68741 4.13124
v 0.45391 7.36468 5.78116
v 0.31353 7.34514 6.11338
v 0.31887 4.68741 4.13124
v 0.45301 9.53421 5.68507
v 0.45210 11.15181 4.31439
v 0.31680 11.20795 4.63396
v 0.31772 9.40029 5.41638
v 0.31720 11.09585 3.99589
v 0.45210 11.15181 4.31439
v -0.01371 9.35347 5.29686
v -0.01372 11.07230 3.86186
v 0.31720 11.09585 3.99589
v 0.45301 9.53421 5.68507
v 0.31569 9.66407 5.95785
v 0.31674 8.81673 6.01347
v -0.01372 4.60381 4.20300
v -0.01371 7.33622 6.24480
v -0.01372 7.39254 5.31889
v -0.01371 9.35347 5.29686
v 0.31772 9.40029 5.41638
v 0.31439 7.38468 5.45170
v 0.45237 8.72299 5.72141
v 0.45391 7.36468 5.78116
v 0.31439 7.38468 5.45170
v 0.45237 8.72299 5.72141
v 0.31674 8.81673 6.01347
v 0.31353 7.34514 6.11338
vt 0.15927 0.02951
vt 0.29731 0.01273
vt 0.29780 0.03837
vt 0.17802 0.04535
vt 0.16351 0.13756
vt 0.16351 0.04519
vt 0.12255 0.10231
vt 0.15459 0.16594
vt 0.12255 0.20981
vt 0.69348 0.63021
vt 0.56373 0.62179
vt 0.69348 0.62179
vt 0.62882 0.62184
vt 0.63988 0.62147
vt 0.63877 0.62704
vt 0.62624 0.62838
vt 0.63660 0.63228
vt 0.63345 0.63699
vt 0.60788 0.63637
vt 0.60825 0.64743
vt 0.60268 0.64633
vt 0.59456 0.62583
vt 0.58556 0.63228
vt 0.58339 0.62704
vt 0.60726 0.60103
vt 0.60268 0.59095
vt 0.60825 0.58984
vt 0.61768 0.60187
vt 0.61948 0.59095
vt 0.62472 0.59312
vt 0.70020 0.62942
vt 0.55610 0.62303
vt 0.70020 0.61839
vt 0.70020 0.64123
vt 0.55610 0.63825
vt 0.70020 0.62942
vt 0.69186 0.65082
vt 0.55159 0.64860
vt 0.69186 0.64541
vt 0.70143 0.61445
vt 0.54092 0.60761
vt 0.70143 0.59854
vt 0.55219 0.60921
vt 0.69946 0.61549
vt 0.55219 0.62487
vt 0.55219 0.59582
vt 0.69946 0.60089
vt 0.55219 0.60921
vt 0.55219 0.62487
vt 0.69946 0.63140
vt 0.55219 0.63605
vt 0.86277 0.02598
vt 0.87410 0.02669
vt 0.87302 0.03587
vt 0.81301 0.07752
vt 0.80281 0.07252
vt 0.80790 0.06735
vt 0.86277 0.02598
vt 0.86025 0.01708
vt 0.87410 0.02669
vt 0.81301 0.07752
vt 0.81193 0.08670
vt 0.80281 0.07252
vt 0.85367 0.02158
vt 0.86025 0.01708
vt 0.86277 0.02598
vt 0.82326 0.08742
vt 0.81193 0.08670
vt 0.81301 0.07752
vt 0.82326 0.08742
vt 0.82578 0.09632
vt 0.81193 0.08670
vt 0.83652 0.09264
vt 0.82578 0.09632
vt 0.82326 0.08742
vt 0.83652 0.09264
vt 0.84225 0.09990
vt 0.82578 0.09632
vt 0.85077 0.09239
vt 0.84225 0.09990
vt 0.83652 0.09264
vt 0.85077 0.09239
vt 0.85562 0.09824
vt 0.84225 0.09990
vt 0.37588 0.70553
vt 0.41935 0.71197
vt 0.37588 0.71655
vt 0.05566 0.14613
vt 0.08481 0.14729
vt 0.08692 0.20978
vt 0.98163 0.15001
vt 0.88372 0.11943
vt 0.99152 0.11985
vt 0.11766 0.05749
vt 0.13310 0.07500
vt 0.08481 0.14729
vt 0.95174 0.12638
vt 0.96875 0.14951
vt 0.87282 0.14951
vt 0.07137 0.15337
vt 0.08904 0.14185
vt 0.08900 0.16433
vt 0.97950 0.11747
vt 0.97590 0.15279
vt 0.86637 0.11721
vt 0.54407 0.36150
vt 0.78294 0.44553
vt 0.78294 0.36150
vt 0.89617 0.12094
vt 0.96986 0.15276
vt 0.87360 0.15127
vt 0.99438 0.11669
vt 0.98920 0.15209
vt 0.86564 0.15230
vt 0.91383 0.12602
vt 0.98135 0.14989
vt 0.87662 0.14987
vt 0.34651 0.57773
vt 0.22568 0.60393
vt 0.34797 0.60360
vt 0.29731 0.01273
vt 0.15927 0.02951
vt 0.29780 0.03837
vt 0.25364 0.83184
vt 0.29728 0.89326
vt 0.29699 0.82275
vt 0.12255 0.10231
vt 0.12255 0.20981
vt 0.15459 0.16594
vt 0.69946 0.61549
vt 0.55219 0.60921
vt 0.55219 0.62487
vt 0.69946 0.60089
vt 0.55219 0.59582
vt 0.55219 0.60921
vt 0.69946 0.63140
vt 0.55219 0.62487
vt 0.55219 0.63605
vt 0.55159 0.59964
vt 0.69186 0.60514
vt 0.69186 0.59588
vt 0.55159 0.61374
vt 0.69186 0.61682
vt 0.69186 0.60514
vt 0.80650 0.05734
vt 0.80050 0.06438
vt 0.80790 0.06735
vt 0.87410 0.02669
vt 0.86277 0.02598
vt 0.87302 0.03587
vt 0.86025 0.01708
vt 0.84950 0.02075
vt 0.86277 0.02598
vt 0.81193 0.08670
vt 0.82326 0.08742
vt 0.81301 0.07752
vt 0.84378 0.01350
vt 0.83526 0.02101
vt 0.84950 0.02075
vt 0.82578 0.09632
vt 0.83652 0.09264
vt 0.82326 0.08742
vt 0.84225 0.09990
vt 0.84661 0.09322
vt 0.83652 0.09264
vt 0.85759 0.09019
vt 0.86638 0.09304
vt 0.86629 0.08506
vt 0.37396 0.69428
vt 0.42104 0.69773
vt 0.42104 0.68463
vt 0.37251 0.69031
vt 0.42089 0.69720
vt 0.42089 0.68551
vt 0.37251 0.70750
vt 0.42089 0.71112
vt 0.42089 0.69720
vt 0.88372 0.11943
vt 0.98163 0.15001
vt 0.99152 0.11985
vt 0.96875 0.14951
vt 0.97098 0.12638
vt 0.87282 0.14951
vt 0.08692 0.20979
vt 0.05561 0.14612
vt 0.06293 0.22185
vt 0.98290 0.15378
vt 0.92831 0.11739
vt 0.87386 0.15359
vt 0.97590 0.15279
vt 0.97950 0.11747
vt 0.86637 0.11721
vt 0.96986 0.15276
vt 0.89617 0.12094
vt 0.87360 0.15127
vt 0.98920 0.15209
vt 0.99438 0.11669
vt 0.86564 0.15230
vt 0.12320 0.13139
vt 0.14537 0.11787
vt 0.11273 0.11954
vt 0.78404 0.35622
vt 0.65414 0.44854
vt 0.65409 0.35622
vt 0.00387 0.06955
vt 0.05622 0.40745
vt 0.01847 0.40907
vt 0.40693 0.35974
vt 0.57911 0.44647
vt 0.57908 0.35974
vt 0.29614 0.44275
vt 0.24077 0.32962
vt 0.29614 0.32958
vt 0.61001 0.45607
vt 0.59502 0.51733
vt 0.59502 0.45604
vt 0.10819 0.56481
vt 0.28260 0.51752
vt 0.20177 0.56078
vt 0.30061 0.05679
vt 0.14666 0.40356
vt 0.13206 0.06404
vt 0.36046 0.75443
vt 0.20586 0.63855
vt 0.36055 0.63855
vt 0.27653 0.73392
vt 0.00537 0.63108
vt 0.09263 0.81606
vt 0.34340 0.05495
vt 0.32687 0.39581
vt 0.30061 0.05679
vt 0.61372 0.45802
vt 0.59149 0.50000
vt 0.59149 0.45799
vt 0.13772 0.76153
vt 0.24749 0.98564
vt 0.22677 0.75115
vt 0.47067 0.80545
vt 0.51327 0.86417
vt 0.47067 0.88875
vt 0.32687 0.39581
vt 0.16395 0.45305
vt 0.14666 0.40356
vt 0.13206 0.06404
vt 0.14571 0.02878
vt 0.15927 0.02951
vt 0.22568 0.60393
vt 0.34651 0.57773
vt 0.34797 0.60360
vt 0.16660 0.60944
vt 0.00266 0.64521
vt 0.18354 0.63746
vt 0.36783 0.60228
vt 0.19403 0.60106
vt 0.34977 0.58379
vt 0.05572 0.84654
vt 0.09597 0.83000
vt 0.08681 0.84801
vt 0.11920 0.97927
vt 0.12102 0.91167
vt 0.15033 0.92952
vt 0.11701 0.84453
vt 0.10904 0.98134
vt 0.12945 0.97321
vt 0.02241 0.83915
vt 0.00387 0.88393
vt 0.00387 0.83122
vt 0.53946 0.89827
vt 0.53946 0.86535
vt 0.52101 0.80535
vt 0.19919 0.52043
vt 0.36055 0.63855
vt 0.20586 0.63855
vt 0.05622 0.40745
vt 0.13206 0.06404
vt 0.14666 0.40356
vt 0.19717 0.59330
vt 0.00265 0.49743
vt 0.00265 0.63197
vt 0.33566 0.58541
vt 0.21044 0.52110
vt 0.33566 0.52110
vt 0.20333 0.59155
vt 0.00586 0.50066
vt 0.20333 0.50121
vt 0.92793 0.71797
vt 0.83616 0.71232
vt 0.93090 0.71232
vt 0.77607 0.78734
vt 0.60992 0.79885
vt 0.60981 0.78748
vt 0.00387 0.06955
vt 0.03685 0.05680
vt 0.04163 0.06793
vt 0.01847 0.40907
vt 0.05242 0.41894
vt 0.02324 0.42020
vt 0.98215 0.69616
vt 0.81600 0.68502
vt 0.98781 0.68488
vt 0.81814 0.69595
vt 0.98484 0.68485
vt 0.98436 0.69629
vt 0.93559 0.72045
vt 0.83981 0.71538
vt 0.93254 0.71538
vt 0.81841 0.69688
vt 0.98511 0.70842
vt 0.81334 0.70806
vt 0.12132 0.09962
vt 0.00380 0.32222
vt 0.12475 0.32145
vt 0.15504 0.06293
vt 0.14027 0.05028
vt 0.15504 0.04956
vt 0.08243 0.27838
vt 0.06831 0.31028
vt 0.07449 0.27761
vt 0.06836 0.38674
vt 0.08235 0.31160
vt 0.08243 0.38769
vt 0.17934 0.04791
vt 0.16597 0.14010
vt 0.16597 0.04778
vt 0.15927 0.02951
vt 0.15806 0.00387
vt 0.29731 0.01273
vt 0.35799 0.02798
vt 0.29780 0.03837
vt 0.29731 0.01273
vt 0.29357 0.72885
vt 0.31146 0.81971
vt 0.29699 0.82275
vt 0.12401 0.02738
vt 0.12391 0.00333
vt 0.00293 0.00185
vt 0.12388 0.41596
vt 0.00380 0.32222
vt 0.00293 0.41673
vt 0.36573 0.89781
vt 0.42613 0.80591
vt 0.42613 0.89837
vt 0.09887 0.02684
vt 0.15806 0.00387
vt 0.15927 0.02951
vt 0.29728 0.89326
vt 0.29699 0.82275
vt 0.29864 0.82498
vt 0.18501 0.06365
vt 0.16855 0.12884
vt 0.15936 0.06308
vt 0.21320 0.05206
vt 0.12401 0.02738
vt 0.12132 0.09962
vt 0.76000 0.87237
vt 0.77586 0.87510
vt 0.75946 0.87401
vt 0.16171 0.13464
vt 0.18734 0.06210
vt 0.18734 0.13550
vt 0.15898 0.20200
vt 0.15490 0.16744
vt 0.12054 0.21347
vt 0.19325 0.16846
vt 0.12132 0.09962
vt 0.15490 0.16744
vt 0.64867 0.84925
vt 0.67589 0.80663
vt 0.67430 0.84928
vt 0.22256 0.89326
vt 0.25364 0.83184
vt 0.29728 0.89326
vt 0.03766 0.04041
vt 0.01460 0.01031
vt 0.04029 0.01180
vt 0.67589 0.87830
vt 0.64867 0.84925
vt 0.67430 0.84928
vt 0.19667 0.87187
vt 0.21716 0.86571
vt 0.22256 0.89326
vt 0.03766 0.04041
vt 0.01464 0.06776
vt 0.01200 0.04019
vt 0.21587 0.00442
vt 0.26094 0.09445
vt 0.21351 0.09419
vt 0.19971 0.77294
vt 0.19690 0.58124
vt 0.20297 0.64107
vt 0.69348 0.62179
vt 0.56373 0.61353
vt 0.69348 0.61353
vt 0.69348 0.61353
vt 0.56373 0.60575
vt 0.69348 0.60575
vt 0.69348 0.60575
vt 0.56373 0.59874
vt 0.69348 0.59874
vt 0.69348 0.59874
vt 0.56373 0.59279
vt 0.69348 0.59279
vt 0.55174 0.59530
vt 0.69015 0.60277
vt 0.55174 0.60277
vt 0.55174 0.60277
vt 0.69015 0.61107
vt 0.55174 0.61107
vt 0.55174 0.61107
vt 0.69015 0.61989
vt 0.55174 0.61989
vt 0.55174 0.61989
vt 0.69015 0.62887
vt 0.55174 0.62887
vt 0.55174 0.62887
vt 0.69015 0.63769
vt 0.55174 0.63769
vt 0.55174 0.63769
vt 0.69015 0.64599
vt 0.55174 0.64599
vt 0.55174 0.64599
vt 0.69015 0.65346
vt 0.55174 0.65346
vt 0.56206 0.59418
vt 0.69828 0.60044
vt 0.56206 0.60044
vt 0.56206 0.60044
vt 0.69828 0.60779
vt 0.56206 0.60779
vt 0.56206 0.60779
vt 0.69828 0.61596
vt 0.56206 0.61596
vt 0.56206 0.61596
vt 0.69828 0.62464
vt 0.56206 0.62464
vt 0.56206 0.62464
vt 0.69828 0.63348
vt 0.56206 0.63348
vt 0.56206 0.63348
vt 0.69828 0.64216
vt 0.56206 0.64216
vt 0.56206 0.64216
vt 0.69828 0.65033
vt 0.56206 0.65033
vt 0.56206 0.65033
vt 0.69828 0.65769
vt 0.56206 0.65769
vt 0.55491 0.59226
vt 0.69595 0.59987
vt 0.55491 0.59987
vt 0.55491 0.59987
vt 0.69595 0.60833
vt 0.55491 0.60833
vt 0.55491 0.60833
vt 0.69595 0.61732
vt 0.55491 0.61732
vt 0.55491 0.61732
vt 0.69595 0.62647
vt 0.55491 0.62647
vt 0.55491 0.62647
vt 0.69595 0.63545
vt 0.55491 0.63545
vt 0.55491 0.63545
vt 0.69595 0.64392
vt 0.55491 0.64392
vt 0.55491 0.64392
vt 0.69595 0.65153
vt 0.55491 0.65153
vt 0.55491 0.65153
vt 0.69595 0.65800
vt 0.55491 0.65800
vt 0.69348 0.65922
vt 0.56373 0.65326
vt 0.69348 0.65326
vt 0.69348 0.65326
vt 0.56373 0.64626
vt 0.69348 0.64626
vt 0.69348 0.64626
vt 0.56373 0.63848
vt 0.69348 0.63848
vt 0.37611 0.68561
vt 0.41421 0.68186
vt 0.41796 0.71996
vt 0.69348 0.63848
vt 0.56373 0.63021
vt 0.69348 0.63021
vt 0.55610 0.60770
vt 0.70020 0.61839
vt 0.55610 0.62303
vt 0.63988 0.61580
vt 0.62882 0.62184
vt 0.62869 0.61481
vt 0.62869 0.61481
vt 0.63877 0.61024
vt 0.63988 0.61580
vt 0.62624 0.62838
vt 0.63877 0.62704
vt 0.63660 0.63228
vt 0.62136 0.63344
vt 0.63345 0.63699
vt 0.62944 0.64100
vt 0.62472 0.64416
vt 0.61491 0.63624
vt 0.62136 0.63344
vt 0.62136 0.63344
vt 0.62944 0.64100
vt 0.62472 0.64416
vt 0.60788 0.63637
vt 0.61392 0.64743
vt 0.60825 0.64743
vt 0.61491 0.63624
vt 0.61948 0.64633
vt 0.61392 0.64743
vt 0.60255 0.63460
vt 0.60268 0.64633
vt 0.59744 0.64416
vt 0.59273 0.64100
vt 0.60255 0.63460
vt 0.59744 0.64416
vt 0.58872 0.63699
vt 0.59456 0.62583
vt 0.59857 0.63160
vt 0.59857 0.63160
vt 0.59273 0.64100
vt 0.58872 0.63699
vt 0.59307 0.61896
vt 0.58339 0.62704
vt 0.58229 0.62147
vt 0.58229 0.61580
vt 0.59432 0.61204
vt 0.59307 0.61896
vt 0.59307 0.61896
vt 0.58229 0.62147
vt 0.58229 0.61580
vt 0.58556 0.60499
vt 0.59812 0.60612
vt 0.59432 0.61204
vt 0.59432 0.61204
vt 0.58339 0.61024
vt 0.58556 0.60499
vt 0.59273 0.59627
vt 0.60255 0.60267
vt 0.59812 0.60612
vt 0.59812 0.60612
vt 0.58872 0.60028
vt 0.59273 0.59627
vt 0.60268 0.59095
vt 0.60255 0.60267
vt 0.59744 0.59312
vt 0.61286 0.60062
vt 0.60825 0.58984
vt 0.61392 0.58984
vt 0.61948 0.59095
vt 0.61286 0.60062
vt 0.61392 0.58984
vt 0.62360 0.60567
vt 0.62472 0.59312
vt 0.62944 0.59627
vt 0.62705 0.61010
vt 0.63345 0.60028
vt 0.63660 0.60500
vt 0.62360 0.60567
vt 0.62944 0.59627
vt 0.63345 0.60028
vt 0.63877 0.61024
vt 0.62705 0.61010
vt 0.63660 0.60500
vt 0.79982 0.05593
vt 0.80903 0.04332
vt 0.80650 0.05734
vt 0.55159 0.62133
vt 0.69186 0.63487
vt 0.55159 0.63614
vt 0.55159 0.63614
vt 0.69186 0.64541
vt 0.55159 0.64860
vt 0.70020 0.62942
vt 0.55610 0.63825
vt 0.55610 0.62303
vt 0.70020 0.64123
vt 0.55610 0.65104
vt 0.55610 0.63825
vt 0.69946 0.65583
vt 0.55219 0.64741
vt 0.69946 0.64621
vt 0.70143 0.59854
vt 0.54092 0.60761
vt 0.54092 0.59555
vt 0.55219 0.62487
vt 0.69946 0.61549
vt 0.69946 0.63140
vt 0.54092 0.61951
vt 0.70143 0.63179
vt 0.54092 0.63333
vt 0.70143 0.61445
vt 0.54092 0.61951
vt 0.54092 0.60761
vt 0.55219 0.60921
vt 0.69946 0.60089
vt 0.69946 0.61549
vt 0.69946 0.64621
vt 0.55219 0.63605
vt 0.69946 0.63140
vt 0.54092 0.63333
vt 0.70143 0.64793
vt 0.54092 0.64924
vt 0.55219 0.59582
vt 0.69946 0.59247
vt 0.69946 0.60089
vt 0.55159 0.59588
vt 0.69186 0.60514
vt 0.55159 0.60641
vt 0.55610 0.59688
vt 0.70020 0.60640
vt 0.55610 0.60770
vt 0.55159 0.60641
vt 0.69186 0.61996
vt 0.55159 0.62133
vt 0.41935 0.68877
vt 0.37588 0.67688
vt 0.41935 0.67587
vt 0.88524 0.06588
vt 0.87374 0.07645
vt 0.87896 0.06319
vt 0.87870 0.04894
vt 0.87302 0.03587
vt 0.88322 0.04087
vt 0.87302 0.03587
vt 0.87410 0.02669
vt 0.88322 0.04087
vt 0.79982 0.05593
vt 0.80790 0.06735
vt 0.80281 0.07252
vt 0.88621 0.05244
vt 0.87896 0.06319
vt 0.87870 0.04894
vt 0.84378 0.01350
vt 0.85367 0.02158
vt 0.84237 0.02018
vt 0.87870 0.04894
vt 0.88322 0.04087
vt 0.88621 0.05244
vt 0.84237 0.02018
vt 0.82719 0.01649
vt 0.84378 0.01350
vt 0.81301 0.02561
vt 0.82844 0.02321
vt 0.81673 0.03133
vt 0.85562 0.09824
vt 0.86384 0.08670
vt 0.86638 0.09304
vt 0.80340 0.03946
vt 0.81673 0.03133
vt 0.80903 0.04332
vt 0.87851 0.08133
vt 0.86384 0.08670
vt 0.87374 0.07645
vt 0.41935 0.72657
vt 0.37588 0.71655
vt 0.41935 0.71197
vt 0.40506 0.67582
vt 0.42064 0.68775
vt 0.42191 0.71650
vt 0.37251 0.70750
vt 0.42089 0.72311
vt 0.37251 0.72457
vt 0.37396 0.67425
vt 0.42104 0.68463
vt 0.37396 0.68606
vt 0.37251 0.72457
vt 0.42089 0.73525
vt 0.37251 0.73525
vt 0.37396 0.68606
vt 0.42104 0.70125
vt 0.37396 0.70279
vt 0.37233 0.67740
vt 0.42186 0.69246
vt 0.37233 0.69405
vt 0.37396 0.70279
vt 0.42104 0.71798
vt 0.37396 0.71941
vt 0.37233 0.69405
vt 0.42186 0.70671
vt 0.37233 0.70671
vt 0.37233 0.70671
vt 0.42186 0.71898
vt 0.37233 0.72048
vt 0.37639 0.72277
vt 0.42104 0.73228
vt 0.37396 0.73338
vt 0.37233 0.72048
vt 0.42186 0.73403
vt 0.37233 0.73517
vt 0.37251 0.67817
vt 0.42089 0.68885
vt 0.37251 0.69031
vt 0.41935 0.70086
vt 0.37588 0.69008
vt 0.41935 0.68877
vt 0.37588 0.70553
vt 0.41935 0.70086
vt 0.41935 0.71197
vt 0.41935 0.73606
vt 0.37588 0.72776
vt 0.41935 0.72657
vt 0.37251 0.69031
vt 0.42089 0.70592
vt 0.37251 0.70750
vt 0.05892 0.19329
vt 0.03897 0.14585
vt 0.05892 0.09841
vt 0.98257 0.14654
vt 0.88303 0.12413
vt 0.97778 0.12395
vt 0.06125 0.20963
vt 0.04207 0.17122
vt 0.06125 0.13269
vt 0.96857 0.14871
vt 0.89296 0.12782
vt 0.97582 0.12782
vt 0.98822 0.15230
vt 0.87861 0.12008
vt 0.98898 0.11986
vt 0.87495 0.11689
vt 0.99515 0.11615
vt 0.86356 0.15255
vt 0.96919 0.12202
vt 0.89319 0.15177
vt 0.88223 0.12082
vt 0.96564 0.12207
vt 0.89442 0.15193
vt 0.87505 0.12015
vt 0.88360 0.14844
vt 0.97856 0.12423
vt 0.98716 0.14859
vt 0.98434 0.15386
vt 0.87800 0.11730
vt 0.98415 0.11731
vt 0.89723 0.12028
vt 0.97795 0.11970
vt 0.88089 0.15354
vt 0.08481 0.14729
vt 0.05566 0.14613
vt 0.11766 0.05749
vt 0.12320 0.13139
vt 0.11273 0.11954
vt 0.14538 0.11787
vt 0.08692 0.20978
vt 0.06292 0.22178
vt 0.05566 0.14613
vt 0.88030 0.15120
vt 0.97884 0.11870
vt 0.97657 0.15269
vt 0.97279 0.15415
vt 0.89156 0.11968
vt 0.97228 0.11911
vt 0.93484 0.11734
vt 0.99343 0.15286
vt 0.88244 0.15256
vt 0.54407 0.36150
vt 0.78294 0.44553
vt 0.54407 0.44553
vt 0.78404 0.35622
vt 0.65414 0.44854
vt 0.78409 0.44854
vt 0.00387 0.06955
vt 0.05622 0.40745
vt 0.04163 0.06793
vt 0.40693 0.35974
vt 0.57911 0.44647
vt 0.40697 0.44647
vt 0.29614 0.44275
vt 0.24077 0.32962
vt 0.24077 0.44280
vt 0.59502 0.51733
vt 0.61001 0.45607
vt 0.59502 0.45604
vt 0.30061 0.05679
vt 0.14666 0.40356
vt 0.32687 0.39581
vt 0.20177 0.56078
vt 0.24111 0.55962
vt 0.28260 0.51752
vt 0.23555 0.87198
vt 0.13153 0.86768
vt 0.09263 0.81606
vt 0.36046 0.75443
vt 0.20586 0.63855
vt 0.20577 0.75676
vt 0.34340 0.05495
vt 0.32687 0.39581
vt 0.35799 0.39447
vt 0.59149 0.50000
vt 0.61372 0.45802
vt 0.59149 0.45799
vt 0.13772 0.76153
vt 0.24749 0.98564
vt 0.16453 0.99528
vt 0.51327 0.86417
vt 0.47067 0.80545
vt 0.47067 0.88875
vt 0.16395 0.45305
vt 0.32687 0.39581
vt 0.14666 0.40356
vt 0.30061 0.05679
vt 0.29780 0.03837
vt 0.15927 0.02951
vt 0.16660 0.60944
vt 0.00266 0.64521
vt 0.00218 0.60518
vt 0.36783 0.60228
vt 0.19403 0.60106
vt 0.18035 0.62307
vt 0.09597 0.83000
vt 0.05572 0.84654
vt 0.08681 0.84801
vt 0.12102 0.91167
vt 0.11920 0.97927
vt 0.15033 0.92952
vt 0.10904 0.98134
vt 0.11701 0.84453
vt 0.12945 0.97321
vt 0.02241 0.83915
vt 0.00387 0.88393
vt 0.02241 0.88195
vt 0.53946 0.86535
vt 0.53946 0.89827
vt 0.52101 0.80535
vt 0.19919 0.52043
vt 0.36055 0.63855
vt 0.36711 0.52043
vt 0.05622 0.40745
vt 0.13206 0.06404
vt 0.04163 0.06793
vt 0.00265 0.49743
vt 0.19717 0.59330
vt 0.00265 0.63197
vt 0.33566 0.58541
vt 0.21044 0.52110
vt 0.21044 0.58541
vt 0.20333 0.59155
vt 0.00586 0.50066
vt 0.00586 0.62779
vt 0.93090 0.71232
vt 0.83911 0.71797
vt 0.92793 0.71797
vt 0.60992 0.79885
vt 0.77607 0.78734
vt 0.60981 0.78748
vt 0.03685 0.05680
vt 0.00387 0.06955
vt 0.04163 0.06793
vt 0.01847 0.40907
vt 0.05242 0.41894
vt 0.05622 0.40745
vt 0.98215 0.69616
vt 0.81600 0.68502
vt 0.81589 0.69629
vt 0.98484 0.68485
vt 0.81814 0.69595
vt 0.98436 0.69629
vt 0.93559 0.72045
vt 0.83981 0.71538
vt 0.83668 0.72045
vt 0.81841 0.69688
vt 0.98511 0.70842
vt 0.98463 0.69722
vt 0.12132 0.09962
vt 0.00380 0.32222
vt 0.00342 0.09985
vt 0.14027 0.05028
vt 0.15504 0.06293
vt 0.15504 0.04956
vt 0.06831 0.31028
vt 0.08243 0.27838
vt 0.07449 0.27761
vt 0.06836 0.38674
vt 0.08235 0.31160
vt 0.06831 0.31028
vt 0.17934 0.04791
vt 0.16597 0.14010
vt 0.17934 0.14025
vt 0.35799 0.02798
vt 0.29780 0.03837
vt 0.35796 0.04136
vt 0.23467 0.74109
vt 0.25364 0.83184
vt 0.29699 0.82275
vt 0.00293 0.00185
vt 0.12391 0.00333
vt 0.12401 0.02729
vt 0.17802 0.04535
vt 0.16351 0.13756
vt 0.17802 0.13786
vt 0.00380 0.32222
vt 0.12388 0.41596
vt 0.00293 0.41673
vt 0.36573 0.89781
vt 0.42613 0.80591
vt 0.36573 0.80535
vt 0.09887 0.02684
vt 0.15806 0.00387
vt 0.09814 0.01234
vt 0.18501 0.06365
vt 0.16855 0.12885
vt 0.18501 0.12893
vt 0.21320 0.05206
vt 0.12401 0.02729
vt 0.12613 0.02608
vt 0.76000 0.87237
vt 0.77586 0.87510
vt 0.77645 0.87244
vt 0.18734 0.06210
vt 0.16171 0.13464
vt 0.18734 0.13550
vt 0.29699 0.82275
vt 0.29728 0.89326
vt 0.29864 0.82507
vt 0.15490 0.16744
vt 0.15898 0.20200
vt 0.12054 0.21347
vt 0.12132 0.09962
vt 0.19325 0.16846
vt 0.15490 0.16744
vt 0.67589 0.80663
vt 0.64867 0.84925
vt 0.67430 0.84928
vt 0.22256 0.89326
vt 0.25364 0.83184
vt 0.21716 0.86571
vt 0.03766 0.04041
vt 0.01460 0.01031
vt 0.01200 0.04019
vt 0.67589 0.87830
vt 0.64867 0.84925
vt 0.65026 0.87826
vt 0.19667 0.87187
vt 0.21716 0.86571
vt 0.18338 0.84589
vt 0.01464 0.06776
vt 0.03766 0.04041
vt 0.01200 0.04019
vt 0.21587 0.00442
vt 0.26094 0.09445
vt 0.26333 0.00486
vt 0.69348 0.63021
vt 0.56373 0.62179
vt 0.56373 0.63021
vt 0.24227 0.63976
vt 0.20297 0.64107
vt 0.19971 0.77294
vt 0.69348 0.62179
vt 0.56373 0.61353
vt 0.56373 0.62179
vt 0.69348 0.61353
vt 0.56373 0.60575
vt 0.56373 0.61353
vt 0.69348 0.60575
vt 0.56373 0.59874
vt 0.56373 0.60575
vt 0.69348 0.59874
vt 0.56373 0.59279
vt 0.56373 0.59874
vt 0.55174 0.59530
vt 0.69015 0.60277
vt 0.69015 0.59530
vt 0.55174 0.60277
vt 0.69015 0.61107
vt 0.69015 0.60277
vt 0.55174 0.61107
vt 0.69015 0.61989
vt 0.69015 0.61107
vt 0.55174 0.61989
vt 0.69015 0.62887
vt 0.69015 0.61989
vt 0.55174 0.62887
vt 0.69015 0.63769
vt 0.69015 0.62887
vt 0.55174 0.63769
vt 0.69015 0.64599
vt 0.69015 0.63769
vt 0.55174 0.64599
vt 0.69015 0.65346
vt 0.69015 0.64599
vt 0.56206 0.59418
vt 0.69828 0.60044
vt 0.69828 0.59418
vt 0.56206 0.60044
vt 0.69828 0.60779
vt 0.69828 0.60044
vt 0.56206 0.60779
vt 0.69828 0.61596
vt 0.69828 0.60779
vt 0.56206 0.61596
vt 0.69828 0.62464
vt 0.69828 0.61596
vt 0.56206 0.62464
vt 0.69828 0.63348
vt 0.69828 0.62464
vt 0.56206 0.63348
vt 0.69828 0.64216
vt 0.69828 0.63348
vt 0.56206 0.64216
vt 0.69828 0.65033
vt 0.69828 0.64216
vt 0.56206 0.65033
vt 0.69828 0.65769
vt 0.69828 0.65033
vt 0.55491 0.59226
vt 0.69595 0.59987
vt 0.69595 0.59226
vt 0.55491 0.59987
vt 0.69595 0.60833
vt 0.69595 0.59987
vt 0.55491 0.60833
vt 0.69595 0.61732
vt 0.69595 0.60833
vt 0.55491 0.61732
vt 0.69595 0.62647
vt 0.69595 0.61732
vt 0.55491 0.62647
vt 0.69595 0.63545
vt 0.69595 0.62647
vt 0.55491 0.63545
vt 0.69595 0.64392
vt 0.69595 0.63545
vt 0.55491 0.64392
vt 0.69595 0.65153
vt 0.69595 0.64392
vt 0.55491 0.65153
vt 0.69595 0.65800
vt 0.69595 0.65153
vt 0.69348 0.65922
vt 0.56373 0.65326
vt 0.56373 0.65922
vt 0.69348 0.65326
vt 0.56373 0.64626
vt 0.56373 0.65326
vt 0.69348 0.64626
vt 0.56373 0.63848
vt 0.56373 0.64626
vt 0.39438 0.67584
vt 0.37010 0.70544
vt 0.39969 0.72972
vt 0.69348 0.63848
vt 0.56373 0.63021
vt 0.56373 0.63848
vt 0.70020 0.61839
vt 0.55610 0.60770
vt 0.55610 0.61839
vt 0.63988 0.61580
vt 0.62882 0.62184
vt 0.63988 0.62147
vt 0.63988 0.61580
vt 0.63877 0.61024
vt 0.62869 0.61481
vt 0.62624 0.62838
vt 0.63877 0.62704
vt 0.62882 0.62184
vt 0.62882 0.62184
vt 0.63877 0.62704
vt 0.63988 0.62147
vt 0.62136 0.63344
vt 0.63345 0.63699
vt 0.62624 0.62838
vt 0.62624 0.62838
vt 0.63345 0.63699
vt 0.63660 0.63228
vt 0.62472 0.64416
vt 0.61634 0.63596
vt 0.61948 0.64633
vt 0.62472 0.64416
vt 0.62944 0.64100
vt 0.62136 0.63344
vt 0.61634 0.63596
vt 0.61392 0.64743
vt 0.61948 0.64633
vt 0.60825 0.64743
vt 0.60583 0.63596
vt 0.60268 0.64633
vt 0.60825 0.64743
vt 0.61392 0.64743
vt 0.61140 0.63665
vt 0.60583 0.63596
vt 0.59744 0.64416
vt 0.60268 0.64633
vt 0.59628 0.62891
vt 0.59273 0.64100
vt 0.60134 0.63379
vt 0.60134 0.63379
vt 0.59273 0.64100
vt 0.59744 0.64416
vt 0.58556 0.63228
vt 0.59376 0.62389
vt 0.58339 0.62704
vt 0.59628 0.62891
vt 0.58556 0.63228
vt 0.58872 0.63699
vt 0.59376 0.62389
vt 0.58229 0.62147
vt 0.58339 0.62704
vt 0.58229 0.61580
vt 0.59432 0.61204
vt 0.58339 0.61024
vt 0.58229 0.61580
vt 0.58229 0.62147
vt 0.59307 0.61896
vt 0.58556 0.60499
vt 0.59812 0.60612
vt 0.58872 0.60028
vt 0.58556 0.60499
vt 0.58339 0.61024
vt 0.59432 0.61204
vt 0.59273 0.59627
vt 0.60255 0.60267
vt 0.59744 0.59312
vt 0.59273 0.59627
vt 0.58872 0.60028
vt 0.59812 0.60612
vt 0.60255 0.60267
vt 0.60268 0.59095
vt 0.59744 0.59312
vt 0.61286 0.60062
vt 0.60825 0.58984
vt 0.60726 0.60103
vt 0.60726 0.60103
vt 0.60825 0.58984
vt 0.60268 0.59095
vt 0.61286 0.60062
vt 0.61948 0.59095
vt 0.61392 0.58984
vt 0.62360 0.60567
vt 0.62472 0.59312
vt 0.61768 0.60187
vt 0.61768 0.60187
vt 0.62472 0.59312
vt 0.61948 0.59095
vt 0.62705 0.61010
vt 0.63345 0.60028
vt 0.62360 0.60567
vt 0.63345 0.60028
vt 0.62944 0.59627
vt 0.62360 0.60567
vt 0.62705 0.61010
vt 0.63877 0.61024
vt 0.63660 0.60500
vt 0.79982 0.05244
vt 0.80903 0.04332
vt 0.80340 0.03946
vt 0.70020 0.62942
vt 0.55610 0.61839
vt 0.55610 0.63080
vt 0.69186 0.63904
vt 0.55159 0.62890
vt 0.55159 0.63904
vt 0.69186 0.64763
vt 0.55159 0.63904
vt 0.55159 0.64860
vt 0.70020 0.64123
vt 0.55610 0.63080
vt 0.55610 0.64123
vt 0.70020 0.65004
vt 0.55610 0.64123
vt 0.55610 0.65104
vt 0.70143 0.60615
vt 0.54092 0.59555
vt 0.54092 0.60761
vt 0.55219 0.64741
vt 0.69946 0.65583
vt 0.69946 0.64621
vt 0.69946 0.63140
vt 0.69946 0.61549
vt 0.55219 0.62487
vt 0.70143 0.61951
vt 0.54092 0.60761
vt 0.54092 0.61951
vt 0.70143 0.63179
vt 0.54092 0.61951
vt 0.54092 0.63333
vt 0.69946 0.61549
vt 0.69946 0.60089
vt 0.55219 0.60921
vt 0.55219 0.63605
vt 0.69946 0.64621
vt 0.69946 0.63140
vt 0.70143 0.64793
vt 0.54092 0.63333
vt 0.54092 0.64924
vt 0.69946 0.60089
vt 0.69946 0.59247
vt 0.55219 0.59582
vt 0.70020 0.60640
vt 0.55610 0.59688
vt 0.55610 0.60770
vt 0.55159 0.59964
vt 0.55159 0.61374
vt 0.69186 0.60514
vt 0.69186 0.61682
vt 0.55159 0.62890
vt 0.69186 0.62755
vt 0.37588 0.67688
vt 0.41935 0.68877
vt 0.41935 0.67587
vt 0.88130 0.03624
vt 0.87870 0.04894
vt 0.88553 0.04902
vt 0.88524 0.06588
vt 0.87374 0.07645
vt 0.87851 0.08133
vt 0.80650 0.05734
vt 0.79982 0.05244
vt 0.80050 0.06438
vt 0.88130 0.03624
vt 0.87410 0.02669
vt 0.87302 0.03587
vt 0.80790 0.06735
vt 0.80473 0.07716
vt 0.81301 0.07752
vt 0.88553 0.04902
vt 0.87896 0.06319
vt 0.88524 0.06588
vt 0.86277 0.02598
vt 0.87410 0.02669
vt 0.86025 0.01708
vt 0.82219 0.02669
vt 0.83041 0.01516
vt 0.81965 0.02035
vt 0.81301 0.07752
vt 0.80473 0.07716
vt 0.81193 0.08670
vt 0.84950 0.02075
vt 0.86025 0.01708
vt 0.84378 0.01350
vt 0.82326 0.08742
vt 0.81193 0.08670
vt 0.82578 0.09632
vt 0.84378 0.01350
vt 0.83041 0.01516
vt 0.83526 0.02101
vt 0.83652 0.09264
vt 0.82578 0.09632
vt 0.84225 0.09990
vt 0.85562 0.09824
vt 0.84661 0.09322
vt 0.84225 0.09990
vt 0.82219 0.02669
vt 0.80946 0.02916
vt 0.81465 0.03342
vt 0.80340 0.03946
vt 0.81465 0.03342
vt 0.80946 0.02916
vt 0.85562 0.09824
vt 0.86638 0.09304
vt 0.85759 0.09019
vt 0.87851 0.08133
vt 0.86629 0.08506
vt 0.86638 0.09304
vt 0.42064 0.68775
vt 0.40506 0.67582
vt 0.42191 0.71650
vt 0.37588 0.71336
vt 0.41935 0.72657
vt 0.41935 0.71197
vt 0.42089 0.71112
vt 0.37251 0.72457
vt 0.42089 0.72311
vt 0.42104 0.67425
vt 0.37396 0.68138
vt 0.42104 0.68463
vt 0.42089 0.73525
vt 0.37251 0.72457
vt 0.37251 0.73525
vt 0.42186 0.69246
vt 0.37233 0.67740
vt 0.37233 0.69405
vt 0.37396 0.68138
vt 0.37396 0.69428
vt 0.42104 0.68463
vt 0.42104 0.69773
vt 0.37396 0.71128
vt 0.42104 0.70976
vt 0.42186 0.70671
vt 0.37233 0.69405
vt 0.37233 0.70671
vt 0.42104 0.72266
vt 0.37396 0.71128
vt 0.37396 0.72266
vt 0.42186 0.71898
vt 0.37233 0.70671
vt 0.37233 0.72048
vt 0.42104 0.73228
vt 0.37396 0.72266
vt 0.37396 0.73338
vt 0.42186 0.73403
vt 0.37233 0.72048
vt 0.37233 0.73517
vt 0.42089 0.68551
vt 0.37251 0.67817
vt 0.37251 0.69031
vt 0.37588 0.70086
vt 0.41935 0.71197
vt 0.41935 0.70086
vt 0.37588 0.69008
vt 0.41935 0.70086
vt 0.41935 0.68877
vt 0.37588 0.72776
vt 0.41935 0.73606
vt 0.41935 0.72657
vt 0.37251 0.69031
vt 0.37251 0.70750
vt 0.42089 0.69720
vt 0.10707 0.21294
vt 0.10707 0.07876
vt 0.05892 0.09841
vt 0.06125 0.13269
vt 0.06125 0.20963
vt 0.10753 0.22543
vt 0.87861 0.12008
vt 0.98822 0.15230
vt 0.98898 0.11986
vt 0.86356 0.15255
vt 0.99515 0.11615
vt 0.87495 0.11689
vt 0.07137 0.15337
vt 0.08900 0.16433
vt 0.08904 0.14185
vt 0.89319 0.15177
vt 0.96919 0.12202
vt 0.88223 0.12082
vt 0.89442 0.15193
vt 0.96564 0.12207
vt 0.87505 0.12015
vt 0.97856 0.12423
vt 0.88360 0.14844
vt 0.98716 0.14859
vt 0.89723 0.12028
vt 0.96712 0.15355
vt 0.97795 0.11970
vt 0.11766 0.05749
vt 0.08482 0.14728
vt 0.13310 0.07500
vt 0.87275 0.15351
vt 0.98704 0.11748
vt 0.88088 0.11747
vt 0.96858 0.14871
vt 0.98188 0.12646
vt 0.89313 0.12646
vt 0.88024 0.12605
vt 0.98135 0.14989
vt 0.98098 0.12595
vt 0.08692 0.20979
vt 0.08482 0.14728
vt 0.05561 0.14612
vt 0.88030 0.15120
vt 0.97884 0.11870
vt 0.88923 0.11843
vt 0.92770 0.15377
vt 0.98415 0.11731
vt 0.87800 0.11730
vt 0.89156 0.11968
vt 0.97279 0.15415
vt 0.97228 0.11911
vt 0.88244 0.15256
vt 0.99343 0.15286
vt 0.93488 0.11734
vt 0.17802 0.04535
vt 0.17802 0.13786
vt 0.16351 0.13756
vt 0.69348 0.63021
vt 0.56373 0.63021
vt 0.56373 0.62179
vt 0.98163 0.15001
vt 0.86490 0.15016
vt 0.88372 0.11943
vt 0.54407 0.36150
vt 0.54407 0.44553
vt 0.78294 0.44553
vt 0.34651 0.57773
vt 0.21232 0.57810
vt 0.22568 0.60393
vt 0.88372 0.11943
vt 0.86490 0.15016
vt 0.98163 0.15001
vt 0.78404 0.35622
vt 0.78409 0.44854
vt 0.65414 0.44854
vt 0.00387 0.06955
vt 0.04163 0.06793
vt 0.05622 0.40745
vt 0.40693 0.35974
vt 0.40697 0.44647
vt 0.57911 0.44647
vt 0.29614 0.44275
vt 0.24077 0.44280
vt 0.24077 0.32962
vt 0.61001 0.45607
vt 0.61001 0.51736
vt 0.59502 0.51733
vt 0.19690 0.58124
vt 0.10835 0.58360
vt 0.10819 0.56481
vt 0.28260 0.51752
vt 0.30732 0.68107
vt 0.24111 0.55962
vt 0.30732 0.68107
vt 0.24227 0.63976
vt 0.24111 0.55962
vt 0.20177 0.56078
vt 0.20297 0.64107
vt 0.19690 0.58124
vt 0.28260 0.51752
vt 0.24111 0.55962
vt 0.20177 0.56078
vt 0.20177 0.56078
vt 0.19690 0.58124
vt 0.10819 0.56481
vt 0.30061 0.05679
vt 0.32687 0.39581
vt 0.14666 0.40356
vt 0.36046 0.75443
vt 0.20577 0.75676
vt 0.20586 0.63855
vt 0.13153 0.86768
vt 0.23555 0.87198
vt 0.09263 0.81606
vt 0.23555 0.87198
vt 0.27653 0.73392
vt 0.09263 0.81606
vt 0.27653 0.73392
vt 0.24593 0.59495
vt 0.00537 0.63108
vt 0.00537 0.63108
vt 0.00537 0.81665
vt 0.09263 0.81606
vt 0.34340 0.05495
vt 0.35799 0.39447
vt 0.32687 0.39581
vt 0.61372 0.45802
vt 0.61372 0.51750
vt 0.59149 0.50000
vt 0.13772 0.76153
vt 0.16453 0.99528
vt 0.24749 0.98564
vt 0.47067 0.80545
vt 0.51327 0.80535
vt 0.51327 0.86417
vt 0.32687 0.39581
vt 0.32020 0.43021
vt 0.16395 0.45305
vt 0.29780 0.03837
vt 0.30061 0.05679
vt 0.15927 0.02951
vt 0.30061 0.05679
vt 0.13206 0.06404
vt 0.15927 0.02951
vt 0.22568 0.60393
vt 0.21232 0.57810
vt 0.34651 0.57773
vt 0.16660 0.60944
vt 0.00218 0.60518
vt 0.00266 0.64521
vt 0.36783 0.60228
vt 0.18035 0.62307
vt 0.19403 0.60106
vt 0.05572 0.84654
vt 0.05264 0.82793
vt 0.09597 0.83000
vt 0.11920 0.97927
vt 0.09923 0.97583
vt 0.12102 0.91167
vt 0.11701 0.84453
vt 0.10452 0.83808
vt 0.10904 0.98134
vt 0.02241 0.83915
vt 0.02241 0.88195
vt 0.00387 0.88393
vt 0.53946 0.86535
vt 0.52101 0.86404
vt 0.52101 0.80535
vt 0.52101 0.80535
vt 0.53946 0.80576
vt 0.53946 0.89827
vt 0.19919 0.52043
vt 0.36711 0.52043
vt 0.36055 0.63855
vt 0.05622 0.40745
vt 0.04163 0.06793
vt 0.13206 0.06404
vt 0.19717 0.59330
vt 0.19717 0.49769
vt 0.00265 0.49743
vt 0.33566 0.58541
vt 0.21044 0.58541
vt 0.21044 0.52110
vt 0.20333 0.59155
vt 0.00586 0.62779
vt 0.00586 0.50066
vt 0.92793 0.71797
vt 0.83911 0.71797
vt 0.83616 0.71232
vt 0.77607 0.78734
vt 0.78172 0.79871
vt 0.60992 0.79885
vt 0.00387 0.06955
vt 0.00767 0.05805
vt 0.03685 0.05680
vt 0.01847 0.40907
vt 0.05622 0.40745
vt 0.05242 0.41894
vt 0.98215 0.69616
vt 0.81589 0.69629
vt 0.81600 0.68502
vt 0.81814 0.69595
vt 0.81307 0.68449
vt 0.98484 0.68485
vt 0.93559 0.72045
vt 0.83668 0.72045
vt 0.83981 0.71538
vt 0.81841 0.69688
vt 0.98463 0.69722
vt 0.98511 0.70842
vt 0.12132 0.09962
vt 0.00342 0.09985
vt 0.00380 0.32222
vt 0.15504 0.06293
vt 0.14013 0.06671
vt 0.14027 0.05028
vt 0.08243 0.27838
vt 0.08235 0.31160
vt 0.06831 0.31028
vt 0.06836 0.38674
vt 0.06831 0.31028
vt 0.08235 0.31160
vt 0.17934 0.04791
vt 0.17934 0.14025
vt 0.16597 0.14010
vt 0.35799 0.02798
vt 0.35796 0.04136
vt 0.29780 0.03837
vt 0.25364 0.83184
vt 0.23467 0.74109
vt 0.29699 0.82275
vt 0.23467 0.74109
vt 0.29357 0.72885
vt 0.29699 0.82275
vt 0.00293 0.00185
vt 0.00342 0.09985
vt 0.12401 0.02738
vt 0.00342 0.09985
vt 0.12132 0.09962
vt 0.12401 0.02738
vt 0.12388 0.41596
vt 0.12475 0.32145
vt 0.00380 0.32222
vt 0.36573 0.89781
vt 0.36573 0.80535
vt 0.42613 0.80591
vt 0.09887 0.02684
vt 0.09814 0.01234
vt 0.15806 0.00387
vt 0.29728 0.89326
vt 0.25364 0.83184
vt 0.29699 0.82275
vt 0.18501 0.06365
vt 0.18501 0.12901
vt 0.16855 0.12884
vt 0.21320 0.05206
vt 0.12614 0.02609
vt 0.12401 0.02738
vt 0.76000 0.87237
vt 0.77645 0.87244
vt 0.77586 0.87510
vt 0.16171 0.13464
vt 0.16170 0.06124
vt 0.18734 0.06210
vt 0.15898 0.20200
vt 0.19325 0.16846
vt 0.15490 0.16744
vt 0.19325 0.16846
vt 0.21320 0.05206
vt 0.12132 0.09962
vt 0.64867 0.84925
vt 0.65026 0.80659
vt 0.67589 0.80663
vt 0.22256 0.89326
vt 0.21716 0.86571
vt 0.25364 0.83184
vt 0.03766 0.04041
vt 0.01200 0.04019
vt 0.01460 0.01031
vt 0.67589 0.87830
vt 0.65026 0.87826
vt 0.64867 0.84925
vt 0.19667 0.87187
vt 0.18338 0.84589
vt 0.21716 0.86571
vt 0.03766 0.04041
vt 0.04029 0.06797
vt 0.01464 0.06776
vt 0.21587 0.00442
vt 0.26333 0.00486
vt 0.26094 0.09445
vt 0.20297 0.64107
vt 0.24227 0.63976
vt 0.19971 0.77294
vt 0.24227 0.63976
vt 0.30732 0.68107
vt 0.19971 0.77294
vt 0.30732 0.68107
vt 0.27954 0.84590
vt 0.19971 0.77294
vt 0.27954 0.84590
vt 0.19798 0.84578
vt 0.19971 0.77294
vt 0.19798 0.84578
vt 0.16815 0.77389
vt 0.19971 0.77294
vt 0.69348 0.62179
vt 0.56373 0.62179
vt 0.56373 0.61353
vt 0.69348 0.61353
vt 0.56373 0.61353
vt 0.56373 0.60575
vt 0.69348 0.60575
vt 0.56373 0.60575
vt 0.56373 0.59874
vt 0.69348 0.59874
vt 0.56373 0.59874
vt 0.56373 0.59279
vt 0.55174 0.59530
vt 0.69015 0.59530
vt 0.69015 0.60277
vt 0.55174 0.60277
vt 0.69015 0.60277
vt 0.69015 0.61107
vt 0.55174 0.61107
vt 0.69015 0.61107
vt 0.69015 0.61989
vt 0.55174 0.61989
vt 0.69015 0.61989
vt 0.69015 0.62887
vt 0.55174 0.62887
vt 0.69015 0.62887
vt 0.69015 0.63769
vt 0.55174 0.63769
vt 0.69015 0.63769
vt 0.69015 0.64599
vt 0.55174 0.64599
vt 0.69015 0.64599
vt 0.69015 0.65346
vt 0.56206 0.59418
vt 0.69828 0.59418
vt 0.69828 0.60044
vt 0.56206 0.60044
vt 0.69828 0.60044
vt 0.69828 0.60779
vt 0.56206 0.60779
vt 0.69828 0.60779
vt 0.69828 0.61596
vt 0.56206 0.61596
vt 0.69828 0.61596
vt 0.69828 0.62464
vt 0.56206 0.62464
vt 0.69828 0.62464
vt 0.69828 0.63348
vt 0.56206 0.63348
vt 0.69828 0.63348
vt 0.69828 0.64216
vt 0.56206 0.64216
vt 0.69828 0.64216
vt 0.69828 0.65033
vt 0.56206 0.65033
vt 0.69828 0.65033
vt 0.69828 0.65769
vt 0.55491 0.59226
vt 0.69595 0.59226
vt 0.69595 0.59987
vt 0.55491 0.59987
vt 0.69595 0.59987
vt 0.69595 0.60833
vt 0.55491 0.60833
vt 0.69595 0.60833
vt 0.69595 0.61732
vt 0.55491 0.61732
vt 0.69595 0.61732
vt 0.69595 0.62647
vt 0.55491 0.62647
vt 0.69595 0.62647
vt 0.69595 0.63545
vt 0.55491 0.63545
vt 0.69595 0.63545
vt 0.69595 0.64392
vt 0.55491 0.64392
vt 0.69595 0.64392
vt 0.69595 0.65153
vt 0.55491 0.65153
vt 0.69595 0.65153
vt 0.69595 0.65800
vt 0.69348 0.65922
vt 0.56373 0.65922
vt 0.56373 0.65326
vt 0.69348 0.65326
vt 0.56373 0.65326
vt 0.56373 0.64626
vt 0.69348 0.64626
vt 0.56373 0.64626
vt 0.56373 0.63848
vt 0.41796 0.71996
vt 0.41421 0.72371
vt 0.39969 0.72972
vt 0.41421 0.72371
vt 0.40980 0.72666
vt 0.39969 0.72972
vt 0.40980 0.72666
vt 0.40489 0.72869
vt 0.39969 0.72972
vt 0.39969 0.72972
vt 0.39438 0.72972
vt 0.38918 0.72869
vt 0.38918 0.72869
vt 0.38427 0.72666
vt 0.37986 0.72371
vt 0.37986 0.72371
vt 0.37611 0.71996
vt 0.37010 0.70544
vt 0.37611 0.71996
vt 0.37316 0.71554
vt 0.37010 0.70544
vt 0.37316 0.71554
vt 0.37113 0.71064
vt 0.37010 0.70544
vt 0.37010 0.70544
vt 0.37010 0.70013
vt 0.37611 0.68561
vt 0.37010 0.70013
vt 0.37113 0.69493
vt 0.37611 0.68561
vt 0.37113 0.69493
vt 0.37316 0.69002
vt 0.37611 0.68561
vt 0.37611 0.68561
vt 0.37986 0.68186
vt 0.38427 0.67891
vt 0.38427 0.67891
vt 0.38918 0.67688
vt 0.39438 0.67584
vt 0.39438 0.67584
vt 0.39969 0.67584
vt 0.40489 0.67688
vt 0.40489 0.67688
vt 0.40980 0.67891
vt 0.41421 0.68186
vt 0.41421 0.68186
vt 0.41796 0.68561
vt 0.42091 0.69002
vt 0.42091 0.69002
vt 0.42294 0.69493
vt 0.41421 0.68186
vt 0.42294 0.69493
vt 0.42397 0.70013
vt 0.41421 0.68186
vt 0.42397 0.70013
vt 0.42397 0.70544
vt 0.41796 0.71996
vt 0.42397 0.70544
vt 0.42294 0.71064
vt 0.41796 0.71996
vt 0.42294 0.71064
vt 0.42091 0.71554
vt 0.41796 0.71996
vt 0.39969 0.72972
vt 0.38918 0.72869
vt 0.41796 0.71996
vt 0.38918 0.72869
vt 0.37986 0.72371
vt 0.41796 0.71996
vt 0.37611 0.68561
vt 0.38427 0.67891
vt 0.39438 0.67584
vt 0.39438 0.67584
vt 0.40489 0.67688
vt 0.41421 0.68186
vt 0.37986 0.72371
vt 0.37010 0.70544
vt 0.41796 0.71996
vt 0.37010 0.70544
vt 0.37611 0.68561
vt 0.41796 0.71996
vt 0.37611 0.68561
vt 0.39438 0.67584
vt 0.41421 0.68186
vt 0.41421 0.68186
vt 0.42397 0.70013
vt 0.41796 0.71996
vt 0.69348 0.63848
vt 0.56373 0.63848
vt 0.56373 0.63021
vt 0.55610 0.60770
vt 0.70020 0.60640
vt 0.70020 0.61839
vt 0.63988 0.61580
vt 0.63988 0.62147
vt 0.62882 0.62184
vt 0.62624 0.62838
vt 0.62882 0.62184
vt 0.63877 0.62704
vt 0.62136 0.63344
vt 0.62624 0.62838
vt 0.63345 0.63699
vt 0.62472 0.64416
vt 0.61948 0.64633
vt 0.61491 0.63624
vt 0.60788 0.63637
vt 0.61491 0.63624
vt 0.61392 0.64743
vt 0.60255 0.63460
vt 0.60788 0.63637
vt 0.60268 0.64633
vt 0.59273 0.64100
vt 0.59857 0.63160
vt 0.60255 0.63460
vt 0.58872 0.63699
vt 0.58556 0.63228
vt 0.59456 0.62583
vt 0.59307 0.61896
vt 0.59456 0.62583
vt 0.58339 0.62704
vt 0.58229 0.61580
vt 0.58339 0.61024
vt 0.59432 0.61204
vt 0.58556 0.60499
vt 0.58872 0.60028
vt 0.59812 0.60612
vt 0.59273 0.59627
vt 0.59744 0.59312
vt 0.60255 0.60267
vt 0.60268 0.59095
vt 0.60726 0.60103
vt 0.60255 0.60267
vt 0.61286 0.60062
vt 0.60726 0.60103
vt 0.60825 0.58984
vt 0.61948 0.59095
vt 0.61768 0.60187
vt 0.61286 0.60062
vt 0.62360 0.60567
vt 0.61768 0.60187
vt 0.62472 0.59312
vt 0.62705 0.61010
vt 0.62360 0.60567
vt 0.63345 0.60028
vt 0.63877 0.61024
vt 0.62869 0.61481
vt 0.62705 0.61010
vt 0.79982 0.05593
vt 0.80340 0.03946
vt 0.80903 0.04332
vt 0.55159 0.62133
vt 0.69186 0.61996
vt 0.69186 0.63487
vt 0.55159 0.63614
vt 0.69186 0.63487
vt 0.69186 0.64541
vt 0.70020 0.64123
vt 0.70020 0.65004
vt 0.55610 0.65104
vt 0.69946 0.65583
vt 0.55219 0.65583
vt 0.55219 0.64741
vt 0.54092 0.61951
vt 0.70143 0.61445
vt 0.70143 0.63179
vt 0.69946 0.64621
vt 0.55219 0.64741
vt 0.55219 0.63605
vt 0.54092 0.63333
vt 0.70143 0.63179
vt 0.70143 0.64793
vt 0.55159 0.59588
vt 0.69186 0.59588
vt 0.69186 0.60514
vt 0.55610 0.59688
vt 0.70020 0.59688
vt 0.70020 0.60640
vt 0.55159 0.60641
vt 0.69186 0.60514
vt 0.69186 0.61996
vt 0.41935 0.68877
vt 0.37588 0.69008
vt 0.37588 0.67688
vt 0.88524 0.06588
vt 0.87851 0.08133
vt 0.87374 0.07645
vt 0.79982 0.05593
vt 0.80650 0.05734
vt 0.80790 0.06735
vt 0.88621 0.05244
vt 0.88524 0.06588
vt 0.87896 0.06319
vt 0.84378 0.01350
vt 0.86025 0.01708
vt 0.85367 0.02158
vt 0.84237 0.02018
vt 0.82844 0.02321
vt 0.82719 0.01649
vt 0.81301 0.02561
vt 0.82719 0.01649
vt 0.82844 0.02321
vt 0.85562 0.09824
vt 0.85077 0.09239
vt 0.86384 0.08670
vt 0.80340 0.03946
vt 0.81301 0.02561
vt 0.81673 0.03133
vt 0.87851 0.08133
vt 0.86638 0.09304
vt 0.86384 0.08670
vt 0.41935 0.72657
vt 0.37588 0.72776
vt 0.37588 0.71655
vt 0.37041 0.71346
vt 0.36844 0.70258
vt 0.40506 0.67582
vt 0.36844 0.70258
vt 0.37079 0.69177
vt 0.40506 0.67582
vt 0.37079 0.69177
vt 0.37710 0.68268
vt 0.40506 0.67582
vt 0.37710 0.68268
vt 0.38640 0.67670
vt 0.40506 0.67582
vt 0.38640 0.67670
vt 0.39729 0.67473
vt 0.40506 0.67582
vt 0.40506 0.67582
vt 0.41295 0.67979
vt 0.42064 0.68775
vt 0.42064 0.68775
vt 0.42469 0.69804
vt 0.42191 0.71650
vt 0.42469 0.69804
vt 0.42449 0.70910
vt 0.42191 0.71650
vt 0.42191 0.71650
vt 0.41648 0.72348
vt 0.40717 0.72946
vt 0.39629 0.73142
vt 0.42191 0.71650
vt 0.40717 0.72946
vt 0.39629 0.73142
vt 0.38548 0.72908
vt 0.42191 0.71650
vt 0.38548 0.72908
vt 0.37639 0.72277
vt 0.42191 0.71650
vt 0.37639 0.72277
vt 0.37041 0.71346
vt 0.42191 0.71650
vt 0.42191 0.71650
vt 0.37041 0.71346
vt 0.40506 0.67582
vt 0.37251 0.70750
vt 0.42089 0.70592
vt 0.42089 0.72311
vt 0.37396 0.67425
vt 0.42104 0.67425
vt 0.42104 0.68463
vt 0.37251 0.72457
vt 0.42089 0.72311
vt 0.42089 0.73525
vt 0.37396 0.68606
vt 0.42104 0.68463
vt 0.42104 0.70125
vt 0.37233 0.67740
vt 0.42186 0.67605
vt 0.42186 0.69246
vt 0.37396 0.70279
vt 0.42104 0.70125
vt 0.42104 0.71798
vt 0.37233 0.69405
vt 0.42186 0.69246
vt 0.42186 0.70671
vt 0.37233 0.70671
vt 0.42186 0.70671
vt 0.42186 0.71898
vt 0.37639 0.72277
vt 0.42104 0.71798
vt 0.42104 0.73228
vt 0.37233 0.72048
vt 0.42186 0.71898
vt 0.42186 0.73403
vt 0.37251 0.67817
vt 0.42089 0.67817
vt 0.42089 0.68885
vt 0.41935 0.70086
vt 0.37588 0.70553
vt 0.37588 0.69008
vt 0.41935 0.73606
vt 0.37588 0.73606
vt 0.37588 0.72776
vt 0.37251 0.69031
vt 0.42089 0.68885
vt 0.42089 0.70592
vt 0.10707 0.07876
vt 0.10707 0.21294
vt 0.05892 0.09841
vt 0.10707 0.21294
vt 0.05892 0.19329
vt 0.05892 0.09841
vt 0.10753 0.11663
vt 0.10753 0.22543
vt 0.06125 0.13269
vt 0.10753 0.22543
vt 0.06125 0.20963
vt 0.06125 0.13269
vt 0.98822 0.15230
vt 0.86941 0.15337
vt 0.87861 0.12008
vt 0.96919 0.12202
vt 0.98389 0.15264
vt 0.89319 0.15177
vt 0.96564 0.12207
vt 0.98875 0.15365
vt 0.89442 0.15193
vt 0.88360 0.14844
vt 0.87332 0.12409
vt 0.97856 0.12423
vt 0.98434 0.15386
vt 0.87530 0.15368
vt 0.87800 0.11730
vt 0.88030 0.15120
vt 0.88923 0.11843
vt 0.97884 0.11870
vt 0.97279 0.15415
vt 0.88640 0.15413
vt 0.89156 0.11968
vt 0.54407 0.36150
vt 0.78294 0.36150
vt 0.78294 0.44553
vt 0.78404 0.35622
vt 0.65409 0.35622
vt 0.65414 0.44854
vt 0.00387 0.06955
vt 0.01847 0.40907
vt 0.05622 0.40745
vt 0.40693 0.35974
vt 0.57908 0.35974
vt 0.57911 0.44647
vt 0.29614 0.44275
vt 0.29614 0.32958
vt 0.24077 0.32962
vt 0.59502 0.51733
vt 0.61001 0.51736
vt 0.61001 0.45607
vt 0.30061 0.05679
vt 0.13206 0.06404
vt 0.14666 0.40356
vt 0.24227 0.63976
vt 0.30732 0.68107
vt 0.24111 0.55962
vt 0.30732 0.68107
vt 0.28260 0.51752
vt 0.24111 0.55962
vt 0.28260 0.51752
vt 0.10819 0.56481
vt 0.20177 0.56078
vt 0.10819 0.56481
vt 0.10835 0.58360
vt 0.19690 0.58124
vt 0.20177 0.56078
vt 0.10819 0.56481
vt 0.19690 0.58124
vt 0.19690 0.58124
vt 0.20297 0.64107
vt 0.20177 0.56078
vt 0.00537 0.81665
vt 0.00537 0.63108
vt 0.09263 0.81606
vt 0.00537 0.63108
vt 0.24593 0.59495
vt 0.27653 0.73392
vt 0.09263 0.81606
vt 0.00537 0.63108
vt 0.27653 0.73392
vt 0.27653 0.73392
vt 0.23555 0.87198
vt 0.09263 0.81606
vt 0.36046 0.75443
vt 0.36055 0.63855
vt 0.20586 0.63855
vt 0.34340 0.05495
vt 0.30061 0.05679
vt 0.32687 0.39581
vt 0.59149 0.50000
vt 0.61372 0.51750
vt 0.61372 0.45802
vt 0.13772 0.76153
vt 0.22677 0.75115
vt 0.24749 0.98564
vt 0.51327 0.86417
vt 0.51327 0.80535
vt 0.47067 0.80545
vt 0.16395 0.45305
vt 0.32020 0.43021
vt 0.32687 0.39581
vt 0.14571 0.02878
vt 0.13206 0.06404
vt 0.15927 0.02951
vt 0.13206 0.06404
vt 0.30061 0.05679
vt 0.15927 0.02951
vt 0.16660 0.60944
vt 0.18354 0.63746
vt 0.00266 0.64521
vt 0.36783 0.60228
vt 0.34977 0.58379
vt 0.19403 0.60106
vt 0.09597 0.83000
vt 0.05264 0.82793
vt 0.05572 0.84654
vt 0.12102 0.91167
vt 0.09923 0.97583
vt 0.11920 0.97927
vt 0.10904 0.98134
vt 0.10452 0.83808
vt 0.11701 0.84453
vt 0.02241 0.83915
vt 0.00387 0.83122
vt 0.00387 0.88393
vt 0.53946 0.89827
vt 0.53946 0.80576
vt 0.52101 0.80535
vt 0.52101 0.80535
vt 0.52101 0.86404
vt 0.53946 0.86535
vt 0.19919 0.52043
vt 0.20586 0.63855
vt 0.36055 0.63855
vt 0.05622 0.40745
vt 0.14666 0.40356
vt 0.13206 0.06404
vt 0.00265 0.49743
vt 0.19717 0.49769
vt 0.19717 0.59330
vt 0.33566 0.58541
vt 0.33566 0.52110
vt 0.21044 0.52110
vt 0.20333 0.59155
vt 0.20333 0.50121
vt 0.00586 0.50066
vt 0.93090 0.71232
vt 0.83616 0.71232
vt 0.83911 0.71797
vt 0.60992 0.79885
vt 0.78172 0.79871
vt 0.77607 0.78734
vt 0.03685 0.05680
vt 0.00767 0.05805
vt 0.00387 0.06955
vt 0.01847 0.40907
vt 0.02324 0.42020
vt 0.05242 0.41894
vt 0.98215 0.69616
vt 0.98781 0.68488
vt 0.81600 0.68502
vt 0.98484 0.68485
vt 0.81307 0.68449
vt 0.81814 0.69595
vt 0.93559 0.72045
vt 0.93254 0.71538
vt 0.83981 0.71538
vt 0.81841 0.69688
vt 0.81334 0.70806
vt 0.98511 0.70842
vt 0.12132 0.09962
vt 0.12475 0.32145
vt 0.00380 0.32222
vt 0.14027 0.05028
vt 0.14013 0.06671
vt 0.15504 0.06293
vt 0.06831 0.31028
vt 0.08235 0.31160
vt 0.08243 0.27838
vt 0.06836 0.38674
vt 0.08243 0.38769
vt 0.08235 0.31160
vt 0.17934 0.04791
vt 0.16597 0.04778
vt 0.16597 0.14010
vt 0.35799 0.02798
vt 0.29731 0.01273
vt 0.29780 0.03837
vt 0.31146 0.81971
vt 0.29357 0.72885
vt 0.29699 0.82275
vt 0.29357 0.72885
vt 0.23467 0.74109
vt 0.29699 0.82275
vt 0.12132 0.09962
vt 0.00342 0.09985
vt 0.12401 0.02729
vt 0.00342 0.09985
vt 0.00293 0.00185
vt 0.12401 0.02729
vt 0.17802 0.04535
vt 0.16351 0.04519
vt 0.16351 0.13756
vt 0.00380 0.32222
vt 0.12475 0.32145
vt 0.12388 0.41596
vt 0.36573 0.89781
vt 0.42613 0.89837
vt 0.42613 0.80591
vt 0.09887 0.02684
vt 0.15927 0.02951
vt 0.15806 0.00387
vt 0.18501 0.06365
vt 0.15936 0.06308
vt 0.16855 0.12885
vt 0.21320 0.05206
vt 0.12132 0.09962
vt 0.12401 0.02729
vt 0.76000 0.87237
vt 0.75946 0.87401
vt 0.77586 0.87510
vt 0.18734 0.06210
vt 0.16170 0.06124
vt 0.16171 0.13464
vt 0.15490 0.16744
vt 0.19325 0.16846
vt 0.15898 0.20200
vt 0.12132 0.09962
vt 0.21320 0.05206
vt 0.19325 0.16846
vt 0.67589 0.80663
vt 0.65026 0.80659
vt 0.64867 0.84925
vt 0.22256 0.89326
vt 0.29728 0.89326
vt 0.25364 0.83184
vt 0.03766 0.04041
vt 0.04029 0.01180
vt 0.01460 0.01031
vt 0.67589 0.87830
vt 0.67430 0.84928
vt 0.64867 0.84925
vt 0.19667 0.87187
vt 0.22256 0.89326
vt 0.21716 0.86571
vt 0.01464 0.06776
vt 0.04029 0.06797
vt 0.03766 0.04041
vt 0.21587 0.00442
vt 0.21351 0.09419
vt 0.26094 0.09445
vt 0.69348 0.63021
vt 0.69348 0.62179
vt 0.56373 0.62179
vt 0.16815 0.77389
vt 0.19798 0.84578
vt 0.19971 0.77294
vt 0.19798 0.84578
vt 0.27954 0.84590
vt 0.19971 0.77294
vt 0.27954 0.84590
vt 0.30732 0.68107
vt 0.19971 0.77294
vt 0.30732 0.68107
vt 0.24227 0.63976
vt 0.19971 0.77294
vt 0.20297 0.64107
vt 0.19690 0.58124
vt 0.19971 0.77294
vt 0.69348 0.62179
vt 0.69348 0.61353
vt 0.56373 0.61353
vt 0.69348 0.61353
vt 0.69348 0.60575
vt 0.56373 0.60575
vt 0.69348 0.60575
vt 0.69348 0.59874
vt 0.56373 0.59874
vt 0.69348 0.59874
vt 0.69348 0.59279
vt 0.56373 0.59279
vt 0.55174 0.59530
vt 0.55174 0.60277
vt 0.69015 0.60277
vt 0.55174 0.60277
vt 0.55174 0.61107
vt 0.69015 0.61107
vt 0.55174 0.61107
vt 0.55174 0.61989
vt 0.69015 0.61989
vt 0.55174 0.61989
vt 0.55174 0.62887
vt 0.69015 0.62887
vt 0.55174 0.62887
vt 0.55174 0.63769
vt 0.69015 0.63769
vt 0.55174 0.63769
vt 0.55174 0.64599
vt 0.69015 0.64599
vt 0.55174 0.64599
vt 0.55174 0.65346
vt 0.69015 0.65346
vt 0.56206 0.59418
vt 0.56206 0.60044
vt 0.69828 0.60044
vt 0.56206 0.60044
vt 0.56206 0.60779
vt 0.69828 0.60779
vt 0.56206 0.60779
vt 0.56206 0.61596
vt 0.69828 0.61596
vt 0.56206 0.61596
vt 0.56206 0.62464
vt 0.69828 0.62464
vt 0.56206 0.62464
vt 0.56206 0.63348
vt 0.69828 0.63348
vt 0.56206 0.63348
vt 0.56206 0.64216
vt 0.69828 0.64216
vt 0.56206 0.64216
vt 0.56206 0.65033
vt 0.69828 0.65033
vt 0.56206 0.65033
vt 0.56206 0.65769
vt 0.69828 0.65769
vt 0.55491 0.59226
vt 0.55491 0.59987
vt 0.69595 0.59987
vt 0.55491 0.59987
vt 0.55491 0.60833
vt 0.69595 0.60833
vt 0.55491 0.60833
vt 0.55491 0.61732
vt 0.69595 0.61732
vt 0.55491 0.61732
vt 0.55491 0.62647
vt 0.69595 0.62647
vt 0.55491 0.62647
vt 0.55491 0.63545
vt 0.69595 0.63545
vt 0.55491 0.63545
vt 0.55491 0.64392
vt 0.69595 0.64392
vt 0.55491 0.64392
vt 0.55491 0.65153
vt 0.69595 0.65153
vt 0.55491 0.65153
vt 0.55491 0.65800
vt 0.69595 0.65800
vt 0.69348 0.65922
vt 0.69348 0.65326
vt 0.56373 0.65326
vt 0.69348 0.65326
vt 0.69348 0.64626
vt 0.56373 0.64626
vt 0.69348 0.64626
vt 0.69348 0.63848
vt 0.56373 0.63848
vt 0.39438 0.67584
vt 0.38918 0.67688
vt 0.38427 0.67891
vt 0.38427 0.67891
vt 0.37986 0.68186
vt 0.37611 0.68561
vt 0.37611 0.68561
vt 0.37316 0.69002
vt 0.37113 0.69493
vt 0.37113 0.69493
vt 0.37010 0.70013
vt 0.37611 0.68561
vt 0.37010 0.70013
vt 0.37010 0.70544
vt 0.37611 0.68561
vt 0.37010 0.70544
vt 0.37113 0.71064
vt 0.37316 0.71554
vt 0.37316 0.71554
vt 0.37611 0.71996
vt 0.37010 0.70544
vt 0.37611 0.71996
vt 0.37986 0.72371
vt 0.37010 0.70544
vt 0.37986 0.72371
vt 0.38427 0.72666
vt 0.38918 0.72869
vt 0.38918 0.72869
vt 0.39438 0.72972
vt 0.39969 0.72972
vt 0.39969 0.72972
vt 0.40489 0.72869
vt 0.40980 0.72666
vt 0.40980 0.72666
vt 0.41421 0.72371
vt 0.39969 0.72972
vt 0.41421 0.72371
vt 0.41796 0.71996
vt 0.39969 0.72972
vt 0.41796 0.71996
vt 0.42091 0.71554
vt 0.42294 0.71064
vt 0.42294 0.71064
vt 0.42397 0.70544
vt 0.41796 0.71996
vt 0.42397 0.70544
vt 0.42397 0.70013
vt 0.41796 0.71996
vt 0.42397 0.70013
vt 0.42294 0.69493
vt 0.41421 0.68186
vt 0.42294 0.69493
vt 0.42091 0.69002
vt 0.41421 0.68186
vt 0.42091 0.69002
vt 0.41796 0.68561
vt 0.41421 0.68186
vt 0.41421 0.68186
vt 0.40980 0.67891
vt 0.40489 0.67688
vt 0.40489 0.67688
vt 0.39969 0.67584
vt 0.39438 0.67584
vt 0.39438 0.67584
vt 0.38427 0.67891
vt 0.37611 0.68561
vt 0.37986 0.72371
vt 0.38918 0.72869
vt 0.37010 0.70544
vt 0.38918 0.72869
vt 0.39969 0.72972
vt 0.37010 0.70544
vt 0.41421 0.68186
vt 0.40489 0.67688
vt 0.39438 0.67584
vt 0.39438 0.67584
vt 0.37611 0.68561
vt 0.37010 0.70544
vt 0.39969 0.72972
vt 0.41796 0.71996
vt 0.42397 0.70013
vt 0.42397 0.70013
vt 0.41421 0.68186
vt 0.39969 0.72972
vt 0.41421 0.68186
vt 0.39438 0.67584
vt 0.39969 0.72972
vt 0.69348 0.63848
vt 0.69348 0.63021
vt 0.56373 0.63021
vt 0.70020 0.61839
vt 0.70020 0.60640
vt 0.55610 0.60770
vt 0.63988 0.61580
vt 0.62869 0.61481
vt 0.62882 0.62184
vt 0.62624 0.62838
vt 0.63660 0.63228
vt 0.63877 0.62704
vt 0.62136 0.63344
vt 0.62944 0.64100
vt 0.63345 0.63699
vt 0.62472 0.64416
vt 0.62136 0.63344
vt 0.61634 0.63596
vt 0.61634 0.63596
vt 0.61140 0.63665
vt 0.61392 0.64743
vt 0.60825 0.64743
vt 0.61140 0.63665
vt 0.60583 0.63596
vt 0.60583 0.63596
vt 0.60134 0.63379
vt 0.59744 0.64416
vt 0.59628 0.62891
vt 0.58872 0.63699
vt 0.59273 0.64100
vt 0.58556 0.63228
vt 0.59628 0.62891
vt 0.59376 0.62389
vt 0.59376 0.62389
vt 0.59307 0.61896
vt 0.58229 0.62147
vt 0.58229 0.61580
vt 0.59307 0.61896
vt 0.59432 0.61204
vt 0.58556 0.60499
vt 0.59432 0.61204
vt 0.59812 0.60612
vt 0.59273 0.59627
vt 0.59812 0.60612
vt 0.60255 0.60267
vt 0.60255 0.60267
vt 0.60726 0.60103
vt 0.60268 0.59095
vt 0.61286 0.60062
vt 0.61392 0.58984
vt 0.60825 0.58984
vt 0.61286 0.60062
vt 0.61768 0.60187
vt 0.61948 0.59095
vt 0.62360 0.60567
vt 0.62944 0.59627
vt 0.62472 0.59312
vt 0.62705 0.61010
vt 0.63660 0.60500
vt 0.63345 0.60028
vt 0.62705 0.61010
vt 0.62869 0.61481
vt 0.63877 0.61024
vt 0.79982 0.05244
vt 0.80650 0.05734
vt 0.80903 0.04332
vt 0.70020 0.62942
vt 0.70020 0.61839
vt 0.55610 0.61839
vt 0.69186 0.63904
vt 0.69186 0.62755
vt 0.55159 0.62890
vt 0.69186 0.64763
vt 0.69186 0.63904
vt 0.55159 0.63904
vt 0.70020 0.64123
vt 0.70020 0.62942
vt 0.55610 0.63080
vt 0.70020 0.65004
vt 0.70020 0.64123
vt 0.55610 0.64123
vt 0.70143 0.60615
vt 0.70143 0.59555
vt 0.54092 0.59555
vt 0.55219 0.64741
vt 0.55219 0.65583
vt 0.69946 0.65583
vt 0.70143 0.61951
vt 0.70143 0.60615
vt 0.54092 0.60761
vt 0.70143 0.63179
vt 0.70143 0.61951
vt 0.54092 0.61951
vt 0.55219 0.63605
vt 0.55219 0.64741
vt 0.69946 0.64621
vt 0.70143 0.64793
vt 0.70143 0.63179
vt 0.54092 0.63333
vt 0.70020 0.60640
vt 0.70020 0.59688
vt 0.55610 0.59688
vt 0.69186 0.61682
vt 0.55159 0.61374
vt 0.55159 0.62890
vt 0.37588 0.67688
vt 0.37588 0.69008
vt 0.41935 0.68877
vt 0.88130 0.03624
vt 0.87302 0.03587
vt 0.87870 0.04894
vt 0.88524 0.06588
vt 0.87896 0.06319
vt 0.87374 0.07645
vt 0.80790 0.06735
vt 0.80050 0.06438
vt 0.80473 0.07716
vt 0.88553 0.04902
vt 0.87870 0.04894
vt 0.87896 0.06319
vt 0.82219 0.02669
vt 0.83526 0.02101
vt 0.83041 0.01516
vt 0.85562 0.09824
vt 0.85759 0.09019
vt 0.84661 0.09322
vt 0.82219 0.02669
vt 0.81965 0.02035
vt 0.80946 0.02916
vt 0.80340 0.03946
vt 0.80903 0.04332
vt 0.81465 0.03342
vt 0.87851 0.08133
vt 0.87374 0.07645
vt 0.86629 0.08506
vt 0.37710 0.68268
vt 0.37079 0.69177
vt 0.40506 0.67582
vt 0.37079 0.69177
vt 0.36844 0.70258
vt 0.37477 0.72115
vt 0.36844 0.70258
vt 0.37041 0.71346
vt 0.37477 0.72115
vt 0.37477 0.72115
vt 0.38062 0.72637
vt 0.39077 0.73078
vt 0.39077 0.73078
vt 0.39958 0.73142
vt 0.37477 0.72115
vt 0.39958 0.73142
vt 0.40717 0.72946
vt 0.41648 0.72348
vt 0.37477 0.72115
vt 0.39958 0.73142
vt 0.42191 0.71650
vt 0.41648 0.72348
vt 0.42191 0.71650
vt 0.39958 0.73142
vt 0.42191 0.71650
vt 0.42449 0.70910
vt 0.42469 0.69804
vt 0.42469 0.69804
vt 0.42064 0.68775
vt 0.42191 0.71650
vt 0.42064 0.68775
vt 0.41295 0.67979
vt 0.40506 0.67582
vt 0.40506 0.67582
vt 0.39729 0.67473
vt 0.38640 0.67670
vt 0.38640 0.67670
vt 0.37710 0.68268
vt 0.40506 0.67582
vt 0.37079 0.69177
vt 0.37477 0.72115
vt 0.40506 0.67582
vt 0.37477 0.72115
vt 0.42191 0.71650
vt 0.40506 0.67582
vt 0.37588 0.71336
vt 0.37588 0.72776
vt 0.41935 0.72657
vt 0.42089 0.71112
vt 0.37251 0.70750
vt 0.37251 0.72457
vt 0.42104 0.67425
vt 0.37396 0.67425
vt 0.37396 0.68138
vt 0.42089 0.73525
vt 0.42089 0.72311
vt 0.37251 0.72457
vt 0.42186 0.69246
vt 0.42186 0.67605
vt 0.37233 0.67740
vt 0.42104 0.69773
vt 0.37396 0.69428
vt 0.37396 0.71128
vt 0.42186 0.70671
vt 0.42186 0.69246
vt 0.37233 0.69405
vt 0.42104 0.72266
vt 0.42104 0.70976
vt 0.37396 0.71128
vt 0.42186 0.71898
vt 0.42186 0.70671
vt 0.37233 0.70671
vt 0.42104 0.73228
vt 0.42104 0.72266
vt 0.37396 0.72266
vt 0.42186 0.73403
vt 0.42186 0.71898
vt 0.37233 0.72048
vt 0.42089 0.68551
vt 0.42089 0.67817
vt 0.37251 0.67817
vt 0.37588 0.70086
vt 0.37588 0.71336
vt 0.41935 0.71197
vt 0.37588 0.69008
vt 0.37588 0.70086
vt 0.41935 0.70086
vt 0.37588 0.72776
vt 0.37588 0.73606
vt 0.41935 0.73606
vt 0.03897 0.14585
vt 0.05892 0.19329
vt 0.05892 0.09841
vt 0.05892 0.19329
vt 0.10707 0.21294
vt 0.05892 0.09841
vt 0.10753 0.22543
vt 0.10753 0.11663
vt 0.06125 0.13269
vt 0.06125 0.13269
vt 0.04207 0.17122
vt 0.06125 0.20963
vt 0.87861 0.12008
vt 0.86941 0.15337
vt 0.98822 0.15230
vt 0.89319 0.15177
vt 0.98389 0.15264
vt 0.96919 0.12202
vt 0.89442 0.15193
vt 0.98875 0.15365
vt 0.96564 0.12207
vt 0.97856 0.12423
vt 0.87332 0.12409
vt 0.88360 0.14844
vt 0.89723 0.12028
vt 0.88073 0.15354
vt 0.96712 0.15355
vt 0.11766 0.05749
vt 0.05561 0.14612
vt 0.08482 0.14728
vt 0.88024 0.12605
vt 0.87662 0.14987
vt 0.98135 0.14989
vt 0.88030 0.15120
vt 0.97657 0.15269
vt 0.97884 0.11870
vt 0.89156 0.11968
vt 0.88640 0.15413
vt 0.97279 0.15415
vn 0.99992 0.00050 0.01250
vn 0.99992 0.00050 0.01250
vn 0.99992 0.00050 0.01250
vn -0.00110 0.99987 -0.01590
vn -0.00110 0.99987 -0.01590
vn -0.00110 0.99987 -0.01590
vn -0.04160 0.01090 -0.99907
vn -0.04160 0.01090 -0.99907
vn -0.04160 0.01090 -0.99907
vn 0.00000 0.09800 0.99519
vn 0.00000 0.09800 0.99519
vn 0.00000 0.09800 0.99519
vn -1.00000 -0.00000 0.00000
vn -1.00000 -0.00000 0.00000
vn -1.00000 -0.00000 0.00000
vn -1.00000 -0.00000 0.00000
vn -1.00000 -0.00000 0.00000
vn -1.00000 -0.00000 0.00000
vn -1.00000 -0.00000 0.00000
vn -1.00000 -0.00000 0.00000
vn -1.00000 -0.00000 0.00000
vn -1.00000 -0.00000 0.00000
vn -1.00000 -0.00000 0.00000
vn -1.00000 -0.00000 0.00000
vn -1.00000 -0.00000 0.00000
vn -1.00000 -0.00000 0.00000
vn -1.00000 -0.00000 0.00000
vn -1.00000 -0.00000 0.00000
vn -1.00000 -0.00000 0.00000
vn -1.00000 -0.00000 0.00000
vn 0.00330 -0.99730 -0.07330
vn 0.00330 -0.99730 -0.07330
vn 0.00330 -0.99730 -0.07330
vn 0.00350 -0.96880 0.24780
vn 0.00350 -0.96880 0.24780
vn 0.00350 -0.96880 0.24780
vn 0.00330 0.61501 -0.78851
vn 0.00330 0.61501 -0.78851
vn 0.00330 0.61501 -0.78851
vn 0.00520 0.30700 -0.95170
vn 0.00520 0.30700 -0.95170
vn 0.00520 0.30700 -0.95170
vn 0.00520 0.27349 0.96186
vn 0.00520 0.27349 0.96186
vn 0.00520 0.27349 0.96186
vn 0.00520 0.62072 0.78402
vn 0.00520 0.62072 0.78402
vn 0.00520 0.62072 0.78402
vn 0.00330 -0.07330 0.99730
vn 0.00330 -0.07330 0.99730
vn 0.00330 -0.07330 0.99730
vn 1.00000 -0.00000 -0.00000
vn 1.00000 -0.00000 -0.00000
vn 1.00000 -0.00000 -0.00000
vn 1.00000 -0.00000 -0.00000
vn 1.00000 -0.00000 -0.00000
vn 1.00000 -0.00000 -0.00000
vn 1.00000 -0.00000 -0.00000
vn 1.00000 -0.00000 -0.00000
vn 1.00000 -0.00000 -0.00000
vn 1.00000 -0.00000 -0.00000
vn 1.00000 -0.00000 -0.00000
vn 1.00000 -0.00000 -0.00000
vn 1.00000 -0.00000 -0.00000
vn 1.00000 -0.00000 -0.00000
vn 1.00000 -0.00000 -0.00000
vn 1.00000 -0.00000 -0.00000
vn 1.00000 -0.00000 -0.00000
vn 1.00000 -0.00000 -0.00000
vn 1.00000 -0.00000 -0.00000
vn 1.00000 -0.00000 -0.00000
vn 1.00000 -0.00000 -0.00000
vn 1.00000 -0.00000 -0.00000
vn 1.00000 -0.00000 -0.00000
vn 1.00000 -0.00000 -0.00000
vn 1.00000 -0.00000 -0.00000
vn 1.00000 -0.00000 -0.00000
vn 1.00000 -0.00000 -0.00000
vn 1.00000 -0.00000 -0.00000
vn 1.00000 -0.00000 -0.00000
vn 1.00000 -0.00000 -0.00000
vn 1.00000 -0.00000 -0.00000
vn 1.00000 -0.00000 -0.00000
vn 1.00000 -0.00000 -0.00000
vn 0.01100 -0.07330 0.99725
vn 0.01100 -0.07330 0.99725
vn 0.01100 -0.07330 0.99725
vn 1.00000 -0.00000 -0.00000
vn 1.00000 -0.00000 -0.00000
vn 1.00000 -0.00000 -0.00000
vn -0.88617 0.26799 -0.37799
vn -0.88617 0.26799 -0.37799
vn -0.88617 0.26799 -0.37799
vn 1.00000 -0.00000 -0.00000
vn 1.00000 -0.00000 -0.00000
vn 1.00000 -0.00000 -0.00000
vn -0.32600 0.54510 -0.77240
vn -0.32600 0.54510 -0.77240
vn -0.32600 0.54510 -0.77240
vn 1.00000 -0.00000 -0.00000
vn 1.00000 -0.00000 -0.00000
vn 1.00000 -0.00000 -0.00000
vn -0.33642 0.60563 0.72114
vn -0.33642 0.60563 0.72114
vn -0.33642 0.60563 0.72114
vn -1.00000 -0.00000 0.00000
vn -1.00000 -0.00000 0.00000
vn -1.00000 -0.00000 0.00000
vn -0.89699 -0.02010 -0.44159
vn -0.89699 -0.02010 -0.44159
vn -0.89699 -0.02010 -0.44159
vn -0.31081 -0.56172 0.76673
vn -0.31081 -0.56172 0.76673
vn -0.31081 -0.56172 0.76673
vn -0.34041 -0.01610 -0.94014
vn -0.34041 -0.01610 -0.94014
vn -0.34041 -0.01610 -0.94014
vn -0.18179 0.72266 0.66687
vn -0.18179 0.72266 0.66687
vn -0.18179 0.72266 0.66687
vn -0.99992 0.00050 0.01250
vn -0.99992 0.00050 0.01250
vn -0.99992 0.00050 0.01250
vn 0.02690 0.04660 -0.99855
vn 0.02690 0.04660 -0.99855
vn 0.02690 0.04660 -0.99855
vn 0.04160 0.01090 -0.99907
vn 0.04160 0.01090 -0.99907
vn 0.04160 0.01090 -0.99907
vn -0.00520 0.27349 0.96186
vn -0.00520 0.27349 0.96186
vn -0.00520 0.27349 0.96186
vn -0.00520 0.62072 0.78402
vn -0.00520 0.62072 0.78402
vn -0.00520 0.62072 0.78402
vn -0.00330 -0.07330 0.99730
vn -0.00330 -0.07330 0.99730
vn -0.00330 -0.07330 0.99730
vn -0.00520 0.87350 0.48680
vn -0.00520 0.87350 0.48680
vn -0.00520 0.87350 0.48680
vn -0.00350 0.98989 0.14180
vn -0.00350 0.98989 0.14180
vn -0.00350 0.98989 0.14180
vn -1.00000 -0.00000 0.00000
vn -1.00000 -0.00000 0.00000
vn -1.00000 -0.00000 0.00000
vn -1.00000 -0.00000 0.00000
vn -1.00000 -0.00000 0.00000
vn -1.00000 -0.00000 0.00000
vn -1.00000 -0.00000 0.00000
vn -1.00000 -0.00000 0.00000
vn -1.00000 -0.00000 0.00000
vn -1.00000 -0.00000 0.00000
vn -1.00000 -0.00000 0.00000
vn -1.00000 -0.00000 0.00000
vn -1.00000 -0.00000 0.00000
vn -1.00000 -0.00000 0.00000
vn -1.00000 -0.00000 0.00000
vn -1.00000 -0.00000 0.00000
vn -1.00000 -0.00000 0.00000
vn -1.00000 -0.00000 0.00000
vn -1.00000 -0.00000 0.00000
vn -1.00000 -0.00000 0.00000
vn -1.00000 -0.00000 0.00000
vn -1.00000 -0.00000 0.00000
vn -1.00000 -0.00000 0.00000
vn -1.00000 -0.00000 0.00000
vn -0.01160 0.98983 0.14180
vn -0.01160 0.98983 0.14180
vn -0.01160 0.98983 0.14180
vn -0.01100 0.26640 -0.96380
vn -0.01100 0.26640 -0.96380
vn -0.01100 0.26640 -0.96380
vn -0.01160 -0.05400 -0.99847
vn -0.01160 -0.05400 -0.99847
vn -0.01160 -0.05400 -0.99847
vn 0.88549 0.26870 -0.37909
vn 0.88549 0.26870 -0.37909
vn 0.88549 0.26870 -0.37909
vn 0.32580 0.54520 -0.77240
vn 0.32580 0.54520 -0.77240
vn 0.32580 0.54520 -0.77240
vn -1.00000 -0.00000 0.00000
vn -1.00000 -0.00000 0.00000
vn -1.00000 -0.00000 0.00000
vn 0.35279 0.06580 0.93338
vn 0.35279 0.06580 0.93338
vn 0.35279 0.06580 0.93338
vn 0.33638 0.60597 0.72086
vn 0.33638 0.60597 0.72086
vn 0.33638 0.60597 0.72086
vn 0.89699 -0.02010 -0.44159
vn 0.89699 -0.02010 -0.44159
vn 0.89699 -0.02010 -0.44159
vn 0.30940 -0.56211 0.76701
vn 0.30940 -0.56211 0.76701
vn 0.30940 -0.56211 0.76701
vn -1.00000 -0.00000 0.00000
vn -1.00000 -0.00000 0.00000
vn -1.00000 -0.00000 0.00000
vn 0.00000 -0.00000 1.00000
vn 0.00000 -0.00000 1.00000
vn 0.00000 -0.00000 1.00000
vn 1.00000 -0.00000 -0.00000
vn 1.00000 -0.00000 -0.00000
vn 1.00000 -0.00000 -0.00000
vn 0.00000 -0.00000 -1.00000
vn 0.00000 -0.00000 -1.00000
vn 0.00000 -0.00000 -1.00000
vn 0.00000 1.00000 -0.00000
vn 0.00000 1.00000 -0.00000
vn 0.00000 1.00000 -0.00000
vn 0.00000 -1.00000 0.00000
vn 0.00000 -1.00000 0.00000
vn 0.00000 -1.00000 0.00000
vn -0.01480 -0.05590 0.99833
vn -0.01480 -0.05590 0.99833
vn -0.01480 -0.05590 0.99833
vn 1.00000 -0.00000 -0.00000
vn 1.00000 -0.00000 -0.00000
vn 1.00000 -0.00000 -0.00000
vn -0.98646 -0.16399 -0.00000
vn -0.98646 -0.16399 -0.00000
vn -0.98646 -0.16399 -0.00000
vn -0.08950 -0.04020 -0.99518
vn -0.08950 -0.04020 -0.99518
vn -0.08950 -0.04020 -0.99518
vn 1.00000 -0.00000 -0.00000
vn 1.00000 -0.00000 -0.00000
vn 1.00000 -0.00000 -0.00000
vn 0.00000 -0.00000 -1.00000
vn 0.00000 -0.00000 -1.00000
vn 0.00000 -0.00000 -1.00000
vn 0.03560 -0.99913 -0.02180
vn 0.03560 -0.99913 -0.02180
vn 0.03560 -0.99913 -0.02180
vn 0.00000 -0.00000 1.00000
vn 0.00000 -0.00000 1.00000
vn 0.00000 -0.00000 1.00000
vn 1.00000 -0.00000 -0.00190
vn 1.00000 -0.00000 -0.00190
vn 1.00000 -0.00000 -0.00190
vn 0.99924 0.00330 0.03880
vn 0.99924 0.00330 0.03880
vn 0.99924 0.00330 0.03880
vn 0.18179 0.72266 0.66687
vn 0.18179 0.72266 0.66687
vn 0.18179 0.72266 0.66687
vn 0.16369 0.77026 -0.61637
vn 0.16369 0.77026 -0.61637
vn 0.16369 0.77026 -0.61637
vn -0.71288 0.70128 0.00000
vn -0.71288 0.70128 0.00000
vn -0.71288 0.70128 0.00000
vn 0.77267 -0.37949 -0.50888
vn 0.77267 -0.37949 -0.50888
vn 0.77267 -0.37949 -0.50888
vn -0.00000 -0.89469 -0.44669
vn -0.00000 -0.89469 -0.44669
vn -0.00000 -0.89469 -0.44669
vn 0.43392 -0.90095 -0.00000
vn 0.43392 -0.90095 -0.00000
vn 0.43392 -0.90095 -0.00000
vn 0.92730 -0.33130 0.17420
vn 0.92730 -0.33130 0.17420
vn 0.92730 -0.33130 0.17420
vn -0.00040 0.97392 -0.22690
vn -0.00040 0.97392 -0.22690
vn -0.00040 0.97392 -0.22690
vn -0.99249 0.12230 0.00000
vn -0.99249 0.12230 0.00000
vn -0.99249 0.12230 0.00000
vn 1.00000 -0.00000 -0.00000
vn 1.00000 -0.00000 -0.00000
vn 1.00000 -0.00000 -0.00000
vn 0.00000 -0.00000 -1.00000
vn 0.00000 -0.00000 -1.00000
vn 0.00000 -0.00000 -1.00000
vn -1.00000 -0.00000 0.00000
vn -1.00000 -0.00000 0.00000
vn -1.00000 -0.00000 0.00000
vn 0.00000 -0.00000 1.00000
vn 0.00000 -0.00000 1.00000
vn 0.00000 -0.00000 1.00000
vn -0.78698 0.61698 -0.00000
vn -0.78698 0.61698 -0.00000
vn -0.78698 0.61698 -0.00000
vn 0.00000 0.78429 0.62039
vn 0.00000 0.78429 0.62039
vn 0.00000 0.78429 0.62039
vn 0.99979 -0.00000 -0.02060
vn 0.99979 -0.00000 -0.02060
vn 0.99979 -0.00000 -0.02060
vn 0.99979 -0.00000 0.02060
vn 0.99979 -0.00000 0.02060
vn 0.99979 -0.00000 0.02060
vn 0.00000 0.78429 -0.62039
vn 0.00000 0.78429 -0.62039
vn 0.00000 0.78429 -0.62039
vn 0.00000 -0.78429 -0.62039
vn 0.00000 -0.78429 -0.62039
vn 0.00000 -0.78429 -0.62039
vn -0.78698 -0.61698 -0.00000
vn -0.78698 -0.61698 -0.00000
vn -0.78698 -0.61698 -0.00000
vn 0.00000 -0.78429 0.62039
vn 0.00000 -0.78429 0.62039
vn 0.00000 -0.78429 0.62039
vn -0.01850 -0.04360 0.99888
vn -0.01850 -0.04360 0.99888
vn -0.01850 -0.04360 0.99888
vn -0.99991 0.00120 -0.01350
vn -0.99991 0.00120 -0.01350
vn -0.99991 0.00120 -0.01350
vn -0.99981 0.00440 -0.01920
vn -0.99981 0.00440 -0.01920
vn -0.99981 0.00440 -0.01920
vn -0.99403 -0.00490 0.10900
vn -0.99403 -0.00490 0.10900
vn -0.99403 -0.00490 0.10900
vn -0.01920 -0.99534 -0.09450
vn -0.01920 -0.99534 -0.09450
vn -0.01920 -0.99534 -0.09450
vn 1.00000 -0.00000 -0.00000
vn 1.00000 -0.00000 -0.00000
vn 1.00000 -0.00000 -0.00000
vn 0.99992 -0.00180 0.01230
vn 0.99992 -0.00180 0.01230
vn 0.99992 -0.00180 0.01230
vn 0.00080 0.04450 -0.99901
vn 0.00080 0.04450 -0.99901
vn 0.00080 0.04450 -0.99901
vn -0.00270 -0.14230 0.98982
vn -0.00270 -0.14230 0.98982
vn -0.00270 -0.14230 0.98982
vn -0.01870 0.04680 0.99873
vn -0.01870 0.04680 0.99873
vn -0.01870 0.04680 0.99873
vn 0.01860 0.04170 -0.99896
vn 0.01860 0.04170 -0.99896
vn 0.01860 0.04170 -0.99896
vn 0.99998 -0.00550 0.00000
vn 0.99998 -0.00550 0.00000
vn 0.99998 -0.00550 0.00000
vn -0.00220 0.11960 -0.99282
vn -0.00220 0.11960 -0.99282
vn -0.00220 0.11960 -0.99282
vn -0.34339 -0.93917 -0.00700
vn -0.34339 -0.93917 -0.00700
vn -0.34339 -0.93917 -0.00700
vn 0.09430 -0.14650 0.98471
vn 0.09430 -0.14650 0.98471
vn 0.09430 -0.14650 0.98471
vn 0.61551 -0.78621 -0.05490
vn 0.61551 -0.78621 -0.05490
vn 0.61551 -0.78621 -0.05490
vn -0.99057 0.12880 0.04670
vn -0.99057 0.12880 0.04670
vn -0.99057 0.12880 0.04670
vn 0.10340 -0.04590 0.99358
vn 0.10340 -0.04590 0.99358
vn 0.10340 -0.04590 0.99358
vn 0.00730 -0.02390 0.99969
vn 0.00730 -0.02390 0.99969
vn 0.00730 -0.02390 0.99969
vn 0.93166 0.35328 -0.08490
vn 0.93166 0.35328 -0.08490
vn 0.93166 0.35328 -0.08490
vn -0.01010 0.02200 -0.99971
vn -0.01010 0.02200 -0.99971
vn -0.01010 0.02200 -0.99971
vn -0.39950 0.91240 0.08900
vn -0.39950 0.91240 0.08900
vn -0.39950 0.91240 0.08900
vn 0.86377 -0.48958 -0.11920
vn 0.86377 -0.48958 -0.11920
vn 0.86377 -0.48958 -0.11920
vn -0.00740 0.05590 -0.99841
vn -0.00740 0.05590 -0.99841
vn -0.00740 0.05590 -0.99841
vn -0.78629 0.61589 0.04920
vn -0.78629 0.61589 0.04920
vn -0.78629 0.61589 0.04920
vn 0.01800 -0.04450 0.99885
vn 0.01800 -0.04450 0.99885
vn 0.01800 -0.04450 0.99885
vn 0.04610 -0.04340 0.99799
vn 0.04610 -0.04340 0.99799
vn 0.04610 -0.04340 0.99799
vn 0.00000 0.29031 0.95693
vn 0.00000 0.29031 0.95693
vn 0.00000 0.29031 0.95693
vn 0.00000 0.47141 0.88192
vn 0.00000 0.47141 0.88192
vn 0.00000 0.47141 0.88192
vn 0.00000 0.63440 0.77300
vn 0.00000 0.63440 0.77300
vn 0.00000 0.63440 0.77300
vn 0.00000 0.77300 0.63440
vn 0.00000 0.77300 0.63440
vn 0.00000 0.77300 0.63440
vn 0.00000 0.88192 0.47141
vn 0.00000 0.88192 0.47141
vn 0.00000 0.88192 0.47141
vn 0.00000 0.95693 0.29031
vn 0.00000 0.95693 0.29031
vn 0.00000 0.95693 0.29031
vn 0.00000 0.99519 0.09800
vn 0.00000 0.99519 0.09800
vn 0.00000 0.99519 0.09800
vn 0.00000 0.99519 -0.09800
vn 0.00000 0.99519 -0.09800
vn 0.00000 0.99519 -0.09800
vn 0.00000 0.95693 -0.29031
vn 0.00000 0.95693 -0.29031
vn 0.00000 0.95693 -0.29031
vn 0.00000 0.88192 -0.47141
vn 0.00000 0.88192 -0.47141
vn 0.00000 0.88192 -0.47141
vn 0.00000 0.77300 -0.63440
vn 0.00000 0.77300 -0.63440
vn 0.00000 0.77300 -0.63440
vn 0.00000 0.63440 -0.77300
vn 0.00000 0.63440 -0.77300
vn 0.00000 0.63440 -0.77300
vn 0.00000 0.47141 -0.88192
vn 0.00000 0.47141 -0.88192
vn 0.00000 0.47141 -0.88192
vn 0.00000 0.29031 -0.95693
vn 0.00000 0.29031 -0.95693
vn 0.00000 0.29031 -0.95693
vn 0.00000 0.09800 -0.99519
vn 0.00000 0.09800 -0.99519
vn 0.00000 0.09800 -0.99519
vn 0.00000 -0.09800 -0.99519
vn 0.00000 -0.09800 -0.99519
vn 0.00000 -0.09800 -0.99519
vn 0.00000 -0.29031 -0.95693
vn 0.00000 -0.29031 -0.95693
vn 0.00000 -0.29031 -0.95693
vn 0.00000 -0.47141 -0.88192
vn 0.00000 -0.47141 -0.88192
vn 0.00000 -0.47141 -0.88192
vn 0.00000 -0.63440 -0.77300
vn 0.00000 -0.63440 -0.77300
vn 0.00000 -0.63440 -0.77300
vn 0.00000 -0.77300 -0.63440
vn 0.00000 -0.77300 -0.63440
vn 0.00000 -0.77300 -0.63440
vn 0.00000 -0.88192 -0.47141
vn 0.00000 -0.88192 -0.47141
vn 0.00000 -0.88192 -0.47141
vn 0.00000 -0.95693 -0.29031
vn 0.00000 -0.95693 -0.29031
vn 0.00000 -0.95693 -0.29031
vn 0.00000 -0.99519 -0.09800
vn 0.00000 -0.99519 -0.09800
vn 0.00000 -0.99519 -0.09800
vn 0.00000 -0.99519 0.09800
vn 0.00000 -0.99519 0.09800
vn 0.00000 -0.99519 0.09800
vn 0.00000 -0.95693 0.29031
vn 0.00000 -0.95693 0.29031
vn 0.00000 -0.95693 0.29031
vn 0.00000 -0.88192 0.47141
vn 0.00000 -0.88192 0.47141
vn 0.00000 -0.88192 0.47141
vn 0.00000 -0.77300 0.63440
vn 0.00000 -0.77300 0.63440
vn 0.00000 -0.77300 0.63440
vn 0.00000 -0.63440 0.77300
vn 0.00000 -0.63440 0.77300
vn 0.00000 -0.63440 0.77300
vn 0.00000 -0.47141 0.88192
vn 0.00000 -0.47141 0.88192
vn 0.00000 -0.47141 0.88192
vn 0.00000 -0.29031 0.95693
vn 0.00000 -0.29031 0.95693
vn 0.00000 -0.29031 0.95693
vn 1.00000 -0.00000 -0.00000
vn 1.00000 -0.00000 -0.00000
vn 1.00000 -0.00000 -0.00000
vn 0.00000 -0.09800 0.99519
vn 0.00000 -0.09800 0.99519
vn 0.00000 -0.09800 0.99519
vn -0.00330 -0.96187 -0.27349
vn -0.00330 -0.96187 -0.27349
vn -0.00330 -0.96187 -0.27349
vn -1.00000 -0.00000 0.00000
vn -1.00000 -0.00000 0.00000
vn -1.00000 -0.00000 0.00000
vn -1.00000 -0.00000 0.00000
vn -1.00000 -0.00000 0.00000
vn -1.00000 -0.00000 0.00000
vn -1.00000 -0.00000 0.00000
vn -1.00000 -0.00000 0.00000
vn -1.00000 -0.00000 0.00000
vn -1.00000 -0.00000 0.00000
vn -1.00000 -0.00000 0.00000
vn -1.00000 -0.00000 0.00000
vn -1.00000 -0.00000 0.00000
vn -1.00000 -0.00000 0.00000
vn -1.00000 -0.00000 0.00000
vn -1.00000 -0.00000 0.00000
vn -1.00000 -0.00000 0.00000
vn -1.00000 -0.00000 0.00000
vn -1.00000 -0.00000 0.00000
vn -1.00000 -0.00000 0.00000
vn -1.00000 -0.00000 0.00000
vn -1.00000 -0.00000 0.00000
vn -1.00000 -0.00000 0.00000
vn -1.00000 -0.00000 0.00000
vn -1.00000 -0.00000 0.00000
vn -1.00000 -0.00000 0.00000
vn -1.00000 -0.00000 0.00000
vn -1.00000 -0.00000 0.00000
vn -1.00000 -0.00000 0.00000
vn -1.00000 -0.00000 0.00000
vn -1.00000 -0.00000 0.00000
vn -1.00000 -0.00000 0.00000
vn -1.00000 -0.00000 0.00000
vn -1.00000 -0.00000 0.00000
vn -1.00000 -0.00000 0.00000
vn -1.00000 -0.00000 0.00000
vn -1.00000 -0.00000 0.00000
vn -1.00000 -0.00000 0.00000
vn -1.00000 -0.00000 0.00000
vn -1.00000 -0.00000 0.00000
vn -1.00000 -0.00000 0.00000
vn -1.00000 -0.00000 0.00000
vn -1.00000 -0.00000 0.00000
vn -1.00000 -0.00000 0.00000
vn -1.00000 -0.00000 0.00000
vn -1.00000 -0.00000 0.00000
vn -1.00000 -0.00000 0.00000
vn -1.00000 -0.00000 0.00000
vn -1.00000 -0.00000 0.00000
vn -1.00000 -0.00000 0.00000
vn -1.00000 -0.00000 0.00000
vn -1.00000 -0.00000 0.00000
vn -1.00000 -0.00000 0.00000
vn -1.00000 -0.00000 0.00000
vn -1.00000 -0.00000 0.00000
vn -1.00000 -0.00000 0.00000
vn -1.00000 -0.00000 0.00000
vn -1.00000 -0.00000 0.00000
vn -1.00000 -0.00000 0.00000
vn -1.00000 -0.00000 0.00000
vn -1.00000 -0.00000 0.00000
vn -1.00000 -0.00000 0.00000
vn -1.00000 -0.00000 0.00000
vn -1.00000 -0.00000 0.00000
vn -1.00000 -0.00000 0.00000
vn -1.00000 -0.00000 0.00000
vn -1.00000 -0.00000 0.00000
vn -1.00000 -0.00000 0.00000
vn -1.00000 -0.00000 0.00000
vn -1.00000 -0.00000 0.00000
vn -1.00000 -0.00000 0.00000
vn -1.00000 -0.00000 0.00000
vn -1.00000 -0.00000 0.00000
vn -1.00000 -0.00000 0.00000
vn -1.00000 -0.00000 0.00000
vn -1.00000 -0.00000 0.00000
vn -1.00000 -0.00000 0.00000
vn -1.00000 -0.00000 0.00000
vn 1.00000 -0.00000 -0.00000
vn 1.00000 -0.00000 -0.00000
vn 1.00000 -0.00000 -0.00000
vn -0.00170 0.95171 -0.30700
vn -0.00170 0.95171 -0.30700
vn -0.00170 0.95171 -0.30700
vn -0.00330 0.76175 -0.64786
vn -0.00330 0.76175 -0.64786
vn -0.00330 0.76175 -0.64786
vn -0.00520 -0.99329 0.11550
vn -0.00520 -0.99329 0.11550
vn -0.00520 -0.99329 0.11550
vn -0.00230 -0.87351 0.48680
vn -0.00230 -0.87351 0.48680
vn -0.00230 -0.87351 0.48680
vn -0.00170 -0.62072 0.78403
vn -0.00170 -0.62072 0.78403
vn -0.00170 -0.62072 0.78403
vn -0.00520 0.45591 -0.89001
vn -0.00520 0.45591 -0.89001
vn -0.00520 0.45591 -0.89001
vn -0.00520 0.11550 0.99329
vn -0.00520 0.11550 0.99329
vn -0.00520 0.11550 0.99329
vn -0.00150 -0.14180 -0.98989
vn -0.00150 -0.14180 -0.98989
vn -0.00150 -0.14180 -0.98989
vn -0.00330 0.12270 -0.99244
vn -0.00330 0.12270 -0.99244
vn -0.00330 0.12270 -0.99244
vn -0.00520 0.48680 0.87350
vn -0.00520 0.48680 0.87350
vn -0.00520 0.48680 0.87350
vn -0.00330 -0.27340 0.96190
vn -0.00330 -0.27340 0.96190
vn -0.00330 -0.27340 0.96190
vn -0.00170 -0.48681 -0.87351
vn -0.00170 -0.48681 -0.87351
vn -0.00170 -0.48681 -0.87351
vn -0.00330 0.75700 0.65340
vn -0.00330 0.75700 0.65340
vn -0.00330 0.75700 0.65340
vn -0.00150 0.90188 0.43199
vn -0.00150 0.90188 0.43199
vn -0.00150 0.90188 0.43199
vn -0.00170 -0.78403 -0.62072
vn -0.00170 -0.78403 -0.62072
vn -0.00170 -0.78403 -0.62072
vn -0.00170 0.99674 0.08060
vn -0.00170 0.99674 0.08060
vn -0.00170 0.99674 0.08060
vn -0.00580 0.64784 0.76175
vn -0.00580 0.64784 0.76175
vn -0.00580 0.64784 0.76175
vn 1.00000 -0.00000 -0.00000
vn 1.00000 -0.00000 -0.00000
vn 1.00000 -0.00000 -0.00000
vn 1.00000 -0.00000 -0.00000
vn 1.00000 -0.00000 -0.00000
vn 1.00000 -0.00000 -0.00000
vn 1.00000 -0.00000 -0.00000
vn 1.00000 -0.00000 -0.00000
vn 1.00000 -0.00000 -0.00000
vn 1.00000 -0.00000 -0.00000
vn 1.00000 -0.00000 -0.00000
vn 1.00000 -0.00000 -0.00000
vn 1.00000 -0.00000 -0.00000
vn 1.00000 -0.00000 -0.00000
vn 1.00000 -0.00000 -0.00000
vn 1.00000 -0.00000 -0.00000
vn 1.00000 -0.00000 -0.00000
vn 1.00000 -0.00000 -0.00000
vn 1.00000 -0.00000 -0.00000
vn 1.00000 -0.00000 -0.00000
vn 1.00000 -0.00000 -0.00000
vn 1.00000 -0.00000 -0.00000
vn 1.00000 -0.00000 -0.00000
vn 1.00000 -0.00000 -0.00000
vn 1.00000 -0.00000 -0.00000
vn 1.00000 -0.00000 -0.00000
vn 1.00000 -0.00000 -0.00000
vn 1.00000 -0.00000 -0.00000
vn 1.00000 -0.00000 -0.00000
vn 1.00000 -0.00000 -0.00000
vn 1.00000 -0.00000 -0.00000
vn 1.00000 -0.00000 -0.00000
vn 1.00000 -0.00000 -0.00000
vn 1.00000 -0.00000 -0.00000
vn 1.00000 -0.00000 -0.00000
vn 1.00000 -0.00000 -0.00000
vn -0.01090 -0.27341 0.96184
vn -0.01090 -0.27341 0.96184
vn -0.01090 -0.27341 0.96184
vn -1.00000 -0.00000 0.00000
vn -1.00000 -0.00000 0.00000
vn -1.00000 -0.00000 0.00000
vn -0.00580 -0.30700 -0.95169
vn -0.00580 -0.30700 -0.95169
vn -0.00580 -0.30700 -0.95169
vn -0.00580 0.89005 0.45583
vn -0.00580 0.89005 0.45583
vn -0.00580 0.89005 0.45583
vn -0.00580 -0.64779 -0.76179
vn -0.00580 -0.64779 -0.76179
vn -0.00580 -0.64779 -0.76179
vn -0.00580 0.99673 0.08060
vn -0.00580 0.99673 0.08060
vn -0.00580 0.99673 0.08060
vn -0.00580 -0.89005 -0.45583
vn -0.00580 -0.89005 -0.45583
vn -0.00580 -0.89005 -0.45583
vn -0.00580 0.95169 -0.30700
vn -0.00580 0.95169 -0.30700
vn -0.00580 0.95169 -0.30700
vn 0.00000 -0.99244 -0.12271
vn 0.00000 -0.99244 -0.12271
vn 0.00000 -0.99244 -0.12271
vn -0.00500 -0.98988 0.14180
vn -0.00500 -0.98988 0.14180
vn -0.00500 -0.98988 0.14180
vn -0.00580 0.76179 -0.64779
vn -0.00580 0.76179 -0.64779
vn -0.00580 0.76179 -0.64779
vn -0.00580 -0.87350 0.48680
vn -0.00580 -0.87350 0.48680
vn -0.00580 -0.87350 0.48680
vn -0.00580 0.45583 -0.89005
vn -0.00580 0.45583 -0.89005
vn -0.00580 0.45583 -0.89005
vn -0.00500 0.33220 0.94320
vn -0.00500 0.33220 0.94320
vn -0.00500 0.33220 0.94320
vn -0.01100 0.07330 0.99725
vn -0.01100 0.07330 0.99725
vn -0.01100 0.07330 0.99725
vn -0.00580 -0.62071 0.78402
vn -0.00580 -0.62071 0.78402
vn -0.00580 -0.62071 0.78402
vn -0.00580 0.08050 -0.99674
vn -0.00580 0.08050 -0.99674
vn -0.00580 0.08050 -0.99674
vn -0.00000 0.98434 -0.17631
vn -0.00000 0.98434 -0.17631
vn -0.00000 0.98434 -0.17631
vn -0.37141 -0.01010 -0.92842
vn -0.37141 -0.01010 -0.92842
vn -0.37141 -0.01010 -0.92842
vn -0.00000 -0.64401 -0.76501
vn -0.00000 -0.64401 -0.76501
vn -0.00000 -0.64401 -0.76501
vn -0.31090 0.54639 -0.77769
vn -0.31090 0.54639 -0.77769
vn -0.31090 0.54639 -0.77769
vn -0.88622 -0.27091 0.37581
vn -0.88622 -0.27091 0.37581
vn -0.88622 -0.27091 0.37581
vn -0.32179 -0.55859 0.76448
vn -0.32179 -0.55859 0.76448
vn -0.32179 -0.55859 0.76448
vn -0.90881 0.26900 0.31890
vn -0.90881 0.26900 0.31890
vn -0.90881 0.26900 0.31890
vn -0.90835 -0.26699 -0.32188
vn -0.90835 -0.26699 -0.32188
vn -0.90835 -0.26699 -0.32188
vn -0.34692 -0.59533 -0.72473
vn -0.34692 -0.59533 -0.72473
vn -0.34692 -0.59533 -0.72473
vn -0.37219 0.06050 0.92618
vn -0.37219 0.06050 0.92618
vn -0.37219 0.06050 0.92618
vn -0.90010 0.01840 0.43530
vn -0.90010 0.01840 0.43530
vn -0.90010 0.01840 0.43530
vn 1.00000 -0.00000 -0.00000
vn 1.00000 -0.00000 -0.00000
vn 1.00000 -0.00000 -0.00000
vn 1.00000 -0.00000 -0.00000
vn 1.00000 -0.00000 -0.00000
vn 1.00000 -0.00000 -0.00000
vn 1.00000 -0.00000 -0.00000
vn 1.00000 -0.00000 -0.00000
vn 1.00000 -0.00000 -0.00000
vn -0.91955 -0.01510 -0.39268
vn -0.91955 -0.01510 -0.39268
vn -0.91955 -0.01510 -0.39268
vn -0.92018 0.01760 0.39109
vn -0.92018 0.01760 0.39109
vn -0.92018 0.01760 0.39109
vn -0.34620 0.60480 0.71720
vn -0.34620 0.60480 0.71720
vn -0.34620 0.60480 0.71720
vn 1.00000 -0.00000 -0.00000
vn 1.00000 -0.00000 -0.00000
vn 1.00000 -0.00000 -0.00000
vn 0.00000 -0.00000 1.00000
vn 0.00000 -0.00000 1.00000
vn 0.00000 -0.00000 1.00000
vn -1.00000 -0.00000 0.00000
vn -1.00000 -0.00000 0.00000
vn -1.00000 -0.00000 0.00000
vn 0.00000 -0.00000 -1.00000
vn 0.00000 -0.00000 -1.00000
vn 0.00000 -0.00000 -1.00000
vn 0.00000 1.00000 -0.00000
vn 0.00000 1.00000 -0.00000
vn 0.00000 1.00000 -0.00000
vn 0.00000 -1.00000 -0.00000
vn 0.00000 -1.00000 -0.00000
vn 0.00000 -1.00000 -0.00000
vn -1.00000 -0.00000 0.00000
vn -1.00000 -0.00000 0.00000
vn -1.00000 -0.00000 0.00000
vn 0.00910 -0.04560 0.99892
vn 0.00910 -0.04560 0.99892
vn 0.00910 -0.04560 0.99892
vn -0.00810 -0.11909 -0.99285
vn -0.00810 -0.11909 -0.99285
vn -0.00810 -0.11909 -0.99285
vn 0.98664 -0.16291 -0.00070
vn 0.98664 -0.16291 -0.00070
vn 0.98664 -0.16291 -0.00070
vn -1.00000 -0.00000 0.00000
vn -1.00000 -0.00000 0.00000
vn -1.00000 -0.00000 0.00000
vn 0.00000 -0.00000 -1.00000
vn 0.00000 -0.00000 -1.00000
vn 0.00000 -0.00000 -1.00000
vn -0.06770 -0.99762 -0.01300
vn -0.06770 -0.99762 -0.01300
vn -0.06770 -0.99762 -0.01300
vn 0.00000 -0.00000 1.00000
vn 0.00000 -0.00000 1.00000
vn 0.00000 -0.00000 1.00000
vn -1.00000 -0.00000 -0.00190
vn -1.00000 -0.00000 -0.00190
vn -1.00000 -0.00000 -0.00190
vn -0.99912 -0.00110 0.04200
vn -0.99912 -0.00110 0.04200
vn -0.99912 -0.00110 0.04200
vn -0.20811 0.82722 -0.52191
vn -0.20811 0.82722 -0.52191
vn -0.20811 0.82722 -0.52191
vn 0.71288 0.70128 0.00000
vn 0.71288 0.70128 0.00000
vn 0.71288 0.70128 0.00000
vn -0.77267 -0.37949 -0.50888
vn -0.77267 -0.37949 -0.50888
vn -0.77267 -0.37949 -0.50888
vn -0.00000 -0.89469 -0.44669
vn -0.00000 -0.89469 -0.44669
vn -0.00000 -0.89469 -0.44669
vn -0.43392 -0.90095 -0.00000
vn -0.43392 -0.90095 -0.00000
vn -0.43392 -0.90095 -0.00000
vn -0.92730 -0.33130 0.17420
vn -0.92730 -0.33130 0.17420
vn -0.92730 -0.33130 0.17420
vn 0.00040 0.97392 -0.22690
vn 0.00040 0.97392 -0.22690
vn 0.00040 0.97392 -0.22690
vn 0.99249 0.12230 0.00000
vn 0.99249 0.12230 0.00000
vn 0.99249 0.12230 0.00000
vn -1.00000 -0.00000 0.00000
vn -1.00000 -0.00000 0.00000
vn -1.00000 -0.00000 0.00000
vn 0.00000 -0.00000 -1.00000
vn 0.00000 -0.00000 -1.00000
vn 0.00000 -0.00000 -1.00000
vn 1.00000 -0.00000 -0.00000
vn 1.00000 -0.00000 -0.00000
vn 1.00000 -0.00000 -0.00000
vn 0.00000 -0.00000 1.00000
vn 0.00000 -0.00000 1.00000
vn 0.00000 -0.00000 1.00000
vn 0.78698 0.61698 -0.00000
vn 0.78698 0.61698 -0.00000
vn 0.78698 0.61698 -0.00000
vn 0.00000 0.78429 0.62039
vn 0.00000 0.78429 0.62039
vn 0.00000 0.78429 0.62039
vn -0.99979 -0.00000 -0.02060
vn -0.99979 -0.00000 -0.02060
vn -0.99979 -0.00000 -0.02060
vn -0.99979 -0.00000 0.02060
vn -0.99979 -0.00000 0.02060
vn -0.99979 -0.00000 0.02060
vn 0.00000 0.78429 -0.62039
vn 0.00000 0.78429 -0.62039
vn 0.00000 0.78429 -0.62039
vn 0.00000 -0.78429 -0.62039
vn 0.00000 -0.78429 -0.62039
vn 0.00000 -0.78429 -0.62039
vn 0.78698 -0.61698 -0.00000
vn 0.78698 -0.61698 -0.00000
vn 0.78698 -0.61698 -0.00000
vn 0.00000 -0.78429 0.62039
vn 0.00000 -0.78429 0.62039
vn 0.00000 -0.78429 0.62039
vn 0.00000 -0.05110 0.99869
vn 0.00000 -0.05110 0.99869
vn 0.00000 -0.05110 0.99869
vn 0.99991 0.00110 -0.01350
vn 0.99991 0.00110 -0.01350
vn 0.99991 0.00110 -0.01350
vn 0.99981 0.00440 -0.01920
vn 0.99981 0.00440 -0.01920
vn 0.99981 0.00440 -0.01920
vn 0.99989 -0.01030 -0.01070
vn 0.99989 -0.01030 -0.01070
vn 0.99989 -0.01030 -0.01070
vn 0.01910 -0.99531 -0.09480
vn 0.01910 -0.99531 -0.09480
vn 0.01910 -0.99531 -0.09480
vn -1.00000 -0.00250 -0.00020
vn -1.00000 -0.00250 -0.00020
vn -1.00000 -0.00250 -0.00020
vn -0.00000 0.04660 -0.99891
vn -0.00000 0.04660 -0.99891
vn -0.00000 0.04660 -0.99891
vn 0.00270 -0.14120 0.98998
vn 0.00270 -0.14120 0.98998
vn 0.00270 -0.14120 0.98998
vn 0.00100 0.99989 -0.01490
vn 0.00100 0.99989 -0.01490
vn 0.00100 0.99989 -0.01490
vn 0.01870 0.04680 0.99873
vn 0.01870 0.04680 0.99873
vn 0.01870 0.04680 0.99873
vn -0.01860 0.04170 -0.99896
vn -0.01860 0.04170 -0.99896
vn -0.01860 0.04170 -0.99896
vn -0.99997 -0.00440 0.00640
vn -0.99997 -0.00440 0.00640
vn -0.99997 -0.00440 0.00640
vn 0.34320 -0.93920 -0.01060
vn 0.34320 -0.93920 -0.01060
vn 0.34320 -0.93920 -0.01060
vn -0.05010 -0.26819 0.96206
vn -0.05010 -0.26819 0.96206
vn -0.05010 -0.26819 0.96206
vn -0.56801 -0.82021 -0.06800
vn -0.56801 -0.82021 -0.06800
vn -0.56801 -0.82021 -0.06800
vn 0.99057 0.12880 0.04670
vn 0.99057 0.12880 0.04670
vn 0.99057 0.12880 0.04670
vn -0.00420 0.14120 -0.98997
vn -0.00420 0.14120 -0.98997
vn -0.00420 0.14120 -0.98997
vn -0.10340 -0.04590 0.99358
vn -0.10340 -0.04590 0.99358
vn -0.10340 -0.04590 0.99358
vn -0.00730 -0.02390 0.99969
vn -0.00730 -0.02390 0.99969
vn -0.00730 -0.02390 0.99969
vn -0.93166 0.35328 -0.08490
vn -0.93166 0.35328 -0.08490
vn -0.93166 0.35328 -0.08490
vn 0.00810 0.02360 -0.99969
vn 0.00810 0.02360 -0.99969
vn 0.00810 0.02360 -0.99969
vn 0.37592 0.92586 0.03840
vn 0.37592 0.92586 0.03840
vn 0.37592 0.92586 0.03840
vn -0.86377 -0.48958 -0.11920
vn -0.86377 -0.48958 -0.11920
vn -0.86377 -0.48958 -0.11920
vn 0.11070 0.05010 -0.99259
vn 0.11070 0.05010 -0.99259
vn 0.11070 0.05010 -0.99259
vn 0.78629 0.61589 0.04920
vn 0.78629 0.61589 0.04920
vn 0.78629 0.61589 0.04920
vn 0.00910 -0.03250 0.99943
vn 0.00910 -0.03250 0.99943
vn 0.00910 -0.03250 0.99943
vn 0.00000 0.09800 0.99519
vn 0.00000 0.09800 0.99519
vn 0.00000 0.09800 0.99519
vn -0.01800 -0.04450 0.99885
vn -0.01800 -0.04450 0.99885
vn -0.01800 -0.04450 0.99885
vn 0.00000 0.29031 0.95693
vn 0.00000 0.29031 0.95693
vn 0.00000 0.29031 0.95693
vn 0.00000 0.47141 0.88192
vn 0.00000 0.47141 0.88192
vn 0.00000 0.47141 0.88192
vn 0.00000 0.63440 0.77300
vn 0.00000 0.63440 0.77300
vn 0.00000 0.63440 0.77300
vn 0.00000 0.77300 0.63440
vn 0.00000 0.77300 0.63440
vn 0.00000 0.77300 0.63440
vn 0.00000 0.88192 0.47141
vn 0.00000 0.88192 0.47141
vn 0.00000 0.88192 0.47141
vn 0.00000 0.95693 0.29031
vn 0.00000 0.95693 0.29031
vn 0.00000 0.95693 0.29031
vn 0.00000 0.99519 0.09800
vn 0.00000 0.99519 0.09800
vn 0.00000 0.99519 0.09800
vn 0.00000 0.99519 -0.09800
vn 0.00000 0.99519 -0.09800
vn 0.00000 0.99519 -0.09800
vn 0.00000 0.95693 -0.29031
vn 0.00000 0.95693 -0.29031
vn 0.00000 0.95693 -0.29031
vn 0.00000 0.88192 -0.47141
vn 0.00000 0.88192 -0.47141
vn 0.00000 0.88192 -0.47141
vn 0.00000 0.77300 -0.63440
vn 0.00000 0.77300 -0.63440
vn 0.00000 0.77300 -0.63440
vn 0.00000 0.63440 -0.77300
vn 0.00000 0.63440 -0.77300
vn 0.00000 0.63440 -0.77300
vn 0.00000 0.47141 -0.88192
vn 0.00000 0.47141 -0.88192
vn 0.00000 0.47141 -0.88192
vn 0.00000 0.29031 -0.95693
vn 0.00000 0.29031 -0.95693
vn 0.00000 0.29031 -0.95693
vn 0.00000 0.09800 -0.99519
vn 0.00000 0.09800 -0.99519
vn 0.00000 0.09800 -0.99519
vn 0.00000 -0.09800 -0.99519
vn 0.00000 -0.09800 -0.99519
vn 0.00000 -0.09800 -0.99519
vn 0.00000 -0.29031 -0.95693
vn 0.00000 -0.29031 -0.95693
vn 0.00000 -0.29031 -0.95693
vn 0.00000 -0.47141 -0.88192
vn 0.00000 -0.47141 -0.88192
vn 0.00000 -0.47141 -0.88192
vn 0.00000 -0.63440 -0.77300
vn 0.00000 -0.63440 -0.77300
vn 0.00000 -0.63440 -0.77300
vn 0.00000 -0.77300 -0.63440
vn 0.00000 -0.77300 -0.63440
vn 0.00000 -0.77300 -0.63440
vn 0.00000 -0.88192 -0.47141
vn 0.00000 -0.88192 -0.47141
vn 0.00000 -0.88192 -0.47141
vn 0.00000 -0.95693 -0.29031
vn 0.00000 -0.95693 -0.29031
vn 0.00000 -0.95693 -0.29031
vn 0.00000 -0.99519 -0.09800
vn 0.00000 -0.99519 -0.09800
vn 0.00000 -0.99519 -0.09800
vn 0.00000 -0.99519 0.09800
vn 0.00000 -0.99519 0.09800
vn 0.00000 -0.99519 0.09800
vn 0.00000 -0.95693 0.29031
vn 0.00000 -0.95693 0.29031
vn 0.00000 -0.95693 0.29031
vn 0.00000 -0.88192 0.47141
vn 0.00000 -0.88192 0.47141
vn 0.00000 -0.88192 0.47141
vn 0.00000 -0.77300 0.63440
vn 0.00000 -0.77300 0.63440
vn 0.00000 -0.77300 0.63440
vn 0.00000 -0.63440 0.77300
vn 0.00000 -0.63440 0.77300
vn 0.00000 -0.63440 0.77300
vn 0.00000 -0.47141 0.88192
vn 0.00000 -0.47141 0.88192
vn 0.00000 -0.47141 0.88192
vn 0.00000 -0.29031 0.95693
vn 0.00000 -0.29031 0.95693
vn 0.00000 -0.29031 0.95693
vn -1.00000 -0.00000 0.00000
vn -1.00000 -0.00000 0.00000
vn -1.00000 -0.00000 0.00000
vn 0.00000 -0.09800 0.99519
vn 0.00000 -0.09800 0.99519
vn 0.00000 -0.09800 0.99519
vn 0.00000 -0.94942 -0.31401
vn 0.00000 -0.94942 -0.31401
vn 0.00000 -0.94942 -0.31401
vn 1.00000 -0.00000 -0.00000
vn 1.00000 -0.00000 -0.00000
vn 1.00000 -0.00000 -0.00000
vn 1.00000 -0.00000 -0.00000
vn 1.00000 -0.00000 -0.00000
vn 1.00000 -0.00000 -0.00000
vn 1.00000 -0.00000 -0.00000
vn 1.00000 -0.00000 -0.00000
vn 1.00000 -0.00000 -0.00000
vn 1.00000 -0.00000 -0.00000
vn 1.00000 -0.00000 -0.00000
vn 1.00000 -0.00000 -0.00000
vn 1.00000 -0.00000 -0.00000
vn 1.00000 -0.00000 -0.00000
vn 1.00000 -0.00000 -0.00000
vn 1.00000 -0.00000 -0.00000
vn 1.00000 -0.00000 -0.00000
vn 1.00000 -0.00000 -0.00000
vn 1.00000 -0.00000 -0.00000
vn 1.00000 -0.00000 -0.00000
vn 1.00000 -0.00000 -0.00000
vn 1.00000 -0.00000 -0.00000
vn 1.00000 -0.00000 -0.00000
vn 1.00000 -0.00000 -0.00000
vn 1.00000 -0.00000 -0.00000
vn 1.00000 -0.00000 -0.00000
vn 1.00000 -0.00000 -0.00000
vn 1.00000 -0.00000 -0.00000
vn 1.00000 -0.00000 -0.00000
vn 1.00000 -0.00000 -0.00000
vn 1.00000 -0.00000 -0.00000
vn 1.00000 -0.00000 -0.00000
vn 1.00000 -0.00000 -0.00000
vn 1.00000 -0.00000 -0.00000
vn 1.00000 -0.00000 -0.00000
vn 1.00000 -0.00000 -0.00000
vn 1.00000 -0.00000 -0.00000
vn 1.00000 -0.00000 -0.00000
vn 1.00000 -0.00000 -0.00000
vn 1.00000 -0.00000 -0.00000
vn 1.00000 -0.00000 -0.00000
vn 1.00000 -0.00000 -0.00000
vn 1.00000 -0.00000 -0.00000
vn 1.00000 -0.00000 -0.00000
vn 1.00000 -0.00000 -0.00000
vn 1.00000 -0.00000 -0.00000
vn 1.00000 -0.00000 -0.00000
vn 1.00000 -0.00000 -0.00000
vn 1.00000 -0.00000 -0.00000
vn 1.00000 -0.00000 -0.00000
vn 1.00000 -0.00000 -0.00000
vn 1.00000 -0.00000 -0.00000
vn 1.00000 -0.00000 -0.00000
vn 1.00000 -0.00000 -0.00000
vn 1.00000 -0.00000 -0.00000
vn 1.00000 -0.00000 -0.00000
vn 1.00000 -0.00000 -0.00000
vn 1.00000 -0.00000 -0.00000
vn 1.00000 -0.00000 -0.00000
vn 1.00000 -0.00000 -0.00000
vn 1.00000 -0.00000 -0.00000
vn 1.00000 -0.00000 -0.00000
vn 1.00000 -0.00000 -0.00000
vn 1.00000 -0.00000 -0.00000
vn 1.00000 -0.00000 -0.00000
vn 1.00000 -0.00000 -0.00000
vn 1.00000 -0.00000 -0.00000
vn 1.00000 -0.00000 -0.00000
vn 1.00000 -0.00000 -0.00000
vn 1.00000 -0.00000 -0.00000
vn 1.00000 -0.00000 -0.00000
vn 1.00000 -0.00000 -0.00000
vn 1.00000 -0.00000 -0.00000
vn 1.00000 -0.00000 -0.00000
vn 1.00000 -0.00000 -0.00000
vn 1.00000 -0.00000 -0.00000
vn 1.00000 -0.00000 -0.00000
vn 1.00000 -0.00000 -0.00000
vn 1.00000 -0.00000 -0.00000
vn 1.00000 -0.00000 -0.00000
vn 1.00000 -0.00000 -0.00000
vn 1.00000 -0.00000 -0.00000
vn 1.00000 -0.00000 -0.00000
vn 1.00000 -0.00000 -0.00000
vn 1.00000 -0.00000 -0.00000
vn 1.00000 -0.00000 -0.00000
vn 1.00000 -0.00000 -0.00000
vn 1.00000 -0.00000 -0.00000
vn 1.00000 -0.00000 -0.00000
vn 1.00000 -0.00000 -0.00000
vn 1.00000 -0.00000 -0.00000
vn 1.00000 -0.00000 -0.00000
vn 1.00000 -0.00000 -0.00000
vn 1.00000 -0.00000 -0.00000
vn 1.00000 -0.00000 -0.00000
vn 1.00000 -0.00000 -0.00000
vn -1.00000 -0.00000 0.00000
vn -1.00000 -0.00000 0.00000
vn -1.00000 -0.00000 0.00000
vn 0.00150 -0.99854 -0.05400
vn 0.00150 -0.99854 -0.05400
vn 0.00150 -0.99854 -0.05400
vn 0.00000 0.89338 -0.44929
vn 0.00000 0.89338 -0.44929
vn 0.00000 0.89338 -0.44929
vn 0.00150 0.74427 -0.66787
vn 0.00150 0.74427 -0.66787
vn 0.00150 0.74427 -0.66787
vn 0.00000 -0.96387 0.26639
vn 0.00000 -0.96387 0.26639
vn 0.00000 -0.96387 0.26639
vn 0.00150 -0.86029 0.50980
vn 0.00150 -0.86029 0.50980
vn 0.00150 -0.86029 0.50980
vn 0.00170 0.45587 -0.89004
vn 0.00170 0.45587 -0.89004
vn 0.00170 0.45587 -0.89004
vn 0.00170 -0.62072 0.78403
vn 0.00170 -0.62072 0.78403
vn 0.00170 -0.62072 0.78403
vn 0.00520 0.11550 0.99329
vn 0.00520 0.11550 0.99329
vn 0.00520 0.11550 0.99329
vn 0.00000 0.12271 -0.99244
vn 0.00000 0.12271 -0.99244
vn 0.00000 0.12271 -0.99244
vn 0.00150 -0.14180 -0.98989
vn 0.00150 -0.14180 -0.98989
vn 0.00150 -0.14180 -0.98989
vn 0.00520 0.48680 0.87350
vn 0.00520 0.48680 0.87350
vn 0.00520 0.48680 0.87350
vn 0.00330 -0.27349 0.96187
vn 0.00330 -0.27349 0.96187
vn 0.00330 -0.27349 0.96187
vn 0.00170 -0.48681 -0.87351
vn 0.00170 -0.48681 -0.87351
vn 0.00170 -0.48681 -0.87351
vn 0.00520 0.78402 0.62072
vn 0.00520 0.78402 0.62072
vn 0.00520 0.78402 0.62072
vn 0.00170 -0.78398 -0.62078
vn 0.00170 -0.78398 -0.62078
vn 0.00170 -0.78398 -0.62078
vn 0.00520 0.96186 0.27349
vn 0.00520 0.96186 0.27349
vn 0.00520 0.96186 0.27349
vn 0.00170 0.99244 -0.12271
vn 0.00170 0.99244 -0.12271
vn 0.00170 0.99244 -0.12271
vn 0.00580 0.64779 0.76179
vn 0.00580 0.64779 0.76179
vn 0.00580 0.64779 0.76179
vn -1.00000 -0.00000 0.00000
vn -1.00000 -0.00000 0.00000
vn -1.00000 -0.00000 0.00000
vn -1.00000 -0.00000 0.00000
vn -1.00000 -0.00000 0.00000
vn -1.00000 -0.00000 0.00000
vn -1.00000 -0.00000 0.00000
vn -1.00000 -0.00000 0.00000
vn -1.00000 -0.00000 0.00000
vn -1.00000 -0.00000 0.00000
vn -1.00000 -0.00000 0.00000
vn -1.00000 -0.00000 0.00000
vn -1.00000 -0.00000 0.00000
vn -1.00000 -0.00000 0.00000
vn -1.00000 -0.00000 0.00000
vn -1.00000 -0.00000 0.00000
vn -1.00000 -0.00000 0.00000
vn -1.00000 -0.00000 0.00000
vn -1.00000 -0.00000 0.00000
vn -1.00000 -0.00000 0.00000
vn -1.00000 -0.00000 0.00000
vn -1.00000 -0.00000 0.00000
vn -1.00000 -0.00000 0.00000
vn -1.00000 -0.00000 0.00000
vn -1.00000 -0.00000 0.00000
vn -1.00000 -0.00000 0.00000
vn -1.00000 -0.00000 0.00000
vn -1.00000 -0.00000 0.00000
vn -1.00000 -0.00000 0.00000
vn -1.00000 -0.00000 0.00000
vn -1.00000 -0.00000 0.00000
vn -1.00000 -0.00000 0.00000
vn -1.00000 -0.00000 0.00000
vn -1.00000 -0.00000 0.00000
vn -1.00000 -0.00000 0.00000
vn -1.00000 -0.00000 0.00000
vn -1.00000 -0.00000 0.00000
vn -1.00000 -0.00000 0.00000
vn -1.00000 -0.00000 0.00000
vn -1.00000 -0.00000 0.00000
vn -1.00000 -0.00000 0.00000
vn -1.00000 -0.00000 0.00000
vn -1.00000 -0.00000 0.00000
vn -1.00000 -0.00000 0.00000
vn -1.00000 -0.00000 0.00000
vn -1.00000 -0.00000 0.00000
vn -1.00000 -0.00000 0.00000
vn -1.00000 -0.00000 0.00000
vn -1.00000 -0.00000 0.00000
vn -1.00000 -0.00000 0.00000
vn -1.00000 -0.00000 0.00000
vn -1.00000 -0.00000 0.00000
vn -1.00000 -0.00000 0.00000
vn -1.00000 -0.00000 0.00000
vn 1.00000 -0.00000 -0.00000
vn 1.00000 -0.00000 -0.00000
vn 1.00000 -0.00000 -0.00000
vn 0.00580 -0.27349 0.96186
vn 0.00580 -0.27349 0.96186
vn 0.00580 -0.27349 0.96186
vn 0.00560 -0.31400 -0.94941
vn 0.00560 -0.31400 -0.94941
vn 0.00560 -0.31400 -0.94941
vn -0.00770 0.87348 0.48679
vn -0.00770 0.87348 0.48679
vn -0.00770 0.87348 0.48679
vn 0.00580 -0.64779 -0.76179
vn 0.00580 -0.64779 -0.76179
vn 0.00580 -0.64779 -0.76179
vn 0.00580 -0.89005 -0.45583
vn 0.00580 -0.89005 -0.45583
vn 0.00580 -0.89005 -0.45583
vn 0.01160 0.96875 0.24779
vn 0.01160 0.96875 0.24779
vn 0.01160 0.96875 0.24779
vn 0.00560 0.99243 -0.12270
vn 0.00560 0.99243 -0.12270
vn 0.00560 0.99243 -0.12270
vn 0.00000 -0.99244 -0.12271
vn 0.00000 -0.99244 -0.12271
vn 0.00000 -0.99244 -0.12271
vn 0.00000 0.89338 -0.44929
vn 0.00000 0.89338 -0.44929
vn 0.00000 0.89338 -0.44929
vn 0.00500 -0.98988 0.14180
vn 0.00500 -0.98988 0.14180
vn 0.00500 -0.98988 0.14180
vn 0.00500 0.74426 -0.66787
vn 0.00500 0.74426 -0.66787
vn 0.00500 0.74426 -0.66787
vn 0.00580 -0.87350 0.48680
vn 0.00580 -0.87350 0.48680
vn 0.00580 -0.87350 0.48680
vn 0.01090 0.45581 -0.89001
vn 0.01090 0.45581 -0.89001
vn 0.01090 0.45581 -0.89001
vn 0.00000 0.07330 0.99731
vn 0.00000 0.07330 0.99731
vn 0.00000 0.07330 0.99731
vn 0.00500 0.33220 0.94320
vn 0.00500 0.33220 0.94320
vn 0.00500 0.33220 0.94320
vn 0.00580 -0.62071 0.78402
vn 0.00580 -0.62071 0.78402
vn 0.00580 -0.62071 0.78402
vn 0.01740 0.08050 -0.99660
vn 0.01740 0.08050 -0.99660
vn 0.01740 0.08050 -0.99660
vn -0.00000 0.98434 -0.17631
vn -0.00000 0.98434 -0.17631
vn -0.00000 0.98434 -0.17631
vn -0.00000 -0.64401 -0.76501
vn -0.00000 -0.64401 -0.76501
vn -0.00000 -0.64401 -0.76501
vn 0.88564 -0.27151 0.37672
vn 0.88564 -0.27151 0.37672
vn 0.88564 -0.27151 0.37672
vn 0.32242 -0.55843 0.76434
vn 0.32242 -0.55843 0.76434
vn 0.32242 -0.55843 0.76434
vn -1.00000 -0.00000 0.00000
vn -1.00000 -0.00000 0.00000
vn -1.00000 -0.00000 0.00000
vn 0.90603 0.27201 0.32421
vn 0.90603 0.27201 0.32421
vn 0.90603 0.27201 0.32421
vn 0.90835 -0.26699 -0.32188
vn 0.90835 -0.26699 -0.32188
vn 0.90835 -0.26699 -0.32188
vn 0.34692 -0.59533 -0.72473
vn 0.34692 -0.59533 -0.72473
vn 0.34692 -0.59533 -0.72473
vn 0.90897 0.01760 0.41649
vn 0.90897 0.01760 0.41649
vn 0.90897 0.01760 0.41649
vn -1.00000 -0.00000 0.00000
vn -1.00000 -0.00000 0.00000
vn -1.00000 -0.00000 0.00000
vn 0.34002 0.06080 0.93845
vn 0.34002 0.06080 0.93845
vn 0.34002 0.06080 0.93845
vn 0.31030 0.54659 -0.77779
vn 0.31030 0.54659 -0.77779
vn 0.31030 0.54659 -0.77779
vn 0.37482 -0.01020 -0.92704
vn 0.37482 -0.01020 -0.92704
vn 0.37482 -0.01020 -0.92704
vn -1.00000 -0.00000 0.00000
vn -1.00000 -0.00000 0.00000
vn -1.00000 -0.00000 0.00000
vn 0.90734 -0.00870 -0.42032
vn 0.90734 -0.00870 -0.42032
vn 0.90734 -0.00870 -0.42032
vn 0.37039 0.06090 0.92688
vn 0.37039 0.06090 0.92688
vn 0.37039 0.06090 0.92688
vn 0.92055 0.01790 0.39022
vn 0.92055 0.01790 0.39022
vn 0.92055 0.01790 0.39022
vn 0.34381 0.60531 0.71791
vn 0.34381 0.60531 0.71791
vn 0.34381 0.60531 0.71791
vn -0.00100 0.99989 -0.01490
vn -0.00100 0.99989 -0.01490
vn -0.00100 0.99989 -0.01490
vn 0.00000 0.09800 0.99519
vn 0.00000 0.09800 0.99519
vn 0.00000 0.09800 0.99519
vn -0.89420 0.26030 -0.36420
vn -0.89420 0.26030 -0.36420
vn -0.89420 0.26030 -0.36420
vn -1.00000 -0.00000 0.00000
vn -1.00000 -0.00000 0.00000
vn -1.00000 -0.00000 0.00000
vn -0.19979 0.75216 0.62797
vn -0.19979 0.75216 0.62797
vn -0.19979 0.75216 0.62797
vn 0.89483 0.25981 -0.36301
vn 0.89483 0.25981 -0.36301
vn 0.89483 0.25981 -0.36301
vn 0.00000 -0.00000 1.00000
vn 0.00000 -0.00000 1.00000
vn 0.00000 -0.00000 1.00000
vn 1.00000 -0.00000 -0.00000
vn 1.00000 -0.00000 -0.00000
vn 1.00000 -0.00000 -0.00000
vn 0.00000 -0.00000 -1.00000
vn 0.00000 -0.00000 -1.00000
vn 0.00000 -0.00000 -1.00000
vn 0.00000 1.00000 -0.00000
vn 0.00000 1.00000 -0.00000
vn 0.00000 1.00000 -0.00000
vn 0.00000 -1.00000 0.00000
vn 0.00000 -1.00000 0.00000
vn 0.00000 -1.00000 0.00000
vn -0.01860 -0.04630 0.99875
vn -0.01860 -0.04630 0.99875
vn -0.01860 -0.04630 0.99875
vn -0.02680 -0.06200 0.99772
vn -0.02680 -0.06200 0.99772
vn -0.02680 -0.06200 0.99772
vn -0.08890 -0.03230 0.99552
vn -0.08890 -0.03230 0.99552
vn -0.08890 -0.03230 0.99552
vn 0.05920 -0.04440 0.99726
vn 0.05920 -0.04440 0.99726
vn 0.05920 -0.04440 0.99726
vn -0.00910 -0.04560 0.99892
vn -0.00910 -0.04560 0.99892
vn -0.00910 -0.04560 0.99892
vn -0.01490 -0.06170 0.99798
vn -0.01490 -0.06170 0.99798
vn -0.01490 -0.06170 0.99798
vn 1.00000 -0.00000 -0.00000
vn 1.00000 -0.00000 -0.00000
vn 1.00000 -0.00000 -0.00000
vn -0.98664 -0.16291 -0.00070
vn -0.98664 -0.16291 -0.00070
vn -0.98664 -0.16291 -0.00070
vn 0.00810 -0.11909 -0.99285
vn 0.00810 -0.11909 -0.99285
vn 0.00810 -0.11909 -0.99285
vn -0.06640 -0.01100 -0.99773
vn -0.06640 -0.01100 -0.99773
vn -0.06640 -0.01100 -0.99773
vn -0.07920 -0.05540 -0.99532
vn -0.07920 -0.05540 -0.99532
vn -0.07920 -0.05540 -0.99532
vn -0.05780 -0.04880 -0.99713
vn -0.05780 -0.04880 -0.99713
vn -0.05780 -0.04880 -0.99713
vn 1.00000 -0.00000 -0.00000
vn 1.00000 -0.00000 -0.00000
vn 1.00000 -0.00000 -0.00000
vn 0.00000 -0.00000 -1.00000
vn 0.00000 -0.00000 -1.00000
vn 0.00000 -0.00000 -1.00000
vn 0.06770 -0.99762 -0.01300
vn 0.06770 -0.99762 -0.01300
vn 0.06770 -0.99762 -0.01300
vn 0.00000 -0.00000 1.00000
vn 0.00000 -0.00000 1.00000
vn 0.00000 -0.00000 1.00000
vn 0.99940 -0.00470 -0.03440
vn 0.99940 -0.00470 -0.03440
vn 0.99940 -0.00470 -0.03440
vn 0.99912 -0.00110 0.04200
vn 0.99912 -0.00110 0.04200
vn 0.99912 -0.00110 0.04200
vn 0.99946 -0.00000 0.03280
vn 0.99946 -0.00000 0.03280
vn 0.99946 -0.00000 0.03280
vn 0.19979 0.75216 0.62797
vn 0.19979 0.75216 0.62797
vn 0.19979 0.75216 0.62797
vn 0.20811 0.82722 -0.52191
vn 0.20811 0.82722 -0.52191
vn 0.20811 0.82722 -0.52191
vn -0.71288 0.70128 0.00000
vn -0.71288 0.70128 0.00000
vn -0.71288 0.70128 0.00000
vn 0.75029 -0.38409 -0.53809
vn 0.75029 -0.38409 -0.53809
vn 0.75029 -0.38409 -0.53809
vn -0.02970 -0.86632 -0.49861
vn -0.02970 -0.86632 -0.49861
vn -0.02970 -0.86632 -0.49861
vn 0.85401 -0.51941 -0.02970
vn 0.85401 -0.51941 -0.02970
vn 0.85401 -0.51941 -0.02970
vn 0.92730 -0.33130 0.17420
vn 0.92730 -0.33130 0.17420
vn 0.92730 -0.33130 0.17420
vn -0.00000 -0.97431 0.22520
vn -0.00000 -0.97431 0.22520
vn -0.00000 -0.97431 0.22520
vn -0.00050 -0.97518 0.22140
vn -0.00050 -0.97518 0.22140
vn -0.00050 -0.97518 0.22140
vn -0.99249 0.12230 0.00000
vn -0.99249 0.12230 0.00000
vn -0.99249 0.12230 0.00000
vn 1.00000 -0.00000 -0.00000
vn 1.00000 -0.00000 -0.00000
vn 1.00000 -0.00000 -0.00000
vn 0.00000 -0.00000 -1.00000
vn 0.00000 -0.00000 -1.00000
vn 0.00000 -0.00000 -1.00000
vn -1.00000 -0.00000 0.00000
vn -1.00000 -0.00000 0.00000
vn -1.00000 -0.00000 0.00000
vn 0.00000 -0.00000 1.00000
vn 0.00000 -0.00000 1.00000
vn 0.00000 -0.00000 1.00000
vn -0.78698 0.61698 -0.00000
vn -0.78698 0.61698 -0.00000
vn -0.78698 0.61698 -0.00000
vn 0.00000 0.78429 0.62039
vn 0.00000 0.78429 0.62039
vn 0.00000 0.78429 0.62039
vn 0.99979 -0.00000 -0.02060
vn 0.99979 -0.00000 -0.02060
vn 0.99979 -0.00000 -0.02060
vn 0.99979 -0.00000 0.02060
vn 0.99979 -0.00000 0.02060
vn 0.99979 -0.00000 0.02060
vn 0.00000 0.78429 -0.62039
vn 0.00000 0.78429 -0.62039
vn 0.00000 0.78429 -0.62039
vn 0.00000 -0.78429 -0.62039
vn 0.00000 -0.78429 -0.62039
vn 0.00000 -0.78429 -0.62039
vn -0.78698 -0.61698 -0.00000
vn -0.78698 -0.61698 -0.00000
vn -0.78698 -0.61698 -0.00000
vn 0.00000 -0.78429 0.62039
vn 0.00000 -0.78429 0.62039
vn 0.00000 -0.78429 0.62039
vn 0.00000 -0.05110 0.99869
vn 0.00000 -0.05110 0.99869
vn 0.00000 -0.05110 0.99869
vn -0.99991 0.00130 -0.01350
vn -0.99991 0.00130 -0.01350
vn -0.99991 0.00130 -0.01350
vn -0.99992 0.00570 -0.01090
vn -0.99992 0.00570 -0.01090
vn -0.99992 0.00570 -0.01090
vn -0.99989 -0.01030 -0.01070
vn -0.99989 -0.01030 -0.01070
vn -0.99989 -0.01030 -0.01070
vn -0.01910 -0.99531 -0.09480
vn -0.01910 -0.99531 -0.09480
vn -0.01910 -0.99531 -0.09480
vn 1.00000 -0.00250 -0.00020
vn 1.00000 -0.00250 -0.00020
vn 1.00000 -0.00250 -0.00020
vn 0.00000 0.04550 -0.99896
vn 0.00000 0.04550 -0.99896
vn 0.00000 0.04550 -0.99896
vn 0.00080 0.04440 -0.99901
vn 0.00080 0.04440 -0.99901
vn 0.00080 0.04440 -0.99901
vn -0.00240 -0.14110 0.98999
vn -0.00240 -0.14110 0.98999
vn -0.00240 -0.14110 0.98999
vn -0.00010 -0.14400 0.98958
vn -0.00010 -0.14400 0.98958
vn -0.00010 -0.14400 0.98958
vn -0.01870 0.04680 0.99873
vn -0.01870 0.04680 0.99873
vn -0.01870 0.04680 0.99873
vn 0.01860 0.04170 -0.99896
vn 0.01860 0.04170 -0.99896
vn 0.01860 0.04170 -0.99896
vn 0.99997 -0.00440 0.00640
vn 0.99997 -0.00440 0.00640
vn 0.99997 -0.00440 0.00640
vn -0.02650 0.04550 -0.99861
vn -0.02650 0.04550 -0.99861
vn -0.02650 0.04550 -0.99861
vn -0.34299 -0.93928 -0.01020
vn -0.34299 -0.93928 -0.01020
vn -0.34299 -0.93928 -0.01020
vn 0.07780 -0.19250 0.97821
vn 0.07780 -0.19250 0.97821
vn 0.07780 -0.19250 0.97821
vn 0.58720 -0.80701 -0.06270
vn 0.58720 -0.80701 -0.06270
vn 0.58720 -0.80701 -0.06270
vn -0.99057 0.12880 0.04670
vn -0.99057 0.12880 0.04670
vn -0.99057 0.12880 0.04670
vn 0.00620 -0.05490 0.99847
vn 0.00620 -0.05490 0.99847
vn 0.00620 -0.05490 0.99847
vn 0.00970 -0.02190 0.99971
vn 0.00970 -0.02190 0.99971
vn 0.00970 -0.02190 0.99971
vn 0.93166 0.35328 -0.08490
vn 0.93166 0.35328 -0.08490
vn 0.93166 0.35328 -0.08490
vn -0.00810 0.02360 -0.99969
vn -0.00810 0.02360 -0.99969
vn -0.00810 0.02360 -0.99969
vn -0.37592 0.92586 0.03840
vn -0.37592 0.92586 0.03840
vn -0.37592 0.92586 0.03840
vn 0.86377 -0.48958 -0.11920
vn 0.86377 -0.48958 -0.11920
vn 0.86377 -0.48958 -0.11920
vn -0.11070 0.05010 -0.99259
vn -0.11070 0.05010 -0.99259
vn -0.11070 0.05010 -0.99259
vn -0.78629 0.61589 0.04920
vn -0.78629 0.61589 0.04920
vn -0.78629 0.61589 0.04920
vn -0.00910 -0.03250 0.99943
vn -0.00910 -0.03250 0.99943
vn -0.00910 -0.03250 0.99943
vn 0.01800 -0.04450 0.99885
vn 0.01800 -0.04450 0.99885
vn 0.01800 -0.04450 0.99885
vn -0.06220 -0.06900 0.99568
vn -0.06220 -0.06900 0.99568
vn -0.06220 -0.06900 0.99568
vn 0.00000 -0.00000 1.00000
vn 0.00000 -0.00000 1.00000
vn 0.00000 -0.00000 1.00000
vn 0.00000 -0.00000 1.00000
vn 0.00000 -0.00000 1.00000
vn 0.00000 -0.00000 1.00000
vn 0.00000 -0.00000 1.00000
vn 0.00000 -0.00000 1.00000
vn 0.00000 -0.00000 1.00000
vn 0.00000 0.29031 0.95693
vn 0.00000 0.29031 0.95693
vn 0.00000 0.29031 0.95693
vn 0.00000 0.47141 0.88192
vn 0.00000 0.47141 0.88192
vn 0.00000 0.47141 0.88192
vn 0.00000 0.63440 0.77300
vn 0.00000 0.63440 0.77300
vn 0.00000 0.63440 0.77300
vn 0.00000 0.77300 0.63440
vn 0.00000 0.77300 0.63440
vn 0.00000 0.77300 0.63440
vn 0.00000 0.88192 0.47141
vn 0.00000 0.88192 0.47141
vn 0.00000 0.88192 0.47141
vn 0.00000 0.95693 0.29031
vn 0.00000 0.95693 0.29031
vn 0.00000 0.95693 0.29031
vn 0.00000 0.99519 0.09800
vn 0.00000 0.99519 0.09800
vn 0.00000 0.99519 0.09800
vn 0.00000 0.99519 -0.09800
vn 0.00000 0.99519 -0.09800
vn 0.00000 0.99519 -0.09800
vn 0.00000 0.95693 -0.29031
vn 0.00000 0.95693 -0.29031
vn 0.00000 0.95693 -0.29031
vn 0.00000 0.88192 -0.47141
vn 0.00000 0.88192 -0.47141
vn 0.00000 0.88192 -0.47141
vn 0.00000 0.77300 -0.63440
vn 0.00000 0.77300 -0.63440
vn 0.00000 0.77300 -0.63440
vn 0.00000 0.63440 -0.77300
vn 0.00000 0.63440 -0.77300
vn 0.00000 0.63440 -0.77300
vn 0.00000 0.47141 -0.88192
vn 0.00000 0.47141 -0.88192
vn 0.00000 0.47141 -0.88192
vn 0.00000 0.29031 -0.95693
vn 0.00000 0.29031 -0.95693
vn 0.00000 0.29031 -0.95693
vn 0.00000 0.09800 -0.99519
vn 0.00000 0.09800 -0.99519
vn 0.00000 0.09800 -0.99519
vn 0.00000 -0.09800 -0.99519
vn 0.00000 -0.09800 -0.99519
vn 0.00000 -0.09800 -0.99519
vn 0.00000 -0.29031 -0.95693
vn 0.00000 -0.29031 -0.95693
vn 0.00000 -0.29031 -0.95693
vn 0.00000 -0.47141 -0.88192
vn 0.00000 -0.47141 -0.88192
vn 0.00000 -0.47141 -0.88192
vn 0.00000 -0.63440 -0.77300
vn 0.00000 -0.63440 -0.77300
vn 0.00000 -0.63440 -0.77300
vn 0.00000 -0.77300 -0.63440
vn 0.00000 -0.77300 -0.63440
vn 0.00000 -0.77300 -0.63440
vn 0.00000 -0.88192 -0.47141
vn 0.00000 -0.88192 -0.47141
vn 0.00000 -0.88192 -0.47141
vn 0.00000 -0.95693 -0.29031
vn 0.00000 -0.95693 -0.29031
vn 0.00000 -0.95693 -0.29031
vn 0.00000 -0.99519 -0.09800
vn 0.00000 -0.99519 -0.09800
vn 0.00000 -0.99519 -0.09800
vn 0.00000 -0.99519 0.09800
vn 0.00000 -0.99519 0.09800
vn 0.00000 -0.99519 0.09800
vn 0.00000 -0.95693 0.29031
vn 0.00000 -0.95693 0.29031
vn 0.00000 -0.95693 0.29031
vn 0.00000 -0.88192 0.47141
vn 0.00000 -0.88192 0.47141
vn 0.00000 -0.88192 0.47141
vn 0.00000 -0.77300 0.63440
vn 0.00000 -0.77300 0.63440
vn 0.00000 -0.77300 0.63440
vn 0.00000 -0.63440 0.77300
vn 0.00000 -0.63440 0.77300
vn 0.00000 -0.63440 0.77300
vn 0.00000 -0.47141 0.88192
vn 0.00000 -0.47141 0.88192
vn 0.00000 -0.47141 0.88192
vn 0.00000 -0.29031 0.95693
vn 0.00000 -0.29031 0.95693
vn 0.00000 -0.29031 0.95693
vn 1.00000 -0.00000 -0.00000
vn 1.00000 -0.00000 -0.00000
vn 1.00000 -0.00000 -0.00000
vn 1.00000 -0.00000 -0.00000
vn 1.00000 -0.00000 -0.00000
vn 1.00000 -0.00000 -0.00000
vn 1.00000 -0.00000 -0.00000
vn 1.00000 -0.00000 -0.00000
vn 1.00000 -0.00000 -0.00000
vn 1.00000 -0.00000 -0.00000
vn 1.00000 -0.00000 -0.00000
vn 1.00000 -0.00000 -0.00000
vn 1.00000 -0.00000 -0.00000
vn 1.00000 -0.00000 -0.00000
vn 1.00000 -0.00000 -0.00000
vn 1.00000 -0.00000 -0.00000
vn 1.00000 -0.00000 -0.00000
vn 1.00000 -0.00000 -0.00000
vn 1.00000 -0.00000 -0.00000
vn 1.00000 -0.00000 -0.00000
vn 1.00000 -0.00000 -0.00000
vn 1.00000 -0.00000 -0.00000
vn 1.00000 -0.00000 -0.00000
vn 1.00000 -0.00000 -0.00000
vn 1.00000 -0.00000 -0.00000
vn 1.00000 -0.00000 -0.00000
vn 1.00000 -0.00000 -0.00000
vn 1.00000 -0.00000 -0.00000
vn 1.00000 -0.00000 -0.00000
vn 1.00000 -0.00000 -0.00000
vn 1.00000 -0.00000 -0.00000
vn 1.00000 -0.00000 -0.00000
vn 1.00000 -0.00000 -0.00000
vn 1.00000 -0.00000 -0.00000
vn 1.00000 -0.00000 -0.00000
vn 1.00000 -0.00000 -0.00000
vn 1.00000 -0.00000 -0.00000
vn 1.00000 -0.00000 -0.00000
vn 1.00000 -0.00000 -0.00000
vn 1.00000 -0.00000 -0.00000
vn 1.00000 -0.00000 -0.00000
vn 1.00000 -0.00000 -0.00000
vn 1.00000 -0.00000 -0.00000
vn 1.00000 -0.00000 -0.00000
vn 1.00000 -0.00000 -0.00000
vn 1.00000 -0.00000 -0.00000
vn 1.00000 -0.00000 -0.00000
vn 1.00000 -0.00000 -0.00000
vn 1.00000 -0.00000 -0.00000
vn 1.00000 -0.00000 -0.00000
vn 1.00000 -0.00000 -0.00000
vn 1.00000 -0.00000 -0.00000
vn 1.00000 -0.00000 -0.00000
vn 1.00000 -0.00000 -0.00000
vn 1.00000 -0.00000 -0.00000
vn 1.00000 -0.00000 -0.00000
vn 1.00000 -0.00000 -0.00000
vn 1.00000 -0.00000 -0.00000
vn 1.00000 -0.00000 -0.00000
vn 1.00000 -0.00000 -0.00000
vn 1.00000 -0.00000 -0.00000
vn 1.00000 -0.00000 -0.00000
vn 1.00000 -0.00000 -0.00000
vn 1.00000 -0.00000 -0.00000
vn 1.00000 -0.00000 -0.00000
vn 1.00000 -0.00000 -0.00000
vn 1.00000 -0.00000 -0.00000
vn 1.00000 -0.00000 -0.00000
vn 1.00000 -0.00000 -0.00000
vn 1.00000 -0.00000 -0.00000
vn 1.00000 -0.00000 -0.00000
vn 1.00000 -0.00000 -0.00000
vn 1.00000 -0.00000 -0.00000
vn 1.00000 -0.00000 -0.00000
vn 1.00000 -0.00000 -0.00000
vn 1.00000 -0.00000 -0.00000
vn 1.00000 -0.00000 -0.00000
vn 1.00000 -0.00000 -0.00000
vn 1.00000 -0.00000 -0.00000
vn 1.00000 -0.00000 -0.00000
vn 1.00000 -0.00000 -0.00000
vn 1.00000 -0.00000 -0.00000
vn 1.00000 -0.00000 -0.00000
vn 1.00000 -0.00000 -0.00000
vn 1.00000 -0.00000 -0.00000
vn 1.00000 -0.00000 -0.00000
vn 1.00000 -0.00000 -0.00000
vn 0.00000 -0.09800 0.99519
vn 0.00000 -0.09800 0.99519
vn 0.00000 -0.09800 0.99519
vn 0.00150 -0.94321 -0.33220
vn 0.00150 -0.94321 -0.33220
vn 0.00150 -0.94321 -0.33220
vn -1.00000 -0.00000 0.00000
vn -1.00000 -0.00000 0.00000
vn -1.00000 -0.00000 0.00000
vn -1.00000 -0.00000 0.00000
vn -1.00000 -0.00000 0.00000
vn -1.00000 -0.00000 0.00000
vn -1.00000 -0.00000 0.00000
vn -1.00000 -0.00000 0.00000
vn -1.00000 -0.00000 0.00000
vn -1.00000 -0.00000 0.00000
vn -1.00000 -0.00000 0.00000
vn -1.00000 -0.00000 0.00000
vn -1.00000 -0.00000 0.00000
vn -1.00000 -0.00000 0.00000
vn -1.00000 -0.00000 0.00000
vn -1.00000 -0.00000 0.00000
vn -1.00000 -0.00000 0.00000
vn -1.00000 -0.00000 0.00000
vn -1.00000 -0.00000 0.00000
vn -1.00000 -0.00000 0.00000
vn -1.00000 -0.00000 0.00000
vn -1.00000 -0.00000 0.00000
vn -1.00000 -0.00000 0.00000
vn -1.00000 -0.00000 0.00000
vn -1.00000 -0.00000 0.00000
vn -1.00000 -0.00000 0.00000
vn -1.00000 -0.00000 0.00000
vn -1.00000 -0.00000 0.00000
vn -1.00000 -0.00000 0.00000
vn -1.00000 -0.00000 0.00000
vn -1.00000 -0.00000 0.00000
vn -1.00000 -0.00000 0.00000
vn -1.00000 -0.00000 0.00000
vn -1.00000 -0.00000 0.00000
vn -1.00000 -0.00000 0.00000
vn -1.00000 -0.00000 0.00000
vn -1.00000 -0.00000 0.00000
vn -1.00000 -0.00000 0.00000
vn -1.00000 -0.00000 0.00000
vn -1.00000 -0.00000 0.00000
vn -1.00000 -0.00000 0.00000
vn -1.00000 -0.00000 0.00000
vn -1.00000 -0.00000 0.00000
vn -1.00000 -0.00000 0.00000
vn -1.00000 -0.00000 0.00000
vn -1.00000 -0.00000 0.00000
vn -1.00000 -0.00000 0.00000
vn -1.00000 -0.00000 0.00000
vn -1.00000 -0.00000 0.00000
vn -1.00000 -0.00000 0.00000
vn -1.00000 -0.00000 0.00000
vn -1.00000 -0.00000 0.00000
vn -1.00000 -0.00000 0.00000
vn -1.00000 -0.00000 0.00000
vn 1.00000 -0.00000 -0.00000
vn 1.00000 -0.00000 -0.00000
vn 1.00000 -0.00000 -0.00000
vn 0.00170 0.96187 -0.27349
vn 0.00170 0.96187 -0.27349
vn 0.00170 0.96187 -0.27349
vn 0.00150 0.80022 -0.59971
vn 0.00150 0.80022 -0.59971
vn 0.00150 0.80022 -0.59971
vn -0.00170 -0.86991 0.49321
vn -0.00170 -0.86991 0.49321
vn -0.00170 -0.86991 0.49321
vn 0.00170 -0.64780 0.76180
vn 0.00170 -0.64780 0.76180
vn 0.00170 -0.64780 0.76180
vn 0.00330 -0.08050 -0.99675
vn 0.00330 -0.08050 -0.99675
vn 0.00330 -0.08050 -0.99675
vn 0.00150 -0.33220 0.94321
vn 0.00150 -0.33220 0.94321
vn 0.00150 -0.33220 0.94321
vn 0.00170 -0.45587 -0.89004
vn 0.00170 -0.45587 -0.89004
vn 0.00170 -0.45587 -0.89004
vn 0.00330 0.87351 0.48680
vn 0.00330 0.87351 0.48680
vn 0.00330 0.87351 0.48680
vn 0.00170 -0.76176 -0.64786
vn 0.00170 -0.76176 -0.64786
vn 0.00170 -0.76176 -0.64786
vn 0.00170 0.99331 0.11550
vn 0.00170 0.99331 0.11550
vn 0.00170 0.99331 0.11550
vn 0.00580 0.62071 0.78402
vn 0.00580 0.62071 0.78402
vn 0.00580 0.62071 0.78402
vn 1.00000 -0.00000 -0.00000
vn 1.00000 -0.00000 -0.00000
vn 1.00000 -0.00000 -0.00000
vn 1.00000 -0.00000 -0.00000
vn 1.00000 -0.00000 -0.00000
vn 1.00000 -0.00000 -0.00000
vn 1.00000 -0.00000 -0.00000
vn 1.00000 -0.00000 -0.00000
vn 1.00000 -0.00000 -0.00000
vn 1.00000 -0.00000 -0.00000
vn 1.00000 -0.00000 -0.00000
vn 1.00000 -0.00000 -0.00000
vn 1.00000 -0.00000 -0.00000
vn 1.00000 -0.00000 -0.00000
vn 1.00000 -0.00000 -0.00000
vn 1.00000 -0.00000 -0.00000
vn 1.00000 -0.00000 -0.00000
vn 1.00000 -0.00000 -0.00000
vn 1.00000 -0.00000 -0.00000
vn 1.00000 -0.00000 -0.00000
vn 1.00000 -0.00000 -0.00000
vn 1.00000 -0.00000 -0.00000
vn 1.00000 -0.00000 -0.00000
vn 1.00000 -0.00000 -0.00000
vn 1.00000 -0.00000 -0.00000
vn 1.00000 -0.00000 -0.00000
vn 1.00000 -0.00000 -0.00000
vn 0.00500 -0.33220 0.94320
vn 0.00500 -0.33220 0.94320
vn 0.00500 -0.33220 0.94320
vn -1.00000 -0.00000 0.00000
vn -1.00000 -0.00000 0.00000
vn -1.00000 -0.00000 0.00000
vn -1.00000 -0.00000 0.00000
vn -1.00000 -0.00000 0.00000
vn -1.00000 -0.00000 0.00000
vn -1.00000 -0.00000 0.00000
vn -1.00000 -0.00000 0.00000
vn -1.00000 -0.00000 0.00000
vn -1.00000 -0.00000 0.00000
vn -1.00000 -0.00000 0.00000
vn -1.00000 -0.00000 0.00000
vn -1.00000 -0.00000 0.00000
vn -1.00000 -0.00000 0.00000
vn -1.00000 -0.00000 0.00000
vn -1.00000 -0.00000 0.00000
vn -1.00000 -0.00000 0.00000
vn -1.00000 -0.00000 0.00000
vn -1.00000 -0.00000 0.00000
vn -1.00000 -0.00000 0.00000
vn -1.00000 -0.00000 0.00000
vn -1.00000 -0.00000 0.00000
vn -1.00000 -0.00000 0.00000
vn -1.00000 -0.00000 0.00000
vn -1.00000 -0.00000 0.00000
vn -1.00000 -0.00000 0.00000
vn -1.00000 -0.00000 0.00000
vn -1.00000 -0.00000 0.00000
vn -1.00000 -0.00000 0.00000
vn -1.00000 -0.00000 0.00000
vn -1.00000 -0.00000 0.00000
vn -1.00000 -0.00000 0.00000
vn -1.00000 -0.00000 0.00000
vn -1.00000 -0.00000 0.00000
vn -1.00000 -0.00000 0.00000
vn -1.00000 -0.00000 0.00000
vn -1.00000 -0.00000 0.00000
vn -1.00000 -0.00000 0.00000
vn -1.00000 -0.00000 0.00000
vn -1.00000 -0.00000 0.00000
vn -1.00000 -0.00000 0.00000
vn -1.00000 -0.00000 0.00000
vn 0.00580 -0.27349 -0.96186
vn 0.00580 -0.27349 -0.96186
vn 0.00580 -0.27349 -0.96186
vn 0.00580 0.87350 0.48680
vn 0.00580 0.87350 0.48680
vn 0.00580 0.87350 0.48680
vn 0.00580 -0.62071 -0.78402
vn 0.00580 -0.62071 -0.78402
vn 0.00580 -0.62071 -0.78402
vn 0.00580 0.99329 0.11550
vn 0.00580 0.99329 0.11550
vn 0.00580 0.99329 0.11550
vn 0.00580 -0.87350 -0.48680
vn 0.00580 -0.87350 -0.48680
vn 0.00580 -0.87350 -0.48680
vn 0.00580 0.96186 -0.27349
vn 0.00580 0.96186 -0.27349
vn 0.00580 0.96186 -0.27349
vn 0.00500 -0.98988 -0.14180
vn 0.00500 -0.98988 -0.14180
vn 0.00500 -0.98988 -0.14180
vn 0.00000 -0.99244 0.12271
vn 0.00000 -0.99244 0.12271
vn 0.00000 -0.99244 0.12271
vn 0.00580 0.78402 -0.62071
vn 0.00580 0.78402 -0.62071
vn 0.00580 0.78402 -0.62071
vn 0.00580 -0.89001 0.45590
vn 0.00580 -0.89001 0.45590
vn 0.00580 -0.89001 0.45590
vn 0.00580 0.48680 -0.87350
vn 0.00580 0.48680 -0.87350
vn 0.00580 0.48680 -0.87350
vn 0.01090 0.27341 0.96184
vn 0.01090 0.27341 0.96184
vn 0.01090 0.27341 0.96184
vn 0.00580 -0.64779 0.76179
vn 0.00580 -0.64779 0.76179
vn 0.00580 -0.64779 0.76179
vn 0.00580 0.11550 -0.99329
vn 0.00580 0.11550 -0.99329
vn 0.00580 0.11550 -0.99329
vn -0.00000 0.98434 -0.17631
vn -0.00000 0.98434 -0.17631
vn -0.00000 0.98434 -0.17631
vn -0.00000 0.98434 -0.17631
vn -0.00000 0.98434 -0.17631
vn -0.00000 0.98434 -0.17631
vn -0.00000 -0.64401 -0.76501
vn -0.00000 -0.64401 -0.76501
vn -0.00000 -0.64401 -0.76501
vn -0.00000 -0.64401 -0.76501
vn -0.00000 -0.64401 -0.76501
vn -0.00000 -0.64401 -0.76501
vn -0.89302 -0.26431 0.36421
vn -0.89302 -0.26431 0.36421
vn -0.89302 -0.26431 0.36421
vn -0.90165 0.27668 0.33238
vn -0.90165 0.27668 0.33238
vn -0.90165 0.27668 0.33238
vn -0.90226 -0.27359 -0.33328
vn -0.90226 -0.27359 -0.33328
vn -0.90226 -0.27359 -0.33328
vn -0.33800 -0.59621 -0.72821
vn -0.33800 -0.59621 -0.72821
vn -0.33800 -0.59621 -0.72821
vn -0.34500 0.06550 0.93631
vn -0.34500 0.06550 0.93631
vn -0.34500 0.06550 0.93631
vn -0.90749 -0.00850 -0.41999
vn -0.90749 -0.00850 -0.41999
vn -0.90749 -0.00850 -0.41999
vn -0.90989 0.02500 0.41410
vn -0.90989 0.02500 0.41410
vn -0.90989 0.02500 0.41410
vn 1.00000 -0.00000 -0.00000
vn 1.00000 -0.00000 -0.00000
vn 1.00000 -0.00000 -0.00000
vn 0.00000 -0.00000 1.00000
vn 0.00000 -0.00000 1.00000
vn 0.00000 -0.00000 1.00000
vn -1.00000 -0.00000 0.00000
vn -1.00000 -0.00000 0.00000
vn -1.00000 -0.00000 0.00000
vn 0.00000 -0.00000 -1.00000
vn 0.00000 -0.00000 -1.00000
vn 0.00000 -0.00000 -1.00000
vn 0.00000 1.00000 -0.00000
vn 0.00000 1.00000 -0.00000
vn 0.00000 1.00000 -0.00000
vn -0.00000 -1.00000 0.00000
vn -0.00000 -1.00000 0.00000
vn -0.00000 -1.00000 0.00000
vn -1.00000 -0.00000 0.00000
vn -1.00000 -0.00000 0.00000
vn -1.00000 -0.00000 0.00000
vn 0.08890 -0.03230 0.99552
vn 0.08890 -0.03230 0.99552
vn 0.08890 -0.03230 0.99552
vn 0.02680 -0.06200 0.99772
vn 0.02680 -0.06200 0.99772
vn 0.02680 -0.06200 0.99772
vn 0.01480 -0.05590 0.99833
vn 0.01480 -0.05590 0.99833
vn 0.01480 -0.05590 0.99833
vn 0.01860 -0.04630 0.99875
vn 0.01860 -0.04630 0.99875
vn 0.01860 -0.04630 0.99875
vn 0.01490 -0.06170 0.99798
vn 0.01490 -0.06170 0.99798
vn 0.01490 -0.06170 0.99798
vn -0.05920 -0.04440 0.99726
vn -0.05920 -0.04440 0.99726
vn -0.05920 -0.04440 0.99726
vn 0.05780 -0.04880 -0.99713
vn 0.05780 -0.04880 -0.99713
vn 0.05780 -0.04880 -0.99713
vn 0.07920 -0.05540 -0.99532
vn 0.07920 -0.05540 -0.99532
vn 0.07920 -0.05540 -0.99532
vn 0.08950 -0.04020 -0.99518
vn 0.08950 -0.04020 -0.99518
vn 0.08950 -0.04020 -0.99518
vn 0.06640 -0.01100 -0.99773
vn 0.06640 -0.01100 -0.99773
vn 0.06640 -0.01100 -0.99773
vn 0.98646 -0.16399 -0.00000
vn 0.98646 -0.16399 -0.00000
vn 0.98646 -0.16399 -0.00000
vn -1.00000 -0.00000 0.00000
vn -1.00000 -0.00000 0.00000
vn -1.00000 -0.00000 0.00000
vn 0.00000 -0.00000 -1.00000
vn 0.00000 -0.00000 -1.00000
vn 0.00000 -0.00000 -1.00000
vn -0.03560 -0.99913 -0.02180
vn -0.03560 -0.99913 -0.02180
vn -0.03560 -0.99913 -0.02180
vn 0.00000 -0.00000 1.00000
vn 0.00000 -0.00000 1.00000
vn 0.00000 -0.00000 1.00000
vn -0.99940 -0.00470 -0.03440
vn -0.99940 -0.00470 -0.03440
vn -0.99940 -0.00470 -0.03440
vn -0.99924 0.00330 0.03880
vn -0.99924 0.00330 0.03880
vn -0.99924 0.00330 0.03880
vn -0.99946 -0.00000 0.03280
vn -0.99946 -0.00000 0.03280
vn -0.99946 -0.00000 0.03280
vn -0.16369 0.77026 -0.61637
vn -0.16369 0.77026 -0.61637
vn -0.16369 0.77026 -0.61637
vn 0.71288 0.70128 0.00000
vn 0.71288 0.70128 0.00000
vn 0.71288 0.70128 0.00000
vn -0.75029 -0.38409 -0.53809
vn -0.75029 -0.38409 -0.53809
vn -0.75029 -0.38409 -0.53809
vn 0.02970 -0.86632 -0.49861
vn 0.02970 -0.86632 -0.49861
vn 0.02970 -0.86632 -0.49861
vn -0.85401 -0.51941 -0.02970
vn -0.85401 -0.51941 -0.02970
vn -0.85401 -0.51941 -0.02970
vn -0.92730 -0.33130 0.17420
vn -0.92730 -0.33130 0.17420
vn -0.92730 -0.33130 0.17420
vn 0.00050 -0.97518 0.22140
vn 0.00050 -0.97518 0.22140
vn 0.00050 -0.97518 0.22140
vn -0.00000 -0.97431 0.22520
vn -0.00000 -0.97431 0.22520
vn -0.00000 -0.97431 0.22520
vn 0.99249 0.12230 0.00000
vn 0.99249 0.12230 0.00000
vn 0.99249 0.12230 0.00000
vn -1.00000 -0.00000 0.00000
vn -1.00000 -0.00000 0.00000
vn -1.00000 -0.00000 0.00000
vn 0.00000 -0.00000 -1.00000
vn 0.00000 -0.00000 -1.00000
vn 0.00000 -0.00000 -1.00000
vn 1.00000 -0.00000 -0.00000
vn 1.00000 -0.00000 -0.00000
vn 1.00000 -0.00000 -0.00000
vn 0.00000 -0.00000 1.00000
vn 0.00000 -0.00000 1.00000
vn 0.00000 -0.00000 1.00000
vn 0.78698 0.61698 -0.00000
vn 0.78698 0.61698 -0.00000
vn 0.78698 0.61698 -0.00000
vn 0.00000 0.78429 0.62039
vn 0.00000 0.78429 0.62039
vn 0.00000 0.78429 0.62039
vn -0.99979 -0.00000 -0.02060
vn -0.99979 -0.00000 -0.02060
vn -0.99979 -0.00000 -0.02060
vn -0.99979 -0.00000 0.02060
vn -0.99979 -0.00000 0.02060
vn -0.99979 -0.00000 0.02060
vn 0.00000 0.78429 -0.62039
vn 0.00000 0.78429 -0.62039
vn 0.00000 0.78429 -0.62039
vn 0.00000 -0.78429 -0.62039
vn 0.00000 -0.78429 -0.62039
vn 0.00000 -0.78429 -0.62039
vn 0.78698 -0.61698 -0.00000
vn 0.78698 -0.61698 -0.00000
vn 0.78698 -0.61698 -0.00000
vn 0.00000 -0.78429 0.62039
vn 0.00000 -0.78429 0.62039
vn 0.00000 -0.78429 0.62039
vn 0.01850 -0.04360 0.99888
vn 0.01850 -0.04360 0.99888
vn 0.01850 -0.04360 0.99888
vn 0.99988 0.00050 -0.01520
vn 0.99988 0.00050 -0.01520
vn 0.99988 0.00050 -0.01520
vn 0.99992 0.00570 -0.01090
vn 0.99992 0.00570 -0.01090
vn 0.99992 0.00570 -0.01090
vn 0.99403 -0.00490 0.10900
vn 0.99403 -0.00490 0.10900
vn 0.99403 -0.00490 0.10900
vn 0.01920 -0.99534 -0.09450
vn 0.01920 -0.99534 -0.09450
vn 0.01920 -0.99534 -0.09450
vn -0.99992 -0.00180 0.01230
vn -0.99992 -0.00180 0.01230
vn -0.99992 -0.00180 0.01230
vn -0.00080 0.04110 -0.99915
vn -0.00080 0.04110 -0.99915
vn -0.00080 0.04110 -0.99915
vn -0.00170 0.04440 -0.99901
vn -0.00170 0.04440 -0.99901
vn -0.00170 0.04440 -0.99901
vn 0.00010 -0.14440 0.98952
vn 0.00010 -0.14440 0.98952
vn 0.00010 -0.14440 0.98952
vn 0.00270 -0.14110 0.98999
vn 0.00270 -0.14110 0.98999
vn 0.00270 -0.14110 0.98999
vn 0.00110 0.99987 -0.01590
vn 0.00110 0.99987 -0.01590
vn 0.00110 0.99987 -0.01590
vn 0.01870 0.04680 0.99873
vn 0.01870 0.04680 0.99873
vn 0.01870 0.04680 0.99873
vn -0.01860 0.04170 -0.99896
vn -0.01860 0.04170 -0.99896
vn -0.01860 0.04170 -0.99896
vn -0.99998 -0.00550 0.00000
vn -0.99998 -0.00550 0.00000
vn -0.99998 -0.00550 0.00000
vn 0.34360 -0.93909 -0.00770
vn 0.34360 -0.93909 -0.00770
vn 0.34360 -0.93909 -0.00770
vn -0.09450 -0.14690 0.98463
vn -0.09450 -0.14690 0.98463
vn -0.09450 -0.14690 0.98463
vn -0.59129 -0.80409 -0.06170
vn -0.59129 -0.80409 -0.06170
vn -0.59129 -0.80409 -0.06170
vn 0.99057 0.12880 0.04670
vn 0.99057 0.12880 0.04670
vn 0.99057 0.12880 0.04670
vn -0.00620 -0.05490 0.99847
vn -0.00620 -0.05490 0.99847
vn -0.00620 -0.05490 0.99847
vn -0.00970 -0.02190 0.99971
vn -0.00970 -0.02190 0.99971
vn -0.00970 -0.02190 0.99971
vn -0.93166 0.35328 -0.08490
vn -0.93166 0.35328 -0.08490
vn -0.93166 0.35328 -0.08490
vn 0.00980 0.02220 -0.99971
vn 0.00980 0.02220 -0.99971
vn 0.00980 0.02220 -0.99971
vn 0.39950 0.91240 0.08900
vn 0.39950 0.91240 0.08900
vn 0.39950 0.91240 0.08900
vn -0.86377 -0.48958 -0.11920
vn -0.86377 -0.48958 -0.11920
vn -0.86377 -0.48958 -0.11920
vn 0.00740 0.05590 -0.99841
vn 0.00740 0.05590 -0.99841
vn 0.00740 0.05590 -0.99841
vn 0.78629 0.61589 0.04920
vn 0.78629 0.61589 0.04920
vn 0.78629 0.61589 0.04920
vn -0.01800 -0.04450 0.99885
vn -0.01800 -0.04450 0.99885
vn -0.01800 -0.04450 0.99885
vn 0.00000 0.09800 0.99519
vn 0.00000 0.09800 0.99519
vn 0.00000 0.09800 0.99519
vn 0.00000 -0.00000 1.00000
vn 0.00000 -0.00000 1.00000
vn 0.00000 -0.00000 1.00000
vn 0.00000 -0.00000 1.00000
vn 0.00000 -0.00000 1.00000
vn 0.00000 -0.00000 1.00000
vn 0.00000 -0.00000 1.00000
vn 0.00000 -0.00000 1.00000
vn 0.00000 -0.00000 1.00000
vn 0.06220 -0.06900 0.99568
vn 0.06220 -0.06900 0.99568
vn 0.06220 -0.06900 0.99568
vn -0.04610 -0.04340 0.99799
vn -0.04610 -0.04340 0.99799
vn -0.04610 -0.04340 0.99799
vn 0.00000 0.29031 0.95693
vn 0.00000 0.29031 0.95693
vn 0.00000 0.29031 0.95693
vn 0.00000 0.47141 0.88192
vn 0.00000 0.47141 0.88192
vn 0.00000 0.47141 0.88192
vn 0.00000 0.63440 0.77300
vn 0.00000 0.63440 0.77300
vn 0.00000 0.63440 0.77300
vn 0.00000 0.77300 0.63440
vn 0.00000 0.77300 0.63440
vn 0.00000 0.77300 0.63440
vn 0.00000 0.88192 0.47141
vn 0.00000 0.88192 0.47141
vn 0.00000 0.88192 0.47141
vn 0.00000 0.95693 0.29031
vn 0.00000 0.95693 0.29031
vn 0.00000 0.95693 0.29031
vn 0.00000 0.99519 0.09800
vn 0.00000 0.99519 0.09800
vn 0.00000 0.99519 0.09800
vn 0.00000 0.99519 -0.09800
vn 0.00000 0.99519 -0.09800
vn 0.00000 0.99519 -0.09800
vn 0.00000 0.95693 -0.29031
vn 0.00000 0.95693 -0.29031
vn 0.00000 0.95693 -0.29031
vn 0.00000 0.88192 -0.47141
vn 0.00000 0.88192 -0.47141
vn 0.00000 0.88192 -0.47141
vn 0.00000 0.77300 -0.63440
vn 0.00000 0.77300 -0.63440
vn 0.00000 0.77300 -0.63440
vn 0.00000 0.63440 -0.77300
vn 0.00000 0.63440 -0.77300
vn 0.00000 0.63440 -0.77300
vn 0.00000 0.47141 -0.88192
vn 0.00000 0.47141 -0.88192
vn 0.00000 0.47141 -0.88192
vn 0.00000 0.29031 -0.95693
vn 0.00000 0.29031 -0.95693
vn 0.00000 0.29031 -0.95693
vn 0.00000 0.09800 -0.99519
vn 0.00000 0.09800 -0.99519
vn 0.00000 0.09800 -0.99519
vn 0.00000 -0.09800 -0.99519
vn 0.00000 -0.09800 -0.99519
vn 0.00000 -0.09800 -0.99519
vn 0.00000 -0.29031 -0.95693
vn 0.00000 -0.29031 -0.95693
vn 0.00000 -0.29031 -0.95693
vn 0.00000 -0.47141 -0.88192
vn 0.00000 -0.47141 -0.88192
vn 0.00000 -0.47141 -0.88192
vn 0.00000 -0.63440 -0.77300
vn 0.00000 -0.63440 -0.77300
vn 0.00000 -0.63440 -0.77300
vn 0.00000 -0.77300 -0.63440
vn 0.00000 -0.77300 -0.63440
vn 0.00000 -0.77300 -0.63440
vn 0.00000 -0.88192 -0.47141
vn 0.00000 -0.88192 -0.47141
vn 0.00000 -0.88192 -0.47141
vn 0.00000 -0.95693 -0.29031
vn 0.00000 -0.95693 -0.29031
vn 0.00000 -0.95693 -0.29031
vn 0.00000 -0.99519 -0.09800
vn 0.00000 -0.99519 -0.09800
vn 0.00000 -0.99519 -0.09800
vn 0.00000 -0.99519 0.09800
vn 0.00000 -0.99519 0.09800
vn 0.00000 -0.99519 0.09800
vn 0.00000 -0.95693 0.29031
vn 0.00000 -0.95693 0.29031
vn 0.00000 -0.95693 0.29031
vn 0.00000 -0.88192 0.47141
vn 0.00000 -0.88192 0.47141
vn 0.00000 -0.88192 0.47141
vn 0.00000 -0.77300 0.63440
vn 0.00000 -0.77300 0.63440
vn 0.00000 -0.77300 0.63440
vn 0.00000 -0.63440 0.77300
vn 0.00000 -0.63440 0.77300
vn 0.00000 -0.63440 0.77300
vn 0.00000 -0.47141 0.88192
vn 0.00000 -0.47141 0.88192
vn 0.00000 -0.47141 0.88192
vn 0.00000 -0.29031 0.95693
vn 0.00000 -0.29031 0.95693
vn 0.00000 -0.29031 0.95693
vn -1.00000 -0.00000 0.00000
vn -1.00000 -0.00000 0.00000
vn -1.00000 -0.00000 0.00000
vn -1.00000 -0.00000 0.00000
vn -1.00000 -0.00000 0.00000
vn -1.00000 -0.00000 0.00000
vn -1.00000 -0.00000 0.00000
vn -1.00000 -0.00000 0.00000
vn -1.00000 -0.00000 0.00000
vn -1.00000 -0.00000 0.00000
vn -1.00000 -0.00000 0.00000
vn -1.00000 -0.00000 0.00000
vn -1.00000 -0.00000 0.00000
vn -1.00000 -0.00000 0.00000
vn -1.00000 -0.00000 0.00000
vn -1.00000 -0.00000 0.00000
vn -1.00000 -0.00000 0.00000
vn -1.00000 -0.00000 0.00000
vn -1.00000 -0.00000 0.00000
vn -1.00000 -0.00000 0.00000
vn -1.00000 -0.00000 0.00000
vn -1.00000 -0.00000 0.00000
vn -1.00000 -0.00000 0.00000
vn -1.00000 -0.00000 0.00000
vn -1.00000 -0.00000 0.00000
vn -1.00000 -0.00000 0.00000
vn -1.00000 -0.00000 0.00000
vn -1.00000 -0.00000 0.00000
vn -1.00000 -0.00000 0.00000
vn -1.00000 -0.00000 0.00000
vn -1.00000 -0.00000 0.00000
vn -1.00000 -0.00000 0.00000
vn -1.00000 -0.00000 0.00000
vn -1.00000 -0.00000 0.00000
vn -1.00000 -0.00000 0.00000
vn -1.00000 -0.00000 0.00000
vn -1.00000 -0.00000 0.00000
vn -1.00000 -0.00000 0.00000
vn -1.00000 -0.00000 0.00000
vn -1.00000 -0.00000 0.00000
vn -1.00000 -0.00000 0.00000
vn -1.00000 -0.00000 0.00000
vn -1.00000 -0.00000 0.00000
vn -1.00000 -0.00000 0.00000
vn -1.00000 -0.00000 0.00000
vn -1.00000 -0.00000 0.00000
vn -1.00000 -0.00000 0.00000
vn -1.00000 -0.00000 0.00000
vn -1.00000 -0.00000 0.00000
vn -1.00000 -0.00000 0.00000
vn -1.00000 -0.00000 0.00000
vn -1.00000 -0.00000 0.00000
vn -1.00000 -0.00000 0.00000
vn -1.00000 -0.00000 0.00000
vn -1.00000 -0.00000 0.00000
vn -1.00000 -0.00000 0.00000
vn -1.00000 -0.00000 0.00000
vn -1.00000 -0.00000 0.00000
vn -1.00000 -0.00000 0.00000
vn -1.00000 -0.00000 0.00000
vn -1.00000 -0.00000 0.00000
vn -1.00000 -0.00000 0.00000
vn -1.00000 -0.00000 0.00000
vn -1.00000 -0.00000 0.00000
vn -1.00000 -0.00000 0.00000
vn -1.00000 -0.00000 0.00000
vn -1.00000 -0.00000 0.00000
vn -1.00000 -0.00000 0.00000
vn -1.00000 -0.00000 0.00000
vn -1.00000 -0.00000 0.00000
vn -1.00000 -0.00000 0.00000
vn -1.00000 -0.00000 0.00000
vn -1.00000 -0.00000 0.00000
vn -1.00000 -0.00000 0.00000
vn -1.00000 -0.00000 0.00000
vn -1.00000 -0.00000 0.00000
vn -1.00000 -0.00000 0.00000
vn -1.00000 -0.00000 0.00000
vn -1.00000 -0.00000 0.00000
vn -1.00000 -0.00000 0.00000
vn -1.00000 -0.00000 0.00000
vn -1.00000 -0.00000 0.00000
vn -1.00000 -0.00000 0.00000
vn -1.00000 -0.00000 0.00000
vn -1.00000 -0.00000 0.00000
vn -1.00000 -0.00000 0.00000
vn -1.00000 -0.00000 0.00000
vn 0.00000 -0.09800 0.99519
vn 0.00000 -0.09800 0.99519
vn 0.00000 -0.09800 0.99519
vn -0.00150 -0.94321 -0.33220
vn -0.00150 -0.94321 -0.33220
vn -0.00150 -0.94321 -0.33220
vn 1.00000 -0.00000 -0.00000
vn 1.00000 -0.00000 -0.00000
vn 1.00000 -0.00000 -0.00000
vn 1.00000 -0.00000 -0.00000
vn 1.00000 -0.00000 -0.00000
vn 1.00000 -0.00000 -0.00000
vn 1.00000 -0.00000 -0.00000
vn 1.00000 -0.00000 -0.00000
vn 1.00000 -0.00000 -0.00000
vn 1.00000 -0.00000 -0.00000
vn 1.00000 -0.00000 -0.00000
vn 1.00000 -0.00000 -0.00000
vn 1.00000 -0.00000 -0.00000
vn 1.00000 -0.00000 -0.00000
vn 1.00000 -0.00000 -0.00000
vn 1.00000 -0.00000 -0.00000
vn 1.00000 -0.00000 -0.00000
vn 1.00000 -0.00000 -0.00000
vn 1.00000 -0.00000 -0.00000
vn 1.00000 -0.00000 -0.00000
vn 1.00000 -0.00000 -0.00000
vn 1.00000 -0.00000 -0.00000
vn 1.00000 -0.00000 -0.00000
vn 1.00000 -0.00000 -0.00000
vn 1.00000 -0.00000 -0.00000
vn 1.00000 -0.00000 -0.00000
vn 1.00000 -0.00000 -0.00000
vn 1.00000 -0.00000 -0.00000
vn 1.00000 -0.00000 -0.00000
vn 1.00000 -0.00000 -0.00000
vn 1.00000 -0.00000 -0.00000
vn 1.00000 -0.00000 -0.00000
vn 1.00000 -0.00000 -0.00000
vn 1.00000 -0.00000 -0.00000
vn 1.00000 -0.00000 -0.00000
vn 1.00000 -0.00000 -0.00000
vn 1.00000 -0.00000 -0.00000
vn 1.00000 -0.00000 -0.00000
vn 1.00000 -0.00000 -0.00000
vn 1.00000 -0.00000 -0.00000
vn 1.00000 -0.00000 -0.00000
vn 1.00000 -0.00000 -0.00000
vn 1.00000 -0.00000 -0.00000
vn 1.00000 -0.00000 -0.00000
vn 1.00000 -0.00000 -0.00000
vn 1.00000 -0.00000 -0.00000
vn 1.00000 -0.00000 -0.00000
vn 1.00000 -0.00000 -0.00000
vn 1.00000 -0.00000 -0.00000
vn 1.00000 -0.00000 -0.00000
vn 1.00000 -0.00000 -0.00000
vn 1.00000 -0.00000 -0.00000
vn 1.00000 -0.00000 -0.00000
vn 1.00000 -0.00000 -0.00000
vn 1.00000 -0.00000 -0.00000
vn 1.00000 -0.00000 -0.00000
vn 1.00000 -0.00000 -0.00000
vn -1.00000 -0.00000 0.00000
vn -1.00000 -0.00000 0.00000
vn -1.00000 -0.00000 0.00000
vn 0.00000 -0.99731 -0.07330
vn 0.00000 -0.99731 -0.07330
vn 0.00000 -0.99731 -0.07330
vn -0.00150 0.90188 -0.43199
vn -0.00150 0.90188 -0.43199
vn -0.00150 0.90188 -0.43199
vn 0.00000 0.75701 -0.65341
vn 0.00000 0.75701 -0.65341
vn 0.00000 0.75701 -0.65341
vn -0.00150 -0.96881 0.24780
vn -0.00150 -0.96881 0.24780
vn -0.00150 -0.96881 0.24780
vn 0.00000 -0.86991 0.49321
vn 0.00000 -0.86991 0.49321
vn 0.00000 -0.86991 0.49321
vn -0.00170 0.48681 -0.87351
vn -0.00170 0.48681 -0.87351
vn -0.00170 0.48681 -0.87351
vn -0.00170 -0.64780 0.76180
vn -0.00170 -0.64780 0.76180
vn -0.00170 -0.64780 0.76180
vn -0.00150 0.14180 -0.98989
vn -0.00150 0.14180 -0.98989
vn -0.00150 0.14180 -0.98989
vn 0.00000 -0.12271 -0.99244
vn 0.00000 -0.12271 -0.99244
vn 0.00000 -0.12271 -0.99244
vn -0.00150 -0.33220 0.94321
vn -0.00150 -0.33220 0.94321
vn -0.00150 -0.33220 0.94321
vn -0.00170 -0.45587 -0.89004
vn -0.00170 -0.45587 -0.89004
vn -0.00170 -0.45587 -0.89004
vn -0.00170 -0.76176 -0.64786
vn -0.00170 -0.76176 -0.64786
vn -0.00170 -0.76176 -0.64786
vn 0.00230 0.99330 -0.11550
vn 0.00230 0.99330 -0.11550
vn 0.00230 0.99330 -0.11550
vn -0.00580 0.62071 0.78402
vn -0.00580 0.62071 0.78402
vn -0.00580 0.62071 0.78402
vn -1.00000 -0.00000 0.00000
vn -1.00000 -0.00000 0.00000
vn -1.00000 -0.00000 0.00000
vn -1.00000 -0.00000 0.00000
vn -1.00000 -0.00000 0.00000
vn -1.00000 -0.00000 0.00000
vn -1.00000 -0.00000 0.00000
vn -1.00000 -0.00000 0.00000
vn -1.00000 -0.00000 0.00000
vn -1.00000 -0.00000 0.00000
vn -1.00000 -0.00000 0.00000
vn -1.00000 -0.00000 0.00000
vn -1.00000 -0.00000 0.00000
vn -1.00000 -0.00000 0.00000
vn -1.00000 -0.00000 0.00000
vn -1.00000 -0.00000 0.00000
vn -1.00000 -0.00000 0.00000
vn -1.00000 -0.00000 0.00000
vn -1.00000 -0.00000 0.00000
vn -1.00000 -0.00000 0.00000
vn -1.00000 -0.00000 0.00000
vn -1.00000 -0.00000 0.00000
vn -1.00000 -0.00000 0.00000
vn -1.00000 -0.00000 0.00000
vn -1.00000 -0.00000 0.00000
vn -1.00000 -0.00000 0.00000
vn -1.00000 -0.00000 0.00000
vn 1.00000 -0.00000 -0.00000
vn 1.00000 -0.00000 -0.00000
vn 1.00000 -0.00000 -0.00000
vn 1.00000 -0.00000 -0.00000
vn 1.00000 -0.00000 -0.00000
vn 1.00000 -0.00000 -0.00000
vn 1.00000 -0.00000 -0.00000
vn 1.00000 -0.00000 -0.00000
vn 1.00000 -0.00000 -0.00000
vn 1.00000 -0.00000 -0.00000
vn 1.00000 -0.00000 -0.00000
vn 1.00000 -0.00000 -0.00000
vn 1.00000 -0.00000 -0.00000
vn 1.00000 -0.00000 -0.00000
vn 1.00000 -0.00000 -0.00000
vn 1.00000 -0.00000 -0.00000
vn 1.00000 -0.00000 -0.00000
vn 1.00000 -0.00000 -0.00000
vn 1.00000 -0.00000 -0.00000
vn 1.00000 -0.00000 -0.00000
vn 1.00000 -0.00000 -0.00000
vn 1.00000 -0.00000 -0.00000
vn 1.00000 -0.00000 -0.00000
vn 1.00000 -0.00000 -0.00000
vn 1.00000 -0.00000 -0.00000
vn 1.00000 -0.00000 -0.00000
vn 1.00000 -0.00000 -0.00000
vn 1.00000 -0.00000 -0.00000
vn 1.00000 -0.00000 -0.00000
vn 1.00000 -0.00000 -0.00000
vn 1.00000 -0.00000 -0.00000
vn 1.00000 -0.00000 -0.00000
vn 1.00000 -0.00000 -0.00000
vn 1.00000 -0.00000 -0.00000
vn 1.00000 -0.00000 -0.00000
vn 1.00000 -0.00000 -0.00000
vn 1.00000 -0.00000 -0.00000
vn 1.00000 -0.00000 -0.00000
vn 1.00000 -0.00000 -0.00000
vn 1.00000 -0.00000 -0.00000
vn 1.00000 -0.00000 -0.00000
vn 1.00000 -0.00000 -0.00000
vn 1.00000 -0.00000 -0.00000
vn 1.00000 -0.00000 -0.00000
vn 1.00000 -0.00000 -0.00000
vn -0.00580 -0.30700 0.95169
vn -0.00580 -0.30700 0.95169
vn -0.00580 -0.30700 0.95169
vn 0.00770 -0.30699 -0.95168
vn 0.00770 -0.30699 -0.95168
vn 0.00770 -0.30699 -0.95168
vn -0.00560 0.86994 0.49312
vn -0.00560 0.86994 0.49312
vn -0.00560 0.86994 0.49312
vn -0.00580 -0.62071 -0.78402
vn -0.00580 -0.62071 -0.78402
vn -0.00580 -0.62071 -0.78402
vn -0.00580 -0.87350 -0.48680
vn -0.00580 -0.87350 -0.48680
vn -0.00580 -0.87350 -0.48680
vn 0.00770 0.99328 -0.11550
vn 0.00770 0.99328 -0.11550
vn 0.00770 0.99328 -0.11550
vn -0.00500 -0.98988 -0.14180
vn -0.00500 -0.98988 -0.14180
vn -0.00500 -0.98988 -0.14180
vn -0.00500 0.90187 -0.43198
vn -0.00500 0.90187 -0.43198
vn -0.00500 0.90187 -0.43198
vn 0.00000 -0.99244 0.12271
vn 0.00000 -0.99244 0.12271
vn 0.00000 -0.99244 0.12271
vn 0.00000 0.75701 -0.65341
vn 0.00000 0.75701 -0.65341
vn 0.00000 0.75701 -0.65341
vn -0.00580 -0.89001 0.45590
vn -0.00580 -0.89001 0.45590
vn -0.00580 -0.89001 0.45590
vn -0.00500 0.50979 -0.86028
vn -0.00500 0.50979 -0.86028
vn -0.00500 0.50979 -0.86028
vn -0.00500 0.05400 0.99853
vn -0.00500 0.05400 0.99853
vn -0.00500 0.05400 0.99853
vn 0.00000 0.31401 0.94942
vn 0.00000 0.31401 0.94942
vn 0.00000 0.31401 0.94942
vn -0.00580 -0.64779 0.76179
vn -0.00580 -0.64779 0.76179
vn -0.00580 -0.64779 0.76179
vn -0.00000 0.98434 -0.17631
vn -0.00000 0.98434 -0.17631
vn -0.00000 0.98434 -0.17631
vn -0.00000 0.98434 -0.17631
vn -0.00000 0.98434 -0.17631
vn -0.00000 0.98434 -0.17631
vn -0.00000 -0.64401 -0.76501
vn -0.00000 -0.64401 -0.76501
vn -0.00000 -0.64401 -0.76501
vn 0.00010 -0.64401 -0.76501
vn 0.00010 -0.64401 -0.76501
vn 0.00010 -0.64401 -0.76501
vn 0.89417 -0.26319 0.36219
vn 0.89417 -0.26319 0.36219
vn 0.89417 -0.26319 0.36219
vn 0.90165 0.27668 0.33238
vn 0.90165 0.27668 0.33238
vn 0.90165 0.27668 0.33238
vn 0.90226 -0.27359 -0.33328
vn 0.90226 -0.27359 -0.33328
vn 0.90226 -0.27359 -0.33328
vn 0.33800 -0.59621 -0.72821
vn 0.33800 -0.59621 -0.72821
vn 0.33800 -0.59621 -0.72821
vn 0.89840 0.02930 0.43820
vn 0.89840 0.02930 0.43820
vn 0.89840 0.02930 0.43820
vn -1.00000 -0.00000 0.00000
vn -1.00000 -0.00000 0.00000
vn -1.00000 -0.00000 0.00000
vn 0.34118 -0.01670 -0.93985
vn 0.34118 -0.01670 -0.93985
vn 0.34118 -0.01670 -0.93985
vn 0.92030 -0.01580 -0.39090
vn 0.92030 -0.01580 -0.39090
vn 0.92030 -0.01580 -0.39090
vn 0.90978 0.02560 0.41429
vn 0.90978 0.02560 0.41429
vn 0.90978 0.02560 0.41429
f 1/1/1 2/2/2 3/3/3
f 4/4/4 5/5/5 6/6/6
f 7/7/7 8/8/8 9/9/9
f 10/10/10 11/11/11 12/12/12
f 13/13/13 14/14/14 15/15/15
f 16/16/16 17/17/17 18/18/18
f 19/19/19 20/20/20 21/21/21
f 22/22/22 23/23/23 24/24/24
f 25/25/25 26/26/26 27/27/27
f 28/28/28 29/29/29 30/30/30
f 31/31/31 32/32/32 33/33/33
f 34/34/34 35/35/35 36/36/36
f 37/37/37 38/38/38 39/39/39
f 40/40/40 41/41/41 42/42/42
f 43/43/43 44/44/44 45/45/45
f 46/46/46 47/47/47 48/48/48
f 49/49/49 50/50/50 51/51/51
f 52/52/52 53/53/53 54/54/54
f 55/55/55 56/56/56 57/57/57
f 58/58/58 59/59/59 60/60/60
f 61/61/61 62/62/62 63/63/63
f 64/64/64 65/65/65 66/66/66
f 67/67/67 68/68/68 69/69/69
f 70/70/70 71/71/71 72/72/72
f 73/73/73 74/74/74 75/75/75
f 76/76/76 77/77/77 78/78/78
f 79/79/79 80/80/80 81/81/81
f 82/82/82 83/83/83 84/84/84
f 85/85/85 86/86/86 87/87/87
f 88/88/88 89/89/89 90/90/90
f 91/91/91 92/92/92 93/93/93
f 94/94/94 95/95/95 96/96/96
f 97/97/97 98/98/98 99/99/99
f 100/100/100 101/101/101 102/102/102
f 103/103/103 104/104/104 105/105/105
f 106/106/106 107/107/107 108/108/108
f 109/109/109 110/110/110 111/111/111
f 112/112/112 113/113/113 114/114/114
f 115/115/115 116/116/116 117/117/117
f 118/118/118 119/119/119 120/120/120
f 121/121/121 122/122/122 123/123/123
f 124/124/124 125/125/125 126/126/126
f 127/127/127 128/128/128 129/129/129
f 130/130/130 131/131/131 132/132/132
f 133/133/133 134/134/134 135/135/135
f 136/136/136 137/137/137 138/138/138
f 139/139/139 140/140/140 141/141/141
f 142/142/142 143/143/143 144/144/144
f 145/145/145 146/146/146 147/147/147
f 148/148/148 149/149/149 150/150/150
f 151/151/151 152/152/152 153/153/153
f 154/154/154 155/155/155 156/156/156
f 157/157/157 158/158/158 159/159/159
f 160/160/160 161/161/161 162/162/162
f 163/163/163 164/164/164 165/165/165
f 166/166/166 167/167/167 168/168/168
f 169/169/169 170/170/170 171/171/171
f 172/172/172 173/173/173 174/174/174
f 175/175/175 176/176/176 177/177/177
f 178/178/178 179/179/179 180/180/180
f 181/181/181 182/182/182 183/183/183
f 184/184/184 185/185/185 186/186/186
f 187/187/187 188/188/188 189/189/189
f 190/190/190 191/191/191 192/192/192
f 193/193/193 194/194/194 195/195/195
f 196/196/196 197/197/197 198/198/198
f 199/199/199 200/200/200 201/201/201
f 202/202/202 203/203/203 204/204/204
f 205/205/205 206/206/206 207/207/207
f 208/208/208 209/209/209 210/210/210
f 211/211/211 212/212/212 213/213/213
f 214/214/214 215/215/215 216/216/216
f 217/217/217 218/218/218 219/219/219
f 220/220/220 221/221/221 222/222/222
f 223/223/223 224/224/224 225/225/225
f 226/226/226 227/227/227 228/228/228
f 229/229/229 230/230/230 231/231/231
f 232/232/232 233/233/233 234/234/234
f 235/235/235 236/236/236 237/237/237
f 238/238/238 239/239/239 240/240/240
f 241/241/241 242/242/242 243/243/243
f 244/244/244 245/245/245 246/246/246
f 247/247/247 248/248/248 249/249/249
f 250/250/250 251/251/251 252/252/252
f 253/253/253 254/254/254 255/255/255
f 256/256/256 257/257/257 258/258/258
f 259/259/259 260/260/260 261/261/261
f 262/262/262 263/263/263 264/264/264
f 265/265/265 266/266/266 267/267/267
f 268/268/268 269/269/269 270/270/270
f 271/271/271 272/272/272 273/273/273
f 274/274/274 275/275/275 276/276/276
f 277/277/277 278/278/278 279/279/279
f 280/280/280 281/281/281 282/282/282
f 283/283/283 284/284/284 285/285/285
f 286/286/286 287/287/287 288/288/288
f 289/289/289 290/290/290 291/291/291
f 292/292/292 293/293/293 294/294/294
f 295/295/295 296/296/296 297/297/297
f 298/298/298 299/299/299 300/300/300
f 301/301/301 302/302/302 303/303/303
f 304/304/304 305/305/305 306/306/306
f 307/307/307 308/308/308 309/309/309
f 310/310/310 311/311/311 312/312/312
f 313/313/313 314/314/314 315/315/315
f 316/316/316 317/317/317 318/318/318
f 319/319/319 320/320/320 321/321/321
f 322/322/322 323/323/323 324/324/324
f 325/325/325 326/326/326 327/327/327
f 328/328/328 329/329/329 330/330/330
f 331/331/331 332/332/332 333/333/333
f 334/334/334 335/335/335 336/336/336
f 337/337/337 338/338/338 339/339/339
f 340/340/340 341/341/341 342/342/342
f 343/343/343 344/344/344 345/345/345
f 346/346/346 347/347/347 348/348/348
f 349/349/349 350/350/350 351/351/351
f 352/352/352 353/353/353 354/354/354
f 355/355/355 356/356/356 357/357/357
f 358/358/358 359/359/359 360/360/360
f 361/361/361 362/362/362 363/363/363
f 364/364/364 365/365/365 366/366/366
f 367/367/367 368/368/368 369/369/369
f 370/370/370 371/371/371 372/372/372
f 373/373/373 374/374/374 375/375/375
f 376/376/376 377/377/377 378/378/378
f 379/379/379 380/380/380 381/381/381
f 382/382/382 383/383/383 384/384/384
f 385/385/385 386/386/386 387/387/387
f 388/388/388 389/389/389 390/390/390
f 391/391/391 392/392/392 393/393/393
f 394/394/394 395/395/395 396/396/396
f 397/397/397 398/398/398 399/399/399
f 400/400/400 401/401/401 402/402/402
f 403/403/403 404/404/404 405/405/405
f 406/406/406 407/407/407 408/408/408
f 409/409/409 410/410/410 411/411/411
f 412/412/412 413/413/413 414/414/414
f 415/415/415 416/416/416 417/417/417
f 418/418/418 419/419/419 420/420/420
f 421/421/421 422/422/422 423/423/423
f 424/424/424 425/425/425 426/426/426
f 427/427/427 428/428/428 429/429/429
f 430/430/430 431/431/431 432/432/432
f 433/433/433 434/434/434 435/435/435
f 436/436/436 437/437/437 438/438/438
f 439/439/439 440/440/440 441/441/441
f 442/442/442 443/443/443 444/444/444
f 445/445/445 446/446/446 447/447/447
f 448/448/448 449/449/449 450/450/450
f 451/451/451 452/452/452 453/453/453
f 454/454/454 455/455/455 456/456/456
f 457/457/457 458/458/458 459/459/459
f 460/460/460 461/461/461 462/462/462
f 463/463/463 464/464/464 465/465/465
f 466/466/466 467/467/467 468/468/468
f 469/469/469 470/470/470 471/471/471
f 472/472/472 473/473/473 474/474/474
f 475/475/475 476/476/476 477/477/477
f 478/478/478 479/479/479 480/480/480
f 481/481/481 482/482/482 483/483/483
f 484/484/484 485/485/485 486/486/486
f 487/487/487 488/488/488 489/489/489
f 490/490/490 491/491/491 492/492/492
f 493/493/493 494/494/494 495/495/495
f 496/496/496 497/497/497 498/498/498
f 499/499/499 500/500/500 501/501/501
f 502/502/502 503/503/503 504/504/504
f 505/505/505 506/506/506 507/507/507
f 508/508/508 509/509/509 510/510/510
f 511/511/511 512/512/512 513/513/513
f 514/514/514 515/515/515 516/516/516
f 517/517/517 518/518/518 519/519/519
f 520/520/520 521/521/521 522/522/522
f 523/523/523 524/524/524 525/525/525
f 526/526/526 527/527/527 528/528/528
f 529/529/529 530/530/530 531/531/531
f 532/532/532 533/533/533 534/534/534
f 535/535/535 536/536/536 537/537/537
f 538/538/538 539/539/539 540/540/540
f 541/541/541 542/542/542 543/543/543
f 544/544/544 545/545/545 546/546/546
f 547/547/547 548/548/548 549/549/549
f 550/550/550 551/551/551 552/552/552
f 553/553/553 554/554/554 555/555/555
f 556/556/556 557/557/557 558/558/558
f 559/559/559 560/560/560 561/561/561
f 562/562/562 563/563/563 564/564/564
f 565/565/565 566/566/566 567/567/567
f 568/568/568 569/569/569 570/570/570
f 571/571/571 572/572/572 573/573/573
f 574/574/574 575/575/575 576/576/576
f 577/577/577 578/578/578 579/579/579
f 580/580/580 581/581/581 582/582/582
f 583/583/583 584/584/584 585/585/585
f 586/586/586 587/587/587 588/588/588
f 589/589/589 590/590/590 591/591/591
f 592/592/592 593/593/593 594/594/594
f 595/595/595 596/596/596 597/597/597
f 598/598/598 599/599/599 600/600/600
f 601/601/601 602/602/602 603/603/603
f 604/604/604 605/605/605 606/606/606
f 607/607/607 608/608/608 609/609/609
f 610/610/610 611/611/611 612/612/612
f 613/613/613 614/614/614 615/615/615
f 616/616/616 617/617/617 618/618/618
f 619/619/619 620/620/620 621/621/621
f 622/622/622 623/623/623 624/624/624
f 625/625/625 626/626/626 627/627/627
f 628/628/628 629/629/629 630/630/630
f 631/631/631 632/632/632 633/633/633
f 634/634/634 635/635/635 636/636/636
f 637/637/637 638/638/638 639/639/639
f 640/640/640 641/641/641 642/642/642
f 643/643/643 644/644/644 645/645/645
f 646/646/646 647/647/647 648/648/648
f 649/649/649 650/650/650 651/651/651
f 652/652/652 653/653/653 654/654/654
f 655/655/655 656/656/656 657/657/657
f 658/658/658 659/659/659 660/660/660
f 661/661/661 662/662/662 663/663/663
f 664/664/664 665/665/665 666/666/666
f 667/667/667 668/668/668 669/669/669
f 670/670/670 671/671/671 672/672/672
f 673/673/673 674/674/674 675/675/675
f 676/676/676 677/677/677 678/678/678
f 679/679/679 680/680/680 681/681/681
f 682/682/682 683/683/683 684/684/684
f 685/685/685 686/686/686 687/687/687
f 688/688/688 689/689/689 690/690/690
f 691/691/691 692/692/692 693/693/693
f 694/694/694 695/695/695 696/696/696
f 697/697/697 698/698/698 699/699/699
f 700/700/700 701/701/701 702/702/702
f 703/703/703 704/704/704 705/705/705
f 706/706/706 707/707/707 708/708/708
f 709/709/709 710/710/710 711/711/711
f 712/712/712 713/713/713 714/714/714
f 715/715/715 716/716/716 717/717/717
f 718/718/718 719/719/719 720/720/720
f 721/721/721 722/722/722 723/723/723
f 724/724/724 725/725/725 726/726/726
f 727/727/727 728/728/728 729/729/729
f 730/730/730 731/731/731 732/732/732
f 733/733/733 734/734/734 735/735/735
f 736/736/736 737/737/737 738/738/738
f 739/739/739 740/740/740 741/741/741
f 742/742/742 743/743/743 744/744/744
f 745/745/745 746/746/746 747/747/747
f 748/748/748 749/749/749 750/750/750
f 751/751/751 752/752/752 753/753/753
f 754/754/754 755/755/755 756/756/756
f 757/757/757 758/758/758 759/759/759
f 760/760/760 761/761/761 762/762/762
f 763/763/763 764/764/764 765/765/765
f 766/766/766 767/767/767 768/768/768
f 769/769/769 770/770/770 771/771/771
f 772/772/772 773/773/773 774/774/774
f 775/775/775 776/776/776 777/777/777
f 778/778/778 779/779/779 780/780/780
f 781/781/781 782/782/782 783/783/783
f 784/784/784 785/785/785 786/786/786
f 787/787/787 788/788/788 789/789/789
f 790/790/790 791/791/791 792/792/792
f 793/793/793 794/794/794 795/795/795
f 796/796/796 797/797/797 798/798/798
f 799/799/799 800/800/800 801/801/801
f 802/802/802 803/803/803 804/804/804
f 805/805/805 806/806/806 807/807/807
f 808/808/808 809/809/809 810/810/810
f 811/811/811 812/812/812 813/813/813
f 814/814/814 815/815/815 816/816/816
f 817/817/817 818/818/818 819/819/819
f 820/820/820 821/821/821 822/822/822
f 823/823/823 824/824/824 825/825/825
f 826/826/826 827/827/827 828/828/828
f 829/829/829 830/830/830 831/831/831
f 832/832/832 833/833/833 834/834/834
f 835/835/835 836/836/836 837/837/837
f 838/838/838 839/839/839 840/840/840
f 841/841/841 842/842/842 843/843/843
f 844/844/844 845/845/845 846/846/846
f 847/847/847 848/848/848 849/849/849
f 850/850/850 851/851/851 852/852/852
f 853/853/853 854/854/854 855/855/855
f 856/856/856 857/857/857 858/858/858
f 859/859/859 860/860/860 861/861/861
f 862/862/862 863/863/863 864/864/864
f 865/865/865 866/866/866 867/867/867
f 868/868/868 869/869/869 870/870/870
f 871/871/871 872/872/872 873/873/873
f 874/874/874 875/875/875 876/876/876
f 877/877/877 878/878/878 879/879/879
f 880/880/880 881/881/881 882/882/882
f 883/883/883 884/884/884 885/885/885
f 886/886/886 887/887/887 888/888/888
f 889/889/889 890/890/890 891/891/891
f 892/892/892 893/893/893 894/894/894
f 895/895/895 896/896/896 897/897/897
f 898/898/898 899/899/899 900/900/900
f 901/901/901 902/902/902 903/903/903
f 904/904/904 905/905/905 906/906/906
f 907/907/907 908/908/908 909/909/909
f 910/910/910 911/911/911 912/912/912
f 913/913/913 914/914/914 915/915/915
f 916/916/916 917/917/917 918/918/918
f 919/919/919 920/920/920 921/921/921
f 922/922/922 923/923/923 924/924/924
f 925/925/925 926/926/926 927/927/927
f 928/928/928 929/929/929 930/930/930
f 931/931/931 932/932/932 933/933/933
f 934/934/934 935/935/935 936/936/936
f 937/937/937 938/938/938 939/939/939
f 940/940/940 941/941/941 942/942/942
f 943/943/943 944/944/944 945/945/945
f 946/946/946 947/947/947 948/948/948
f 949/949/949 950/950/950 951/951/951
f 952/952/952 953/953/953 954/954/954
f 955/955/955 956/956/956 957/957/957
f 958/958/958 959/959/959 960/960/960
f 961/961/961 962/962/962 963/963/963
f 964/964/964 965/965/965 966/966/966
f 967/967/967 968/968/968 969/969/969
f 970/970/970 971/971/971 972/972/972
f 973/973/973 974/974/974 975/975/975
f 976/976/976 977/977/977 978/978/978
f 979/979/979 980/980/980 981/981/981
f 982/982/982 983/983/983 984/984/984
f 985/985/985 986/986/986 987/987/987
f 988/988/988 989/989/989 990/990/990
f 991/991/991 992/992/992 993/993/993
f 994/994/994 995/995/995 996/996/996
f 997/997/997 998/998/998 999/999/999
f 1000/1000/1000 1001/1001/1001 1002/1002/1002
f 1003/1003/1003 1004/1004/1004 1005/1005/1005
f 1006/1006/1006 1007/1007/1007 1008/1008/1008
f 1009/1009/1009 1010/1010/1010 1011/1011/1011
f 1012/1012/1012 1013/1013/1013 1014/1014/1014
f 1015/1015/1015 1016/1016/1016 1017/1017/1017
f 1018/1018/1018 1019/1019/1019 1020/1020/1020
f 1021/1021/1021 1022/1022/1022 1023/1023/1023
f 1024/1024/1024 1025/1025/1025 1026/1026/1026
f 1027/1027/1027 1028/1028/1028 1029/1029/1029
f 1030/1030/1030 1031/1031/1031 1032/1032/1032
f 1033/1033/1033 1034/1034/1034 1035/1035/1035
f 1036/1036/1036 1037/1037/1037 1038/1038/1038
f 1039/1039/1039 1040/1040/1040 1041/1041/1041
f 1042/1042/1042 1043/1043/1043 1044/1044/1044
f 1045/1045/1045 1046/1046/1046 1047/1047/1047
f 1048/1048/1048 1049/1049/1049 1050/1050/1050
f 1051/1051/1051 1052/1052/1052 1053/1053/1053
f 1054/1054/1054 1055/1055/1055 1056/1056/1056
f 1057/1057/1057 1058/1058/1058 1059/1059/1059
f 1060/1060/1060 1061/1061/1061 1062/1062/1062
f 1063/1063/1063 1064/1064/1064 1065/1065/1065
f 1066/1066/1066 1067/1067/1067 1068/1068/1068
f 1069/1069/1069 1070/1070/1070 1071/1071/1071
f 1072/1072/1072 1073/1073/1073 1074/1074/1074
f 1075/1075/1075 1076/1076/1076 1077/1077/1077
f 1078/1078/1078 1079/1079/1079 1080/1080/1080
f 1081/1081/1081 1082/1082/1082 1083/1083/1083
f 1084/1084/1084 1085/1085/1085 1086/1086/1086
f 1087/1087/1087 1088/1088/1088 1089/1089/1089
f 1090/1090/1090 1091/1091/1091 1092/1092/1092
f 1093/1093/1093 1094/1094/1094 1095/1095/1095
f 1096/1096/1096 1097/1097/1097 1098/1098/1098
f 1099/1099/1099 1100/1100/1100 1101/1101/1101
f 1102/1102/1102 1103/1103/1103 1104/1104/1104
f 1105/1105/1105 1106/1106/1106 1107/1107/1107
f 1108/1108/1108 1109/1109/1109 1110/1110/1110
f 1111/1111/1111 1112/1112/1112 1113/1113/1113
f 1114/1114/1114 1115/1115/1115 1116/1116/1116
f 1117/1117/1117 1118/1118/1118 1119/1119/1119
f 1120/1120/1120 1121/1121/1121 1122/1122/1122
f 1123/1123/1123 1124/1124/1124 1125/1125/1125
f 1126/1126/1126 1127/1127/1127 1128/1128/1128
f 1129/1129/1129 1130/1130/1130 1131/1131/1131
f 1132/1132/1132 1133/1133/1133 1134/1134/1134
f 1135/1135/1135 1136/1136/1136 1137/1137/1137
f 1138/1138/1138 1139/1139/1139 1140/1140/1140
f 1141/1141/1141 1142/1142/1142 1143/1143/1143
f 1144/1144/1144 1145/1145/1145 1146/1146/1146
f 1147/1147/1147 1148/1148/1148 1149/1149/1149
f 1150/1150/1150 1151/1151/1151 1152/1152/1152
f 1153/1153/1153 1154/1154/1154 1155/1155/1155
f 1156/1156/1156 1157/1157/1157 1158/1158/1158
f 1159/1159/1159 1160/1160/1160 1161/1161/1161
f 1162/1162/1162 1163/1163/1163 1164/1164/1164
f 1165/1165/1165 1166/1166/1166 1167/1167/1167
f 1168/1168/1168 1169/1169/1169 1170/1170/1170
f 1171/1171/1171 1172/1172/1172 1173/1173/1173
f 1174/1174/1174 1175/1175/1175 1176/1176/1176
f 1177/1177/1177 1178/1178/1178 1179/1179/1179
f 1180/1180/1180 1181/1181/1181 1182/1182/1182
f 1183/1183/1183 1184/1184/1184 1185/1185/1185
f 1186/1186/1186 1187/1187/1187 1188/1188/1188
f 1189/1189/1189 1190/1190/1190 1191/1191/1191
f 1192/1192/1192 1193/1193/1193 1194/1194/1194
f 1195/1195/1195 1196/1196/1196 1197/1197/1197
f 1198/1198/1198 1199/1199/1199 1200/1200/1200
f 1201/1201/1201 1202/1202/1202 1203/1203/1203
f 1204/1204/1204 1205/1205/1205 1206/1206/1206
f 1207/1207/1207 1208/1208/1208 1209/1209/1209
f 1210/1210/1210 1211/1211/1211 1212/1212/1212
f 1213/1213/1213 1214/1214/1214 1215/1215/1215
f 1216/1216/1216 1217/1217/1217 1218/1218/1218
f 1219/1219/1219 1220/1220/1220 1221/1221/1221
f 1222/1222/1222 1223/1223/1223 1224/1224/1224
f 1225/1225/1225 1226/1226/1226 1227/1227/1227
f 1228/1228/1228 1229/1229/1229 1230/1230/1230
f 1231/1231/1231 1232/1232/1232 1233/1233/1233
f 1234/1234/1234 1235/1235/1235 1236/1236/1236
f 1237/1237/1237 1238/1238/1238 1239/1239/1239
f 1240/1240/1240 1241/1241/1241 1242/1242/1242
f 1243/1243/1243 1244/1244/1244 1245/1245/1245
f 1246/1246/1246 1247/1247/1247 1248/1248/1248
f 1249/1249/1249 1250/1250/1250 1251/1251/1251
f 1252/1252/1252 1253/1253/1253 1254/1254/1254
f 1255/1255/1255 1256/1256/1256 1257/1257/1257
f 1258/1258/1258 1259/1259/1259 1260/1260/1260
f 1261/1261/1261 1262/1262/1262 1263/1263/1263
f 1264/1264/1264 1265/1265/1265 1266/1266/1266
f 1267/1267/1267 1268/1268/1268 1269/1269/1269
f 1270/1270/1270 1271/1271/1271 1272/1272/1272
f 1273/1273/1273 1274/1274/1274 1275/1275/1275
f 1276/1276/1276 1277/1277/1277 1278/1278/1278
f 1279/1279/1279 1280/1280/1280 1281/1281/1281
f 1282/1282/1282 1283/1283/1283 1284/1284/1284
f 1285/1285/1285 1286/1286/1286 1287/1287/1287
f 1288/1288/1288 1289/1289/1289 1290/1290/1290
f 1291/1291/1291 1292/1292/1292 1293/1293/1293
f 1294/1294/1294 1295/1295/1295 1296/1296/1296
f 1297/1297/1297 1298/1298/1298 1299/1299/1299
f 1300/1300/1300 1301/1301/1301 1302/1302/1302
f 1303/1303/1303 1304/1304/1304 1305/1305/1305
f 1306/1306/1306 1307/1307/1307 1308/1308/1308
f 1309/1309/1309 1310/1310/1310 1311/1311/1311
f 1312/1312/1312 1313/1313/1313 1314/1314/1314
f 1315/1315/1315 1316/1316/1316 1317/1317/1317
f 1318/1318/1318 1319/1319/1319 1320/1320/1320
f 1321/1321/1321 1322/1322/1322 1323/1323/1323
f 1324/1324/1324 1325/1325/1325 1326/1326/1326
f 1327/1327/1327 1328/1328/1328 1329/1329/1329
f 1330/1330/1330 1331/1331/1331 1332/1332/1332
f 1333/1333/1333 1334/1334/1334 1335/1335/1335
f 1336/1336/1336 1337/1337/1337 1338/1338/1338
f 1339/1339/1339 1340/1340/1340 1341/1341/1341
f 1342/1342/1342 1343/1343/1343 1344/1344/1344
f 1345/1345/1345 1346/1346/1346 1347/1347/1347
f 1348/1348/1348 1349/1349/1349 1350/1350/1350
f 1351/1351/1351 1352/1352/1352 1353/1353/1353
f 1354/1354/1354 1355/1355/1355 1356/1356/1356
f 1357/1357/1357 1358/1358/1358 1359/1359/1359
f 1360/1360/1360 1361/1361/1361 1362/1362/1362
f 1363/1363/1363 1364/1364/1364 1365/1365/1365
f 1366/1366/1366 1367/1367/1367 1368/1368/1368
f 1369/1369/1369 1370/1370/1370 1371/1371/1371
f 1372/1372/1372 1373/1373/1373 1374/1374/1374
f 1375/1375/1375 1376/1376/1376 1377/1377/1377
f 1378/1378/1378 1379/1379/1379 1380/1380/1380
f 1381/1381/1381 1382/1382/1382 1383/1383/1383
f 1384/1384/1384 1385/1385/1385 1386/1386/1386
f 1387/1387/1387 1388/1388/1388 1389/1389/1389
f 1390/1390/1390 1391/1391/1391 1392/1392/1392
f 1393/1393/1393 1394/1394/1394 1395/1395/1395
f 1396/1396/1396 1397/1397/1397 1398/1398/1398
f 1399/1399/1399 1400/1400/1400 1401/1401/1401
f 1402/1402/1402 1403/1403/1403 1404/1404/1404
f 1405/1405/1405 1406/1406/1406 1407/1407/1407
f 1408/1408/1408 1409/1409/1409 1410/1410/1410
f 1411/1411/1411 1412/1412/1412 1413/1413/1413
f 1414/1414/1414 1415/1415/1415 1416/1416/1416
f 1417/1417/1417 1418/1418/1418 1419/1419/1419
f 1420/1420/1420 1421/1421/1421 1422/1422/1422
f 1423/1423/1423 1424/1424/1424 1425/1425/1425
f 1426/1426/1426 1427/1427/1427 1428/1428/1428
f 1429/1429/1429 1430/1430/1430 1431/1431/1431
f 1432/1432/1432 1433/1433/1433 1434/1434/1434
f 1435/1435/1435 1436/1436/1436 1437/1437/1437
f 1438/1438/1438 1439/1439/1439 1440/1440/1440
f 1441/1441/1441 1442/1442/1442 1443/1443/1443
f 1444/1444/1444 1445/1445/1445 1446/1446/1446
f 1447/1447/1447 1448/1448/1448 1449/1449/1449
f 1450/1450/1450 1451/1451/1451 1452/1452/1452
f 1453/1453/1453 1454/1454/1454 1455/1455/1455
f 1456/1456/1456 1457/1457/1457 1458/1458/1458
f 1459/1459/1459 1460/1460/1460 1461/1461/1461
f 1462/1462/1462 1463/1463/1463 1464/1464/1464
f 1465/1465/1465 1466/1466/1466 1467/1467/1467
f 1468/1468/1468 1469/1469/1469 1470/1470/1470
f 1471/1471/1471 1472/1472/1472 1473/1473/1473
f 1474/1474/1474 1475/1475/1475 1476/1476/1476
f 1477/1477/1477 1478/1478/1478 1479/1479/1479
f 1480/1480/1480 1481/1481/1481 1482/1482/1482
f 1483/1483/1483 1484/1484/1484 1485/1485/1485
f 1486/1486/1486 1487/1487/1487 1488/1488/1488
f 1489/1489/1489 1490/1490/1490 1491/1491/1491
f 1492/1492/1492 1493/1493/1493 1494/1494/1494
f 1495/1495/1495 1496/1496/1496 1497/1497/1497
f 1498/1498/1498 1499/1499/1499 1500/1500/1500
f 1501/1501/1501 1502/1502/1502 1503/1503/1503
f 1504/1504/1504 1505/1505/1505 1506/1506/1506
f 1507/1507/1507 1508/1508/1508 1509/1509/1509
f 1510/1510/1510 1511/1511/1511 1512/1512/1512
f 1513/1513/1513 1514/1514/1514 1515/1515/1515
f 1516/1516/1516 1517/1517/1517 1518/1518/1518
f 1519/1519/1519 1520/1520/1520 1521/1521/1521
f 1522/1522/1522 1523/1523/1523 1524/1524/1524
f 1525/1525/1525 1526/1526/1526 1527/1527/1527
f 1528/1528/1528 1529/1529/1529 1530/1530/1530
f 1531/1531/1531 1532/1532/1532 1533/1533/1533
f 1534/1534/1534 1535/1535/1535 1536/1536/1536
f 1537/1537/1537 1538/1538/1538 1539/1539/1539
f 1540/1540/1540 1541/1541/1541 1542/1542/1542
f 1543/1543/1543 1544/1544/1544 1545/1545/1545
f 1546/1546/1546 1547/1547/1547 1548/1548/1548
f 1549/1549/1549 1550/1550/1550 1551/1551/1551
f 1552/1552/1552 1553/1553/1553 1554/1554/1554
f 1555/1555/1555 1556/1556/1556 1557/1557/1557
f 1558/1558/1558 1559/1559/1559 1560/1560/1560
f 1561/1561/1561 1562/1562/1562 1563/1563/1563
f 1564/1564/1564 1565/1565/1565 1566/1566/1566
f 1567/1567/1567 1568/1568/1568 1569/1569/1569
f 1570/1570/1570 1571/1571/1571 1572/1572/1572
f 1573/1573/1573 1574/1574/1574 1575/1575/1575
f 1576/1576/1576 1577/1577/1577 1578/1578/1578
f 1579/1579/1579 1580/1580/1580 1581/1581/1581
f 1582/1582/1582 1583/1583/1583 1584/1584/1584
f 1585/1585/1585 1586/1586/1586 1587/1587/1587
f 1588/1588/1588 1589/1589/1589 1590/1590/1590
f 1591/1591/1591 1592/1592/1592 1593/1593/1593
f 1594/1594/1594 1595/1595/1595 1596/1596/1596
f 1597/1597/1597 1598/1598/1598 1599/1599/1599
f 1600/1600/1600 1601/1601/1601 1602/1602/1602
f 1603/1603/1603 1604/1604/1604 1605/1605/1605
f 1606/1606/1606 1607/1607/1607 1608/1608/1608
f 1609/1609/1609 1610/1610/1610 1611/1611/1611
f 1612/1612/1612 1613/1613/1613 1614/1614/1614
f 1615/1615/1615 1616/1616/1616 1617/1617/1617
f 1618/1618/1618 1619/1619/1619 1620/1620/1620
f 1621/1621/1621 1622/1622/1622 1623/1623/1623
f 1624/1624/1624 1625/1625/1625 1626/1626/1626
f 1627/1627/1627 1628/1628/1628 1629/1629/1629
f 1630/1630/1630 1631/1631/1631 1632/1632/1632
f 1633/1633/1633 1634/1634/1634 1635/1635/1635
f 1636/1636/1636 1637/1637/1637 1638/1638/1638
f 1639/1639/1639 1640/1640/1640 1641/1641/1641
f 1642/1642/1642 1643/1643/1643 1644/1644/1644
f 1645/1645/1645 1646/1646/1646 1647/1647/1647
f 1648/1648/1648 1649/1649/1649 1650/1650/1650
f 1651/1651/1651 1652/1652/1652 1653/1653/1653
f 1654/1654/1654 1655/1655/1655 1656/1656/1656
f 1657/1657/1657 1658/1658/1658 1659/1659/1659
f 1660/1660/1660 1661/1661/1661 1662/1662/1662
f 1663/1663/1663 1664/1664/1664 1665/1665/1665
f 1666/1666/1666 1667/1667/1667 1668/1668/1668
f 1669/1669/1669 1670/1670/1670 1671/1671/1671
f 1672/1672/1672 1673/1673/1673 1674/1674/1674
f 1675/1675/1675 1676/1676/1676 1677/1677/1677
f 1678/1678/1678 1679/1679/1679 1680/1680/1680
f 1681/1681/1681 1682/1682/1682 1683/1683/1683
f 1684/1684/1684 1685/1685/1685 1686/1686/1686
f 1687/1687/1687 1688/1688/1688 1689/1689/1689
f 1690/1690/1690 1691/1691/1691 1692/1692/1692
f 1693/1693/1693 1694/1694/1694 1695/1695/1695
f 1696/1696/1696 1697/1697/1697 1698/1698/1698
f 1699/1699/1699 1700/1700/1700 1701/1701/1701
f 1702/1702/1702 1703/1703/1703 1704/1704/1704
f 1705/1705/1705 1706/1706/1706 1707/1707/1707
f 1708/1708/1708 1709/1709/1709 1710/1710/1710
f 1711/1711/1711 1712/1712/1712 1713/1713/1713
f 1714/1714/1714 1715/1715/1715 1716/1716/1716
f 1717/1717/1717 1718/1718/1718 1719/1719/1719
f 1720/1720/1720 1721/1721/1721 1722/1722/1722
f 1723/1723/1723 1724/1724/1724 1725/1725/1725
f 1726/1726/1726 1727/1727/1727 1728/1728/1728
f 1729/1729/1729 1730/1730/1730 1731/1731/1731
f 1732/1732/1732 1733/1733/1733 1734/1734/1734
f 1735/1735/1735 1736/1736/1736 1737/1737/1737
f 1738/1738/1738 1739/1739/1739 1740/1740/1740
f 1741/1741/1741 1742/1742/1742 1743/1743/1743
f 1744/1744/1744 1745/1745/1745 1746/1746/1746
f 1747/1747/1747 1748/1748/1748 1749/1749/1749
f 1750/1750/1750 1751/1751/1751 1752/1752/1752
f 1753/1753/1753 1754/1754/1754 1755/1755/1755
f 1756/1756/1756 1757/1757/1757 1758/1758/1758
f 1759/1759/1759 1760/1760/1760 1761/1761/1761
f 1762/1762/1762 1763/1763/1763 1764/1764/1764
f 1765/1765/1765 1766/1766/1766 1767/1767/1767
f 1768/1768/1768 1769/1769/1769 1770/1770/1770
f 1771/1771/1771 1772/1772/1772 1773/1773/1773
f 1774/1774/1774 1775/1775/1775 1776/1776/1776
f 1777/1777/1777 1778/1778/1778 1779/1779/1779
f 1780/1780/1780 1781/1781/1781 1782/1782/1782
f 1783/1783/1783 1784/1784/1784 1785/1785/1785
f 1786/1786/1786 1787/1787/1787 1788/1788/1788
f 1789/1789/1789 1790/1790/1790 1791/1791/1791
f 1792/1792/1792 1793/1793/1793 1794/1794/1794
f 1795/1795/1795 1796/1796/1796 1797/1797/1797
f 1798/1798/1798 1799/1799/1799 1800/1800/1800
f 1801/1801/1801 1802/1802/1802 1803/1803/1803
f 1804/1804/1804 1805/1805/1805 1806/1806/1806
f 1807/1807/1807 1808/1808/1808 1809/1809/1809
f 1810/1810/1810 1811/1811/1811 1812/1812/1812
f 1813/1813/1813 1814/1814/1814 1815/1815/1815
f 1816/1816/1816 1817/1817/1817 1818/1818/1818
f 1819/1819/1819 1820/1820/1820 1821/1821/1821
f 1822/1822/1822 1823/1823/1823 1824/1824/1824
f 1825/1825/1825 1826/1826/1826 1827/1827/1827
f 1828/1828/1828 1829/1829/1829 1830/1830/1830
f 1831/1831/1831 1832/1832/1832 1833/1833/1833
f 1834/1834/1834 1835/1835/1835 1836/1836/1836
f 1837/1837/1837 1838/1838/1838 1839/1839/1839
f 1840/1840/1840 1841/1841/1841 1842/1842/1842
f 1843/1843/1843 1844/1844/1844 1845/1845/1845
f 1846/1846/1846 1847/1847/1847 1848/1848/1848
f 1849/1849/1849 1850/1850/1850 1851/1851/1851
f 1852/1852/1852 1853/1853/1853 1854/1854/1854
f 1855/1855/1855 1856/1856/1856 1857/1857/1857
f 1858/1858/1858 1859/1859/1859 1860/1860/1860
f 1861/1861/1861 1862/1862/1862 1863/1863/1863
f 1864/1864/1864 1865/1865/1865 1866/1866/1866
f 1867/1867/1867 1868/1868/1868 1869/1869/1869
f 1870/1870/1870 1871/1871/1871 1872/1872/1872
f 1873/1873/1873 1874/1874/1874 1875/1875/1875
f 1876/1876/1876 1877/1877/1877 1878/1878/1878
f 1879/1879/1879 1880/1880/1880 1881/1881/1881
f 1882/1882/1882 1883/1883/1883 1884/1884/1884
f 1885/1885/1885 1886/1886/1886 1887/1887/1887
f 1888/1888/1888 1889/1889/1889 1890/1890/1890
f 1891/1891/1891 1892/1892/1892 1893/1893/1893
f 1894/1894/1894 1895/1895/1895 1896/1896/1896
f 1897/1897/1897 1898/1898/1898 1899/1899/1899
f 1900/1900/1900 1901/1901/1901 1902/1902/1902
f 1903/1903/1903 1904/1904/1904 1905/1905/1905
f 1906/1906/1906 1907/1907/1907 1908/1908/1908
f 1909/1909/1909 1910/1910/1910 1911/1911/1911
f 1912/1912/1912 1913/1913/1913 1914/1914/1914
f 1915/1915/1915 1916/1916/1916 1917/1917/1917
f 1918/1918/1918 1919/1919/1919 1920/1920/1920
f 1921/1921/1921 1922/1922/1922 1923/1923/1923
f 1924/1924/1924 1925/1925/1925 1926/1926/1926
f 1927/1927/1927 1928/1928/1928 1929/1929/1929
f 1930/1930/1930 1931/1931/1931 1932/1932/1932
f 1933/1933/1933 1934/1934/1934 1935/1935/1935
f 1936/1936/1936 1937/1937/1937 1938/1938/1938
f 1939/1939/1939 1940/1940/1940 1941/1941/1941
f 1942/1942/1942 1943/1943/1943 1944/1944/1944
f 1945/1945/1945 1946/1946/1946 1947/1947/1947
f 1948/1948/1948 1949/1949/1949 1950/1950/1950
f 1951/1951/1951 1952/1952/1952 1953/1953/1953
f 1954/1954/1954 1955/1955/1955 1956/1956/1956
f 1957/1957/1957 1958/1958/1958 1959/1959/1959
f 1960/1960/1960 1961/1961/1961 1962/1962/1962
f 1963/1963/1963 1964/1964/1964 1965/1965/1965
f 1966/1966/1966 1967/1967/1967 1968/1968/1968
f 1969/1969/1969 1970/1970/1970 1971/1971/1971
f 1972/1972/1972 1973/1973/1973 1974/1974/1974
f 1975/1975/1975 1976/1976/1976 1977/1977/1977
f 1978/1978/1978 1979/1979/1979 1980/1980/1980
f 1981/1981/1981 1982/1982/1982 1983/1983/1983
f 1984/1984/1984 1985/1985/1985 1986/1986/1986
f 1987/1987/1987 1988/1988/1988 1989/1989/1989
f 1990/1990/1990 1991/1991/1991 1992/1992/1992
f 1993/1993/1993 1994/1994/1994 1995/1995/1995
f 1996/1996/1996 1997/1997/1997 1998/1998/1998
f 1999/1999/1999 2000/2000/2000 2001/2001/2001
f 2002/2002/2002 2003/2003/2003 2004/2004/2004
f 2005/2005/2005 2006/2006/2006 2007/2007/2007
f 2008/2008/2008 2009/2009/2009 2010/2010/2010
f 2011/2011/2011 2012/2012/2012 2013/2013/2013
f 2014/2014/2014 2015/2015/2015 2016/2016/2016
f 2017/2017/2017 2018/2018/2018 2019/2019/2019
f 2020/2020/2020 2021/2021/2021 2022/2022/2022
f 2023/2023/2023 2024/2024/2024 2025/2025/2025
f 2026/2026/2026 2027/2027/2027 2028/2028/2028
f 2029/2029/2029 2030/2030/2030 2031/2031/2031
f 2032/2032/2032 2033/2033/2033 2034/2034/2034
f 2035/2035/2035 2036/2036/2036 2037/2037/2037
f 2038/2038/2038 2039/2039/2039 2040/2040/2040
f 2041/2041/2041 2042/2042/2042 2043/2043/2043
f 2044/2044/2044 2045/2045/2045 2046/2046/2046
f 2047/2047/2047 2048/2048/2048 2049/2049/2049
f 2050/2050/2050 2051/2051/2051 2052/2052/2052
f 2053/2053/2053 2054/2054/2054 2055/2055/2055
f 2056/2056/2056 2057/2057/2057 2058/2058/2058
f 2059/2059/2059 2060/2060/2060 2061/2061/2061
f 2062/2062/2062 2063/2063/2063 2064/2064/2064
f 2065/2065/2065 2066/2066/2066 2067/2067/2067
f 2068/2068/2068 2069/2069/2069 2070/2070/2070
f 2071/2071/2071 2072/2072/2072 2073/2073/2073
f 2074/2074/2074 2075/2075/2075 2076/2076/2076
f 2077/2077/2077 2078/2078/2078 2079/2079/2079
f 2080/2080/2080 2081/2081/2081 2082/2082/2082
f 2083/2083/2083 2084/2084/2084 2085/2085/2085
f 2086/2086/2086 2087/2087/2087 2088/2088/2088
f 2089/2089/2089 2090/2090/2090 2091/2091/2091
f 2092/2092/2092 2093/2093/2093 2094/2094/2094
f 2095/2095/2095 2096/2096/2096 2097/2097/2097
f 2098/2098/2098 2099/2099/2099 2100/2100/2100
f 2101/2101/2101 2102/2102/2102 2103/2103/2103
f 2104/2104/2104 2105/2105/2105 2106/2106/2106
f 2107/2107/2107 2108/2108/2108 2109/2109/2109
f 2110/2110/2110 2111/2111/2111 2112/2112/2112
f 2113/2113/2113 2114/2114/2114 2115/2115/2115
f 2116/2116/2116 2117/2117/2117 2118/2118/2118
f 2119/2119/2119 2120/2120/2120 2121/2121/2121
f 2122/2122/2122 2123/2123/2123 2124/2124/2124
f 2125/2125/2125 2126/2126/2126 2127/2127/2127
f 2128/2128/2128 2129/2129/2129 2130/2130/2130
f 2131/2131/2131 2132/2132/2132 2133/2133/2133
f 2134/2134/2134 2135/2135/2135 2136/2136/2136
f 2137/2137/2137 2138/2138/2138 2139/2139/2139
f 2140/2140/2140 2141/2141/2141 2142/2142/2142
f 2143/2143/2143 2144/2144/2144 2145/2145/2145
f 2146/2146/2146 2147/2147/2147 2148/2148/2148
f 2149/2149/2149 2150/2150/2150 2151/2151/2151
f 2152/2152/2152 2153/2153/2153 2154/2154/2154
f 2155/2155/2155 2156/2156/2156 2157/2157/2157
f 2158/2158/2158 2159/2159/2159 2160/2160/2160
f 2161/2161/2161 2162/2162/2162 2163/2163/2163
f 2164/2164/2164 2165/2165/2165 2166/2166/2166
f 2167/2167/2167 2168/2168/2168 2169/2169/2169
f 2170/2170/2170 2171/2171/2171 2172/2172/2172
f 2173/2173/2173 2174/2174/2174 2175/2175/2175
f 2176/2176/2176 2177/2177/2177 2178/2178/2178
f 2179/2179/2179 2180/2180/2180 2181/2181/2181
f 2182/2182/2182 2183/2183/2183 2184/2184/2184
f 2185/2185/2185 2186/2186/2186 2187/2187/2187
f 2188/2188/2188 2189/2189/2189 2190/2190/2190
f 2191/2191/2191 2192/2192/2192 2193/2193/2193
f 2194/2194/2194 2195/2195/2195 2196/2196/2196
f 2197/2197/2197 2198/2198/2198 2199/2199/2199
f 2200/2200/2200 2201/2201/2201 2202/2202/2202
f 2203/2203/2203 2204/2204/2204 2205/2205/2205
f 2206/2206/2206 2207/2207/2207 2208/2208/2208
f 2209/2209/2209 2210/2210/2210 2211/2211/2211
f 2212/2212/2212 2213/2213/2213 2214/2214/2214
f 2215/2215/2215 2216/2216/2216 2217/2217/2217
f 2218/2218/2218 2219/2219/2219 2220/2220/2220
f 2221/2221/2221 2222/2222/2222 2223/2223/2223
f 2224/2224/2224 2225/2225/2225 2226/2226/2226
f 2227/2227/2227 2228/2228/2228 2229/2229/2229
f 2230/2230/2230 2231/2231/2231 2232/2232/2232
f 2233/2233/2233 2234/2234/2234 2235/2235/2235
f 2236/2236/2236 2237/2237/2237 2238/2238/2238
f 2239/2239/2239 2240/2240/2240 2241/2241/2241
f 2242/2242/2242 2243/2243/2243 2244/2244/2244
f 2245/2245/2245 2246/2246/2246 2247/2247/2247
f 2248/2248/2248 2249/2249/2249 2250/2250/2250
f 2251/2251/2251 2252/2252/2252 2253/2253/2253
f 2254/2254/2254 2255/2255/2255 2256/2256/2256
f 2257/2257/2257 2258/2258/2258 2259/2259/2259
f 2260/2260/2260 2261/2261/2261 2262/2262/2262
f 2263/2263/2263 2264/2264/2264 2265/2265/2265
f 2266/2266/2266 2267/2267/2267 2268/2268/2268
f 2269/2269/2269 2270/2270/2270 2271/2271/2271
f 2272/2272/2272 2273/2273/2273 2274/2274/2274
f 2275/2275/2275 2276/2276/2276 2277/2277/2277
f 2278/2278/2278 2279/2279/2279 2280/2280/2280
f 2281/2281/2281 2282/2282/2282 2283/2283/2283
f 2284/2284/2284 2285/2285/2285 2286/2286/2286
f 2287/2287/2287 2288/2288/2288 2289/2289/2289
f 2290/2290/2290 2291/2291/2291 2292/2292/2292
f 2293/2293/2293 2294/2294/2294 2295/2295/2295
f 2296/2296/2296 2297/2297/2297 2298/2298/2298
f 2299/2299/2299 2300/2300/2300 2301/2301/2301
f 2302/2302/2302 2303/2303/2303 2304/2304/2304
f 2305/2305/2305 2306/2306/2306 2307/2307/2307
f 2308/2308/2308 2309/2309/2309 2310/2310/2310
f 2311/2311/2311 2312/2312/2312 2313/2313/2313
f 2314/2314/2314 2315/2315/2315 2316/2316/2316
f 2317/2317/2317 2318/2318/2318 2319/2319/2319
f 2320/2320/2320 2321/2321/2321 2322/2322/2322
f 2323/2323/2323 2324/2324/2324 2325/2325/2325
f 2326/2326/2326 2327/2327/2327 2328/2328/2328
f 2329/2329/2329 2330/2330/2330 2331/2331/2331
f 2332/2332/2332 2333/2333/2333 2334/2334/2334
f 2335/2335/2335 2336/2336/2336 2337/2337/2337
f 2338/2338/2338 2339/2339/2339 2340/2340/2340
f 2341/2341/2341 2342/2342/2342 2343/2343/2343
f 2344/2344/2344 2345/2345/2345 2346/2346/2346
f 2347/2347/2347 2348/2348/2348 2349/2349/2349
f 2350/2350/2350 2351/2351/2351 2352/2352/2352
f 2353/2353/2353 2354/2354/2354 2355/2355/2355
f 2356/2356/2356 2357/2357/2357 2358/2358/2358
f 2359/2359/2359 2360/2360/2360 2361/2361/2361
f 2362/2362/2362 2363/2363/2363 2364/2364/2364
f 2365/2365/2365 2366/2366/2366 2367/2367/2367
f 2368/2368/2368 2369/2369/2369 2370/2370/2370
f 2371/2371/2371 2372/2372/2372 2373/2373/2373
f 2374/2374/2374 2375/2375/2375 2376/2376/2376
f 2377/2377/2377 2378/2378/2378 2379/2379/2379
f 2380/2380/2380 2381/2381/2381 2382/2382/2382
f 2383/2383/2383 2384/2384/2384 2385/2385/2385
f 2386/2386/2386 2387/2387/2387 2388/2388/2388
f 2389/2389/2389 2390/2390/2390 2391/2391/2391
f 2392/2392/2392 2393/2393/2393 2394/2394/2394
f 2395/2395/2395 2396/2396/2396 2397/2397/2397
f 2398/2398/2398 2399/2399/2399 2400/2400/2400
f 2401/2401/2401 2402/2402/2402 2403/2403/2403
f 2404/2404/2404 2405/2405/2405 2406/2406/2406
f 2407/2407/2407 2408/2408/2408 2409/2409/2409
f 2410/2410/2410 2411/2411/2411 2412/2412/2412
f 2413/2413/2413 2414/2414/2414 2415/2415/2415
f 2416/2416/2416 2417/2417/2417 2418/2418/2418
f 2419/2419/2419 2420/2420/2420 2421/2421/2421
f 2422/2422/2422 2423/2423/2423 2424/2424/2424
f 2425/2425/2425 2426/2426/2426 2427/2427/2427
f 2428/2428/2428 2429/2429/2429 2430/2430/2430
f 2431/2431/2431 2432/2432/2432 2433/2433/2433
f 2434/2434/2434 2435/2435/2435 2436/2436/2436
f 2437/2437/2437 2438/2438/2438 2439/2439/2439
f 2440/2440/2440 2441/2441/2441 2442/2442/2442
f 2443/2443/2443 2444/2444/2444 2445/2445/2445
f 2446/2446/2446 2447/2447/2447 2448/2448/2448
f 2449/2449/2449 2450/2450/2450 2451/2451/2451
f 2452/2452/2452 2453/2453/2453 2454/2454/2454
f 2455/2455/2455 2456/2456/2456 2457/2457/2457
f 2458/2458/2458 2459/2459/2459 2460/2460/2460
f 2461/2461/2461 2462/2462/2462 2463/2463/2463
f 2464/2464/2464 2465/2465/2465 2466/2466/2466
f 2467/2467/2467 2468/2468/2468 2469/2469/2469
f 2470/2470/2470 2471/2471/2471 2472/2472/2472
f 2473/2473/2473 2474/2474/2474 2475/2475/2475
f 2476/2476/2476 2477/2477/2477 2478/2478/2478
f 2479/2479/2479 2480/2480/2480 2481/2481/2481
f 2482/2482/2482 2483/2483/2483 2484/2484/2484
f 2485/2485/2485 2486/2486/2486 2487/2487/2487
f 2488/2488/2488 2489/2489/2489 2490/2490/2490
f 2491/2491/2491 2492/2492/2492 2493/2493/2493
f 2494/2494/2494 2495/2495/2495 2496/2496/2496
f 2497/2497/2497 2498/2498/2498 2499/2499/2499
f 2500/2500/2500 2501/2501/2501 2502/2502/2502
f 2503/2503/2503 2504/2504/2504 2505/2505/2505
f 2506/2506/2506 2507/2507/2507 2508/2508/2508
f 2509/2509/2509 2510/2510/2510 2511/2511/2511
f 2512/2512/2512 2513/2513/2513 2514/2514/2514
f 2515/2515/2515 2516/2516/2516 2517/2517/2517
f 2518/2518/2518 2519/2519/2519 2520/2520/2520
f 2521/2521/2521 2522/2522/2522 2523/2523/2523
f 2524/2524/2524 2525/2525/2525 2526/2526/2526
f 2527/2527/2527 2528/2528/2528 2529/2529/2529
f 2530/2530/2530 2531/2531/2531 2532/2532/2532
f 2533/2533/2533 2534/2534/2534 2535/2535/2535
f 2536/2536/2536 2537/2537/2537 2538/2538/2538
f 2539/2539/2539 2540/2540/2540 2541/2541/2541
f 2542/2542/2542 2543/2543/2543 2544/2544/2544
f 2545/2545/2545 2546/2546/2546 2547/2547/2547
f 2548/2548/2548 2549/2549/2549 2550/2550/2550
f 2551/2551/2551 2552/2552/2552 2553/2553/2553
f 2554/2554/2554 2555/2555/2555 2556/2556/2556
f 2557/2557/2557 2558/2558/2558 2559/2559/2559
f 2560/2560/2560 2561/2561/2561 2562/2562/2562
f 2563/2563/2563 2564/2564/2564 2565/2565/2565
f 2566/2566/2566 2567/2567/2567 2568/2568/2568
f 2569/2569/2569 2570/2570/2570 2571/2571/2571
f 2572/2572/2572 2573/2573/2573 2574/2574/2574
f 2575/2575/2575 2576/2576/2576 2577/2577/2577
f 2578/2578/2578 2579/2579/2579 2580/2580/2580
f 2581/2581/2581 2582/2582/2582 2583/2583/2583
f 2584/2584/2584 2585/2585/2585 2586/2586/2586
f 2587/2587/2587 2588/2588/2588 2589/2589/2589
f 2590/2590/2590 2591/2591/2591 2592/2592/2592
f 2593/2593/2593 2594/2594/2594 2595/2595/2595
f 2596/2596/2596 2597/2597/2597 2598/2598/2598
f 2599/2599/2599 2600/2600/2600 2601/2601/2601
f 2602/2602/2602 2603/2603/2603 2604/2604/2604
f 2605/2605/2605 2606/2606/2606 2607/2607/2607
f 2608/2608/2608 2609/2609/2609 2610/2610/2610
f 2611/2611/2611 2612/2612/2612 2613/2613/2613
f 2614/2614/2614 2615/2615/2615 2616/2616/2616
f 2617/2617/2617 2618/2618/2618 2619/2619/2619
f 2620/2620/2620 2621/2621/2621 2622/2622/2622
f 2623/2623/2623 2624/2624/2624 2625/2625/2625
f 2626/2626/2626 2627/2627/2627 2628/2628/2628
f 2629/2629/2629 2630/2630/2630 2631/2631/2631
f 2632/2632/2632 2633/2633/2633 2634/2634/2634
f 2635/2635/2635 2636/2636/2636 2637/2637/2637
f 2638/2638/2638 2639/2639/2639 2640/2640/2640
f 2641/2641/2641 2642/2642/2642 2643/2643/2643
f 2644/2644/2644 2645/2645/2645 2646/2646/2646
f 2647/2647/2647 2648/2648/2648 2649/2649/2649
f 2650/2650/2650 2651/2651/2651 2652/2652/2652
f 2653/2653/2653 2654/2654/2654 2655/2655/2655
f 2656/2656/2656 2657/2657/2657 2658/2658/2658
f 2659/2659/2659 2660/2660/2660 2661/2661/2661
f 2662/2662/2662 2663/2663/2663 2664/2664/2664
f 2665/2665/2665 2666/2666/2666 2667/2667/2667
f 2668/2668/2668 2669/2669/2669 2670/2670/2670
f 2671/2671/2671 2672/2672/2672 2673/2673/2673
f 2674/2674/2674 2675/2675/2675 2676/2676/2676
f 2677/2677/2677 2678/2678/2678 2679/2679/2679
f 2680/2680/2680 2681/2681/2681 2682/2682/2682
f 2683/2683/2683 2684/2684/2684 2685/2685/2685
f 2686/2686/2686 2687/2687/2687 2688/2688/2688
f 2689/2689/2689 2690/2690/2690 2691/2691/2691
f 2692/2692/2692 2693/2693/2693 2694/2694/2694
f 2695/2695/2695 2696/2696/2696 2697/2697/2697
f 2698/2698/2698 2699/2699/2699 2700/2700/2700
f 2701/2701/2701 2702/2702/2702 2703/2703/2703
f 2704/2704/2704 2705/2705/2705 2706/2706/2706
f 2707/2707/2707 2708/2708/2708 2709/2709/2709
f 2710/2710/2710 2711/2711/2711 2712/2712/2712
f 2713/2713/2713 2714/2714/2714 2715/2715/2715
